{
  "rank": 1,
  "world_size": 4,
  "num_steps": 10,
  "statistics": {
    "compute": {
      "count": 10,
      "min": 0.008147000000462867,
      "max": 0.015534099999058526,
      "mean": 0.010290379999787547,
      "std": 0.00190582174145722,
      "p95": 0.010884999999689171,
      "p99": 0.010884999999689171
    },
    "sync": {
      "count": 10,
      "min": 0.01246529999843915,
      "max": 0.060461299999587936,
      "mean": 0.022404720000122325,
      "std": 0.014096206700326575,
      "p95": 0.03540680000151042,
      "p99": 0.03540680000151042
    },
    "optim": {
      "count": 10,
      "min": 0.0007950999970489647,
      "max": 0.0016514999988430645,
      "mean": 0.0010083199991640867,
      "std": 0.00024307671151271873,
      "p95": 0.0012108999981137458,
      "p99": 0.0012108999981137458
    },
    "iter": {
      "count": 10,
      "min": 0.02259779999803868,
      "max": 0.07764689999748953,
      "mean": 0.03370341999907396,
      "std": 0.01587497992657646,
      "p95": 0.0454210999996576,
      "p99": 0.0454210999996576
    },
    "grad_norm": {
      "count": 10,
      "min": 0.232050359249115,
      "max": 0.25954535603523254,
      "mean": 0.24460075944662094,
      "std": 0.008953563661881339,
      "p95": 0.25884556770324707,
      "p99": 0.25884556770324707
    },
    "loss": {
      "count": 10,
      "min": 2.3039958477020264,
      "max": 2.33132004737854,
      "mean": 2.313033103942871,
      "std": 0.008302708977563194,
      "p95": 2.3259801864624023,
      "p99": 2.3259801864624023
    }
  },
  "trajectories": {
    "compute_times": [
      0.015534099999058526,
      0.01030719999835128,
      0.010473300000739982,
      0.010884999999689171,
      0.009143499999481719,
      0.009281800001190277,
      0.009937200000422308,
      0.010058699997898657,
      0.00913600000058068,
      0.008147000000462867
    ],
    "sync_times": [
      0.060461299999587936,
      0.016180999999050982,
      0.021181800002523232,
      0.016458699999930104,
      0.01246529999843915,
      0.01409119999880204,
      0.016543800000363262,
      0.015642300000763498,
      0.03540680000151042,
      0.015615000000252621
    ],
    "optim_times": [
      0.0016514999988430645,
      0.0008114999982353766,
      0.0010262000032525975,
      0.0009234999997715931,
      0.0009890000001178123,
      0.0009377999995194841,
      0.0008593999991717283,
      0.0007950999970489647,
      0.0008782999975665007,
      0.0012108999981137458
    ],
    "iter_times": [
      0.07764689999748953,
      0.02729969999563764,
      0.03268130000651581,
      0.02826719999939087,
      0.02259779999803868,
      0.0243107999995118,
      0.0273403999999573,
      0.02649609999571112,
      0.0454210999996576,
      0.024972899998829234
    ],
    "grad_norms": [
      0.25884556770324707,
      0.24860064685344696,
      0.232050359249115,
      0.24305865168571472,
      0.24800951778888702,
      0.23516443371772766,
      0.24147923290729523,
      0.24407841265201569,
      0.23517541587352753,
      0.25954535603523254
    ],
    "losses": [
      2.33132004737854,
      2.3259801864624023,
      2.3111579418182373,
      2.31048321723938,
      2.3064441680908203,
      2.3112502098083496,
      2.3069863319396973,
      2.313206195831299,
      2.3039958477020264,
      2.309506893157959
    ],
    "bytes_transferred": [
      437544,
      437544,
      437544,
      437544,
      437544,
      437544,
      437544,
      437544,
      437544,
      437544
    ],
    "epochs": [
      0,
      0,
      0,
      0,
      0,
      0,
      0,
      0,
      0,
      0
    ],
    "steps": [
      0,
      1,
      2,
      3,
      4,
      5,
      6,
      7,
      8,
      9
    ]
  }
}