{
  "rank": 3,
  "world_size": 4,
  "num_steps": 10,
  "statistics": {
    "compute": {
      "count": 10,
      "min": 0.008068199997069314,
      "max": 0.015672300000005635,
      "mean": 0.00982067999902938,
      "std": 0.0020657712823306295,
      "p95": 0.010288399997079978,
      "p99": 0.010288399997079978
    },
    "sync": {
      "count": 10,
      "min": 0.01325139999971725,
      "max": 0.026698400000896072,
      "mean": 0.018929810000554426,
      "std": 0.00457311659610496,
      "p95": 0.024527400000806665,
      "p99": 0.024527400000806665
    },
    "optim": {
      "count": 10,
      "min": 0.0007961000010254793,
      "max": 0.0013537000013457146,
      "mean": 0.001003859999764245,
      "std": 0.00016130991413139915,
      "p95": 0.0011377000009815674,
      "p99": 0.0011377000009815674
    },
    "iter": {
      "count": 10,
      "min": 0.024200600000767736,
      "max": 0.04372440000224742,
      "mean": 0.02975434999934805,
      "std": 0.005973005974326781,
      "p95": 0.033917300002940465,
      "p99": 0.033917300002940465
    },
    "grad_norm": {
      "count": 10,
      "min": 0.2320503443479538,
      "max": 0.25954535603523254,
      "mean": 0.2446007564663887,
      "std": 0.0089535679734879,
      "p95": 0.25884556770324707,
      "p99": 0.25884556770324707
    },
    "loss": {
      "count": 10,
      "min": 2.287782669067383,
      "max": 2.3370158672332764,
      "mean": 2.309392976760864,
      "std": 0.01271051085191986,
      "p95": 2.31831955909729,
      "p99": 2.31831955909729
    }
  },
  "trajectories": {
    "compute_times": [
      0.015672300000005635,
      0.01004780000221217,
      0.008718599998246646,
      0.009877499996946426,
      0.010288399997079978,
      0.008895499999198364,
      0.008887199997843709,
      0.008451500001683598,
      0.008068199997069314,
      0.009299800000007963
    ],
    "sync_times": [
      0.026698400000896072,
      0.022028299998055445,
      0.016063900002336595,
      0.01325139999971725,
      0.014721400002599694,
      0.014419700000871671,
      0.0183976000007533,
      0.024527400000806665,
      0.015841899999941234,
      0.02334809999956633
    ],
    "optim_times": [
      0.0013537000013457146,
      0.0010578999972494785,
      0.0010605999996187165,
      0.0011377000009815674,
      0.000853000001370674,
      0.0008854000006977003,
      0.0010965999972540885,
      0.0009384000004502013,
      0.0007961000010254793,
      0.0008591999976488296
    ],
    "iter_times": [
      0.04372440000224742,
      0.033133999997517094,
      0.025843100000201957,
      0.024266599997645244,
      0.025862800001050346,
      0.024200600000767736,
      0.028381399995851098,
      0.033917300002940465,
      0.024706199998036027,
      0.03350709999722312
    ],
    "grad_norms": [
      0.25884556770324707,
      0.24860064685344696,
      0.2320503443479538,
      0.24305865168571472,
      0.24800953269004822,
      0.23516443371772766,
      0.24147923290729523,
      0.2440783977508545,
      0.23517540097236633,
      0.25954535603523254
    ],
    "losses": [
      2.2981104850769043,
      2.3098833560943604,
      2.287782669067383,
      2.309187650680542,
      2.3106789588928223,
      2.304096221923828,
      2.31831955909729,
      2.3180463314056396,
      2.3008086681365967,
      2.3370158672332764
    ],
    "bytes_transferred": [
      437544,
      437544,
      437544,
      437544,
      437544,
      437544,
      437544,
      437544,
      437544,
      437544
    ],
    "epochs": [
      0,
      0,
      0,
      0,
      0,
      0,
      0,
      0,
      0,
      0
    ],
    "steps": [
      0,
      1,
      2,
      3,
      4,
      5,
      6,
      7,
      8,
      9
    ]
  }
}