{
  "rank": 0,
  "world_size": 4,
  "num_steps": 10,
  "statistics": {
    "compute": {
      "count": 10,
      "min": 0.008093599997664569,
      "max": 0.014248100000259,
      "mean": 0.009323550000044634,
      "std": 0.0017114757605516625,
      "p95": 0.00956909999877098,
      "p99": 0.00956909999877098
    },
    "sync": {
      "count": 10,
      "min": 0.013571499999670777,
      "max": 0.06250130000262288,
      "mean": 0.022919880000699777,
      "std": 0.013713831124248397,
      "p95": 0.024341300002561184,
      "p99": 0.024341300002561184
    },
    "optim": {
      "count": 10,
      "min": 0.0007465000016964041,
      "max": 0.0013920999990659766,
      "mean": 0.0009984199990867638,
      "std": 0.00019550116490161615,
      "p95": 0.001119299999118084,
      "p99": 0.001119299999118084
    },
    "iter": {
      "count": 10,
      "min": 0.024019299999054056,
      "max": 0.07814150000194786,
      "mean": 0.03324184999983117,
      "std": 0.015427439186599803,
      "p95": 0.033944000002520625,
      "p99": 0.033944000002520625
    },
    "grad_norm": {
      "count": 10,
      "min": 0.2320503443479538,
      "max": 0.25954535603523254,
      "mean": 0.24460075795650482,
      "std": 0.008953565750609599,
      "p95": 0.25884556770324707,
      "p99": 0.25884556770324707
    },
    "loss": {
      "count": 10,
      "min": 2.2947025299072266,
      "max": 2.329397678375244,
      "mean": 2.311107325553894,
      "std": 0.00914538199510235,
      "p95": 2.3190674781799316,
      "p99": 2.3190674781799316
    }
  },
  "trajectories": {
    "compute_times": [
      0.014248100000259,
      0.009329800002888078,
      0.008093599997664569,
      0.009439299999939976,
      0.00956909999877098,
      0.008615099999587983,
      0.008614399997895816,
      0.008573300001444295,
      0.008162000001902925,
      0.008590800000092713
    ],
    "sync_times": [
      0.06250130000262288,
      0.0228761000034865,
      0.016782400001829956,
      0.013571499999670777,
      0.015460899998288369,
      0.01463760000115144,
      0.01895179999701213,
      0.023932200001581805,
      0.016143699998792727,
      0.024341300002561184
    ],
    "optim_times": [
      0.0013920999990659766,
      0.0011171999976795632,
      0.0011177999986102805,
      0.0010642999986885116,
      0.0008546999997633975,
      0.0007665999983146321,
      0.001119299999118084,
      0.0007937999980640598,
      0.0007465000016964041,
      0.0010118999998667277
    ],
    "iter_times": [
      0.07814150000194786,
      0.03332310000405414,
      0.025993799998104805,
      0.024075099998299265,
      0.025884699996822746,
      0.024019299999054056,
      0.02868549999402603,
      0.03329930000109016,
      0.025052200002392055,
      0.033944000002520625
    ],
    "grad_norms": [
      0.25884556770324707,
      0.24860064685344696,
      0.2320503443479538,
      0.24305865168571472,
      0.24800951778888702,
      0.23516443371772766,
      0.24147923290729523,
      0.24407841265201569,
      0.23517541587352753,
      0.25954535603523254
    ],
    "losses": [
      2.329397678375244,
      2.3190674781799316,
      2.3151559829711914,
      2.2947025299072266,
      2.311925172805786,
      2.302595376968384,
      2.305448293685913,
      2.305286407470703,
      2.313784122467041,
      2.3137102127075195
    ],
    "bytes_transferred": [
      437544,
      437544,
      437544,
      437544,
      437544,
      437544,
      437544,
      437544,
      437544,
      437544
    ],
    "epochs": [
      0,
      0,
      0,
      0,
      0,
      0,
      0,
      0,
      0,
      0
    ],
    "steps": [
      0,
      1,
      2,
      3,
      4,
      5,
      6,
      7,
      8,
      9
    ]
  }
}