{
  "rank": 2,
  "world_size": 4,
  "num_steps": 10,
  "statistics": {
    "compute": {
      "count": 10,
      "min": 0.00770379999812576,
      "max": 0.020083400002476992,
      "mean": 0.01021772999993118,
      "std": 0.003352808456242798,
      "p95": 0.009954699999070726,
      "p99": 0.009954699999070726
    },
    "sync": {
      "count": 10,
      "min": 0.009662599997682264,
      "max": 0.08730260000083945,
      "mean": 0.02546178000011423,
      "std": 0.021712552434056953,
      "p95": 0.03490769999916665,
      "p99": 0.03490769999916665
    },
    "optim": {
      "count": 10,
      "min": 0.0007484999987354968,
      "max": 0.0016598000001977198,
      "mean": 0.0010014600000431528,
      "std": 0.0002496690178305814,
      "p95": 0.0011333000002196059,
      "p99": 0.0011333000002196059
    },
    "iter": {
      "count": 10,
      "min": 0.019066099997871788,
      "max": 0.10904580000351416,
      "mean": 0.03668097000008856,
      "std": 0.0250731315799377,
      "p95": 0.04492940000272938,
      "p99": 0.04492940000272938
    },
    "grad_norm": {
      "count": 10,
      "min": 0.2320503443479538,
      "max": 0.25954535603523254,
      "mean": 0.2446007564663887,
      "std": 0.00895356157647958,
      "p95": 0.2588455379009247,
      "p99": 0.2588455379009247
    },
    "loss": {
      "count": 10,
      "min": 2.301973581314087,
      "max": 2.331055164337158,
      "mean": 2.315652298927307,
      "std": 0.00877778678002822,
      "p95": 2.323254108428955,
      "p99": 2.323254108428955
    }
  },
  "trajectories": {
    "compute_times": [
      0.020083400002476992,
      0.009614299997338094,
      0.009710500002256595,
      0.009473899997828994,
      0.009954699999070726,
      0.008510299998306436,
      0.008507700000336627,
      0.009428200002730591,
      0.009190500000840984,
      0.00770379999812576
    ],
    "sync_times": [
      0.08730260000083945,
      0.015438200000062352,
      0.02224220000061905,
      0.017927700002474012,
      0.010766800001874799,
      0.023557500000606524,
      0.009662599997682264,
      0.016250299999228446,
      0.03490769999916665,
      0.016562199998588767
    ],
    "optim_times": [
      0.0016598000001977198,
      0.0008058999992499594,
      0.0010528999991947785,
      0.0011333000002196059,
      0.0009171999990940094,
      0.000885299999936251,
      0.0008957999998528976,
      0.0010847000012290664,
      0.0008312000027217437,
      0.0007484999987354968
    ],
    "iter_times": [
      0.10904580000351416,
      0.025858399996650405,
      0.03300560000207042,
      0.02853490000052261,
      0.021638700000039535,
      0.03295309999884921,
      0.019066099997871788,
      0.026763200003188103,
      0.04492940000272938,
      0.025014499995450024
    ],
    "grad_norms": [
      0.2588455379009247,
      0.24860064685344696,
      0.2320503443479538,
      0.24305865168571472,
      0.24800953269004822,
      0.23516443371772766,
      0.24147923290729523,
      0.24407841265201569,
      0.23517541587352753,
      0.25954535603523254
    ],
    "losses": [
      2.313377618789673,
      2.331055164337158,
      2.3193156719207764,
      2.323254108428955,
      2.301973581314087,
      2.3069357872009277,
      2.3227221965789795,
      2.3202462196350098,
      2.3049893379211426,
      2.3126533031463623
    ],
    "bytes_transferred": [
      437544,
      437544,
      437544,
      437544,
      437544,
      437544,
      437544,
      437544,
      437544,
      437544
    ],
    "epochs": [
      0,
      0,
      0,
      0,
      0,
      0,
      0,
      0,
      0,
      0
    ],
    "steps": [
      0,
      1,
      2,
      3,
      4,
      5,
      6,
      7,
      8,
      9
    ]
  }
}