{
  "rank": 4,
  "world_size": 8,
  "num_steps": 60,
  "statistics": {
    "compute": {
      "count": 60,
      "min": 0.0070560999993176665,
      "max": 0.04618550000304822,
      "mean": 0.011575656666900613,
      "std": 0.005114674924718795,
      "p95": 0.01473940000141738,
      "p99": 0.017285100002482068
    },
    "sync": {
      "count": 60,
      "min": 0.012245699999766657,
      "max": 0.6355322999988857,
      "mean": 0.0436366583331619,
      "std": 0.078055602917261,
      "p95": 0.05893760000253678,
      "p99": 0.06597970000075293
    },
    "optim": {
      "count": 60,
      "min": 0.0007168999982241075,
      "max": 0.003684299997985363,
      "mean": 0.001218509999671369,
      "std": 0.000535839587180684,
      "p95": 0.001950600002601277,
      "p99": 0.0035986000002594665
    },
    "iter": {
      "count": 60,
      "min": 0.02536379999946803,
      "max": 0.6838368000026094,
      "mean": 0.05643082499973388,
      "std": 0.08253129752246799,
      "p95": 0.07280710000122781,
      "p99": 0.07744439999805763
    },
    "grad_norm": {
      "count": 60,
      "min": 0.32315173745155334,
      "max": 0.3546542227268219,
      "mean": 0.33557276129722596,
      "std": 0.007821478819641233,
      "p95": 0.3504560589790344,
      "p99": 0.35186511278152466
    },
    "loss": {
      "count": 60,
      "min": 2.254037380218506,
      "max": 2.3782687187194824,
      "mean": 2.311722914377848,
      "std": 0.02354095413560077,
      "p95": 2.348191738128662,
      "p99": 2.350559711456299
    }
  },
  "trajectories": {
    "compute_times": [
      0.04618550000304822,
      0.013257499998871936,
      0.012059299999236828,
      0.012123099997552345,
      0.0112939999999071,
      0.01473940000141738,
      0.010002500002883608,
      0.013905400002840906,
      0.015256200000294484,
      0.01181160000123782,
      0.010170099998504156,
      0.013834999997925479,
      0.0079989999976533,
      0.0070560999993176665,
      0.007406799999444047,
      0.008636100003059255,
      0.00836429999981192,
      0.00764060000074096,
      0.007204199999250704,
      0.013519299998733914,
      0.01202460000058636,
      0.009753700000146637,
      0.007566800002678065,
      0.008040100001380779,
      0.010404199998447439,
      0.008441000001766952,
      0.008817800000542775,
      0.010286499997164356,
      0.010561399998550769,
      0.011917900003027171,
      0.009454999999434222,
      0.010086399997817352,
      0.013580000002548331,
      0.017285100002482068,
      0.011999199999991106,
      0.013598900000943104,
      0.011084000001574168,
      0.011967700000241166,
      0.0074361000006319955,
      0.011091700001998106,
      0.014241600001696497,
      0.009132799998042174,
      0.010569499998382526,
      0.011686899997584987,
      0.013503400001354748,
      0.013589500002126442,
      0.011240200001338962,
      0.008328500000061467,
      0.00976029999947059,
      0.011757700001908233,
      0.01157220000095549,
      0.013061699999525445,
      0.007826499997463543,
      0.007325099999434315,
      0.010472400001162896,
      0.012579300000652438,
      0.00818019999860553,
      0.01283049999983632,
      0.014525999999023043,
      0.014491000001726206
    ],
    "sync_times": [
      0.6355322999988857,
      0.01834180000150809,
      0.03427889999875333,
      0.06429360000038287,
      0.019529100001818733,
      0.02408329999889247,
      0.025154099999781465,
      0.019277999999758322,
      0.0566333000024315,
      0.03448280000156956,
      0.03882030000022496,
      0.032228699998086086,
      0.026394799999252427,
      0.05893760000253678,
      0.06597970000075293,
      0.05380439999862574,
      0.053222899998218054,
      0.0492878999975801,
      0.03763329999856069,
      0.021488200000021607,
      0.024778499999229098,
      0.04118529999686871,
      0.041505399996822234,
      0.028232399999978952,
      0.021231599999737227,
      0.037425700000312645,
      0.0304759999999078,
      0.03966949999812641,
      0.046696900000824826,
      0.035498599998391,
      0.0285375000021304,
      0.039598200000909856,
      0.03492220000043744,
      0.02884489999996731,
      0.01542689999769209,
      0.043155300001672,
      0.03201719999924535,
      0.012245699999766657,
      0.032874200001970166,
      0.031570699997246265,
      0.04525390000344487,
      0.015574900000501657,
      0.02857120000044233,
      0.030441399998380803,
      0.028771499997674255,
      0.019017999999050517,
      0.01867159999892465,
      0.03048330000092392,
      0.02826450000065961,
      0.04744310000023688,
      0.019540700002835365,
      0.03231629999936558,
      0.03372019999733311,
      0.04720430000088527,
      0.019090399997367058,
      0.046847400000842754,
      0.04239360000065062,
      0.03011039999910281,
      0.01703990000169142,
      0.02214520000052289
    ],
    "optim_times": [
      0.0021190000006754417,
      0.0015133000015339348,
      0.0010493999980099034,
      0.0010277000001224224,
      0.0008871999998518731,
      0.0012113000011595432,
      0.0011228000003029592,
      0.0012473999995563645,
      0.0009175999985018279,
      0.0010856999979296234,
      0.00102359999800683,
      0.0009619999982533045,
      0.0008450999994238373,
      0.0008418999968853313,
      0.0012948000003234483,
      0.000876799997058697,
      0.000930900001549162,
      0.0009070000014617108,
      0.0010097000013047364,
      0.0008189000000129454,
      0.0013227000017650425,
      0.0008855999985826202,
      0.0010844999997061677,
      0.0014453000003413763,
      0.0007759000000078231,
      0.0008369999995920807,
      0.0009724000010464806,
      0.0012676999976974912,
      0.0009560999969835393,
      0.0014197999989846721,
      0.0009054999973159283,
      0.0010474000009708107,
      0.001462699998228345,
      0.0016548000021430198,
      0.001694300000963267,
      0.001950600002601277,
      0.000841600001876941,
      0.0011503999994602054,
      0.0014602000010199845,
      0.0010053000005427748,
      0.0007168999982241075,
      0.0013112999986333307,
      0.0010333999998692889,
      0.0010954999997920822,
      0.0016260000011243392,
      0.00130400000125519,
      0.0008650999989185948,
      0.0016353000028175302,
      0.0010292999977536965,
      0.0012788999993063044,
      0.0035986000002594665,
      0.0008769999985815957,
      0.0009061999990080949,
      0.001266100000066217,
      0.0009092000000237022,
      0.0011553999975149054,
      0.0010089999996125698,
      0.0008904999995138496,
      0.001086699998268159,
      0.003684299997985363
    ],