{
  "rank": 0,
  "world_size": 4,
  "num_steps": 60,
  "statistics": {
    "compute": {
      "count": 60,
      "min": 0.016562299999350216,
      "max": 0.1249504999977944,
      "mean": 0.04239743833295506,
      "std": 0.026925716512789254,
      "p95": 0.08884880000186968,
      "p99": 0.09433430000353837
    },
    "sync": {
      "count": 60,
      "min": 0.005181199998332886,
      "max": 0.6137920000001031,
      "mean": 0.019161496666917324,
      "std": 0.07790127051983975,
      "p95": 0.010697800000343705,
      "p99": 0.07389540000076522
    },
    "optim": {
      "count": 60,
      "min": 0.0009093000007851515,
      "max": 0.0018497999990358949,
      "mean": 0.0010854183332412505,
      "std": 0.00015931414619922325,
      "p95": 0.0012677999984589405,
      "p99": 0.0017479000016464852
    },
    "iter": {
      "count": 60,
      "min": 0.02526689999649534,
      "max": 0.6945073999995657,
      "mean": 0.06264435333311363,
      "std": 0.08651688399149389,
      "p95": 0.09791770000083488,
      "p99": 0.13566479999644798
    },
    "grad_norm": {
      "count": 60,
      "min": 0.2339596003293991,
      "max": 0.6101589798927307,
      "mean": 0.3451497716208299,
      "std": 0.07443529653510528,
      "p95": 0.4949391484260559,
      "p99": 0.5112363696098328
    },
    "loss": {
      "count": 60,
      "min": 2.276470899581909,
      "max": 2.3519093990325928,
      "mean": 2.3081560571988424,
      "std": 0.014162598029515102,
      "p95": 2.3318443298339844,
      "p99": 2.3377585411071777
    }
  },
  "trajectories": {
    "compute_times": [
      0.07896749999781605,
      0.08973340000011376,
      0.1249504999977944,
      0.056723999998212093,
      0.0875092999995104,
      0.05236229999718489,
      0.01822869999887189,
      0.052385399998456705,
      0.019699099997524172,
      0.0549155000007886,
      0.018262900000991067,
      0.016562299999350216,
      0.05109230000016396,
      0.024445999999443302,
      0.028115000000980217,
      0.021851599998626625,
      0.08884880000186968,
      0.05361649999758811,
      0.019204199998057447,
      0.05205129999740166,
      0.02249849999861908,
      0.053529400000115857,
      0.018604299999424256,
      0.050638100001378916,
      0.0200139999979001,
      0.020348599999124417,
      0.017123599998740247,
      0.031110100000660168,
      0.0192488000029698,
      0.020005100002890686,
      0.05184929999813903,
      0.018553699999756645,
      0.05344119999790564,
      0.019843199999741046,
      0.05188409999755095,
      0.0199971000001824,
      0.018546999999671243,
      0.019104899998637848,
      0.04953110000133165,
      0.06209079999825917,
      0.020735699999931967,
      0.02277459999822895,
      0.027516000001924112,
      0.01975510000193026,
      0.08561570000165375,
      0.08411260000139009,
      0.01756260000183829,
      0.08273379999809549,
      0.018277799998031696,
      0.021023699999204837,
      0.020868999999947846,
      0.08230990000083693,
      0.02253279999786173,
      0.052184399999532616,
      0.018679500000871485,
      0.044016600000759354,
      0.05832219999865629,
      0.08421140000064042,
      0.09433430000353837,
      0.018789099998684833
    ],
    "sync_times": [
      0.6137920000001031,
      0.00709130000177538,
      0.009411399998498382,
      0.00638500000059139,
      0.008659999999508727,
      0.007883700000093086,
      0.006851599999208702,
      0.007671400002436712,
      0.00676470000325935,
      0.007857299999159295,
      0.009399299997312482,
      0.007478899999114219,
      0.010637899998982903,
      0.007891300003393553,
      0.007384900000033667,
      0.008519499999238178,
      0.007191299999249168,
      0.00765769999998156,
      0.00803019999875687,
      0.006219200000487035,
      0.009259799997380469,
      0.007215300000098068,
      0.022159200001624413,
      0.008291800000733929,
      0.00724130000162404,
      0.008111999999528052,
      0.07389540000076522,
      0.008264399999461602,
      0.006359800001519034,
      0.007555100000899984,
      0.007599399999890011,
      0.007825699998647906,
      0.007504599998355843,
      0.00797220000094967,
      0.010697800000343705,
      0.007305600000108825,
      0.00679850000233273,
      0.00847799999974086,
      0.009124300002440577,
      0.008351500000571832,
      0.008531999999831896,
      0.008242399999289773,
      0.006250100002944237,
      0.007121100003132597,
      0.006948900001589209,
      0.007006499999988591,
      0.007718300003034528,
      0.00872709999748622,
      0.007033199999568751,
      0.008241299998189788,
      0.006215800000063609,
      0.008566600001358893,
      0.006971700000576675,
      0.008443499998975312,
      0.007663300002604956,
      0.007024200000159908,
      0.005181199998332886,
      0.0068774999999732245,
      0.006740299999364652,
      0.0073945000003732275
    ],
    "optim_times": [
      0.0017479000016464852,
      0.0010929999989457428,
      0.001302900000155205,
      0.001002399996650638,
      0.0009840999991865829,
      0.001027900001645321,
      0.0011526000016601756,
      0.0009847000001173,
      0.0010196000002906658,
      0.0010148000001208857,
      0.0009581999984220602,
      0.0012256999980309047,
      0.0009093000007851515,
      0.0010277999972458929,
      0.0009351000007882249,
      0.0009804000001167879,
      0.001206699998874683,
      0.0009819000006245915,
      0.0010839999995368998,
      0.0009654999994381797,
      0.001039800001308322,
      0.0009841999999480322,
      0.0010722000006353483,
      0.001118800002586795,
      0.0010462999998708256,
      0.001049599999532802,
      0.0018497999990358949,
      0.0009955999994417652,
      0.0009981000002881046,
      0.0010425999971630517,
      0.0009767999981704634,
      0.0009930999985954259,
      0.0011540999985300004,
      0.0009673999993538018,
      0.0010473000002093613,
      0.0010045999988506082,
      0.001113700000132667,
      0.000986800001555821,
      0.0009987999983422924,
      0.0011215999984415248,
      0.000977800002146978,
      0.0012019000023428816,
      0.0011130999992019497,
      0.0010522999982640613,
      0.0011057000010623597,
      0.0011200000008102506,
      0.001242000002093846,
      0.0011420999981055502,
      0.0011065999970014673,
      0.0011728999998013023,
      0.0011733999999705702,
      0.0010526000005484093,
      0.0012677999984589405,
      0.0009731999998621177,
      0.0010271999999531545,
      0.0009292000031564385,
      0.001108700002077967,
      0.0009767000010469928,
      0.0011512000019138213,
      0.001065000000380678
    ],