{
  "rank": 2,
  "world_size": 4,
  "num_steps": 60,
  "statistics": {
    "compute": {
      "count": 60,
      "min": 0.017231299996637972,
      "max": 0.12429960000008577,
      "mean": 0.04281608833328695,
      "std": 0.02659052671314335,
      "p95": 0.08791149999888148,
      "p99": 0.09332229999927222
    },
    "sync": {
      "count": 60,
      "min": 0.004542299997410737,
      "max": 0.6019534000006388,
      "mean": 0.018163838333627304,
      "std": 0.07603676348001837,
      "p95": 0.010439400000905152,
      "p99": 0.02335230000244337
    },
    "optim": {
      "count": 60,
      "min": 0.0007656999987375457,
      "max": 0.0016647999982524198,
      "mean": 0.0009763549995113862,
      "std": 0.00016647598266046347,
      "p95": 0.0014004000004206318,
      "p99": 0.0015600000006088521
    },
    "iter": {
      "count": 60,
      "min": 0.02498850000120001,
      "max": 0.6636733000013919,
      "mean": 0.06195628166642564,
      "std": 0.08275420418831786,
      "p95": 0.09738459999425686,
      "p99": 0.13593099999707192
    },
    "grad_norm": {
      "count": 60,
      "min": 0.2339596003293991,
      "max": 0.6101589798927307,
      "mean": 0.3451497716208299,
      "std": 0.07443529653510528,
      "p95": 0.4949391484260559,
      "p99": 0.5112363696098328
    },
    "loss": {
      "count": 60,
      "min": 2.2831902503967285,
      "max": 2.3339128494262695,
      "mean": 2.3047239144643146,
      "std": 0.011248913671287818,
      "p95": 2.320230722427368,
      "p99": 2.3324294090270996
    }
  },
  "trajectories": {
    "compute_times": [
      0.060055100002500694,
      0.08487479999894276,
      0.12429960000008577,
      0.054964700000709854,
      0.08791149999888148,
      0.05190039999797591,
      0.017259700001886813,
      0.05160769999929471,
      0.0200570000015432,
      0.05347240000264719,
      0.0197453000000678,
      0.018589800001791446,
      0.05288739999741665,
      0.023862199999712175,
      0.02860109999892302,
      0.02230770000096527,
      0.08819999999832362,
      0.0508187999985239,
      0.018171600000641774,
      0.04989789999672212,
      0.023929700000735465,
      0.052731200001289835,
      0.017231299996637972,
      0.05082390000097803,
      0.01960970000072848,
      0.01954219999970519,
      0.0837707999999111,
      0.031480800000281306,
      0.018270600001415005,
      0.018817799998942064,
      0.05139910000070813,
      0.018679600001632934,
      0.05222270000012941,
      0.019828500000585336,
      0.05280099999799859,
      0.019507000000885455,
      0.01762589999998454,
      0.020177599999442464,
      0.04888040000150795,
      0.06103680000160239,
      0.021012100001826184,
      0.022440000000642613,
      0.02700600000025588,
      0.0194286000005377,
      0.08466799999951036,
      0.0845112999995763,
      0.018866699996578973,
      0.0820824000002176,
      0.017818399999669055,
      0.020304900001065107,
      0.019478700000036042,
      0.08147989999997662,
      0.022710799999913434,
      0.05200709999917308,
      0.020491699997364776,
      0.04584640000030049,
      0.05666740000015125,
      0.0830229999992298,
      0.09332229999927222,
      0.017948299999261508
    ],
    "sync_times": [
      0.6019534000006388,
      0.0054889999992155936,
      0.010528999999223743,
      0.00787050000144518,
      0.008070800002315082,
      0.008366199999727542,
      0.00745670000105747,
      0.008935599998949328,
      0.006363600001350278,
      0.009525100002065301,
      0.0077158999993116595,
      0.005495699999300996,
      0.00872209999943152,
      0.008575000003474997,
      0.006943799999135081,
      0.0081754999991972,
      0.008070199997746386,
      0.010439400000905152,
      0.008946199999627424,
      0.008670899998833193,
      0.007954299999255454,
      0.007901000000856584,
      0.02335230000244337,
      0.008197400002245558,
      0.00855760000195005,
      0.008298300002934411,
      0.007138500001019565,
      0.00860820000161766,
      0.007483500001399079,
      0.007933000000775792,
      0.00820210000165389,
      0.007269999998243293,
      0.008588900000177091,
      0.00814159999936237,
      0.009587500000634464,
      0.007519199996750103,
      0.008096000001387438,
      0.007775199999741744,
      0.009897399999317713,
      0.009599699998943834,
      0.008077400001639035,
      0.007808599999407306,
      0.007151800000428921,
      0.007634900000994094,
      0.007888700001785764,
      0.0067412999997031875,
      0.006532700001116609,
      0.009788800001842901,
      0.007454200000211131,
      0.00897389999954612,
      0.0074856000028376,
      0.00959819999843603,
      0.0072196000000985805,
      0.009072599998035002,
      0.006092300001910189,
      0.004542299997410737,
      0.006833799998275936,
      0.008388099999137921,
      0.007932600001367973,
      0.008196599999791943
    ],
    "optim_times": [
      0.0016647999982524198,
      0.0009953999979188666,
      0.0011023999977624044,
      0.0009595999981684145,
      0.0009054000001924578,
      0.0010939999992842786,
      0.0008884999988367781,
      0.0009677999987616204,
      0.0009702999996079598,
      0.0008602000016253442,
      0.0008434000010311138,
      0.0009030000001075678,
      0.0009098999980778899,
      0.0008712999988347292,
      0.0009020000034070108,
      0.0009412999970663805,
      0.0011143999981868546,
      0.00087839999832795,
      0.0009304999985033646,
      0.0009199000014632475,
      0.0008573000013711862,
      0.0009411999999429099,
      0.0010543999997025821,
      0.0007656999987375457,
      0.0009839999984251335,
      0.0008628999967186246,
      0.001075799998943694,
      0.0008735999981581699,
      0.0014271000000007916,
      0.0008582000009482726,
      0.0010787000028358307,
      0.0009276000018871855,
      0.0008869999983289745,
      0.0012214999987918418,
      0.0009123999989242293,
      0.0008578000015404541,
      0.0009664999997767154,
      0.0008696999975654762,
      0.0008802000011201017,
      0.0015600000006088521,
      0.0008956999990914483,
      0.0008994999989226926,
      0.0009145000003627501,
      0.0009964000018953811,
      0.0009506999995210208,
      0.0009522000000288244,
      0.0008434999981545843,
      0.0010395999997854233,
      0.0009714000007079449,
      0.0010013999999500811,
      0.0008711000009498093,
      0.0008778999981586821,
      0.0009284999978262931,
      0.0009057999996002764,
      0.0014004000004206318,
      0.0010172999973292463,
      0.0008578000015404541,
      0.0009143999996013008,
      0.0009750999997777399,
      0.0008839999973133672
    ],