{
  "rank": 5,
  "world_size": 8,
  "num_steps": 60,
  "statistics": {
    "compute": {
      "count": 60,
      "min": 0.006773400000383845,
      "max": 0.08093169999847305,
      "mean": 0.010989243333521395,
      "std": 0.00936389469723662,
      "p95": 0.014033399998879759,
      "p99": 0.016407099999923958
    },
    "sync": {
      "count": 60,
      "min": 0.01039870000022347,
      "max": 0.5837439999995695,
      "mean": 0.04479529499997928,
      "std": 0.07178918177869438,
      "p95": 0.06961489999957848,
      "p99": 0.08510319999913918
    },
    "optim": {
      "count": 60,
      "min": 0.0007019999975454994,
      "max": 0.003962999999203021,
      "mean": 0.0012285299994497715,
      "std": 0.0006296091881772213,
      "p95": 0.0026266999993822537,
      "p99": 0.0034087000021827407
    },
    "iter": {
      "count": 60,
      "min": 0.018575800000689924,
      "max": 0.6673023999974248,
      "mean": 0.05701306833295045,
      "std": 0.08085620832023367,
      "p95": 0.0774463999987347,
      "p99": 0.09772219999649678
    },
    "grad_norm": {
      "count": 60,
      "min": 0.32315173745155334,
      "max": 0.3546542227268219,
      "mean": 0.33557276129722596,
      "std": 0.007821478819641233,
      "p95": 0.3504560589790344,
      "p99": 0.35186511278152466
    },
    "loss": {
      "count": 60,
      "min": 2.255737543106079,
      "max": 2.357027769088745,
      "mean": 2.309376621246338,
      "std": 0.02460175817648149,
      "p95": 2.348790407180786,
      "p99": 2.3503777980804443
    }
  },
  "trajectories": {
    "compute_times": [
      0.08093169999847305,
      0.010129700000106823,
      0.007145299998228438,
      0.0075796999990416225,
      0.01070139999865205,
      0.009584300001733936,
      0.0073554999980842695,
      0.010639399999490706,
      0.012070100001437822,
      0.010513100001844577,
      0.010492499997781124,
      0.009421500002645189,
      0.008714499999769032,
      0.006773400000383845,
      0.007659100003365893,
      0.011659100000542821,
      0.006963800002267817,
      0.007076800000504591,
      0.007628899998962879,
      0.008367200000066077,
      0.010037800002464792,
      0.00935849999950733,
      0.007329500000196276,
      0.007034800000838004,
      0.00935600000229897,
      0.007315399998333305,
      0.007794500001182314,
      0.009380999999848427,
      0.008391700001084246,
      0.010964000000967644,
      0.013073599999188446,
      0.00817760000063572,
      0.016407099999923958,
      0.014298600002803141,
      0.014029099998879246,
      0.008773499997914769,
      0.013799899999867193,
      0.01315190000241273,
      0.01052709999930812,
      0.009212599998136284,
      0.008550800001103198,
      0.00872209999943152,
      0.00829629999861936,
      0.01018850000036764,
      0.010688599999411963,
      0.009680099999968661,
      0.014033399998879759,
      0.008208600000216393,
      0.008471500001178356,
      0.007853800001612399,
      0.009133800002018688,
      0.011375499998393934,
      0.007485000001906883,
      0.00914329999795882,
      0.01195690000167815,
      0.013450699996610638,
      0.010363100001995917,
      0.008607199997641146,
      0.01184320000174921,
      0.011481000001367647
    ],
    "sync_times": [
      0.5837439999995695,
      0.03634489999967627,
      0.042930100000376115,
      0.04982670000026701,
      0.028294100000493927,
      0.039818100001866696,
      0.02461609999954817,
      0.01801089999935357,
      0.05192049999823212,
      0.039944199997989926,
      0.04655389999970794,
      0.026205800000752788,
      0.054969000000710366,
      0.06961489999957848,
      0.026407299999846146,
      0.08510319999913918,
      0.050055699997756165,
      0.010626400002365699,
      0.07165449999956763,
      0.01039870000022347,
      0.029532700002164347,
      0.050786100000550505,
      0.012720900002022972,
      0.04567650000171852,
      0.0366942000000563,
      0.041785900000832044,
      0.022584099999221507,
      0.049907300002814736,
      0.03939570000147796,
      0.03754979999939678,
      0.048700600000302074,
      0.024372200001380406,
      0.03858120000222698,
      0.03001389999917592,
      0.02100090000021737,
      0.039888799998152535,
      0.03501450000112527,
      0.029910100001870887,
      0.020295599999371916,
      0.04467730000033043,
      0.024980799997138092,
      0.036883400000078836,
      0.030907100001059007,
      0.026793799999722978,
      0.028123699998104712,
      0.015589800001180265,
      0.032671799999661744,
      0.02179699999760487,
      0.039639799997530645,
      0.048778000000311295,
      0.016751200000726385,
      0.01730939999833936,
      0.03719650000130059,
      0.056253800001286436,
      0.020039299997733906,
      0.0363723000009486,
      0.05858330000046408,
      0.03469059999770252,
      0.02132559999881778,
      0.016903199997614138
    ],
    "optim_times": [
      0.0026266999993822537,
      0.0008505000005243346,
      0.0008957999998528976,
      0.0010395999997854233,
      0.0010408999987703282,
      0.0008601000008638948,
      0.0010256999994453508,
      0.003962999999203021,
      0.001003199999104254,
      0.0008502999990014359,
      0.0011225999987800606,
      0.0009007999979075976,
      0.0007019999975454994,
      0.0010580999987723771,
      0.0013805999988107942,
      0.0009598999968147837,
      0.0009335999966424424,
      0.0008725999978196342,
      0.0009494999976595864,
      0.001176800000393996,
      0.001044600001478102,
      0.0008208999970520381,
      0.0012459999998100102,
      0.0010397000005468726,
      0.0008282000017061364,
      0.0009584999970684294,
      0.000970900000538677,
      0.0009874000024865381,
      0.0008596000006946269,
      0.0016847000006237067,
      0.0009288000001106411,
      0.0008739000004425179,
      0.0012386999987938907,
      0.0009690000006230548,
      0.0009821999992709607,
      0.0008984999985841569,
      0.0011105999983556103,
      0.0008737999996810686,
      0.0010554999971645884,
      0.0009712999999464955,
      0.0009755999999470077,
      0.0009962000003724825,
      0.0011587999979383312,
      0.00087340000027325,
      0.0009110999999393243,
      0.0021952999995846767,
      0.0017184999996970873,
      0.0034087000021827407,
      0.0010230999978375621,
      0.0010509999992791563,
      0.0018975000020873267,
      0.001128299998526927,
      0.0010257999965688214,
      0.0008527999998477753,
      0.0009991000006266404,
      0.0008464999991701916,
      0.0025308000003860798,
      0.0012696000012510922,
      0.0015812999990885146,
      0.0027133000003232155
    ],