{
  "rank": 1,
  "world_size": 4,
  "num_steps": 60,
  "statistics": {
    "compute": {
      "count": 60,
      "min": 0.01666330000080052,
      "max": 0.1829879999968398,
      "mean": 0.04462221833333994,
      "std": 0.03239410136906036,
      "p95": 0.09027969999806373,
      "p99": 0.12427499999830616
    },
    "sync": {
      "count": 60,
      "min": 0.00685929999963264,
      "max": 0.025601500001357635,
      "mean": 0.008976278333284427,
      "std": 0.002924717938918394,
      "p95": 0.01097479999953066,
      "p99": 0.021573000001808396
    },
    "optim": {
      "count": 60,
      "min": 0.0007463999972969759,
      "max": 0.0015228999982355163,
      "mean": 0.0009161083335129661,
      "std": 0.00012291154034278507,
      "p95": 0.0010963999993691687,
      "p99": 0.0012321000031079166
    },
    "iter": {
      "count": 60,
      "min": 0.02470000000175787,
      "max": 0.21011239999643294,
      "mean": 0.054514605000137335,
      "std": 0.033634960513404075,
      "p95": 0.09868859999915003,
      "p99": 0.13501259999611648
    },
    "grad_norm": {
      "count": 60,
      "min": 0.2339596003293991,
      "max": 0.6101589798927307,
      "mean": 0.3451497716208299,
      "std": 0.07443529653510528,
      "p95": 0.4949391484260559,
      "p99": 0.5112363696098328
    },
    "loss": {
      "count": 60,
      "min": 2.2736074924468994,
      "max": 2.3450276851654053,
      "mean": 2.303970237572988,
      "std": 0.014000360168811636,
      "p95": 2.33133602142334,
      "p99": 2.3365883827209473
    }
  },
  "trajectories": {
    "compute_times": [
      0.1829879999968398,
      0.09027969999806373,
      0.12427499999830616,
      0.05621699999755947,
      0.08827930000188644,
      0.051405700000032084,
      0.016989100000500912,
      0.05187200000000303,
      0.01900739999837242,
      0.05296989999988,
      0.017138899998826673,
      0.01666330000080052,
      0.0503208000009181,
      0.024375799999688752,
      0.02741489999971236,
      0.022510099999635713,
      0.08789299999989453,
      0.05097190000014962,
      0.019370800000615418,
      0.051177800000004936,
      0.022962099999858765,
      0.0525197000024491,
      0.019331100000272272,
      0.050861100000474835,
      0.019053899999562418,
      0.01903920000040671,
      0.08381720000033965,
      0.03233680000266759,
      0.01775659999839263,
      0.018560900000011316,
      0.05056499999773223,
      0.018616299999848707,
      0.05164420000073733,
      0.01902469999913592,
      0.05155469999954221,
      0.019078200002695667,
      0.017356399999698624,
      0.018803099999786355,
      0.050769200002832804,
      0.062499100000422914,
      0.020987500000046566,
      0.021397199998318683,
      0.025904599999194033,
      0.01811240000097314,
      0.08498600000166334,
      0.0843432000001485,
      0.01721720000205096,
      0.08277770000131568,
      0.017585700003110105,
      0.019915599998057587,
      0.019212799998058472,
      0.08183500000086497,
      0.02047800000218558,
      0.05287320000206819,
      0.018294599998625927,
      0.04363240000020596,
      0.05585409999912372,
      0.08342609999817796,
      0.0923819999989064,
      0.017847899998741923
    ],
    "sync_times": [
      0.025601500001357635,
      0.007409699999698205,
      0.009833299998717848,
      0.00685929999963264,
      0.007945800000015879,
      0.0086808000014571,
      0.008205599999200786,
      0.008529300001100637,
      0.007624300000315998,
      0.009834300002694363,
      0.010898100001213606,
      0.007252499999594875,
      0.012387900002067909,
      0.007130200003302889,
      0.008099900001980131,
      0.007603599999129074,
      0.007891099998232676,
      0.010602899998048088,
      0.007840700000087963,
      0.007262799997988623,
      0.009011599999212194,
      0.008218499999202322,
      0.021573000001808396,
      0.008203400000638794,
      0.008581599999160971,
      0.009309199998824624,
      0.007971700000780402,
      0.007257299999764655,
      0.007831399998394772,
      0.00858689999950002,
      0.008568199998990167,
      0.00784389999898849,
      0.009575399999448564,
      0.008759299998928327,
      0.01097479999953066,
      0.008492900000419468,
      0.007550099999207305,
      0.009061900000233436,
      0.007920399999420624,
      0.00815850000071805,
      0.00845149999804562,
      0.008993899999040877,
      0.00834229999964009,
      0.009045999999216292,
      0.007691899998462759,
      0.007017500000074506,
      0.0081826000023284,
      0.009231200001522666,
      0.007589799999550451,
      0.009403600000950973,
      0.007929100000183098,
      0.009873299997707363,
      0.00866419999874779,
      0.008234799999627285,
      0.00823570000284235,
      0.007744599999568891,
      0.0076253000006545335,
      0.007925099998828955,
      0.009008600001834566,
      0.008442099999228958
    ],
    "optim_times": [
      0.0015228999982355163,
      0.0009992000013880897,
      0.0009042999990924727,
      0.0009618000003683846,
      0.00083470000026864,
      0.0008990000023914035,
      0.000878700000612298,
      0.0008902000008674804,
      0.0008822999989206437,
      0.000903600001038285,
      0.0010521000003791414,
      0.0007842000013624784,
      0.001222099999722559,
      0.000812399997812463,
      0.0012321000031079166,
      0.0008580000030633528,
      0.0008859000008669682,
      0.0008401000013691373,
      0.0009462999987590592,
      0.0008328999974764884,
      0.0009804999972402584,
      0.0009110999999393243,
      0.0008817999987513758,
      0.0008807000012893695,
      0.000921900002140319,
      0.0008961999992607161,
      0.0008159000026353169,
      0.0009189000011247117,
      0.0008715000003576279,
      0.001028700000460958,
      0.0009266999986721203,
      0.0010770000008051284,
      0.0008096000019577332,
      0.0008871999998518731,
      0.0009050000007846393,
      0.0010963999993691687,
      0.0009411999999429099,
      0.0009860999998636544,
      0.0008520999981556088,
      0.0008809000028122682,
      0.0010683000000426546,
      0.0007513999989896547,
      0.0008860000016284175,
      0.0008782000004430301,
      0.0008842000024742447,
      0.0009308999979111832,
      0.0008340999993379228,
      0.0008296000014524907,
      0.0009361999982502311,
      0.0009814000004553236,
      0.0008129000016197097,
      0.0008452000001852866,
      0.0008496999980707187,
      0.0008639000006951392,
      0.0007463999972969759,
      0.0008755000017117709,
      0.0008409000001847744,
      0.0008498999995936174,
      0.0008209000006900169,
      0.0008686999972269405
    ],