{
  "rank": 0,
  "world_size": 8,
  "num_steps": 10,
  "statistics": {
    "compute": {
      "count": 10,
      "min": 0.023044600005960092,
      "max": 0.09614619999774732,
      "mean": 0.03337561000007554,
      "std": 0.02103515169620352,
      "p95": 0.02993140000035055,
      "p99": 0.02993140000035055
    },
    "sync": {
      "count": 10,
      "min": 0.01148579999426147,
      "max": 0.03080960000079358,
      "mean": 0.016587510000681503,
      "std": 0.005152798653558322,
      "p95": 0.01873370000248542,
      "p99": 0.01873370000248542
    },
    "optim": {
      "count": 10,
      "min": 0.0006872000012663193,
      "max": 0.0014547000027960166,
      "mean": 0.0009730300007504411,
      "std": 0.0002391938602402323,
      "p95": 0.0012175000010756776,
      "p99": 0.0012175000010756776
    },
    "iter": {
      "count": 10,
      "min": 0.03645370000594994,
      "max": 0.1284105000013369,
      "mean": 0.05093615000150749,
      "std": 0.0259740994544094,
      "p95": 0.046035900006245356,
      "p99": 0.046035900006245356
    },
    "grad_norm": {
      "count": 10,
      "min": 0.04415564984083176,
      "max": 0.11560528725385666,
      "mean": 0.08388429656624793,
      "std": 0.02277804990570676,
      "p95": 0.11032011359930038,
      "p99": 0.11032011359930038
    },
    "loss": {
      "count": 10,
      "min": 1.6037960052490234,
      "max": 1.6286011934280396,
      "mean": 1.6171233654022217,
      "std": 0.007122462023210108,
      "p95": 1.62375807762146,
      "p99": 1.62375807762146
    }
  },
  "trajectories": {
    "compute_times": [
      0.09614619999774732,
      0.029148699999495875,
      0.025298900000052527,
      0.024609499996586237,
      0.025425400002859533,
      0.02993140000035055,
      0.023044600005960092,
      0.02554680000321241,
      0.0292803999982425,
      0.025324199996248353
    ],
    "sync_times": [
      0.03080960000079358,
      0.015371300003607757,
      0.014684400004625786,
      0.016997400001855567,
      0.01873370000248542,
      0.01148579999426147,
      0.01249400000233436,
      0.013480800000252202,
      0.01599220000207424,
      0.01582589999452466
    ],
    "optim_times": [
      0.0014547000027960166,
      0.001155900004960131,
      0.0007386999932350591,
      0.0009976000001188368,
      0.0010610000026645139,
      0.0007392999978037551,
      0.0009150999976554886,
      0.0006872000012663193,
      0.0007633000059286132,
      0.0012175000010756776
    ],
    "iter_times": [
      0.1284105000013369,
      0.04567590000806376,
      0.04072199999791337,
      0.04260449999856064,
      0.04522010000800947,
      0.042156499992415775,
      0.03645370000594994,
      0.03971480000473093,
      0.046035900006245356,
      0.04236759999184869
    ],
    "grad_norms": [
      0.10237826406955719,
      0.04415564984083176,
      0.09777824580669403,
      0.08851657807826996,
      0.11032011359930038,
      0.11560528725385666,
      0.09037932008504868,
      0.06020011752843857,
      0.06734514236450195,
      0.062164247035980225
    ],
    "losses": [
      1.6216069459915161,
      1.6200978755950928,
      1.6037960052490234,
      1.6128170490264893,
      1.6101316213607788,
      1.622724175453186,
      1.6123104095458984,
      1.6286011934280396,
      1.6153903007507324,
      1.62375807762146
    ],
    "bytes_transferred": [
      27188,
      27188,
      27188,
      27188,
      27188,
      27188,
      27188,
      27188,
      27188,
      27188
    ],
    "epochs": [
      0,
      0,
      0,
      0,
      0,
      0,
      0,
      0,
      0,
      0
    ],
    "steps": [
      0,
      1,
      2,
      3,
      4,
      5,
      6,
      7,
      8,
      9
    ]
  }
}