{
  "rank": 1,
  "world_size": 8,
  "num_steps": 10,
  "statistics": {
    "compute": {
      "count": 10,
      "min": 0.02343950000067707,
      "max": 0.06801099999574944,
      "mean": 0.030496100000164006,
      "std": 0.012743412103530645,
      "p95": 0.030844499997328967,
      "p99": 0.030844499997328967
    },
    "sync": {
      "count": 10,
      "min": 0.007744100003037602,
      "max": 0.06713010000385111,
      "mean": 0.019654820002324415,
      "std": 0.01642930442910502,
      "p95": 0.024242300001787953,
      "p99": 0.024242300001787953
    },
    "optim": {
      "count": 10,
      "min": 0.0006432000009226613,
      "max": 0.0011842000021715648,
      "mean": 0.0008184600010281429,
      "std": 0.00013533471284562807,
      "p95": 0.0008798999988357536,
      "p99": 0.0008798999988357536
    },
    "iter": {
      "count": 10,
      "min": 0.03354260000924114,
      "max": 0.13632530000177212,
      "mean": 0.050969380003516564,
      "std": 0.028696261578955707,
      "p95": 0.04919820000213804,
      "p99": 0.04919820000213804
    },
    "grad_norm": {
      "count": 10,
      "min": 0.04415564984083176,
      "max": 0.11560528725385666,
      "mean": 0.08388429656624793,
      "std": 0.02277804990570676,
      "p95": 0.11032011359930038,
      "p99": 0.11032011359930038
    },
    "loss": {
      "count": 10,
      "min": 1.595523476600647,
      "max": 1.6278464794158936,
      "mean": 1.617440688610077,
      "std": 0.009187746705738757,
      "p95": 1.624936580657959,
      "p99": 1.624936580657959
    }
  },
  "trajectories": {
    "compute_times": [
      0.06801099999574944,
      0.025016600004164502,
      0.027549600003112573,
      0.0255373000036343,
      0.0241463999991538,
      0.030844499997328967,
      0.02343950000067707,
      0.02433539999765344,
      0.030592800001613796,
      0.025487899998552166
    ],
    "sync_times": [
      0.06713010000385111,
      0.007744100003037602,
      0.014072400001168717,
      0.01712530000077095,
      0.024242300001787953,
      0.010014999999839347,
      0.016172100004041567,
      0.016991199998301454,
      0.010979900005622767,
      0.012075800004822668
    ],
    "optim_times": [
      0.0011842000021715648,
      0.0007819000020390376,
      0.0007345999983954243,
      0.0008798999988357536,
      0.0008095000011962838,
      0.0007916000031400472,
      0.0008288000026368536,
      0.0006432000009226613,
      0.0007650999978068285,
      0.0007658000031369738
    ],
    "iter_times": [
      0.13632530000177212,
      0.03354260000924114,
      0.042356600002676714,
      0.043542500003241,
      0.04919820000213804,
      0.04165110000030836,
      0.04044040000735549,
      0.041969799996877555,
      0.04233780000504339,
      0.03832950000651181
    ],
    "grad_norms": [
      0.10237826406955719,
      0.04415564984083176,
      0.09777824580669403,
      0.08851657807826996,
      0.11032011359930038,
      0.11560528725385666,
      0.09037932008504868,
      0.06020011752843857,
      0.06734514236450195,
      0.062164247035980225
    ],
    "losses": [
      1.6107556819915771,
      1.595523476600647,
      1.6278464794158936,
      1.6112977266311646,
      1.6215894222259521,
      1.6223139762878418,
      1.624392032623291,
      1.624936580657959,
      1.6141860485076904,
      1.6215654611587524
    ],
    "bytes_transferred": [
      27188,
      27188,
      27188,
      27188,
      27188,
      27188,
      27188,
      27188,
      27188,
      27188
    ],
    "epochs": [
      0,
      0,
      0,
      0,
      0,
      0,
      0,
      0,
      0,
      0
    ],
    "steps": [
      0,
      1,
      2,
      3,
      4,
      5,
      6,
      7,
      8,
      9
    ]
  }
}