{
  "rank": 0,
  "world_size": 2,
  "num_steps": 60,
  "statistics": {
    "compute": {
      "count": 60,
      "min": 0.004992800000763964,
      "max": 0.026854599997022888,
      "mean": 0.0068367866664023795,
      "std": 0.0030449905061859374,
      "p95": 0.007432399997924222,
      "p99": 0.015775300002133008
    },
    "sync": {
      "count": 60,
      "min": 0.002651099999638973,
      "max": 0.03496200000154204,
      "mean": 0.0067153833333577495,
      "std": 0.007255526162742526,
      "p95": 0.024660099999891827,
      "p99": 0.031904499999654945
    },
    "optim": {
      "count": 60,
      "min": 0.0006432000009226613,
      "max": 0.0021233999977994245,
      "mean": 0.000900746666896642,
      "std": 0.00025373468350814465,
      "p95": 0.0013122999989718664,
      "p99": 0.0016695000012987293
    },
    "iter": {
      "count": 60,
      "min": 0.009456799998588394,
      "max": 0.0427977000035753,
      "mean": 0.014452916666656771,
      "std": 0.008044274747837933,
      "p95": 0.036361499995109625,
      "p99": 0.03865570000198204
    },
    "grad_norm": {
      "count": 60,
      "min": 0.6163185238838196,
      "max": 0.7076342701911926,
      "mean": 0.6625562816858291,
      "std": 0.017096690160475582,
      "p95": 0.6927463412284851,
      "p99": 0.7001007795333862
    },
    "loss": {
      "count": 60,
      "min": 2.2690787315368652,
      "max": 2.3606162071228027,
      "mean": 2.3080143610636394,
      "std": 0.019581434467545105,
      "p95": 2.3430492877960205,
      "p99": 2.347961902618408
    }
  },
  "trajectories": {
    "compute_times": [
      0.013423899999907007,
      0.026854599997022888,
      0.015775300002133008,
      0.0059416000003693625,
      0.006616900001972681,
      0.007432399997924222,
      0.006313600002613384,
      0.006492799999250565,
      0.005931199997576186,
      0.006708900000376161,
      0.006582699999853503,
      0.006325499998638406,
      0.0062263999971037265,
      0.005929499999183463,
      0.00637540000025183,
      0.006560199999512406,
      0.006713599999784492,
      0.00644069999907515,
      0.0062939999988884665,
      0.006281999998464016,
      0.005696100000932347,
      0.006267799999477575,
      0.006207200000062585,
      0.005281099998683203,
      0.0060272000009717885,
      0.006785000001400476,
      0.0063179000026138965,
      0.006668599999102298,
      0.006513000000268221,
      0.007015700000920333,
      0.006048300001566531,
      0.0063339999978779815,
      0.006166200000734534,
      0.0063652999997430015,
      0.006224499997188104,
      0.005969900001218775,
      0.006447299998399103,
      0.0060444000009738375,
      0.005960499998764135,
      0.0058783000022231136,
      0.006603899997571716,
      0.005469600000651553,
      0.005132499998580897,
      0.006260499998461455,
      0.006266299998969771,
      0.006222599997272482,
      0.006511600000521867,
      0.006323300000076415,
      0.005599399999482557,
      0.005832299997564405,
      0.006177900002512615,
      0.005821499999001389,
      0.004992800000763964,
      0.006306100000074366,
      0.006109499998274259,
      0.006390300000930438,
      0.006384000000252854,
      0.006345900001178961,
      0.005724099999497412,
      0.006293599999480648
    ],
    "sync_times": [
      0.011753200000384822,
      0.007857799999328563,
      0.005691100002877647,
      0.006327600000076927,
      0.02958759999819449,
      0.004504900000029011,
      0.016192999999475433,
      0.0031273999993572943,
      0.003639800001110416,
      0.003769099999772152,
      0.0036497000000963453,
      0.0039054000008036382,
      0.004049399998621084,
      0.003736999999091495,
      0.004617300000973046,
      0.00375749999875552,
      0.0037398999993456528,
      0.018476200002623955,
      0.004198999999061925,
      0.003946800003177486,
      0.003704999999172287,
      0.00503240000034566,
      0.0049593000003369525,
      0.015536000002612127,
      0.00418809999973746,
      0.003869199998007389,
      0.003974600000219652,
      0.004277000000001863,
      0.0040160000025935005,
      0.003641400002379669,
      0.0036918999976478517,
      0.0039716999999654945,
      0.03496200000154204,
      0.004635299999790732,
      0.024660099999891827,
      0.031904499999654945,
      0.0034532000026956666,
      0.003570099997887155,
      0.004250599999068072,
      0.0034856999991461635,
      0.003431799999816576,
      0.00396790000013425,
      0.003550800000084564,
      0.0032971000000543427,
      0.0035124999994877726,
      0.0035693000027094968,
      0.003626499998063082,
      0.0034890999995695893,
      0.0036889000002702232,
      0.003842999998596497,
      0.0037473000011232216,
      0.0034832999990612734,
      0.004179600000497885,
      0.01797199999782606,
      0.003718500000104541,
      0.003342699998029275,
      0.0032432999978482258,
      0.002651099999638973,
      0.00308470000163652,
      0.003209800001059193
    ],
    "optim_times": [
      0.0013122999989718664,
      0.0016490999987581745,
      0.0010511999971640762,
      0.0009079000010387972,
      0.0007523999993281905,
      0.0006762999983038753,
      0.0009232000011252239,
      0.0010016999985964503,
      0.0008301000016217586,
      0.0007970000006025657,
      0.0008643000001029577,
      0.001070800000888994,
      0.0007342000026255846,
      0.0009016000003612135,
      0.0007634000030520838,
      0.0007855000003473833,
      0.0008600000001024455,
      0.0007670999984839,
      0.0007666000019526109,
      0.0008484000027237926,
      0.0021233999977994245,
      0.0008014999984879978,
      0.0007121999988157768,
      0.0010363000001234468,
      0.0011667999970086385,
      0.000879000002896646,
      0.0008417000026383903,
      0.0008297999993374106,
      0.0008320000015373807,
      0.001166699999885168,
      0.0009414999985892791,
      0.0006723000005877111,
      0.0016695000012987293,
      0.0010853999992832541,
      0.0006432000009226613,
      0.0007813000011083204,
      0.0008013999977265485,
      0.0006453999994846527,
      0.0007961000010254793,
      0.0007738999993307516,
      0.0008185000006051268,
      0.0008283999995910563,
      0.0007734999999229331,
      0.000782499999331776,
      0.000931700000364799,
      0.0007428000026266091,
      0.0007159999986470211,
      0.0009721000024001114,
      0.0009720000016386621,
      0.0007189999996626284,
      0.0008551999999326654,
      0.0007567000029666815,
      0.0008089000002655666,
      0.0007503000015276484,
      0.0008711000009498093,
      0.0010397000005468726,
      0.0007392999978037551,
      0.0009512999968137592,
      0.0008931000011216383,
      0.0006602000030397903
    ],