{
  "rank": 1,
  "world_size": 2,
  "num_steps": 60,
  "statistics": {
    "compute": {
      "count": 60,
      "min": 0.004643500000383938,
      "max": 0.012734400002955226,
      "mean": 0.006104798333459864,
      "std": 0.0012188368872129065,
      "p95": 0.00741080000079819,
      "p99": 0.011224400001083268
    },
    "sync": {
      "count": 60,
      "min": 0.003409600001759827,
      "max": 0.0555263999995077,
      "mean": 0.008052464999855147,
      "std": 0.00889809489392254,
      "p95": 0.020999200001824647,
      "p99": 0.036119000000326196
    },
    "optim": {
      "count": 60,
      "min": 0.0006199000017659273,
      "max": 0.0015158000023802742,
      "mean": 0.0007659583334922597,
      "std": 0.0001688531296894094,
      "p95": 0.001188199999887729,
      "p99": 0.0012764999992214143
    },
    "iter": {
      "count": 60,
      "min": 0.00953269999808981,
      "max": 0.06826660000297124,
      "mean": 0.01492322166680727,
      "std": 0.009742477785872814,
      "p95": 0.02964389999760897,
      "p99": 0.04291649999868241
    },
    "grad_norm": {
      "count": 60,
      "min": 0.6163185238838196,
      "max": 0.7076342701911926,
      "mean": 0.6625562816858291,
      "std": 0.017096690160475582,
      "p95": 0.6927463412284851,
      "p99": 0.7001007795333862
    },
    "loss": {
      "count": 60,
      "min": 2.249553918838501,
      "max": 2.3741798400878906,
      "mean": 2.3117940624554953,
      "std": 0.022611586797517968,
      "p95": 2.3413665294647217,
      "p99": 2.347332715988159
    }
  },
  "trajectories": {
    "compute_times": [
      0.011224400001083268,
      0.012734400002955226,
      0.007094700002198806,
      0.00741080000079819,
      0.006712599999445956,
      0.0075510999995458405,
      0.006700699999782955,
      0.005519300000742078,
      0.005491200001415564,
      0.006087399997340981,
      0.0060623999997915234,
      0.006043199999112403,
      0.005856599997059675,
      0.005546200001845136,
      0.006699800000205869,
      0.006057900001906091,
      0.006208900002093287,
      0.006128299999545561,
      0.005850500001542969,
      0.005745099999330705,
      0.005337500002497109,
      0.006330700001853984,
      0.006339899999147747,
      0.004929700000502635,
      0.005982900001981761,
      0.006221499999810476,
      0.00564220000160276,
      0.006262499999138527,
      0.0060582000005524606,
      0.006169700001919409,
      0.005779999999504071,
      0.006044000001566019,
      0.0059465999984240625,
      0.0058486000016273465,
      0.006058199996914482,
      0.005801799998153001,
      0.005927399997744942,
      0.00570049999805633,
      0.0055934000010893214,
      0.005367499998101266,
      0.005584300000919029,
      0.005079099999420578,
      0.004733599998871796,
      0.005616000002191868,
      0.0057639999977254774,
      0.005883699999685632,
      0.005991300000459887,
      0.00576829999772599,
      0.005425300001661526,
      0.0058563000020512845,
      0.0055216000000655185,
      0.005345000001398148,
      0.004643500000383938,
      0.005950999999186024,
      0.005613600002106978,
      0.006225199998880271,
      0.006146299998363247,
      0.0056031999993138015,
      0.005577699997957097,
      0.005890600001293933
    ],
    "sync_times": [
      0.0555263999995077,
      0.01575070000035339,
      0.005202699998335447,
      0.0188717999990331,
      0.01566839999941294,
      0.0158594999993511,
      0.004260300000169082,
      0.004447399998753099,
      0.004321600001276238,
      0.00443039999663597,
      0.0042668999994930346,
      0.004304099998989841,
      0.0046595999992860015,
      0.004254699997545686,
      0.004378099998575635,
      0.00429459999941173,
      0.004469200001040008,
      0.019106299998384202,
      0.004623799999535549,
      0.004440599997906247,
      0.004411100002471358,
      0.005910300002142321,
      0.015232399997330504,
      0.004982200000085868,
      0.005220199996983865,
      0.004413499998918269,
      0.004755699999805074,
      0.00491140000303858,
      0.00473989999954938,
      0.0043827000008604955,
      0.004354199998488184,
      0.01819460000115214,
      0.022528500001499197,
      0.004633600001398008,
      0.036119000000326196,
      0.020999200001824647,
      0.004005399998277426,
      0.004421300000103656,
      0.004220700000587385,
      0.004505400000198279,
      0.004121800000575604,
      0.004225399999995716,
      0.004138500000408385,
      0.004010000000562286,
      0.004095799999049632,
      0.004330100000515813,
      0.004107500000827713,
      0.003947900000639493,
      0.004304599999159109,
      0.004404300001624506,
      0.004018399999040412,
      0.004148399999394314,
      0.004580400000122609,
      0.01845540000067558,
      0.004149299998971401,
      0.003820000001724111,
      0.0038612000025750604,
      0.003409600001759827,
      0.0036862999986624345,
      0.005254599996987963
    ],
    "optim_times": [
      0.0015158000023802742,
      0.001188199999887729,
      0.0009176999992632773,
      0.0007946000005176757,
      0.0007190000033006072,
      0.0007519999999203719,
      0.0006307000003289431,
      0.0006837000000814442,
      0.0008290000005217735,
      0.0007188000017777085,
      0.0007613999987370335,
      0.0006799000002501998,
      0.0007547999994130805,
      0.0007135000014386605,
      0.0006881999979668763,
      0.0006494000008387957,
      0.0006992000016907696,
      0.0007383000011031982,
      0.000706200000422541,
      0.0006625999994867016,
      0.0012764999992214143,
      0.0012236000002303626,
      0.0007385999997495674,
      0.000625100001343526,
      0.0007154999984777533,
      0.0006995999974606093,
      0.0006767000013496727,
      0.000689800002874108,
      0.0007795000019541476,
      0.0007469999982276931,
      0.0008577000007790048,
      0.0006745999999111518,
      0.00116879999768571,
      0.0006726999999955297,
      0.0007393000014417339,
      0.0007368000005953945,
      0.0006709000008413568,
      0.0007533999996667262,
      0.000712799999746494,
      0.000738800001272466,
      0.0007847999986552168,
      0.0007043000005069189,
      0.00066059999880963,
      0.0006725000021106098,
      0.0006874999999126885,
      0.0007933000015327707,
      0.0007301000005099922,
      0.0006538999987242278,
      0.000669100001687184,
      0.0008476999973936472,
      0.0006990000001678709,
      0.0006199000017659273,
      0.0007075000030454248,
      0.0007105000004230533,
      0.0006620999993174337,
      0.0006600999986403622,
      0.0006933999975444749,
      0.0006848999983048998,
      0.0007108999998308718,
      0.0009046999985002913
    ],