{
  "rank": 5,
  "world_size": 8,
  "num_steps": 10,
  "statistics": {
    "compute": {
      "count": 10,
      "min": 0.09825809999892954,
      "max": 0.4571397999970941,
      "mean": 0.19548583999930996,
      "std": 0.09760147898763104,
      "p95": 0.2573919999995269,
      "p99": 0.2573919999995269
    },
    "sync": {
      "count": 10,
      "min": 0.01976250000006985,
      "max": 0.22396369999842136,
      "mean": 0.08669991000060691,
      "std": 0.06711374734791016,
      "p95": 0.15795970000181114,
      "p99": 0.15795970000181114
    },
    "optim": {
      "count": 10,
      "min": 0.0008586999974795617,
      "max": 0.008545900000171969,
      "mean": 0.0027262299998255914,
      "std": 0.0025947142412838507,
      "p95": 0.005875500002730405,
      "p99": 0.005875500002730405
    },
    "iter": {
      "count": 10,
      "min": 0.12772050000057789,
      "max": 0.48424879999583936,
      "mean": 0.2849119799997425,
      "std": 0.10344058104154019,
      "p95": 0.41290329999901587,
      "p99": 0.41290329999901587
    },
    "grad_norm": {
      "count": 10,
      "min": 0.1444212943315506,
      "max": 0.25026628375053406,
      "mean": 0.1902051106095314,
      "std": 0.03035974144879099,
      "p95": 0.22816918790340424,
      "p99": 0.22816918790340424
    },
    "loss": {
      "count": 10,
      "min": 2.2941489219665527,
      "max": 2.3180932998657227,
      "mean": 2.305549478530884,
      "std": 0.006886194999803613,
      "p95": 2.3143696784973145,
      "p99": 2.3143696784973145
    }
  },
  "trajectories": {
    "compute_times": [
      0.13989069999661297,
      0.2246417999995174,
      0.4571397999970941,
      0.09825809999892954,
      0.13960410000072443,
      0.15985730000102194,
      0.2573919999995269,
      0.13152460000128485,
      0.1661562999979651,
      0.18039370000042254
    ],
    "sync_times": [
      0.12266639999870677,
      0.08419580000190763,
      0.026172599998972146,
      0.0284501000023738,
      0.13723630000095,
      0.15795970000181114,
      0.02953490000072634,
      0.01976250000006985,
      0.03705710000213003,
      0.22396369999842136
    ],
    "optim_times": [
      0.00497709999763174,
      0.001220999998622574,
      0.0009363999997731298,
      0.0010122999992745463,
      0.0008586999974795617,
      0.0010604000017337967,
      0.005875500002730405,
      0.0010567999997874722,
      0.0017182000010507181,
      0.008545900000171969
    ],
    "iter_times": [
      0.26753419999295147,
      0.3100586000000476,
      0.48424879999583936,
      0.12772050000057789,
      0.277699099999154,
      0.3188774000045669,
      0.29280240000298363,
      0.15234390000114217,
      0.20493160000114585,
      0.41290329999901587
    ],
    "grad_norms": [
      0.1747828871011734,
      0.18067538738250732,
      0.1444212943315506,
      0.154531791806221,
      0.20896455645561218,
      0.17949312925338745,
      0.22816918790340424,
      0.25026628375053406,
      0.19185641407966614,
      0.18889017403125763
    ],
    "losses": [
      2.3050053119659424,
      2.3180932998657227,
      2.3062784671783447,
      2.296992301940918,
      2.302175760269165,
      2.309704303741455,
      2.2941489219665527,
      2.3143696784973145,
      2.305699348449707,
      2.303027391433716
    ],
    "bytes_transferred": [
      208552,
      208552,
      208552,
      208552,
      208552,
      208552,
      208552,
      208552,
      208552,
      208552
    ],
    "epochs": [
      0,
      0,
      0,
      0,
      0,
      0,
      0,
      0,
      0,
      0
    ],
    "steps": [
      0,
      1,
      2,
      3,
      4,
      5,
      6,
      7,
      8,
      9
    ]
  }
}