{
  "rank": 1,
  "world_size": 2,
  "num_steps": 10,
  "statistics": {
    "compute": {
      "count": 10,
      "min": 0.007080200000928016,
      "max": 0.1475854000018444,
      "mean": 0.021827629999825147,
      "std": 0.04192554172317941,
      "p95": 0.009106499997869832,
      "p99": 0.009106499997869832
    },
    "sync": {
      "count": 10,
      "min": 0.0020614000022760592,
      "max": 0.015341100002842722,
      "mean": 0.003770930000973749,
      "std": 0.0038635814093672433,
      "p95": 0.002966800002468517,
      "p99": 0.002966800002468517
    },
    "optim": {
      "count": 10,
      "min": 0.000534200000402052,
      "max": 0.0011721000009856652,
      "mean": 0.0007047600003716071,
      "std": 0.00016171411328347164,
      "p95": 0.0007121999988157768,
      "p99": 0.0007121999988157768
    },
    "iter": {
      "count": 10,
      "min": 0.009675800003606128,
      "max": 0.16409860000567278,
      "mean": 0.026303320001170506,
      "std": 0.04594026829762822,
      "p95": 0.012695100002019899,
      "p99": 0.012695100002019899
    },
    "grad_norm": {
      "count": 10,
      "min": 0.36427557468414307,
      "max": 0.8137511014938354,
      "mean": 0.5645570427179336,
      "std": 0.1146897565188216,
      "p95": 0.6117755770683289,
      "p99": 0.6117755770683289
    },
    "loss": {
      "count": 10,
      "min": 1.529118537902832,
      "max": 1.676133394241333,
      "mean": 1.603178858757019,
      "std": 0.041129063692000825,
      "p95": 1.6405508518218994,
      "p99": 1.6405508518218994
    }
  },
  "trajectories": {
    "compute_times": [
      0.1475854000018444,
      0.007154799997806549,
      0.007470100001228275,
      0.007137100001273211,
      0.00746909999725176,
      0.007080200000928016,
      0.0077395000007527415,
      0.009016100000735605,
      0.009106499997869832,
      0.008517499998561107
    ],
    "sync_times": [
      0.015341100002842722,
      0.0025434000017412473,
      0.0023808999976608902,
      0.0023701999998593237,
      0.0025515999986964744,
      0.0020614000022760592,
      0.0027163999984622933,
      0.002966800002468517,
      0.002472300002409611,
      0.0023052000033203512
    ],
    "optim_times": [
      0.0011721000009856652,
      0.0006742000005033333,
      0.0006719999983033631,
      0.0006678999998257495,
      0.0006432000009226613,
      0.000534200000402052,
      0.0006525000026158523,
      0.0007121999988157768,
      0.0006580000008398201,
      0.0006613000005017966
    ],
    "iter_times": [
      0.16409860000567278,
      0.01037240000005113,
      0.010522999997192528,
      0.010175200000958284,
      0.010663899996870896,
      0.009675800003606128,
      0.011108400001830887,
      0.012695100002019899,
      0.012236800001119263,
      0.011484000002383254
    ],
    "grad_norms": [
      0.8137511014938354,
      0.5572115182876587,
      0.5920475125312805,
      0.47001731395721436,
      0.6011295318603516,
      0.6117755770683289,
      0.36427557468414307,
      0.44688358902931213,
      0.5800380110740662,
      0.6084406971931458
    ],
    "losses": [
      1.579476237297058,
      1.580283522605896,
      1.676133394241333,
      1.529118537902832,
      1.625550389289856,
      1.5658472776412964,
      1.6402308940887451,
      1.5852594375610352,
      1.6405508518218994,
      1.6093380451202393
    ],
    "bytes_transferred": [
      27188,
      27188,
      27188,
      27188,
      27188,
      27188,
      27188,
      27188,
      27188,
      27188
    ],
    "epochs": [
      0,
      0,
      0,
      0,
      0,
      0,
      0,
      0,
      0,
      0
    ],
    "steps": [
      0,
      1,
      2,
      3,
      4,
      5,
      6,
      7,
      8,
      9
    ]
  }
}