{
  "rank": 0,
  "world_size": 2,
  "num_steps": 10,
  "statistics": {
    "compute": {
      "count": 10,
      "min": 0.007452900001226226,
      "max": 0.10308570000051986,
      "mean": 0.017563910000171747,
      "std": 0.028512980578284438,
      "p95": 0.009098900001845323,
      "p99": 0.009098900001845323
    },
    "sync": {
      "count": 10,
      "min": 0.0016992000018944964,
      "max": 0.009694299998955103,
      "mean": 0.0034642500006157205,
      "std": 0.0024381827862537233,
      "p95": 0.006430299999919953,
      "p99": 0.006430299999919953
    },
    "optim": {
      "count": 10,
      "min": 0.0006099999991420191,
      "max": 0.0011961999989580363,
      "mean": 0.0007747100007691188,
      "std": 0.00014830021836215266,
      "p95": 0.0007815999997546896,
      "p99": 0.0007815999997546896
    },
    "iter": {
      "count": 10,
      "min": 0.009765599999809638,
      "max": 0.113976199998433,
      "mean": 0.021802870001556583,
      "std": 0.030766218408244537,
      "p95": 0.01563660000101663,
      "p99": 0.01563660000101663
    },
    "grad_norm": {
      "count": 10,
      "min": 0.36427557468414307,
      "max": 0.8137511014938354,
      "mean": 0.5645570427179336,
      "std": 0.1146897565188216,
      "p95": 0.6117755770683289,
      "p99": 0.6117755770683289
    },
    "loss": {
      "count": 10,
      "min": 1.558122992515564,
      "max": 1.7288082838058472,
      "mean": 1.606119656562805,
      "std": 0.046801970386364536,
      "p95": 1.6353087425231934,
      "p99": 1.6353087425231934
    }
  },
  "trajectories": {
    "compute_times": [
      0.10308570000051986,
      0.00842470000134199,
      0.0074940999984391965,
      0.007506500001909444,
      0.007452900001226226,
      0.007456399998773122,
      0.008289800000056857,
      0.009098900001845323,
      0.008852799997839611,
      0.007977299999765819
    ],
    "sync_times": [
      0.009694299998955103,
      0.006430299999919953,
      0.0022128000018710736,
      0.001910800001496682,
      0.0025134999996225815,
      0.0016992000018944964,
      0.001977100000658538,
      0.0025948000002244953,
      0.002788400001008995,
      0.002821300000505289
    ],
    "optim_times": [
      0.0011961999989580363,
      0.0007815999997546896,
      0.0007306000006792601,
      0.000709100000676699,
      0.0007016000017756596,
      0.0006099999991420191,
      0.0007594000016979408,
      0.000769000002037501,
      0.0007179000022006221,
      0.0007717000007687602
    ],
    "iter_times": [
      0.113976199998433,
      0.01563660000101663,
      0.01043750000098953,
      0.010126400004082825,
      0.010668000002624467,
      0.009765599999809638,
      0.011026300002413336,
      0.012462700004107319,
      0.012359100001049228,
      0.011570300001039868
    ],
    "grad_norms": [
      0.8137511014938354,
      0.5572115182876587,
      0.5920475125312805,
      0.47001731395721436,
      0.6011295318603516,
      0.6117755770683289,
      0.36427557468414307,
      0.44688358902931213,
      0.5800380110740662,
      0.6084406971931458
    ],
    "losses": [
      1.5989478826522827,
      1.558122992515564,
      1.5667717456817627,
      1.6020376682281494,
      1.7288082838058472,
      1.6225327253341675,
      1.5754647254943848,
      1.5792310237884521,
      1.593970775604248,
      1.6353087425231934
    ],
    "bytes_transferred": [
      27188,
      27188,
      27188,
      27188,
      27188,
      27188,
      27188,
      27188,
      27188,
      27188
    ],
    "epochs": [
      0,
      0,
      0,
      0,
      0,
      0,
      0,
      0,
      0,
      0
    ],
    "steps": [
      0,
      1,
      2,
      3,
      4,
      5,
      6,
      7,
      8,
      9
    ]
  }
}