{
  "rank": 7,
  "world_size": 8,
  "num_steps": 10,
  "statistics": {
    "compute": {
      "count": 10,
      "min": 0.08707020000292687,
      "max": 0.44501279999894905,
      "mean": 0.19125541000030352,
      "std": 0.10188184911779202,
      "p95": 0.2889790000008361,
      "p99": 0.2889790000008361
    },
    "sync": {
      "count": 10,
      "min": 0.015007899997726781,
      "max": 0.1428078999997524,
      "mean": 0.061614229999031524,
      "std": 0.04822646093206616,
      "p95": 0.13694369999939227,
      "p99": 0.13694369999939227
    },
    "optim": {
      "count": 10,
      "min": 0.0009297999968111981,
      "max": 0.010013400002208073,
      "mean": 0.0031051099998876453,
      "std": 0.002868431606675903,
      "p95": 0.006044100002327468,
      "p99": 0.006044100002327468
    },
    "iter": {
      "count": 10,
      "min": 0.11174939999909839,
      "max": 0.4613293000002159,
      "mean": 0.2559747499992227,
      "std": 0.09357028855162827,
      "p95": 0.3122559999974328,
      "p99": 0.3122559999974328
    },
    "grad_norm": {
      "count": 10,
      "min": 0.1444212943315506,
      "max": 0.25026628375053406,
      "mean": 0.1902051106095314,
      "std": 0.03035974144879099,
      "p95": 0.22816918790340424,
      "p99": 0.22816918790340424
    },
    "loss": {
      "count": 10,
      "min": 2.2944819927215576,
      "max": 2.3265373706817627,
      "mean": 2.3096487283706666,
      "std": 0.01006997513753454,
      "p95": 2.3258092403411865,
      "p99": 2.3258092403411865
    }
  },
  "trajectories": {
    "compute_times": [
      0.1056642000003194,
      0.2325511999988521,
      0.44501279999894905,
      0.08707020000292687,
      0.14673260000199662,
      0.2889790000008361,
      0.18441009999878588,
      0.1276293999981135,
      0.15046849999998813,
      0.14403610000226763
    ],
    "sync_times": [
      0.1428078999997524,
      0.04634969999824534,
      0.015232300000207033,
      0.02374939999936032,
      0.13694369999939227,
      0.02187679999769898,
      0.10583839999890188,
      0.02813869999954477,
      0.015007899997726781,
      0.08019749999948544
    ],
    "optim_times": [
      0.006044100002327468,
      0.010013400002208073,
      0.0010842000010597985,
      0.0009297999968111981,
      0.0013499999986379407,
      0.0014001999988977332,
      0.003396299998712493,
      0.004723099998955149,
      0.0010045000017271377,
      0.001105499999539461
    ],
    "iter_times": [
      0.2545162000023993,
      0.2889142999993055,
      0.4613293000002159,
      0.11174939999909839,
      0.2850263000000268,
      0.3122559999974328,
      0.29364479999640025,
      0.16049119999661343,
      0.16648089999944204,
      0.22533910000129254
    ],
    "grad_norms": [
      0.1747828871011734,
      0.18067538738250732,
      0.1444212943315506,
      0.154531791806221,
      0.20896455645561218,
      0.17949312925338745,
      0.22816918790340424,
      0.25026628375053406,
      0.19185641407966614,
      0.18889017403125763
    ],
    "losses": [
      2.312924861907959,
      2.2996201515197754,
      2.3032846450805664,
      2.3117847442626953,
      2.3258092403411865,
      2.3130710124969482,
      2.301636219024658,
      2.3265373706817627,
      2.3073370456695557,
      2.2944819927215576
    ],
    "bytes_transferred": [
      208552,
      208552,
      208552,
      208552,
      208552,
      208552,
      208552,
      208552,
      208552,
      208552
    ],
    "epochs": [
      0,
      0,
      0,
      0,
      0,
      0,
      0,
      0,
      0,
      0
    ],
    "steps": [
      0,
      1,
      2,
      3,
      4,
      5,
      6,
      7,
      8,
      9
    ]
  }
}