{
  "rank": 2,
  "world_size": 8,
  "num_steps": 10,
  "statistics": {
    "compute": {
      "count": 10,
      "min": 0.10390669999833335,
      "max": 0.47217389999786974,
      "mean": 0.206716069999311,
      "std": 0.10376351660601575,
      "p95": 0.274745199996687,
      "p99": 0.274745199996687
    },
    "sync": {
      "count": 10,
      "min": 0.009412100000190549,
      "max": 0.7403335999988485,
      "mean": 0.11616046999952231,
      "std": 0.2121964924818492,
      "p95": 0.1499177999976382,
      "p99": 0.1499177999976382
    },
    "optim": {
      "count": 10,
      "min": 0.0010394000019005034,
      "max": 0.00914050000210409,
      "mean": 0.0032051699996372917,
      "std": 0.002541789569152484,
      "p95": 0.005710299999918789,
      "p99": 0.005710299999918789
    },
    "iter": {
      "count": 10,
      "min": 0.14837959999931627,
      "max": 0.8750301000036416,
      "mean": 0.32608170999847064,
      "std": 0.20559190379829942,
      "p95": 0.48458589999427204,
      "p99": 0.48458589999427204
    },
    "grad_norm": {
      "count": 10,
      "min": 0.1444212943315506,
      "max": 0.25026628375053406,
      "mean": 0.1902051106095314,
      "std": 0.03035974144879099,
      "p95": 0.22816918790340424,
      "p99": 0.22816918790340424
    },
    "loss": {
      "count": 10,
      "min": 2.2978203296661377,
      "max": 2.3215293884277344,
      "mean": 2.3075512886047362,
      "std": 0.007630226706926239,
      "p95": 2.3177082538604736,
      "p99": 2.3177082538604736
    }
  },
  "trajectories": {
    "compute_times": [
      0.12555600000268896,
      0.22119179999936023,
      0.47217389999786974,
      0.10390669999833335,
      0.1398641999985557,
      0.274745199996687,
      0.2542743000012706,
      0.12758559999929275,
      0.1682598000006692,
      0.17960319999838248
    ],
    "sync_times": [
      0.7403335999988485,
      0.09525199999916367,
      0.01054429999931017,
      0.04677150000134134,
      0.1499177999976382,
      0.009412100000190549,
      0.03816200000073877,
      0.019610400002420647,
      0.027275599997665267,
      0.02432539999790606
    ],
    "optim_times": [
      0.00914050000210409,
      0.0010394000019005034,
      0.0018676999970921315,
      0.0011651000022538938,
      0.005710299999918789,
      0.0022524999985762406,
      0.005383199997595511,
      0.0011835999976028688,
      0.0016464000000269152,
      0.0026629999993019737
    ],
    "iter_times": [
      0.8750301000036416,
      0.3174832000004244,
      0.48458589999427204,
      0.15184330000192858,
      0.2954922999961127,
      0.2864097999954538,
      0.2978194999996049,
      0.14837959999931627,
      0.19718179999836138,
      0.2065915999955905
    ],
    "grad_norms": [
      0.1747828871011734,
      0.18067538738250732,
      0.1444212943315506,
      0.154531791806221,
      0.20896455645561218,
      0.17949312925338745,
      0.22816918790340424,
      0.25026628375053406,
      0.19185641407966614,
      0.18889017403125763
    ],
    "losses": [
      2.302459955215454,
      2.3025152683258057,
      2.311488628387451,
      2.2978203296661377,
      2.300696611404419,
      2.301328659057617,
      2.313493013381958,
      2.3177082538604736,
      2.3215293884277344,
      2.3064727783203125
    ],
    "bytes_transferred": [
      208552,
      208552,
      208552,
      208552,
      208552,
      208552,
      208552,
      208552,
      208552,
      208552
    ],
    "epochs": [
      0,
      0,
      0,
      0,
      0,
      0,
      0,
      0,
      0,
      0
    ],
    "steps": [
      0,
      1,
      2,
      3,
      4,
      5,
      6,
      7,
      8,
      9
    ]
  }
}