{
  "rank": 3,
  "world_size": 8,
  "num_steps": 10,
  "statistics": {
    "compute": {
      "count": 10,
      "min": 0.07676449999780743,
      "max": 0.45986769999944954,
      "mean": 0.21014073999904212,
      "std": 0.10663081098089092,
      "p95": 0.28227069999775267,
      "p99": 0.28227069999775267
    },
    "sync": {
      "count": 10,
      "min": 0.014861899999232264,
      "max": 0.07861250000132713,
      "mean": 0.03739957999932812,
      "std": 0.018709195894158075,
      "p95": 0.05422139999791398,
      "p99": 0.05422139999791398
    },
    "optim": {
      "count": 10,
      "min": 0.0009246999979950488,
      "max": 0.004630799998267321,
      "mean": 0.0017879699993500254,
      "std": 0.001037170996533925,
      "p95": 0.00227170000289334,
      "p99": 0.00227170000289334
    },
    "iter": {
      "count": 10,
      "min": 0.1553829999975278,
      "max": 0.4939545999986876,
      "mean": 0.24932828999772028,
      "std": 0.09858258437787754,
      "p95": 0.30293739999615354,
      "p99": 0.30293739999615354
    },
    "grad_norm": {
      "count": 10,
      "min": 0.1444212943315506,
      "max": 0.25026628375053406,
      "mean": 0.1902051106095314,
      "std": 0.03035974144879099,
      "p95": 0.22816918790340424,
      "p99": 0.22816918790340424
    },
    "loss": {
      "count": 10,
      "min": 2.291003942489624,
      "max": 2.320089817047119,
      "mean": 2.3069737911224366,
      "std": 0.00870098644572748,
      "p95": 2.3136324882507324,
      "p99": 2.3136324882507324
    }
  },
  "trajectories": {
    "compute_times": [
      0.07676449999780743,
      0.24096230000213836,
      0.45986769999944954,
      0.10071199999947567,
      0.2354927000014868,
      0.28227069999775267,
      0.25570369999695686,
      0.12225159999798052,
      0.14548629999990226,
      0.18189589999747113
    ],
    "sync_times": [
      0.07861250000132713,
      0.04107719999956316,
      0.033162200001243036,
      0.05266539999865927,
      0.022173599998495774,
      0.01956409999911557,
      0.03380549999928917,
      0.05422139999791398,
      0.014861899999232264,
      0.023851999998441897
    ],
    "optim_times": [
      0.0018912999985332135,
      0.0011558000005607028,
      0.0009246999979950488,
      0.002005599999392871,
      0.0011928999992960598,
      0.001102599999285303,
      0.00227170000289334,
      0.004630799998267321,
      0.0012199999982840382,
      0.0014842999989923555
    ],
    "iter_times": [
      0.15726829999766778,
      0.28319530000226223,
      0.4939545999986876,
      0.1553829999975278,
      0.25885919999927864,
      0.30293739999615354,
      0.29178089999913936,
      0.18110379999416182,
      0.16156819999741856,
      0.20723219999490539
    ],
    "grad_norms": [
      0.1747828871011734,
      0.18067538738250732,
      0.1444212943315506,
      0.154531791806221,
      0.20896455645561218,
      0.17949312925338745,
      0.22816918790340424,
      0.25026628375053406,
      0.19185641407966614,
      0.18889017403125763
    ],
    "losses": [
      2.291003942489624,
      2.320089817047119,
      2.311528205871582,
      2.3042314052581787,
      2.308947801589966,
      2.3136324882507324,
      2.311159372329712,
      2.307846784591675,
      2.3094587326049805,
      2.291839361190796
    ],
    "bytes_transferred": [
      208552,
      208552,
      208552,
      208552,
      208552,
      208552,
      208552,
      208552,
      208552,
      208552
    ],
    "epochs": [
      0,
      0,
      0,
      0,
      0,
      0,
      0,
      0,
      0,
      0
    ],
    "steps": [
      0,
      1,
      2,
      3,
      4,
      5,
      6,
      7,
      8,
      9
    ]
  }
}