{
  "rank": 0,
  "world_size": 4,
  "num_steps": 10,
  "statistics": {
    "compute": {
      "count": 10,
      "min": 0.006705800002237083,
      "max": 0.016161100000317674,
      "mean": 0.009287280000353348,
      "std": 0.002567787713648298,
      "p95": 0.010091100000863662,
      "p99": 0.010091100000863662
    },
    "sync": {
      "count": 10,
      "min": 0.011710900002071867,
      "max": 0.05605439999999362,
      "mean": 0.025862180000331136,
      "std": 0.014411130248438151,
      "p95": 0.04331040000033681,
      "p99": 0.04331040000033681
    },
    "optim": {
      "count": 10,
      "min": 0.0008477999981550965,
      "max": 0.0027795000023616012,
      "mean": 0.0012524800000392133,
      "std": 0.0005488192403153108,
      "p95": 0.0015318000005208887,
      "p99": 0.0015318000005208887
    },
    "iter": {
      "count": 10,
      "min": 0.019288899999082787,
      "max": 0.07374730000083218,
      "mean": 0.0364019400007237,
      "std": 0.016128862888233217,
      "p95": 0.052104900001722854,
      "p99": 0.052104900001722854
    },
    "grad_norm": {
      "count": 10,
      "min": 0.44630753993988037,
      "max": 0.4861167073249817,
      "mean": 0.4737002670764923,
      "std": 0.011354412221391072,
      "p95": 0.4849662184715271,
      "p99": 0.4849662184715271
    },
    "loss": {
      "count": 10,
      "min": 2.2688159942626953,
      "max": 2.329972505569458,
      "mean": 2.303069806098938,
      "std": 0.018427797575979548,
      "p95": 2.324084997177124,
      "p99": 2.324084997177124
    }
  },
  "trajectories": {
    "compute_times": [
      0.016161100000317674,
      0.010091100000863662,
      0.010071099997730926,
      0.007967699999426259,
      0.007609799999045208,
      0.008903199999622302,
      0.01005050000094343,
      0.007377300000371179,
      0.007935200002975762,
      0.006705800002237083
    ],
    "sync_times": [
      0.05605439999999362,
      0.01491840000016964,
      0.018716100003075553,
      0.03709819999858155,
      0.027892999998584855,
      0.011710900002071867,
      0.023791999999957625,
      0.013393100001849234,
      0.04331040000033681,
      0.011735299998690607
    ],
    "optim_times": [
      0.0015318000005208887,
      0.0011235999991185963,
      0.0011163000017404556,
      0.0009081999996851664,
      0.0027795000023616012,
      0.0010278000008838717,
      0.0009857000004558358,
      0.001344799999060342,
      0.0008592999984102789,
      0.0008477999981550965
    ],
    "iter_times": [
      0.07374730000083218,
      0.0261331000001519,
      0.029903500002546934,
      0.045974099997692974,
      0.038282299999991665,
      0.02164190000257804,
      0.03482820000135689,
      0.022115200001280755,
      0.052104900001722854,
      0.019288899999082787
    ],
    "grad_norms": [
      0.474467009305954,
      0.4743352234363556,
      0.46756741404533386,
      0.4827086925506592,
      0.4830756187438965,
      0.4693203866481781,
      0.4849662184715271,
      0.4861167073249817,
      0.44630753993988037,
      0.46813786029815674
    ],
    "losses": [
      2.306931495666504,
      2.2966363430023193,
      2.313337564468384,
      2.2688159942626953,
      2.324084997177124,
      2.2997918128967285,
      2.307612180709839,
      2.309194326400757,
      2.2743208408355713,
      2.329972505569458
    ],
    "bytes_transferred": [
      437544,
      437544,
      437544,
      437544,
      437544,
      437544,
      437544,
      437544,
      437544,
      437544
    ],
    "epochs": [
      0,
      0,
      0,
      0,
      0,
      0,
      0,
      0,
      0,
      0
    ],
    "steps": [
      0,
      1,
      2,
      3,
      4,
      5,
      6,
      7,
      8,
      9
    ]
  }
}