{
  "rank": 7,
  "world_size": 8,
  "num_steps": 60,
  "statistics": {
    "compute": {
      "count": 60,
      "min": 0.022589299998799106,
      "max": 0.2508990000023914,
      "mean": 0.03204214500007462,
      "std": 0.02886241843315598,
      "p95": 0.03868759999750182,
      "p99": 0.04262700000253972
    },
    "sync": {
      "count": 60,
      "min": 0.00735279999935301,
      "max": 0.5847721999998612,
      "mean": 0.020359263333314934,
      "std": 0.07351686447171273,
      "p95": 0.015028999998321524,
      "p99": 0.016884199998457916
    },
    "optim": {
      "count": 60,
      "min": 0.0006135000003268942,
      "max": 0.0011825000001408625,
      "mean": 0.0007560666666904581,
      "std": 8.914124527072449e-05,
      "p95": 0.000882700001966441,
      "p99": 0.0009588000029907562
    },
    "iter": {
      "count": 60,
      "min": 0.03346690000034869,
      "max": 0.8368537000023935,
      "mean": 0.053157475000080015,
      "std": 0.10214992003717718,
      "p95": 0.050948499996593455,
      "p99": 0.05348089999824879
    },
    "grad_norm": {
      "count": 60,
      "min": 0.04415564984083176,
      "max": 0.12112285941839218,
      "mean": 0.07939859324445327,
      "std": 0.020722513951379525,
      "p95": 0.11560528725385666,
      "p99": 0.11970218271017075
    },
    "loss": {
      "count": 60,
      "min": 1.5888218879699707,
      "max": 1.6393749713897705,
      "mean": 1.6130067964394887,
      "std": 0.01017256313475129,
      "p95": 1.6265794038772583,
      "p99": 1.637413740158081
    }
  },
  "trajectories": {
    "compute_times": [
      0.2508990000023914,
      0.02432570000019041,
      0.03154770000037388,
      0.0270306000020355,
      0.040464699999574805,
      0.0261449999998149,
      0.023235799999383744,
      0.028770900000381516,
      0.02575589999833028,
      0.03043900000193389,
      0.023439499997039093,
      0.02918639999916195,
      0.026332900000852533,
      0.025364700002683094,
      0.028439000001526438,
      0.037720700001955265,
      0.024730799999815645,
      0.03868759999750182,
      0.03633519999857526,
      0.026915200000075856,
      0.032494799997948576,
      0.0267837999999756,
      0.02431319999959669,
      0.027716600001440383,
      0.028645800000958843,
      0.028149099998699967,
      0.02945510000063223,
      0.027568500001507346,
      0.029441099999530707,
      0.026631600001564948,
      0.024712299997190712,
      0.023747999999613967,
      0.03263800000058836,
      0.035330599999724654,
      0.03388809999887599,
      0.022996499999862863,
      0.026973500000167405,
      0.02443920000223443,
      0.024735599999985425,
      0.026378099999419646,
      0.022589299998799106,
      0.026600600001984276,
      0.030401499996514758,
      0.02381249999962165,
      0.025906200000463286,
      0.03158330000223941,
      0.025770400003239047,
      0.03191220000007888,
      0.03787969999757479,
      0.04262700000253972,
      0.028483900001447182,
      0.02389760000005481,
      0.02306490000046324,
      0.029390499999863096,
      0.026734300001407973,
      0.030504299997119233,
      0.026252100000419887,
      0.023881199998868397,
      0.024072999996860744,
      0.024358400001801783
    ],
    "sync_times": [
      0.5847721999998612,
      0.01038210000115214,
      0.009284299998398637,
      0.015028999998321524,
      0.009645999998610932,
      0.008445899999060202,
      0.0124141000014788,
      0.014639000000897795,
      0.009538499998598127,
      0.015518700001848629,
      0.014121799998974893,
      0.00879949999944074,
      0.013173700001061661,
      0.016884199998457916,
      0.008622000001196284,
      0.009717699998873286,
      0.011747200001991587,
      0.009015999999974156,
      0.012068600000930019,
      0.009600100001989631,
      0.007808799997292226,
      0.013085700000374345,
      0.009982399998989422,
      0.007907600000180537,
      0.008455099999991944,
      0.011316599997371668,
      0.00962710000021616,
      0.01326330000301823,
      0.00735279999935301,
      0.013652199999341974,
      0.01199070000075153,
      0.009493100002146093,
      0.009633600002416642,
      0.011311599999316968,
      0.013035699997999473,
      0.010220500000286847,
      0.008603199999924982,
      0.01235409999935655,
      0.008503699998982484,
      0.009548100002575666,
      0.014801900000747992,
      0.007626099999470171,
      0.00943859999824781,
      0.010198899999522837,
      0.00762620000023162,
      0.014708899998367997,
      0.009140400001342641,
      0.009151199999905657,
      0.014805099999648519,
      0.008087899997917702,
      0.013790799999696901,
      0.009903400001348928,
      0.011256599998887395,
      0.010269400001561735,
      0.009534200002235593,
      0.010216499998932704,
      0.010777100000268547,
      0.008824399999866728,
      0.011790799999289447,
      0.009040900000400143
    ],
    "optim_times": [
      0.0011825000001408625,
      0.000741700001526624,
      0.0008411000017076731,
      0.000751499999751104,
      0.0008377999984077178,
      0.0006642999978794251,
      0.0006896999984746799,
      0.0008411999988311436,
      0.0007791999996697996,
      0.0009588000029907562,
      0.0007623999990755692,
      0.0008128000008582603,
      0.0006925999987288378,
      0.0006681000013486482,
      0.0007552000024588779,
      0.000845600003231084,
      0.0006781999982194975,
      0.0007005999977991451,
      0.000773199997638585,
      0.00066559999686433,
      0.0006154000002425164,
      0.0007562999999208841,
      0.0007698999979766086,
      0.0007992000028025359,
      0.000882700001966441,
      0.0007007999993220437,
      0.0006982000013522338,
      0.0006845999996585306,
      0.0006772999986424111,
      0.0006940000021131709,
      0.000710700001945952,
      0.0007409999998344574,
      0.0007368000005953945,
      0.0007374000015261117,
      0.0007516999976360239,
      0.0007733000020380132,
      0.0007761999986541923,
      0.0008015999992494471,
      0.0006914000005053822,
      0.0007303999991563614,
      0.0008178999996744096,
      0.0006751000000804197,
      0.0007941000003484078,
      0.0006222999982128385,
      0.0007622000011906493,
      0.0007791999996697996,
      0.0006652999982179608,
      0.000773199997638585,
      0.0007961000010254793,
      0.0006135000003268942,
      0.0008010999990801793,
      0.0007750000004307367,
      0.000699799998983508,
      0.000769800000853138,
      0.0006582000023627188,
      0.0007616000002599321,
      0.0007807000001776032,
      0.0007613000016135629,
      0.0009337999981653411,
      0.0007528000023739878
    ],