{
  "rank": 2,
  "world_size": 8,
  "num_steps": 60,
  "statistics": {
    "compute": {
      "count": 60,
      "min": 0.02305789999809349,
      "max": 0.07370739999896614,
      "mean": 0.02952404166680935,
      "std": 0.006990340569303605,
      "p95": 0.0377492000006896,
      "p99": 0.042238499998347834
    },
    "sync": {
      "count": 60,
      "min": 0.005283000002236804,
      "max": 0.016153500000655185,
      "mean": 0.010991448333273486,
      "std": 0.0029160560401048853,
      "p95": 0.01531750000140164,
      "p99": 0.015887200002907775
    },
    "optim": {
      "count": 60,
      "min": 0.0005868000007467344,
      "max": 0.0013204999995650724,
      "mean": 0.0007456566667315201,
      "std": 9.798952565341519e-05,
      "p95": 0.0008186000013665762,
      "p99": 0.0009629000014683697
    },
    "iter": {
      "count": 60,
      "min": 0.03174080000098911,
      "max": 0.08861679999608896,
      "mean": 0.04126114666681436,
      "std": 0.008017316467612726,
      "p95": 0.05187219999788795,
      "p99": 0.054313699998601805
    },
    "grad_norm": {
      "count": 60,
      "min": 0.04415564984083176,
      "max": 0.12112285941839218,
      "mean": 0.07939859324445327,
      "std": 0.020722513951379525,
      "p95": 0.11560528725385666,
      "p99": 0.11970218271017075
    },
    "loss": {
      "count": 60,
      "min": 1.5879584550857544,
      "max": 1.6467273235321045,
      "mean": 1.6133271197477976,
      "std": 0.011969013573951512,
      "p95": 1.6338722705841064,
      "p99": 1.6400588750839233
    }
  },
  "trajectories": {
    "compute_times": [
      0.07370739999896614,
      0.03651209999952698,
      0.02519360000223969,
      0.03021169999919948,
      0.036985400001867674,
      0.028644600002735388,
      0.02305789999809349,
      0.028783999998267973,
      0.026869000001170207,
      0.029152500002965098,
      0.023969099998794263,
      0.027837500001623994,
      0.02625179999813554,
      0.027839800000947434,
      0.033175099997606594,
      0.03456229999937932,
      0.026870100002270192,
      0.03854409999985364,
      0.032032600000093225,
      0.033510799999930896,
      0.02794250000079046,
      0.026131400001759175,
      0.02543359999981476,
      0.027314400002069306,
      0.024276300002384232,
      0.025631000000430504,
      0.030008199999429053,
      0.02723369999876013,
      0.028456800002459204,
      0.02623669999957201,
      0.025209600000380306,
      0.0242097999980615,
      0.028647500002989545,
      0.03171010000005481,
      0.034036199998809025,
      0.027290499998343876,
      0.028396900001098402,
      0.02968669999972917,
      0.030832899999950314,
      0.02501000000120257,
      0.026615899998432724,
      0.03061630000229343,
      0.029964299999846844,
      0.02586410000003525,
      0.02951240000038524,
      0.02487699999983306,
      0.028424899999663467,
      0.03302320000148029,
      0.0377492000006896,
      0.042238499998347834,
      0.028086899998015724,
      0.026964099997712765,
      0.028212399996846216,
      0.026022300000477117,
      0.029491699999198318,
      0.026964699998643482,
      0.025165400002151728,
      0.023202100001071813,
      0.024026300001423806,
      0.027014600000256905
    ],
    "sync_times": [
      0.013588899997557746,
      0.013672999997652369,
      0.009315600000263657,
      0.012077299998054514,
      0.012225099999341182,
      0.011099499999545515,
      0.01229800000146497,
      0.011837599999125814,
      0.014741499999217922,
      0.013717300000280375,
      0.014967200000683079,
      0.00994400000126916,
      0.015350100002251565,
      0.006028600000718143,
      0.015267700000549667,
      0.010764700000436278,
      0.005283000002236804,
      0.015008499998657499,
      0.006150799999886658,
      0.014032400002179202,
      0.011860599999636179,
      0.011972399999649497,
      0.007600999997521285,
      0.01531750000140164,
      0.01506110000264016,
      0.005429500000900589,
      0.010382699998444878,
      0.009245199998986209,
      0.009691299997939495,
      0.007479500000044936,
      0.015887200002907775,
      0.01368469999943045,
      0.01279199999771663,
      0.009080199997697491,
      0.008894599999621278,
      0.009510400002909591,
      0.010240700001304504,
      0.008669200000440469,
      0.008486399998218985,
      0.0076909999988856725,
      0.00810270000147284,
      0.010720299997046823,
      0.00763340000048629,
      0.00932680000187247,
      0.013583799998741597,
      0.009300199999415781,
      0.009442899998248322,
      0.009941399999661371,
      0.013511900000594324,
      0.008968399997684173,
      0.011113699998531956,
      0.009646999998949468,
      0.016153500000655185,
      0.005526799999643117,
      0.014675900001748232,
      0.009246100002201274,
      0.010170000001380686,
      0.0144345999979123,
      0.008780000000115251,
      0.0128595000023779
    ],
    "optim_times": [
      0.0013204999995650724,
      0.0008798000017122831,
      0.0006567000018549152,
      0.0008034999991650693,
      0.000647100001515355,
      0.0007915000023785979,
      0.0007122999995772261,
      0.0007966999983182177,
      0.0007044000012683682,
      0.0009629000014683697,
      0.0008186000013665762,
      0.0007793000004312489,
      0.0008116999997582752,
      0.000754400000005262,
      0.0007831000002624933,
      0.0007526000008510891,
      0.0006719000011798926,
      0.0007611000000906643,
      0.0006549999998242129,
      0.0007798000006005168,
      0.0007427999989886303,
      0.0007669000005989801,
      0.0006443000020226464,
      0.0007650000006833579,
      0.0007837000011932105,
      0.0006802999996580184,
      0.000784400002885377,
      0.0007722000009380281,
      0.0007623999990755692,
      0.0005868000007467344,
      0.0006993999995756894,
      0.0007605999999213964,
      0.0007282000005943701,
      0.0007496000034734607,
      0.000672499998472631,
      0.0007260999991558492,
      0.0006694000003335532,
      0.0006853999984741677,
      0.0007731000005151145,
      0.000756800000090152,
      0.0006830999991507269,
      0.0006794000000809319,
      0.000665100000333041,
      0.0006732000001647975,
      0.0007441999987349845,
      0.0006873000020277686,
      0.0007035999988147523,
      0.0007326999984798022,
      0.0007204999965324532,
      0.0006653000018559396,
      0.0007708999983151443,
      0.0006389999980456196,
      0.0007666999990760814,
      0.0006704999977955595,
      0.0006853999984741677,
      0.0007607999978063162,
      0.0007753999998385552,
      0.0008078000028035603,
      0.0007820999999239575,
      0.0007735999970464036
    ],