{
  "rank": 1,
  "world_size": 8,
  "num_steps": 60,
  "statistics": {
    "compute": {
      "count": 60,
      "min": 0.024208299997553695,
      "max": 0.08890009999959148,
      "mean": 0.03206649666675124,
      "std": 0.00830888252696444,
      "p95": 0.03897779999897466,
      "p99": 0.0469881000026362
    },
    "sync": {
      "count": 60,
      "min": 0.006063900000299327,
      "max": 0.0524014000002353,
      "mean": 0.00987517666696173,
      "std": 0.005794013957948304,
      "p95": 0.011972100001003128,
      "p99": 0.015481500002351822
    },
    "optim": {
      "count": 60,
      "min": 0.0006291999998211395,
      "max": 0.0012964000015927013,
      "mean": 0.0007210733335038336,
      "std": 0.00010137449874075208,
      "p95": 0.0007606999970448669,
      "p99": 0.0011569000016606878
    },
    "iter": {
      "count": 60,
      "min": 0.0323936999993748,
      "max": 0.14259790000141948,
      "mean": 0.042662746667216804,
      "std": 0.013616717894221518,
      "p95": 0.04849090000061551,
      "p99": 0.057574400005250936
    },
    "grad_norm": {
      "count": 60,
      "min": 0.04415564984083176,
      "max": 0.12112285941839218,
      "mean": 0.07939859324445327,
      "std": 0.020722513951379525,
      "p95": 0.11560528725385666,
      "p99": 0.11970218271017075
    },
    "loss": {
      "count": 60,
      "min": 1.594892978668213,
      "max": 1.6364684104919434,
      "mean": 1.6154759009679158,
      "std": 0.009511680081286255,
      "p95": 1.6326268911361694,
      "p99": 1.6361536979675293
    }
  },
  "trajectories": {
    "compute_times": [
      0.08890009999959148,
      0.033842600001662504,
      0.028577699999004835,
      0.030978199996752664,
      0.04081260000020848,
      0.030901900001481408,
      0.029734499999904074,
      0.025216800000634976,
      0.032006100002035964,
      0.03352889999951003,
      0.028964199998881668,
      0.033080200002586935,
      0.03248610000082408,
      0.029988700000103563,
      0.034101699999155244,
      0.03897779999897466,
      0.030900199999450706,
      0.03886359999887645,
      0.03662559999793302,
      0.03209020000213059,
      0.03213329999925918,
      0.030382199998712167,
      0.028413799998816103,
      0.029563900003267918,
      0.028318100001342827,
      0.02733010000156355,
      0.031583099997078534,
      0.0303816999985429,
      0.03301339999961783,
      0.028817499998694984,
      0.028689499999018153,
      0.028802300003007986,
      0.031659700001910096,
      0.035966900002676994,
      0.03449650000038673,
      0.027559099999052705,
      0.02698929999678512,
      0.030523299999913434,
      0.02960689999963506,
      0.027760400000261143,
      0.027176300001883646,
      0.030967899998358916,
      0.029051800000161165,
      0.027779799998825183,
      0.028791499997169012,
      0.03005249999841908,
      0.032492000002093846,
      0.03326079999897047,
      0.03397960000074818,
      0.0469881000026362,
      0.024208299997553695,
      0.028130599999713013,
      0.030236900001909817,
      0.02920340000127908,
      0.029693799999222392,
      0.03311570000005304,
      0.031052599999384256,
      0.02736900000309106,
      0.030444700001680758,
      0.027425800002674805
    ],
    "sync_times": [
      0.0524014000002353,
      0.008597899999585934,
      0.011388999999326188,
      0.01449049999791896,
      0.008483600002364255,
      0.007453199999872595,
      0.015481500002351822,
      0.006444700000429293,
      0.009159600002021762,
      0.00977440000133356,
      0.010486799998034257,
      0.010495499998796731,
      0.006682299997919472,
      0.010453999999299413,
      0.006063900000299327,
      0.008537400000932394,
      0.009137200002442114,
      0.008931899999879533,
      0.009079899999051122,
      0.009417500001291046,
      0.00823330000275746,
      0.00895900000250549,
      0.010423900002933806,
      0.010226400001556613,
      0.009272599996620556,
      0.010270499999023741,
      0.007595999999466585,
      0.008725499999854947,
      0.00940940000145929,
      0.006840500001999317,
      0.00845830000253045,
      0.009036200000991812,
      0.010451800000737421,
      0.010724899999331683,
      0.008464099999400787,
      0.009362900000269292,
      0.007544599997345358,
      0.0076220999981160276,
      0.008467400002700742,
      0.00952550000147312,
      0.009446899999602465,
      0.0100285000007716,
      0.008588099997723475,
      0.01061190000109491,
      0.008361000000149943,
      0.009934199999406701,
      0.007048100000247359,
      0.011339700002281461,
      0.006683100000373088,
      0.009429400000954047,
      0.009110900002269773,
      0.009434899999178015,
      0.008056599999690661,
      0.008485899998049717,
      0.008803900000202702,
      0.006575799998245202,
      0.007852499998989515,
      0.011972100001003128,
      0.007206000002042856,
      0.010964000000967644
    ],
    "optim_times": [
      0.0012964000015927013,
      0.000740100000257371,
      0.0007189000025391579,
      0.0007313999994948972,
      0.0007394999993266538,
      0.0007189000025391579,
      0.0007605000027979258,
      0.0007321999983105343,
      0.0006953000010980759,
      0.0007466999995813239,
      0.0006648000016866717,
      0.0007317999989027157,
      0.0006837000000814442,
      0.0007353999972110614,
      0.0006886999981361441,
      0.0007200000000011642,
      0.0007105000004230533,
      0.0006954000018595252,
      0.0006938000005902722,
      0.0007009000000834931,
      0.0006291999998211395,
      0.0006412999973690603,
      0.0006859999994048849,
      0.0006791000014345627,
      0.0007152999969548546,
      0.0006898999999975786,
      0.0006876000006741378,
      0.0006399000012606848,
      0.0006343000022752676,
      0.0006545000032929238,
      0.0006782000018574763,
      0.000678899999911664,
      0.000702199999068398,
      0.0007317999989027157,
      0.0006750000029569492,
      0.0008659000013722107,
      0.0006864999995741528,
      0.0006824999982200097,
      0.0007157000000006519,
      0.0006880000000819564,
      0.0007451999990735203,
      0.0007122999995772261,
      0.0007174999991548248,
      0.0006992000016907696,
      0.0006794000000809319,
      0.0007200000000011642,
      0.0006912000026204623,
      0.0007359000010183081,
      0.0007273000010172836,
      0.0011569000016606878,
      0.0007092999985616188,
      0.0006812999999965541,
      0.0006787999991502147,
      0.0007057000002532732,
      0.000694800000928808,
      0.0007606999970448669,
      0.0006815999986429233,
      0.0007124000003386755,
      0.000720500000170432,
      0.0006676999983028509
    ],