{
  "rank": 6,
  "world_size": 8,
  "num_steps": 60,
  "statistics": {
    "compute": {
      "count": 60,
      "min": 0.02200970000194502,
      "max": 0.2572983000027307,
      "mean": 0.03127400000006067,
      "std": 0.029728458329242823,
      "p95": 0.035533499998564366,
      "p99": 0.04462899999998626
    },
    "sync": {
      "count": 60,
      "min": 0.007332600001973333,
      "max": 0.583396800000628,
      "mean": 0.021367010000115746,
      "std": 0.0732179707353181,
      "p95": 0.01631940000152099,
      "p99": 0.021014400001149625
    },
    "optim": {
      "count": 60,
      "min": 0.0005866999999852851,
      "max": 0.0012613999970199075,
      "mean": 0.0007507266663499952,
      "std": 8.58912736246358e-05,
      "p95": 0.0008450999994238373,
      "p99": 0.0008844000003591646
    },
    "iter": {
      "count": 60,
      "min": 0.031234300000505755,
      "max": 0.8419565000003786,
      "mean": 0.05339173666652641,
      "std": 0.10276811871625291,
      "p95": 0.04868309999801568,
      "p99": 0.05595330000141985
    },
    "grad_norm": {
      "count": 60,
      "min": 0.04415564984083176,
      "max": 0.12112285941839218,
      "mean": 0.07939859324445327,
      "std": 0.020722513951379525,
      "p95": 0.11560528725385666,
      "p99": 0.11970218271017075
    },
    "loss": {
      "count": 60,
      "min": 1.5817341804504395,
      "max": 1.640586495399475,
      "mean": 1.6097951650619506,
      "std": 0.011564194769223532,
      "p95": 1.6290247440338135,
      "p99": 1.6295166015625
    }
  },
  "trajectories": {
    "compute_times": [
      0.2572983000027307,
      0.0243110000010347,
      0.022450899999967078,
      0.02993849999984377,
      0.03623489999881713,
      0.026462699999683537,
      0.02369630000248435,
      0.024617399998533074,
      0.02807830000165268,
      0.03325760000006994,
      0.02913320000152453,
      0.032180799997149734,
      0.02712219999739318,
      0.030454600000666687,
      0.035533499998564366,
      0.03448449999996228,
      0.028851200000644894,
      0.03448449999996228,
      0.03239649999886751,
      0.028425600001355633,
      0.027897800002392614,
      0.025570100002369145,
      0.02503909999722964,
      0.026268900001014117,
      0.02218900000298163,
      0.027484499998536194,
      0.027962799998931587,
      0.024568599998019636,
      0.031302200000936864,
      0.023090099999535596,
      0.024242199997388525,
      0.025282400001742644,
      0.028932700002769707,
      0.030985299999883864,
      0.03215710000222316,
      0.02376379999986966,
      0.030908000000636093,
      0.025998799999797484,
      0.024861699999746634,
      0.022538799999892944,
      0.02388509999946109,
      0.0247438999977021,
      0.022691400001349393,
      0.025053100001969142,
      0.025330299999041017,
      0.02200970000194502,
      0.028214300000399817,
      0.030283799998869654,
      0.031200400000670925,
      0.04462899999998626,
      0.024315000002388842,
      0.02441999999791733,
      0.02346149999721092,
      0.024380300001212163,
      0.0261227000009967,
      0.025321999997686362,
      0.026407299999846146,
      0.024253799998405157,
      0.025864999999612337,
      0.023395000000164146
    ],
    "sync_times": [
      0.583396800000628,
      0.014547300001140684,
      0.021014400001149625,
      0.008578499997383915,
      0.011727799999789568,
      0.01616199999989476,
      0.009894899998471374,
      0.012724800002615666,
      0.007814000000507804,
      0.009903999998641666,
      0.010210899999947287,
      0.01265120000243769,
      0.009460599998419639,
      0.009915500002534827,
      0.011445600001025014,
      0.01155809999909252,
      0.012696100002358435,
      0.013720599999942351,
      0.012117999998736195,
      0.01127009999981965,
      0.011922099998628255,
      0.009630999997170875,
      0.015006199999334058,
      0.011105899997346569,
      0.011199100001249462,
      0.01598359999843524,
      0.009239200000592973,
      0.009760600001754938,
      0.009466700001212303,
      0.00735530000019935,
      0.012671500000578817,
      0.014191499998560175,
      0.008895999999367632,
      0.01528360000156681,
      0.01112470000225585,
      0.008428599998296704,
      0.013237400002253707,
      0.011619699998846045,
      0.010508700001082616,
      0.01631940000152099,
      0.011034000002837274,
      0.01677919999929145,
      0.012458900000638096,
      0.00956919999953243,
      0.010709400001360336,
      0.01353219999873545,
      0.008653699998831144,
      0.00862099999721977,
      0.014822599998296937,
      0.010507200000574812,
      0.011633300000539748,
      0.013923099999374244,
      0.01017629999842029,
      0.011762900001485832,
      0.013430899998638779,
      0.01159160000315751,
      0.010579600002529332,
      0.015586699999403208,
      0.015554199999314733,
      0.007332600001973333
    ],
    "optim_times": [
      0.0012613999970199075,
      0.0007504999994125683,
      0.0008844000003591646,
      0.0007455000013578683,
      0.0007203999994089827,
      0.0008450999994238373,
      0.0007370999992417637,
      0.0007762999994156417,
      0.0006573999999091029,
      0.0007306000006792601,
      0.0006199000017659273,
      0.0007643000026291702,
      0.0007656999987375457,
      0.0007297000011021737,
      0.0007345000012719538,
      0.0007116999986465089,
      0.0007303999991563614,
      0.0006437000010919292,
      0.0007163000009313691,
      0.0007750999975542072,
      0.0007162000001699198,
      0.0007088999991538003,
      0.0007275999996636529,
      0.000721799999155337,
      0.0007304999999178108,
      0.0007546999986516312,
      0.0006873000020277686,
      0.0005960000016784761,
      0.0005866999999852851,
      0.0007889000007708091,
      0.0007044999983918387,
      0.0007777000027999748,
      0.0007703000010224059,
      0.0007221999985631555,
      0.0006805999983043876,
      0.0007343999968725257,
      0.0007807000001776032,
      0.0006949000016902573,
      0.0007389000020339154,
      0.0007365999990724958,
      0.0007734999999229331,
      0.0007303999991563614,
      0.0007983999967109412,
      0.000768699999753153,
      0.0007512999982282054,
      0.0007770000011078082,
      0.0007699999987380579,
      0.0008054999998421408,
      0.0007222999993246049,
      0.0008171000008587725,
      0.0007826000000932254,
      0.0008703999992576428,
      0.0007763999965391122,
      0.0007024999977147672,
      0.0007542999992438126,
      0.0007400999966193922,
      0.0007721000001765788,
      0.0007301000005099922,
      0.0007308999993256293,
      0.0008105999986582901
    ],