{
  "rank": 0,
  "world_size": 8,
  "num_steps": 60,
  "statistics": {
    "compute": {
      "count": 60,
      "min": 0.02643490000264137,
      "max": 0.26009260000137147,
      "mean": 0.03574902000012419,
      "std": 0.029465653539613276,
      "p95": 0.039404999999533175,
      "p99": 0.04912259999764501
    },
    "sync": {
      "count": 60,
      "min": 0.005044400000770111,
      "max": 0.5945848999981536,
      "mean": 0.017295909999969203,
      "std": 0.07516687482111602,
      "p95": 0.01004569999713567,
      "p99": 0.011454399998910958
    },
    "optim": {
      "count": 60,
      "min": 0.0006489000006695278,
      "max": 0.0012726000022666994,
      "mean": 0.000771208333268684,
      "std": 0.00011577892368498188,
      "p95": 0.0009891999980027322,
      "p99": 0.0012578000023495406
    },
    "iter": {
      "count": 60,
      "min": 0.033341999998810934,
      "max": 0.8559353000018746,
      "mean": 0.05381613833336208,
      "std": 0.1045026801373367,
      "p95": 0.04765129999941564,
      "p99": 0.05629629999748431
    },
    "grad_norm": {
      "count": 60,
      "min": 0.04415564984083176,
      "max": 0.12112285941839218,
      "mean": 0.07939859324445327,
      "std": 0.020722513951379525,
      "p95": 0.11560528725385666,
      "p99": 0.11970218271017075
    },
    "loss": {
      "count": 60,
      "min": 1.5828166007995605,
      "max": 1.6387685537338257,
      "mean": 1.609237511952718,
      "std": 0.011899231464513733,
      "p95": 1.6238620281219482,
      "p99": 1.6327623128890991
    }
  },
  "trajectories": {
    "compute_times": [
      0.26009260000137147,
      0.03603870000006282,
      0.0331369999985327,
      0.033172000003105495,
      0.03876280000258703,
      0.030968400002166163,
      0.029853000000002794,
      0.03003829999943264,
      0.032731899998907465,
      0.03282430000035674,
      0.026900299999397248,
      0.03290180000112741,
      0.03173179999794229,
      0.030539300001692027,
      0.03451860000132001,
      0.03890510000201175,
      0.02643490000264137,
      0.04125230000136071,
      0.037517500000831205,
      0.03328930000134278,
      0.03253150000091409,
      0.030278700000053504,
      0.02644000000145752,
      0.030276599998614984,
      0.028790699998353375,
      0.030965199999627657,
      0.03267710000000079,
      0.030350400000315858,
      0.03295749999961117,
      0.026913999998214422,
      0.027873700000782264,
      0.03153300000121817,
      0.03256920000058017,
      0.03662459999759449,
      0.03666190000149072,
      0.028762099998857593,
      0.032182499999180436,
      0.02993119999882765,
      0.02996789999815519,
      0.030803000001469627,
      0.028030499997839797,
      0.031108199997106567,
      0.029407100002572406,
      0.028621299999940675,
      0.031403500001033535,
      0.02891750000344473,
      0.03416780000043218,
      0.03297810000003665,
      0.039404999999533175,
      0.04912259999764501,
      0.029438400000799447,
      0.030230299998947885,
      0.030450800000835443,
      0.02999649999765097,
      0.029915800001617754,
      0.03188659999796073,
      0.03088980000029551,
      0.028053300000465242,
      0.029328299999178853,
      0.030889099998603342
    ],
    "sync_times": [
      0.5945848999981536,
      0.008554500000172993,
      0.0060996999964118,
      0.011454399998910958,
      0.009604799997759983,
      0.006503000000520842,
      0.00848490000134916,
      0.007179799998993985,
      0.007771699998556869,
      0.006835299998783739,
      0.007822300001862459,
      0.00875119999909657,
      0.006767800001398427,
      0.00904649999938556,
      0.007570100002340041,
      0.007857200002035825,
      0.006178899999213172,
      0.005686299999069888,
      0.0072313000018766616,
      0.007397800000035204,
      0.007114699998055585,
      0.00737930000104825,
      0.007329100000788458,
      0.008546900000510504,
      0.007026300001598429,
      0.007221600000775652,
      0.005676600001606857,
      0.00805660000332864,
      0.007782900000165682,
      0.006161999997857492,
      0.008219900002586655,
      0.005472199998621363,
      0.008709000001545064,
      0.009159400000498863,
      0.005447399998956826,
      0.006918200000654906,
      0.007447700001648627,
      0.007355599998845719,
      0.0066650000007939525,
      0.006100999999034684,
      0.007636900001671165,
      0.009078700000827666,
      0.007559099998616148,
      0.008774800000537653,
      0.005044400000770111,
      0.01004569999713567,
      0.0063396000005013775,
      0.009324999999080319,
      0.007335099999181693,
      0.006466999999247491,
      0.007945299999846611,
      0.006691900001897011,
      0.006911500000569504,
      0.006991999998717802,
      0.007680200000322657,
      0.006668599999102298,
      0.007605299997521797,
      0.010429099998873426,
      0.007216800000605872,
      0.006833799998275936
    ],
    "optim_times": [
      0.0012578000023495406,
      0.0007748999996692874,
      0.0007807000001776032,
      0.0007871999987401068,
      0.0007833999989088625,
      0.000754099997720914,
      0.0007308999993256293,
      0.0007810999995854218,
      0.0007537000019510742,
      0.0007781000022077933,
      0.0007354000008490402,
      0.0007394999993266538,
      0.0006679999969492201,
      0.0007183999987319112,
      0.0007406000004266389,
      0.0007332999994105194,
      0.0007281999969563913,
      0.0007126999989850447,
      0.0007451999990735203,
      0.0007621000004292,
      0.0007382000003417488,
      0.0007264000014401972,
      0.0007251999995787628,
      0.0007246999994094949,
      0.0011578000012377743,
      0.0007587999971292447,
      0.0007525000000896398,
      0.0007323000027099624,
      0.0007215999976324383,
      0.0012726000022666994,
      0.0007248000001709443,
      0.0007081000003381632,
      0.000763399999414105,
      0.0007165999995777383,
      0.0007545000007667113,
      0.0009891999980027322,
      0.0007374999986495823,
      0.0007513000018661842,
      0.0006489000006695278,
      0.0007189999996626284,
      0.000773199997638585,
      0.0007627000013599172,
      0.0007184999994933605,
      0.0007551000016974285,
      0.000680500001180917,
      0.0007535999975516461,
      0.0008213000000978354,
      0.0008870999990904238,
      0.0007366000027104747,
      0.0007067000005918089,
      0.0007712999977229629,
      0.0007178000014391728,
      0.0007605999999213964,
      0.0007153000005928334,
      0.0007655999979760963,
      0.000692700003128266,
      0.0007581999998365063,
      0.0006957000005058944,
      0.0007532999989052769,
      0.0007580000019515865
    ],