{
  "rank": 3,
  "world_size": 4,
  "num_steps": 60,
  "statistics": {
    "compute": {
      "count": 60,
      "min": 0.00590100000044913,
      "max": 0.01561529999889899,
      "mean": 0.0069615900003555,
      "std": 0.0012655887436573566,
      "p95": 0.008145900003000861,
      "p99": 0.00855049999881885
    },
    "sync": {
      "count": 60,
      "min": 0.008783199999015778,
      "max": 0.660196900000301,
      "mean": 0.03361415499948635,
      "std": 0.08261573167081045,
      "p95": 0.05476319999797852,
      "p99": 0.05824230000143871
    },
    "optim": {
      "count": 60,
      "min": 0.0006882000016048551,
      "max": 0.002949600002466468,
      "mean": 0.0008778149999974024,
      "std": 0.0003098048106115121,
      "p95": 0.0012010999998892657,
      "p99": 0.0015384999969683122
    },
    "iter": {
      "count": 60,
      "min": 0.015720299998065457,
      "max": 0.6773506999961683,
      "mean": 0.04145355999983925,
      "std": 0.08379877126723913,
      "p95": 0.06156099999861908,
      "p99": 0.06576480000148877
    },
    "grad_norm": {
      "count": 60,
      "min": 0.44630756974220276,
      "max": 0.4947371482849121,
      "mean": 0.4704527313510577,
      "std": 0.01054083057742452,
      "p95": 0.4877627491950989,
      "p99": 0.491964727640152
    },
    "loss": {
      "count": 60,
      "min": 2.2741029262542725,
      "max": 2.345237970352173,
      "mean": 2.309749495983124,
      "std": 0.016864230365573815,
      "p95": 2.336594581604004,
      "p99": 2.341773509979248
    }
  },
  "trajectories": {
    "compute_times": [
      0.01561529999889899,
      0.006617899998673238,
      0.007088100002874853,
      0.006811400002334267,
      0.007003200000326615,
      0.006400300000677817,
      0.00668980000045849,
      0.006260999998630723,
      0.0059958999991067685,
      0.006618499999603955,
      0.00758029999997234,
      0.006780100000469247,
      0.007025499999144813,
      0.008436000000074273,
      0.00618880000183708,
      0.006954300002689706,
      0.006472699998994358,
      0.00740619999851333,
      0.007252199997310527,
      0.006598400002985727,
      0.0069831999971938785,
      0.007034700000076555,
      0.0073704000024008565,
      0.007207000002381392,
      0.006594399997993605,
      0.006702700000460027,
      0.0060664000011456665,
      0.006169100000988692,
      0.0066516999977466185,
      0.006137500000477303,
      0.005985499999951571,
      0.006979699999646982,
      0.006905700000061188,
      0.00756560000081663,
      0.006995300002017757,
      0.006826700002420694,
      0.007006100000580773,
      0.007160400000429945,
      0.00627130000066245,
      0.006608100000448758,
      0.007162600002629915,
      0.007088300000759773,
      0.006578399999852991,
      0.0067632999998750165,
      0.006278199998632772,
      0.006789000002754619,
      0.006157399999210611,
      0.006560500001796754,
      0.006693700001051184,
      0.007247800000186544,
      0.005985100000543753,
      0.00802569999723346,
      0.00855049999881885,
      0.006798800000979099,
      0.006210600000486011,
      0.00590100000044913,
      0.00610660000165808,
      0.007296399999177083,
      0.006338200000755023,
      0.008145900003000861
    ],
    "sync_times": [
      0.660196900000301,
      0.010591199999907985,
      0.01967250000234344,
      0.014108300001680618,
      0.00894479999988107,
      0.026893899997958215,
      0.018616499997733627,
      0.022761100000934675,
      0.03509510000003502,
      0.022740299998986302,
      0.010404000000562519,
      0.025541699997120304,
      0.03032609999718261,
      0.00935369999933755,
      0.029439699999784352,
      0.04054379999797675,
      0.009669899998698384,
      0.009103399999730755,
      0.02411529999881168,
      0.012829699997382704,
      0.030480399997031782,
      0.009449400000448804,
      0.010276599998178426,
      0.022527099998114863,
      0.010484499998710817,
      0.05067869999766117,
      0.05476319999797852,
      0.009314299997640774,
      0.056401200003165286,
      0.028579699999681907,
      0.024437700001726625,
      0.008783199999015778,
      0.02247650000208523,
      0.012444899999536574,
      0.018033799999102484,
      0.048739599998953054,
      0.019543900001735892,
      0.03463939999710419,
      0.009455799998249859,
      0.036714300000312505,
      0.009111399998801062,
      0.029194700000516605,
      0.02807329999996,
      0.05824230000143871,
      0.009474499998759711,
      0.01538309999887133,
      0.010271600000123726,
      0.02296290000231238,
      0.021048000002338085,
      0.03525499999886961,
      0.011270700000750367,
      0.009341000000858912,
      0.041062000000238186,
      0.037697499999922,
      0.03009799999927054,
      0.008939699997426942,
      0.01814120000199182,
      0.02222299999993993,
      0.021718499996495666,
      0.018168799997511087
    ],
    "optim_times": [
      0.0015384999969683122,
      0.000930599999264814,
      0.000864099998580059,
      0.0013398000010056421,
      0.0008834000000206288,
      0.0007423999995808117,
      0.0007613000016135629,
      0.0007638000024599023,
      0.0007790000017848797,
      0.0008309999975608662,
      0.000843699999677483,
      0.0008783000012044795,
      0.0008472000008623581,
      0.0007216000012704171,
      0.0008735000010346994,
      0.0007031000022834633,
      0.000884999997651903,
      0.0009245000001101289,
      0.0007721000001765788,
      0.0011228999974264298,
      0.000864099998580059,
      0.0009038999996846542,
      0.0008659999984956812,
      0.0009375000008731149,
      0.0008484000027237926,
      0.0007312999987334479,
      0.0007313999994948972,
      0.001044299999193754,
      0.0007497999977204017,
      0.0007188999989011791,
      0.0007915000023785979,
      0.0007522000014432706,
      0.0007910999993328005,
      0.0007925999998406041,
      0.0006926000023668166,
      0.0007397000008495525,
      0.0007055999994918238,
      0.0006882000016048551,
      0.0007412999984808266,
      0.0007737999985693023,
      0.0008587000011175405,
      0.001043199998093769,
      0.0008397000019613188,
      0.0007592000001750421,
      0.0009613000001991168,
      0.0007759000000078231,
      0.0009199000014632475,
      0.0008095999983197544,
      0.0007651999985682778,
      0.0006933999975444749,
      0.0007975999978953041,
      0.0012010999998892657,
      0.0007316000010177959,
      0.0007076999972923659,
      0.0008116000026348047,
      0.0008796000001893844,
      0.0007120000009308569,
      0.0007872999995015562,
      0.000794700001279125,
      0.002949600002466468
    ],