{
  "rank": 2,
  "world_size": 4,
  "num_steps": 60,
  "statistics": {
    "compute": {
      "count": 60,
      "min": 0.005703499999071937,
      "max": 0.06958160000067437,
      "mean": 0.007969398333261778,
      "std": 0.008045593206667773,
      "p95": 0.008107099998596823,
      "p99": 0.008615099999587983
    },
    "sync": {
      "count": 60,
      "min": 0.004321700002037687,
      "max": 0.0751111999998102,
      "mean": 0.022554611666600978,
      "std": 0.014349108631063793,
      "p95": 0.05173369999829447,
      "p99": 0.05944169999929727
    },
    "optim": {
      "count": 60,
      "min": 0.0006757999981346074,
      "max": 0.0015316000026359688,
      "mean": 0.0008675416662905869,
      "std": 0.00016813336302054513,
      "p95": 0.0012588999998115469,
      "p99": 0.001325399996858323
    },
    "iter": {
      "count": 60,
      "min": 0.011757299998862436,
      "max": 0.0846754999984114,
      "mean": 0.031391551666153344,
      "std": 0.015737436688352844,
      "p95": 0.06494679999741493,
      "p99": 0.08192200000121375
    },
    "grad_norm": {
      "count": 60,
      "min": 0.44630756974220276,
      "max": 0.4947371482849121,
      "mean": 0.4704527313510577,
      "std": 0.01054083057742452,
      "p95": 0.4877627491950989,
      "p99": 0.491964727640152
    },
    "loss": {
      "count": 60,
      "min": 2.259831666946411,
      "max": 2.35788631439209,
      "mean": 2.30586724281311,
      "std": 0.02197955625053585,
      "p95": 2.3349618911743164,
      "p99": 2.3509340286254883
    }
  },
  "trajectories": {
    "compute_times": [
      0.06958160000067437,
      0.007252599996718345,
      0.007403100000374252,
      0.0070054999996500555,
      0.007532200001151068,
      0.0068974000023445114,
      0.0063293999992311,
      0.006212799999048002,
      0.0065858000016305596,
      0.0062319999997271225,
      0.007579900000564521,
      0.007058400002279086,
      0.008615099999587983,
      0.008111300001473865,
      0.00602440000147908,
      0.007742800000414718,
      0.006383300002198666,
      0.007182499997725245,
      0.007308399999601534,
      0.006456600000092294,
      0.007111899998562876,
      0.007340399999520741,
      0.0072440000003552996,
      0.008107099998596823,
      0.00739649999741232,
      0.006966400000237627,
      0.006048800001735799,
      0.006752499997674022,
      0.00728990000061458,
      0.006128199998784112,
      0.00645020000229124,
      0.007283299997652648,
      0.006436400002712617,
      0.007015499999397434,
      0.0078486000020348,
      0.0065533999986655544,
      0.007330799999181181,
      0.0063098999999056105,
      0.0059146000021428335,
      0.006799099999625469,
      0.006654900000285124,
      0.007543900002929149,
      0.007666299999982584,
      0.006643699998676311,
      0.0063319000000774395,
      0.0070854999976290856,
      0.006042000000888947,
      0.006654200002230937,
      0.007387499998003477,
      0.0069121999986236915,
      0.006168100000650156,
      0.008043199999519857,
      0.007552899998700013,
      0.005703499999071937,
      0.006561999998666579,
      0.006301800000073854,
      0.007250999999087071,
      0.006575600000360282,
      0.006093599997257115,
      0.007167499999923166
    ],
    "sync_times": [
      0.013768500000878703,
      0.009361100001115119,
      0.02002150000043912,
      0.0135852999992494,
      0.019413199999689823,
      0.00478579999980866,
      0.020525200001429766,
      0.02002310000170837,
      0.05944169999929727,
      0.00982319999820902,
      0.01089000000138185,
      0.024073299999145092,
      0.028091899999708403,
      0.020956699998350814,
      0.01810760000080336,
      0.02867590000096243,
      0.022093499999755295,
      0.008410499998717569,
      0.008661100000608712,
      0.028412600000592647,
      0.02998219999790308,
      0.009088400001928676,
      0.009817699999985052,
      0.02213629999823752,
      0.011379700001270976,
      0.021251800000754884,
      0.0751111999998102,
      0.01625380000041332,
      0.021140199998626485,
      0.05173369999829447,
      0.0356750999999349,
      0.026634899997588946,
      0.012035799998557195,
      0.004617300000973046,
      0.009386800000356743,
      0.05712180000045919,
      0.008727500000532018,
      0.020261400000890717,
      0.04687439999906928,
      0.006071799998608185,
      0.027410600003349828,
      0.028381600001011975,
      0.028721299997414462,
      0.027336200000718236,
      0.041381399998499546,
      0.015669000000343658,
      0.019389000000956003,
      0.012177999997220468,
      0.029327299998840317,
      0.004321700002037687,
      0.033585799999855226,
      0.017972999998164596,
      0.019196699999156408,
      0.04036470000210102,
      0.021737099999882048,
      0.041843700000754325,
      0.013816300001053605,
      0.004481899999518646,
      0.02178239999921061,
      0.01995549999992363
    ],
    "optim_times": [
      0.001325399996858323,
      0.0008764000012888573,
      0.0008935000005294569,
      0.0009812999996938743,
      0.0008596000006946269,
      0.0007528999994974583,
      0.0006923999972059391,
      0.0009386999990965705,
      0.0007461999994120561,
      0.0009410999991814606,
      0.001162699998531025,
      0.0012588999998115469,
      0.0010038000000349712,
      0.0007116999986465089,
      0.000882399999682093,
      0.0008137000004353467,
      0.0008479999996779952,
      0.0008597000014560763,
      0.0007126999989850447,
      0.0009446999974898063,
      0.001056199998856755,
      0.0009294000010413583,
      0.0008742999998503365,
      0.0009614000009605661,
      0.000940399997489294,
      0.0006757999981346074,
      0.0007619999996677507,
      0.0008916999977373052,
      0.0007282999977178406,
      0.0007160000022849999,
      0.0009492999997746665,
      0.0008164999999280553,
      0.0008243000011134427,
      0.000835999999253545,
      0.000783799998316681,
      0.0012715999982901849,
      0.0007138000000850298,
      0.0007215000005089678,
      0.0015316000026359688,
      0.000797100001364015,
      0.00080339999840362,
      0.0010559000002103858,
      0.0008381000006920658,
      0.000709100000676699,
      0.0008854999978211708,
      0.000732700002117781,
      0.0007144999981392175,
      0.0008869999983289745,
      0.0007819999991625082,
      0.0007139000008464791,
      0.0007965000004332978,
      0.0009105999997700565,
      0.0007005999977991451,
      0.0007936000001791399,
      0.0007127000026230235,
      0.0007473000005120412,
      0.0008022999973036349,
      0.000699799998983508,
      0.0007939999995869584,
      0.0009862000006251037
    ],