{
  "rank": 0,
  "world_size": 4,
  "num_steps": 60,
  "statistics": {
    "compute": {
      "count": 60,
      "min": 0.006166099999973085,
      "max": 0.021236500000668457,
      "mean": 0.007824718333540658,
      "std": 0.0019352816643257403,
      "p95": 0.0090029000020877,
      "p99": 0.009825900000578258
    },
    "sync": {
      "count": 60,
      "min": 0.007685499997023726,
      "max": 0.0924639999975625,
      "mean": 0.023292119999678108,
      "std": 0.015528191616136913,
      "p95": 0.0471733000013046,
      "p99": 0.07319059999645106
    },
    "optim": {
      "count": 60,
      "min": 0.0006786000012652948,
      "max": 0.0014964000001782551,
      "mean": 0.0008855416666240975,
      "std": 0.00013606005067541454,
      "p95": 0.0010966999980155379,
      "p99": 0.0011314000003039837
    },
    "iter": {
      "count": 60,
      "min": 0.01686659999904805,
      "max": 0.11519689999840921,
      "mean": 0.032002379999842866,
      "std": 0.01635121294346515,
      "p95": 0.05496759999732603,
      "p99": 0.08027759999822592
    },
    "grad_norm": {
      "count": 60,
      "min": 0.44630756974220276,
      "max": 0.4947371482849121,
      "mean": 0.4704527313510577,
      "std": 0.01054083057742452,
      "p95": 0.4877627491950989,
      "p99": 0.491964727640152
    },
    "loss": {
      "count": 60,
      "min": 2.2688159942626953,
      "max": 2.359449625015259,
      "mean": 2.3080133040746054,
      "std": 0.019696428484663745,
      "p95": 2.344005823135376,
      "p99": 2.348041534423828
    }
  },
  "trajectories": {
    "compute_times": [
      0.021236500000668457,
      0.00803539999833447,
      0.00764280000294093,
      0.007752699999400647,
      0.008575300002121367,
      0.007431000001815846,
      0.00640699999712524,
      0.00658550000298419,
      0.006998999997449573,
      0.007371800002147211,
      0.007922799999505514,
      0.008472299999993993,
      0.008150199999363394,
      0.0076289999997243285,
      0.007039400003122864,
      0.0090029000020877,
      0.007045900001685368,
      0.00839540000015404,
      0.008181299999705516,
      0.0067906000003858935,
      0.008055300000705756,
      0.00798690000010538,
      0.007774300000164658,
      0.008762599998590304,
      0.007865699997637421,
      0.00895440000022063,
      0.006363500000588829,
      0.007949800001370022,
      0.00780549999763025,
      0.006435399998736102,
      0.006166099999973085,
      0.00832060000175261,
      0.007173199999670032,
      0.00824329999886686,
      0.008255799999460578,
      0.006940600000234554,
      0.007943399999930989,
      0.0065638000014587305,
      0.006430400000681402,
      0.007029899999906775,
      0.007325600003241561,
      0.008369600000150967,
      0.00788029999966966,
      0.007610900000145193,
      0.006923699998878874,
      0.00885559999733232,
      0.007285499999852618,
      0.007040899999992689,
      0.008355300000403076,
      0.007818999998562504,
      0.006652100000792416,
      0.008591000001615612,
      0.009097699999983888,
      0.00628349999897182,
      0.006335100002615945,
      0.006647499998507556,
      0.006999000001087552,
      0.0073948000026575755,
      0.0065027999989979435,
      0.009825900000578258
    ],
    "sync_times": [
      0.0924639999975625,
      0.014912300001014955,
      0.019572100001823856,
      0.012637799998628907,
      0.007955899996886728,
      0.015095400001882808,
      0.020386199998029042,
      0.01779019999958109,
      0.0471733000013046,
      0.021851000001333887,
      0.010408099999040132,
      0.023076199999195524,
      0.02912049999940791,
      0.010758899999927962,
      0.027758000000176253,
      0.027940899999521207,
      0.01971170000251732,
      0.008629699997982243,
      0.007985399999597576,
      0.027728199998819036,
      0.029081500000756932,
      0.008720500001800247,
      0.009296599997469457,
      0.02174890000242158,
      0.009028000000398606,
      0.02134929999738233,
      0.07319059999645106,
      0.016475700002047233,
      0.020835700001043733,
      0.04349729999739793,
      0.0437564999992901,
      0.007685499997023726,
      0.021769200000562705,
      0.011043500002415385,
      0.008539999998902204,
      0.05648089999885997,
      0.008436399999482092,
      0.019869699997798307,
      0.034553800000139745,
      0.016669299999193754,
      0.027949100000114413,
      0.027109200000268174,
      0.028398599999491125,
      0.026586399999359855,
      0.0389032999992196,
      0.007699600002524676,
      0.015198100001725834,
      0.02230039999994915,
      0.01981109999906039,
      0.012246999998751562,
      0.032676300001185155,
      0.00834969999777968,
      0.026496300000871997,
      0.03932379999969271,
      0.022134499999083346,
      0.028981100000237348,
      0.017080199999327306,
      0.012965699999767821,
      0.019434899997577304,
      0.018897199999628356
    ],
    "optim_times": [
      0.0014964000001782551,
      0.0010881999987759627,
      0.0010082999979204033,
      0.0009897000018099789,
      0.0009497999999439344,
      0.000789099998655729,
      0.0009286999993491918,
      0.001086699998268159,
      0.0007952999985718634,
      0.0009083000004466157,
      0.0011100999981863424,
      0.0009673999993538018,
      0.0009135000000242144,
      0.0007598000011057593,
      0.0010261999996146187,
      0.0008574000021326356,
      0.0007334999972954392,
      0.0008936999984143768,
      0.0008026000032259617,
      0.0008816999979899265,
      0.000862000000779517,
      0.0009267999994335696,
      0.0008229999984905589,
      0.000932999999349704,
      0.0008320999986608513,
      0.0007093000021995977,
      0.0007235000011860393,
      0.0007936000001791399,
      0.0007603999983984977,
      0.0006786000012652948,
      0.0008395000004384201,
      0.0008605000002717134,
      0.0008001999995030928,
      0.0010966999980155379,
      0.0008965000015450642,
      0.0010085000030812807,
      0.0007846000007702969,
      0.0007832000010239426,
      0.0008845999982440844,
      0.0007651999985682778,
      0.0011314000003039837,
      0.0009484000001975801,
      0.000973600002907915,
      0.0007671000021218788,
      0.0008006999996723607,
      0.0009780000000318978,
      0.000881299998582108,
      0.0008385000000998843,
      0.0007953999993333127,
      0.0008665000023029279,
      0.0010884000002988614,
      0.000843699999677483,
      0.0007687999968766235,
      0.0007560000012745149,
      0.0009314000017184298,
      0.0007843000021239277,
      0.0009030999972310383,
      0.0007303999991563614,
      0.0008404000000155065,
      0.0007569000008516014
    ],