{
  "rank": 1,
  "world_size": 4,
  "num_steps": 60,
  "statistics": {
    "compute": {
      "count": 60,
      "min": 0.0060272000009717885,
      "max": 0.02544309999939287,
      "mean": 0.007467118333503701,
      "std": 0.002447957085788773,
      "p95": 0.008766999999352265,
      "p99": 0.009235599998646649
    },
    "sync": {
      "count": 60,
      "min": 0.007898600000771694,
      "max": 0.10965850000138744,
      "mean": 0.024052809999981644,
      "std": 0.01661324320225954,
      "p95": 0.047396000001754146,
      "p99": 0.06347019999884651
    },
    "optim": {
      "count": 60,
      "min": 0.0006695000010950025,
      "max": 0.0018338000008952804,
      "mean": 0.0009243066664566868,
      "std": 0.0001769961140782229,
      "p95": 0.0012004999989585485,
      "p99": 0.0013510000026144553
    },
    "iter": {
      "count": 60,
      "min": 0.015586099998472491,
      "max": 0.13645260000339476,
      "mean": 0.03244423499994203,
      "std": 0.01820596307778244,
      "p95": 0.055201200004376005,
      "p99": 0.07068419999995967
    },
    "grad_norm": {
      "count": 60,
      "min": 0.44630756974220276,
      "max": 0.4947371482849121,
      "mean": 0.4704527313510577,
      "std": 0.01054083057742452,
      "p95": 0.4877627491950989,
      "p99": 0.491964727640152
    },
    "loss": {
      "count": 60,
      "min": 2.2479517459869385,
      "max": 2.3738303184509277,
      "mean": 2.312044608592987,
      "std": 0.022704937421393637,
      "p95": 2.342445135116577,
      "p99": 2.348109483718872
    }
  },
  "trajectories": {
    "compute_times": [
      0.02544309999939287,
      0.008766999999352265,
      0.007139200002711732,
      0.006993200000579236,
      0.0074084000007133,
      0.006582599999092054,
      0.007167599997046636,
      0.006850699999631615,
      0.006868200001918012,
      0.006645299999945564,
      0.008648200000607176,
      0.008377499998459825,
      0.007210399999166839,
      0.009170000001176959,
      0.006413600000087172,
      0.007888499996624887,
      0.00641650000034133,
      0.007669800001167459,
      0.007235400000354275,
      0.007362799999100389,
      0.006931699997949181,
      0.006900000000314321,
      0.007656699999643024,
      0.007404299998597708,
      0.00734559999909834,
      0.007727200001681922,
      0.006361200001265388,
      0.0070368000015150756,
      0.0071992000011960045,
      0.0060272000009717885,
      0.0067449999987729825,
      0.007602599998790538,
      0.006996699998126132,
      0.007738899999822024,
      0.007119500001863344,
      0.006493600001704181,
      0.0075347000019974075,
      0.007595300001412397,
      0.006061799998860806,
      0.006377599998813821,
      0.006529199999931734,
      0.007195199999841861,
      0.0073145000023941975,
      0.006604099999094615,
      0.006302900001173839,
      0.007225400000606896,
      0.006749800002580741,
      0.006526100001792656,
      0.006801199997426011,
      0.00762620000023162,
      0.00637040000219713,
      0.008104900000034831,
      0.009235599998646649,
      0.0072326000008615665,
      0.006034300000465009,
      0.006480299998656847,
      0.00660760000027949,
      0.006637800001044525,
      0.00706970000101137,
      0.008265700002084486
    ],
    "sync_times": [
      0.10965850000138744,
      0.014396900001884205,
      0.020039200000610435,
      0.013461299997288734,
      0.008548699999664677,
      0.02486499999940861,
      0.020069099999091122,
      0.008484000001772074,
      0.047396000001754146,
      0.02256169999964186,
      0.009518899998511188,
      0.023645199999009492,
      0.0301729000020714,
      0.008726399999432033,
      0.028125399996497435,
      0.02848910000102478,
      0.020498900001257425,
      0.008767200000875164,
      0.02402069999880041,
      0.011785500002588378,
      0.030657500003144378,
      0.00876580000112881,
      0.009906100000080187,
      0.021517299999686657,
      0.00922770000033779,
      0.03194670000084443,
      0.06347019999884651,
      0.01718289999917033,
      0.03333740000016405,
      0.04314660000090953,
      0.03208409999933792,
      0.007898600000771694,
      0.022386799999367213,
      0.012241299999004696,
      0.008961299998190952,
      0.057449399999313755,
      0.018593199998576893,
      0.021067900001071393,
      0.022231799997825874,
      0.0173015000000305,
      0.028794800000468967,
      0.028960399999050424,
      0.02720699999917997,
      0.04072979999909876,
      0.027154500003234716,
      0.008319399999891175,
      0.016199699999560835,
      0.022913500000868225,
      0.021108699998876546,
      0.034943099999509286,
      0.010515699999814387,
      0.009213000001182081,
      0.040962800001580035,
      0.023920199997519376,
      0.04278699999849778,
      0.008283200000732904,
      0.017680699998891214,
      0.022790099999838276,
      0.009896300001855707,
      0.028183999998873333
    ],
    "optim_times": [
      0.0013510000026144553,
      0.0009533000011288095,
      0.0008149999994202517,
      0.0009694000000308733,
      0.0009135000000242144,
      0.0008779999989201315,
      0.0008172999987436924,
      0.0009414000014658086,
      0.000937000000703847,
      0.0009500000014668331,
      0.0010110000002896413,
      0.001062600000295788,
      0.0007955999972182326,
      0.0009098000009544194,
      0.0011825000001408625,
      0.0008530999984941445,
      0.0008674999990034848,
      0.0007642999989911914,
      0.000891399999090936,
      0.0008478000017930754,
      0.0018338000008952804,
      0.0008285000003525056,
      0.0009723999974085018,
      0.0009246000008715782,
      0.0011324000006425194,
      0.0008485999969707336,
      0.0008527999998477753,
      0.0008379999999306165,
      0.0007001999983913265,
      0.0006695000010950025,
      0.0010529999999562278,
      0.0008373999989998993,
      0.0008328000003530178,
      0.0010318999993614852,
      0.0007824000022083055,
      0.0012004999989585485,
      0.0010976999983540736,
      0.0007411000005959067,
      0.0008455999995931052,
      0.0008687999979883898,
      0.001048800000717165,
      0.0010505999998713378,
      0.0008859000008669682,
      0.0007889000007708091,
      0.000915000000532018,
      0.0007312999987334479,
      0.0007909000014478806,
      0.0008875999992596917,
      0.000849000000016531,
      0.0007731000005151145,
      0.0007727999982307665,
      0.0008529000006092247,
      0.0009078999974008184,
      0.0010159999983443413,
      0.0008845999982440844,
      0.0008225999990827404,
      0.0008537999965483323,
      0.0008492999986629002,
      0.0009459000029892195,
      0.0012280000009923242
    ],