{
  "rank": 6,
  "world_size": 8,
  "num_steps": 60,
  "statistics": {
    "compute": {
      "count": 60,
      "min": 0.022819600002549123,
      "max": 0.3390298999984225,
      "mean": 0.033814844999930455,
      "std": 0.03994694150682167,
      "p95": 0.038183100001333514,
      "p99": 0.048398200000519864
    },
    "sync": {
      "count": 60,
      "min": 0.011126299999887124,
      "max": 0.43374279999989085,
      "mean": 0.024988046666961358,
      "std": 0.05335191296139569,
      "p95": 0.025796900001296308,
      "p99": 0.02922450000187382
    },
    "optim": {
      "count": 60,
      "min": 0.000597800000832649,
      "max": 0.001107899999624351,
      "mean": 0.0007061133335203825,
      "std": 7.136137744948123e-05,
      "p95": 0.0008015000021259766,
      "p99": 0.0008286000011139549
    },
    "iter": {
      "count": 60,
      "min": 0.03792270000121789,
      "max": 0.7738805999979377,
      "mean": 0.059509005000412195,
      "std": 0.0931951533771013,
      "p95": 0.05903530000432511,
      "p99": 0.0695402000019385
    },
    "grad_norm": {
      "count": 60,
      "min": 0.04415564611554146,
      "max": 0.12112286686897278,
      "mean": 0.07939859293401241,
      "std": 0.020722514306494785,
      "p95": 0.11560528725385666,
      "p99": 0.11970218271017075
    },
    "loss": {
      "count": 60,
      "min": 1.5817341804504395,
      "max": 1.640586495399475,
      "mean": 1.6097951650619506,
      "std": 0.011564196941654973,
      "p95": 1.629024863243103,
      "p99": 1.6295166015625
    }
  },
  "trajectories": {
    "compute_times": [
      0.3390298999984225,
      0.039487099998950725,
      0.02750970000124653,
      0.026681499999540392,
      0.028555799999594456,
      0.028011599999445025,
      0.033048600002075545,
      0.027888699998584343,
      0.02787719999832916,
      0.02561019999848213,
      0.024986799999169307,
      0.02626600000075996,
      0.030267000001913402,
      0.0300085000017134,
      0.027234200002567377,
      0.030128499998681946,
      0.02946489999885671,
      0.028171699999802513,
      0.02402109999820823,
      0.033196600001247134,
      0.03325839999888558,
      0.029586699998617405,
      0.027140900001541013,
      0.023388199999317294,
      0.02897830000074464,
      0.02606480000031297,
      0.028728099998261314,
      0.03001659999790718,
      0.029292299997905502,
      0.02450690000114264,
      0.027673399999912363,
      0.030805599999439437,
      0.03238000000055763,
      0.02986800000144285,
      0.028246199999557575,
      0.025991099999373546,
      0.029270099999848753,
      0.027167399999598274,
      0.023018199997750344,
      0.022819600002549123,
      0.02338690000033239,
      0.02836150000075577,
      0.025988599998527206,
      0.028227499999047723,
      0.028055000002495944,
      0.038183100001333514,
      0.02727999999842723,
      0.032376199997088406,
      0.029115400000591762,
      0.025220100000296952,
      0.024295999999594642,
      0.030431199997110525,
      0.025156800002150703,
      0.02737610000258428,
      0.02560290000110399,
      0.026426899999933084,
      0.031122899999900255,
      0.026752600002510007,
      0.03148639999926672,
      0.048398200000519864
    ],
    "sync_times": [
      0.43374279999989085,
      0.02922450000187382,
      0.02254480000192416,
      0.013129499999195104,
      0.01608019999912358,
      0.016466200002469122,
      0.01880870000240975,
      0.014886299999488983,
      0.025796900001296308,
      0.013596000000688946,
      0.022468099999969127,
      0.012204499998915708,
      0.016383000001951586,
      0.01366029999917373,
      0.0178994000016246,
      0.015900499998679152,
      0.02142960000128369,
      0.017231099998753052,
      0.020585900001606205,
      0.016502799997397233,
      0.014913499999238411,
      0.018274999998538988,
      0.023125700001401128,
      0.01657119999799761,
      0.02333350000117207,
      0.013571899999078596,
      0.01554740000210586,
      0.014673500001663342,
      0.01927550000254996,
      0.017813499998737825,
      0.014046000000234926,
      0.022531900001922622,
      0.018013500000961358,
      0.015273600001819432,
      0.020441399999981513,
      0.01705949999814038,
      0.017469500002334826,
      0.024026199997024378,
      0.019427100000029895,
      0.024070700001175283,
      0.013847999998688465,
      0.016490200003318023,
      0.015404499998112442,
      0.02162790000147652,
      0.011126299999887124,
      0.02008130000103847,
      0.020237399996403838,
      0.015754500000184635,
      0.02161030000206665,
      0.019917800000257557,
      0.01380549999885261,
      0.021144900001672795,
      0.01647640000010142,
      0.020269199998438125,
      0.017021999999997206,
      0.014890400001604576,
      0.026767200000904268,
      0.015244700000039302,
      0.012952799999766285,
      0.016610300001048017
    ],
    "optim_times": [
      0.001107899999624351,
      0.0008286000011139549,
      0.0008015000021259766,
      0.0007102000017766841,
      0.0007058000010147225,
      0.0007010000008449424,
      0.0007649999970453791,
      0.000687899999320507,
      0.0006935999990673736,
      0.0006896000013512094,
      0.0006613000005017966,
      0.0006530999999085907,
      0.0006720999990648124,
      0.0006816999994043726,
      0.0006973999988986179,
      0.0006434999995690305,
      0.000828100000944687,
      0.0007048000006761868,
      0.0006395000018528663,
      0.0006495999987237155,
      0.0006807999998272862,
      0.0006434999995690305,
      0.0007668000034755096,
      0.0006955999997444451,
      0.0007336999988183379,
      0.0006433000016841106,
      0.0006375999982992653,
      0.0006552999984705821,
      0.0007287000007636379,
      0.0007198999992397148,
      0.000647599998046644,
      0.0006375000011757948,
      0.000597800000832649,
      0.0007121000016923063,
      0.0007259999983943999,
      0.0006269000004976988,
      0.0007355000016104896,
      0.0007570000016130507,
      0.0006836999964434654,
      0.0007710000027145725,
      0.0006878000021970365,
      0.0007223000029625837,
      0.0006272999999055173,
      0.0007078999988152646,
      0.0006992000016907696,
      0.0007709000019531231,
      0.0006936999998288229,
      0.0007120000009308569,
      0.0006986000007600524,
      0.0007494999990740325,
      0.0006906999988132156,
      0.0006735999995726161,
      0.0006662999985564966,
      0.0007125000011001248,
      0.0007519999999203719,
      0.000616599998465972,
      0.0007203000022855122,
      0.0007263000006787479,
      0.0007036999995762017,
      0.0007130999983928632
    ],