{
  "rank": 5,
  "world_size": 8,
  "num_steps": 60,
  "statistics": {
    "compute": {
      "count": 60,
      "min": 0.024372300002141856,
      "max": 0.10008599999855505,
      "mean": 0.03272716833319767,
      "std": 0.009895075600638452,
      "p95": 0.041500699997413903,
      "p99": 0.04857120000087889
    },
    "sync": {
      "count": 60,
      "min": 0.009605999999621417,
      "max": 0.06484160000036354,
      "mean": 0.015407786666643612,
      "std": 0.007186370570662254,
      "p95": 0.020491399998718407,
      "p99": 0.022744699999748264
    },
    "optim": {
      "count": 60,
      "min": 0.0005559999990509823,
      "max": 0.0012271000014152378,
      "mean": 0.0007431883335812017,
      "std": 0.00013233392751011515,
      "p95": 0.0010341000015614554,
      "p99": 0.0011593999988690484
    },
    "iter": {
      "count": 60,
      "min": 0.036723800003528595,
      "max": 0.16608699999778764,
      "mean": 0.04887814333342248,
      "std": 0.01619645634660692,
      "p95": 0.05859299999428913,
      "p99": 0.06505149999793503
    },
    "grad_norm": {
      "count": 60,
      "min": 0.04415564611554146,
      "max": 0.12112285941839218,
      "mean": 0.07939859256148338,
      "std": 0.020722513771662815,
      "p95": 0.11560528725385666,
      "p99": 0.11970218271017075
    },
    "loss": {
      "count": 60,
      "min": 1.5870583057403564,
      "max": 1.6417174339294434,
      "mean": 1.6104161461194357,
      "std": 0.010777433104865413,
      "p95": 1.6276707649230957,
      "p99": 1.632115125656128
    }
  },
  "trajectories": {
    "compute_times": [
      0.10008599999855505,
      0.041500699997413903,
      0.03442539999741712,
      0.030264600001828512,
      0.031343300001026364,
      0.02853020000111428,
      0.044838999998319196,
      0.03259500000058324,
      0.025961600000300677,
      0.029971100000693696,
      0.025483599998551654,
      0.027322500001901062,
      0.02598790000047302,
      0.030056299998250324,
      0.03164229999674717,
      0.03347050000229501,
      0.03567970000221976,
      0.035335100001248065,
      0.028304399998887675,
      0.03631409999798052,
      0.036878500002785586,
      0.03118240000185324,
      0.02985610000177985,
      0.030902499998774147,
      0.033252400000492344,
      0.03079040000011446,
      0.03319790000023204,
      0.03101740000056452,
      0.02683479999905103,
      0.02690249999795924,
      0.033087399999203626,
      0.03446569999869098,
      0.04075809999994817,
      0.031306899996707216,
      0.027445099996839417,
      0.027110899998660898,
      0.028679399998509325,
      0.029254599998239428,
      0.024372300002141856,
      0.031113500001083594,
      0.026813899999979185,
      0.026465300001291325,
      0.03474830000050133,
      0.030017400000360794,
      0.03056269999797223,
      0.03654380000079982,
      0.03359199999977136,
      0.0321457999998529,
      0.0366701999992074,
      0.02746800000022631,
      0.029974099998071324,
      0.034439800001564436,
      0.02767149999999674,
      0.02791359999901033,
      0.030980299998191185,
      0.02794229999926756,
      0.02897570000277483,
      0.02992620000077295,
      0.03468590000193217,
      0.04857120000087889
    ],
    "sync_times": [
      0.06484160000036354,
      0.022744699999748264,
      0.010494199999811826,
      0.014547499999025604,
      0.01267829999778769,
      0.014383099998667603,
      0.012968299997737631,
      0.021295499998814194,
      0.012206400002469309,
      0.015467299999727402,
      0.020143200003076345,
      0.019666800002596574,
      0.01010150000001886,
      0.013088300001982134,
      0.0157002999985707,
      0.011871400001837173,
      0.011130200000479817,
      0.013028699999267701,
      0.01918140000270796,
      0.014113900000666035,
      0.01066990000254009,
      0.016473699997732183,
      0.013275700002850499,
      0.014211699999577831,
      0.014541399999870919,
      0.01200069999686093,
      0.010448299999552546,
      0.01800799999909941,
      0.014940699998987839,
      0.015747400000691414,
      0.014309299996966729,
      0.012363000001641922,
      0.01639190000059898,
      0.01844639999762876,
      0.019526299998688046,
      0.01086859999850276,
      0.014082599998801015,
      0.01906320000125561,
      0.011914700000488665,
      0.015218800002912758,
      0.009605999999621417,
      0.014219000000593951,
      0.013731300001381896,
      0.010363099998357939,
      0.012912100002722582,
      0.012319199999183184,
      0.019738500002858927,
      0.01370160000078613,
      0.011847199999465374,
      0.01606739999988349,
      0.013181599999370519,
      0.01297550000163028,
      0.01809069999944768,
      0.011559299997315975,
      0.020491399998718407,
      0.01999939999950584,
      0.011000700000295183,
      0.01251369999954477,
      0.015672400000767084,
      0.012322199996560812
    ],
    "optim_times": [
      0.0011593999988690484,
      0.000806100000772858,
      0.0007211000011011492,
      0.0007912000000942498,
      0.0007590999994135927,
      0.0007403999989037402,
      0.0007856999982323032,
      0.0009940999989339616,
      0.0006973999988986179,
      0.0007263000006787479,
      0.0006587000025319867,
      0.0010341000015614554,
      0.000634400003036717,
      0.0006812000028730836,
      0.0006783000026189256,
      0.0009901000012177974,
      0.000714099998731399,
      0.000576299997192109,
      0.0006859999994048849,
      0.0006321000000752974,
      0.0007236999990709592,
      0.0006902999994053971,
      0.0006881000008434057,
      0.0007279999990714714,
      0.0007638999995833728,
      0.0005891000000701752,
      0.0007259999983943999,
      0.0007316000010177959,
      0.0006819000009272713,
      0.0007229000002553221,
      0.0006949000016902573,
      0.000711800003045937,
      0.0006522999974549748,
      0.0007550000009359792,
      0.0009118000016314909,
      0.0007121000016923063,
      0.0006897999992361292,
      0.0006995000003371388,
      0.000685800001519965,
      0.0007220999978017062,
      0.0005899999996472616,
      0.0007602000005135778,
      0.0011503999994602054,
      0.000667199998133583,
      0.0006776000009267591,
      0.0005559999990509823,
      0.0006833999977970961,
      0.0007212000018625986,
      0.0007256000026245601,
      0.0006926999994902872,
      0.0007519999999203719,
      0.0007273000010172836,
      0.0006820000016887207,
      0.0006626000031246804,
      0.0007690999991609715,
      0.0012271000014152378,
      0.0006720000019413419,
      0.0007069999992381781,
      0.0007656999987375457,
      0.0006554999999934807
    ],