{
  "rank": 6,
  "world_size": 8,
  "num_steps": 10,
  "statistics": {
    "compute": {
      "count": 10,
      "min": 0.03430349999689497,
      "max": 0.17889980000109063,
      "mean": 0.10807265999974333,
      "std": 0.042527576898919964,
      "p95": 0.15160090000063065,
      "p99": 0.15160090000063065
    },
    "sync": {
      "count": 10,
      "min": 0.02888179999717977,
      "max": 0.11449279999942519,
      "mean": 0.058360460000039895,
      "std": 0.03208031168037154,
      "p95": 0.11444110000229557,
      "p99": 0.11444110000229557
    },
    "optim": {
      "count": 10,
      "min": 0.0008519000002706889,
      "max": 0.0037933999992674217,
      "mean": 0.0014786100000492297,
      "std": 0.0008214172423623554,
      "p95": 0.0017015999983414076,
      "p99": 0.0017015999983414076
    },
    "iter": {
      "count": 10,
      "min": 0.07550709999850369,
      "max": 0.26805030000105035,
      "mean": 0.16791172999983245,
      "std": 0.05473342494683249,
      "p95": 0.21711670000149752,
      "p99": 0.21711670000149752
    },
    "grad_norm": {
      "count": 10,
      "min": 0.178546741604805,
      "max": 0.42565569281578064,
      "mean": 0.2816349804401398,
      "std": 0.07806672744998912,
      "p95": 0.38520607352256775,
      "p99": 0.38520607352256775
    },
    "loss": {
      "count": 10,
      "min": 2.2670443058013916,
      "max": 2.32149338722229,
      "mean": 2.300768232345581,
      "std": 0.015803470498353532,
      "p95": 2.3191466331481934,
      "p99": 2.3191466331481934
    }
  },
  "trajectories": {
    "compute_times": [
      0.17889980000109063,
      0.07029750000219792,
      0.03430349999689497,
      0.06536829999822658,
      0.15160090000063065,
      0.14694880000024568,
      0.10297050000008312,
      0.13477029999921797,
      0.10097400000086054,
      0.09459299999798532
    ],
    "sync_times": [
      0.08761830000003101,
      0.11449279999942519,
      0.039649400001508184,
      0.02888179999717977,
      0.04824010000083945,
      0.03165129999979399,
      0.04334209999797167,
      0.040865800001483876,
      0.11444110000229557,
      0.03442189999987022
    ],
    "optim_times": [
      0.0015321999999287073,
      0.0013266999994812068,
      0.0015542000001005363,
      0.001021800002490636,
      0.0037933999992674217,
      0.0009520000021439046,
      0.0008519000002706889,
      0.0011246999965806026,
      0.0017015999983414076,
      0.0009276000018871855
    ],
    "iter_times": [
      0.26805030000105035,
      0.18611700000110432,
      0.07550709999850369,
      0.09527189999789698,
      0.20363440000073751,
      0.17955210000218358,
      0.14716449999832548,
      0.17676079999728245,
      0.21711670000149752,
      0.12994249999974272
    ],
    "grad_norms": [
      0.33937931060791016,
      0.2863592803478241,
      0.22397910058498383,
      0.42565569281578064,
      0.178546741604805,
      0.2989473044872284,
      0.20952743291854858,
      0.38520607352256775,
      0.2675463855266571,
      0.20120248198509216
    ],
    "losses": [
      2.2670443058013916,
      2.3105413913726807,
      2.2827541828155518,
      2.2926599979400635,
      2.305544376373291,
      2.2992782592773438,
      2.2994823455810547,
      2.3191466331481934,
      2.32149338722229,
      2.30973744392395
    ],
    "bytes_transferred": [
      208552,
      208552,
      208552,
      208552,
      208552,
      208552,
      208552,
      208552,
      208552,
      208552
    ],
    "epochs": [
      0,
      0,
      0,
      0,
      0,
      0,
      0,
      0,
      0,
      0
    ],
    "steps": [
      0,
      1,
      2,
      3,
      4,
      5,
      6,
      7,
      8,
      9
    ]
  }
}