{
  "rank": 0,
  "world_size": 2,
  "num_steps": 10,
  "statistics": {
    "compute": {
      "count": 10,
      "min": 0.024656199999299133,
      "max": 0.12444620000314899,
      "mean": 0.03730560000076366,
      "std": 0.029103821309624713,
      "p95": 0.03134620000128052,
      "p99": 0.03134620000128052
    },
    "sync": {
      "count": 10,
      "min": 0.0034907000008388422,
      "max": 0.02222049999909359,
      "mean": 0.005577410000114469,
      "std": 0.005550072639265051,
      "p95": 0.004025499998533633,
      "p99": 0.004025499998533633
    },
    "optim": {
      "count": 10,
      "min": 0.0006901999986439478,
      "max": 0.0016650000034132972,
      "mean": 0.0008781399996223626,
      "std": 0.00027049375032015715,
      "p95": 0.0008721999984118156,
      "p99": 0.0008721999984118156
    },
    "iter": {
      "count": 10,
      "min": 0.029065500002616318,
      "max": 0.14833170000565588,
      "mean": 0.043761150000500494,
      "std": 0.03491027790858136,
      "p95": 0.03621509999720729,
      "p99": 0.03621509999720729
    },
    "grad_norm": {
      "count": 10,
      "min": 0.187590554356575,
      "max": 0.3251088857650757,
      "mean": 0.2610494539141655,
      "std": 0.04466554497953226,
      "p95": 0.30971938371658325,
      "p99": 0.30971938371658325
    },
    "loss": {
      "count": 10,
      "min": 2.2970056533813477,
      "max": 2.324129104614258,
      "mean": 2.308301091194153,
      "std": 0.006662150582732076,
      "p95": 2.3120694160461426,
      "p99": 2.3120694160461426
    }
  },
  "trajectories": {
    "compute_times": [
      0.12444620000314899,
      0.028734999999869615,
      0.03134620000128052,
      0.02746359999946435,
      0.027325099999870872,
      0.02675190000081784,
      0.024656199999299133,
      0.029765000002953457,
      0.025992999999289168,
      0.026573800001642667
    ],
    "sync_times": [
      0.02222049999909359,
      0.0038769000020693056,
      0.004025499998533633,
      0.003840900000795955,
      0.0038752000000386033,
      0.0035707999995793216,
      0.0036848000017926097,
      0.0035935999985667877,
      0.0035951999998360407,
      0.0034907000008388422
    ],
    "optim_times": [
      0.0016650000034132972,
      0.0008607999989180826,
      0.000843399997393135,
      0.0006901999986439478,
      0.0008333999976457562,
      0.0008488999992550816,
      0.0007245000015245751,
      0.0007293000016943552,
      0.0008721999984118156,
      0.0007136999993235804
    ],
    "iter_times": [
      0.14833170000565588,
      0.033472700000857,
      0.03621509999720729,
      0.03199469999890425,
      0.03203369999755523,
      0.031171599999652244,
      0.029065500002616318,
      0.0340879000032146,
      0.030460399997537024,
      0.03077820000180509
    ],
    "grad_norms": [
      0.2242436408996582,
      0.2506162226200104,
      0.187590554356575,
      0.30971938371658325,
      0.2947540283203125,
      0.2125404328107834,
      0.3251088857650757,
      0.2957877516746521,
      0.22464849054813385,
      0.2854851484298706
    ],
    "losses": [
      2.306812047958374,
      2.3049495220184326,
      2.3120694160461426,
      2.309098243713379,
      2.310894250869751,
      2.2970056533813477,
      2.324129104614258,
      2.309185743331909,
      2.304334878921509,
      2.304532051086426
    ],
    "bytes_transferred": [
      208552,
      208552,
      208552,
      208552,
      208552,
      208552,
      208552,
      208552,
      208552,
      208552
    ],
    "epochs": [
      0,
      0,
      0,
      0,
      0,
      0,
      0,
      0,
      0,
      0
    ],
    "steps": [
      0,
      1,
      2,
      3,
      4,
      5,
      6,
      7,
      8,
      9
    ]
  }
}