{
  "rank": 2,
  "world_size": 8,
  "num_steps": 10,
  "statistics": {
    "compute": {
      "count": 10,
      "min": 0.04062369999883231,
      "max": 0.16902000000118278,
      "mean": 0.11610111000009056,
      "std": 0.03742049979154586,
      "p95": 0.15017400000215275,
      "p99": 0.15017400000215275
    },
    "sync": {
      "count": 10,
      "min": 0.024080099999991944,
      "max": 0.19079869999768562,
      "mean": 0.052652210000451304,
      "std": 0.04655269306838419,
      "p95": 0.048952099998132326,
      "p99": 0.048952099998132326
    },
    "optim": {
      "count": 10,
      "min": 0.0009914999973261729,
      "max": 0.0021172999986447394,
      "mean": 0.001307220000308007,
      "std": 0.0003418741454250332,
      "p95": 0.0015739000009489246,
      "p99": 0.0015739000009489246
    },
    "iter": {
      "count": 10,
      "min": 0.0779013000028499,
      "max": 0.3050656000013987,
      "mean": 0.17006054000084986,
      "std": 0.05732520464704047,
      "p95": 0.20490950000385055,
      "p99": 0.20490950000385055
    },
    "grad_norm": {
      "count": 10,
      "min": 0.178546741604805,
      "max": 0.42565569281578064,
      "mean": 0.2816349804401398,
      "std": 0.07806672570053307,
      "p95": 0.38520604372024536,
      "p99": 0.38520604372024536
    },
    "loss": {
      "count": 10,
      "min": 2.2890965938568115,
      "max": 2.334015369415283,
      "mean": 2.30834846496582,
      "std": 0.01171752580265774,
      "p95": 2.3187074661254883,
      "p99": 2.3187074661254883
    }
  },
  "trajectories": {
    "compute_times": [
      0.11285810000117635,
      0.1345435000002908,
      0.04062369999883231,
      0.06967430000077002,
      0.15017400000215275,
      0.14942099999825587,
      0.1036841999994067,
      0.1324404000006325,
      0.16902000000118278,
      0.09857189999820548
    ],
    "sync_times": [
      0.19079869999768562,
      0.03600430000005872,
      0.03625160000228789,
      0.048059100001410116,
      0.03370089999953052,
      0.03994110000348883,
      0.048952099998132326,
      0.024080099999991944,
      0.03480230000059237,
      0.033931900001334725
    ],
    "optim_times": [
      0.0014088000025367364,
      0.0010511000000406057,
      0.0010260000017296989,
      0.0021172999986447394,
      0.0012180000012449455,
      0.0015739000009489246,
      0.0015543999979854561,
      0.0009914999973261729,
      0.0010872000020754058,
      0.0010440000005473848
    ],
    "iter_times": [
      0.3050656000013987,
      0.17159890000039013,
      0.0779013000028499,
      0.11985070000082487,
      0.18509290000292822,
      0.19093600000269362,
      0.15419069999552448,
      0.15751199999795062,
      0.20490950000385055,
      0.1335478000000876
    ],
    "grad_norms": [
      0.33937934041023254,
      0.2863592803478241,
      0.22397910058498383,
      0.42565569281578064,
      0.178546741604805,
      0.2989473044872284,
      0.20952743291854858,
      0.38520604372024536,
      0.2675463855266571,
      0.20120248198509216
    ],
    "losses": [
      2.302269458770752,
      2.306955099105835,
      2.310551881790161,
      2.314680337905884,
      2.2890965938568115,
      2.298177480697632,
      2.3187074661254883,
      2.307645559310913,
      2.334015369415283,
      2.3013854026794434
    ],
    "bytes_transferred": [
      208552,
      208552,
      208552,
      208552,
      208552,
      208552,
      208552,
      208552,
      208552,
      208552
    ],
    "epochs": [
      0,
      0,
      0,
      0,
      0,
      0,
      0,
      0,
      0,
      0
    ],
    "steps": [
      0,
      1,
      2,
      3,
      4,
      5,
      6,
      7,
      8,
      9
    ]
  }
}