{
  "rank": 1,
  "world_size": 2,
  "num_steps": 10,
  "statistics": {
    "compute": {
      "count": 10,
      "min": 0.023024999998597195,
      "max": 0.1140147000005527,
      "mean": 0.03545956000016304,
      "std": 0.026377872009869248,
      "p95": 0.033172399998875335,
      "p99": 0.033172399998875335
    },
    "sync": {
      "count": 10,
      "min": 0.0036079000019526575,
      "max": 0.010463799997523893,
      "mean": 0.006142920000274899,
      "std": 0.0022608583240760712,
      "p95": 0.00943589999951655,
      "p99": 0.00943589999951655
    },
    "optim": {
      "count": 10,
      "min": 0.0008369999995920807,
      "max": 0.0013668999999936204,
      "mean": 0.0009306799998739735,
      "std": 0.00014802315903861426,
      "p95": 0.0009368999999423977,
      "p99": 0.0009368999999423977
    },
    "iter": {
      "count": 10,
      "min": 0.029189400000177557,
      "max": 0.12481750000006286,
      "mean": 0.04253316000031191,
      "std": 0.027747813400331056,
      "p95": 0.04454349999650731,
      "p99": 0.04454349999650731
    },
    "grad_norm": {
      "count": 10,
      "min": 0.187590554356575,
      "max": 0.3251088857650757,
      "mean": 0.2610494539141655,
      "std": 0.04466554497953226,
      "p95": 0.30971938371658325,
      "p99": 0.30971938371658325
    },
    "loss": {
      "count": 10,
      "min": 2.291783094406128,
      "max": 2.319734573364258,
      "mean": 2.3081905364990236,
      "std": 0.008049810522826186,
      "p95": 2.3186113834381104,
      "p99": 2.3186113834381104
    }
  },
  "trajectories": {
    "compute_times": [
      0.1140147000005527,
      0.033172399998875335,
      0.031492800000705756,
      0.023221300001750933,
      0.027324000002408866,
      0.025049399999261368,
      0.024731499997869832,
      0.02761559999999008,
      0.023024999998597195,
      0.024948900001618313
    ],
    "sync_times": [
      0.00943589999951655,
      0.010463799997523893,
      0.0040483000011590775,
      0.007824100001016632,
      0.0037187000016274396,
      0.005271599999105092,
      0.0036079000019526575,
      0.005611500000668457,
      0.006311500001174863,
      0.005135899999004323
    ],
    "optim_times": [
      0.0013668999999936204,
      0.00090730000010808,
      0.0008683000014571007,
      0.0008923999994294718,
      0.0008758999974816106,
      0.0008369999995920807,
      0.0008500000003550667,
      0.0008686000001034699,
      0.0009368999999423977,
      0.0009035000002768356
    ],
    "iter_times": [
      0.12481750000006286,
      0.04454349999650731,
      0.036409400003321934,
      0.031937800002197037,
      0.031918600001517916,
      0.03115799999795854,
      0.029189400000177557,
      0.03409570000076201,
      0.030273399999714456,
      0.03098830000089947
    ],
    "grad_norms": [
      0.2242436408996582,
      0.2506162226200104,
      0.187590554356575,
      0.30971938371658325,
      0.2947540283203125,
      0.2125404328107834,
      0.3251088857650757,
      0.2957877516746521,
      0.22464849054813385,
      0.2854851484298706
    ],
    "losses": [
      2.3041484355926514,
      2.291783094406128,
      2.3041374683380127,
      2.3085227012634277,
      2.3186113834381104,
      2.3058841228485107,
      2.319734573364258,
      2.314422130584717,
      2.3127355575561523,
      2.3019258975982666
    ],
    "bytes_transferred": [
      208552,
      208552,
      208552,
      208552,
      208552,
      208552,
      208552,
      208552,
      208552,
      208552
    ],
    "epochs": [
      0,
      0,
      0,
      0,
      0,
      0,
      0,
      0,
      0,
      0
    ],
    "steps": [
      0,
      1,
      2,
      3,
      4,
      5,
      6,
      7,
      8,
      9
    ]
  }
}