{
  "rank": 6,
  "world_size": 8,
  "num_steps": 10,
  "statistics": {
    "compute": {
      "count": 10,
      "min": 0.011669999999867287,
      "max": 0.055997399998886976,
      "mean": 0.025750630000402452,
      "std": 0.01456404551216427,
      "p95": 0.040549100001953775,
      "p99": 0.040549100001953775
    },
    "sync": {
      "count": 10,
      "min": 0.04988719999892055,
      "max": 0.1523966000022483,
      "mean": 0.07975300999969477,
      "std": 0.02966699195037738,
      "p95": 0.09736870000051567,
      "p99": 0.09736870000051567
    },
    "optim": {
      "count": 10,
      "min": 0.0008892999976524152,
      "max": 0.01421919999847887,
      "mean": 0.003066979999493924,
      "std": 0.003802466573676972,
      "p95": 0.0037645000011252705,
      "p99": 0.0037645000011252705
    },
    "iter": {
      "count": 10,
      "min": 0.06557099999918137,
      "max": 0.17828580000059446,
      "mean": 0.10857061999959114,
      "std": 0.038085563994548044,
      "p95": 0.15425539999705506,
      "p99": 0.15425539999705506
    },
    "grad_norm": {
      "count": 10,
      "min": 0.3254165053367615,
      "max": 0.3504560887813568,
      "mean": 0.3382708728313446,
      "std": 0.008284288334648775,
      "p95": 0.3504524827003479,
      "p99": 0.3504524827003479
    },
    "loss": {
      "count": 10,
      "min": 2.2693378925323486,
      "max": 2.344625473022461,
      "mean": 2.306963562965393,
      "std": 0.02014582059389194,
      "p95": 2.326917886734009,
      "p99": 2.326917886734009
    }
  },
  "trajectories": {
    "compute_times": [
      0.011669999999867287,
      0.03799740000249585,
      0.040549100001953775,
      0.055997399998886976,
      0.03448070000013104,
      0.01834210000015446,
      0.013768900000286521,
      0.017541799999889918,
      0.012995299999602139,
      0.01416360000075656
    ],
    "sync_times": [
      0.1523966000022483,
      0.09118739999757963,
      0.09680830000070273,
      0.09736870000051567,
      0.0743438999998034,
      0.06262669999705395,
      0.05181320000338019,
      0.06600429999889457,
      0.05509379999784869,
      0.04988719999892055
    ],
    "optim_times": [
      0.01421919999847887,
      0.0021863999972993042,
      0.0010407000008854084,
      0.0008892999976524152,
      0.0025381000014021993,
      0.0012516999995568767,
      0.0037645000011252705,
      0.0016901999988476746,
      0.001569500000186963,
      0.001520199999504257
    ],
    "iter_times": [
      0.17828580000059446,
      0.1313711999973748,
      0.1383981000035419,
      0.15425539999705506,
      0.11136270000133663,
      0.08222049999676528,
      0.06934660000479198,
      0.08523629999763216,
      0.0696585999976378,
      0.06557099999918137
    ],
    "grad_norms": [
      0.34363359212875366,
      0.33614903688430786,
      0.3504524827003479,
      0.3504560887813568,
      0.34008482098579407,
      0.3322739899158478,
      0.3366731107234955,
      0.34116247296333313,
      0.3264066278934479,
      0.3254165053367615
    ],
    "losses": [
      2.3091495037078857,
      2.3032612800598145,
      2.344625473022461,
      2.326917886734009,
      2.301640510559082,
      2.2925662994384766,
      2.3007888793945312,
      2.326587677001953,
      2.2693378925323486,
      2.294760227203369
    ],
    "bytes_transferred": [
      437544,
      437544,
      437544,
      437544,
      437544,
      437544,
      437544,
      437544,
      437544,
      437544
    ],
    "epochs": [
      0,
      0,
      0,
      0,
      0,
      0,
      0,
      0,
      0,
      0
    ],
    "steps": [
      0,
      1,
      2,
      3,
      4,
      5,
      6,
      7,
      8,
      9
    ]
  }
}