{
  "rank": 3,
  "world_size": 8,
  "num_steps": 10,
  "statistics": {
    "compute": {
      "count": 10,
      "min": 0.009806400001252769,
      "max": 0.0834203999984311,
      "mean": 0.023962459999893326,
      "std": 0.021090408772477094,
      "p95": 0.03457630000048084,
      "p99": 0.03457630000048084
    },
    "sync": {
      "count": 10,
      "min": 0.04348220000247238,
      "max": 0.46068580000064685,
      "mean": 0.11537623000076565,
      "std": 0.11812120409186662,
      "p95": 0.12194559999988996,
      "p99": 0.12194559999988996
    },
    "optim": {
      "count": 10,
      "min": 0.0008830000006128103,
      "max": 0.012898500001028879,
      "mean": 0.0032613400002446725,
      "std": 0.0034397004751074906,
      "p95": 0.0040791999999783,
      "p99": 0.0040791999999783
    },
    "iter": {
      "count": 10,
      "min": 0.05461300000388292,
      "max": 0.5570047000001068,
      "mean": 0.14260003000090365,
      "std": 0.14198096170435826,
      "p95": 0.15120240000032936,
      "p99": 0.15120240000032936
    },
    "grad_norm": {
      "count": 10,
      "min": 0.3254165053367615,
      "max": 0.3504560589790344,
      "mean": 0.33827086389064787,
      "std": 0.008284282596661214,
      "p95": 0.3504524827003479,
      "p99": 0.3504524827003479
    },
    "loss": {
      "count": 10,
      "min": 2.281198501586914,
      "max": 2.3367223739624023,
      "mean": 2.3109982013702393,
      "std": 0.018055554500025512,
      "p95": 2.331920623779297,
      "p99": 2.331920623779297
    }
  },
  "trajectories": {
    "compute_times": [
      0.0834203999984311,
      0.03457630000048084,
      0.025868699998682132,
      0.017163000000437023,
      0.01617149999947287,
      0.011863499999890337,
      0.013712200001464225,
      0.01666019999902346,
      0.010382399999798508,
      0.009806400001252769
    ],
    "sync_times": [
      0.46068580000064685,
      0.11254689999987022,
      0.12194559999988996,
      0.11095560000103433,
      0.060369300001184456,
      0.06467909999992116,
      0.049903399998584064,
      0.06664190000083181,
      0.06255250000322121,
      0.04348220000247238
    ],
    "optim_times": [
      0.012898500001028879,
      0.0040791999999783,
      0.0020513999988907017,
      0.0012128999987908173,
      0.0038605999980063643,
      0.0010630000033415854,
      0.003978400000050897,
      0.0008830000006128103,
      0.0012620000015886035,
      0.001324400000157766
    ],
    "iter_times": [
      0.5570047000001068,
      0.15120240000032936,
      0.1498656999974628,
      0.12933150000026217,
      0.08040139999866369,
      0.07760560000315309,
      0.06759400000009919,
      0.08418510000046808,
      0.07419690000460832,
      0.05461300000388292
    ],
    "grad_norms": [
      0.3436335623264313,
      0.33614903688430786,
      0.3504524827003479,
      0.3504560589790344,
      0.34008482098579407,
      0.3322739899158478,
      0.3366730809211731,
      0.34116247296333313,
      0.3264066278934479,
      0.3254165053367615
    ],
    "losses": [
      2.3316915035247803,
      2.2910444736480713,
      2.2923197746276855,
      2.3367223739624023,
      2.331920623779297,
      2.3076155185699463,
      2.3052260875701904,
      2.281198501586914,
      2.3162267208099365,
      2.316016435623169
    ],
    "bytes_transferred": [
      437544,
      437544,
      437544,
      437544,
      437544,
      437544,
      437544,
      437544,
      437544,
      437544
    ],
    "epochs": [
      0,
      0,
      0,
      0,
      0,
      0,
      0,
      0,
      0,
      0
    ],
    "steps": [
      0,
      1,
      2,
      3,
      4,
      5,
      6,
      7,
      8,
      9
    ]
  }
}