{
  "rank": 0,
  "world_size": 8,
  "num_steps": 10,
  "statistics": {
    "compute": {
      "count": 10,
      "min": 0.010068300001876196,
      "max": 0.07311579999804962,
      "mean": 0.024727430000712047,
      "std": 0.017505856205840567,
      "p95": 0.03025550000165822,
      "p99": 0.03025550000165822
    },
    "sync": {
      "count": 10,
      "min": 0.047488699998211814,
      "max": 1.1142906999994011,
      "mean": 0.18298584000003756,
      "std": 0.3113232384173584,
      "p95": 0.12889499999801046,
      "p99": 0.12889499999801046
    },
    "optim": {
      "count": 10,
      "min": 0.0007383999982266687,
      "max": 0.005259199999272823,
      "mean": 0.0017500199995993172,
      "std": 0.0012944882555433678,
      "p95": 0.0028316999996604864,
      "p99": 0.0028316999996604864
    },
    "iter": {
      "count": 10,
      "min": 0.06191639999815379,
      "max": 1.1926656999967236,
      "mean": 0.20946329000034894,
      "std": 0.3290595324233841,
      "p95": 0.16024499999912223,
      "p99": 0.16024499999912223
    },
    "grad_norm": {
      "count": 10,
      "min": 0.3254165053367615,
      "max": 0.3504560887813568,
      "mean": 0.3382708728313446,
      "std": 0.008284288334648775,
      "p95": 0.3504524827003479,
      "p99": 0.3504524827003479
    },
    "loss": {
      "count": 10,
      "min": 2.2690606117248535,
      "max": 2.3299636840820312,
      "mean": 2.303129720687866,
      "std": 0.01826702724971854,
      "p95": 2.323545217514038,
      "p99": 2.323545217514038
    }
  },
  "trajectories": {
    "compute_times": [
      0.07311579999804962,
      0.029961500000354135,
      0.02400860000125249,
      0.03025550000165822,
      0.02071020000221324,
      0.02015899999969406,
      0.012868300000263844,
      0.012979999999515712,
      0.01314710000224295,
      0.010068300001876196
    ],
    "sync_times": [
      1.1142906999994011,
      0.12889499999801046,
      0.10880730000280892,
      0.09534219999841298,
      0.05974720000085654,
      0.07688230000348995,
      0.06904340000255615,
      0.047488699998211814,
      0.06588909999845782,
      0.06347249999816995
    ],
    "optim_times": [
      0.005259199999272823,
      0.001388500000757631,
      0.0028316999996604864,
      0.0007383999982266687,
      0.0016460000006190967,
      0.0011185999974259175,
      0.0010680000013962854,
      0.0014477000004262663,
      0.0011247000002185814,
      0.0008773999979894143
    ],
    "iter_times": [
      1.1926656999967236,
      0.16024499999912223,
      0.1356476000037219,
      0.12633609999829787,
      0.08210340000368888,
      0.09815990000060992,
      0.08297970000421628,
      0.06191639999815379,
      0.08016090000091936,
      0.07441819999803556
    ],
    "grad_norms": [
      0.34363359212875366,
      0.33614903688430786,
      0.3504524827003479,
      0.3504560887813568,
      0.34008482098579407,
      0.3322739899158478,
      0.3366731107234955,
      0.34116247296333313,
      0.3264066278934479,
      0.3254165053367615
    ],
    "losses": [
      2.306931495666504,
      2.296600580215454,
      2.3133885860443115,
      2.2690606117248535,
      2.323545217514038,
      2.2999942302703857,
      2.3075110912323,
      2.309570074081421,
      2.2747316360473633,
      2.3299636840820312
    ],
    "bytes_transferred": [
      437544,
      437544,
      437544,
      437544,
      437544,
      437544,
      437544,
      437544,
      437544,
      437544
    ],
    "epochs": [
      0,
      0,
      0,
      0,
      0,
      0,
      0,
      0,
      0,
      0
    ],
    "steps": [
      0,
      1,
      2,
      3,
      4,
      5,
      6,
      7,
      8,
      9
    ]
  }
}