{
  "rank": 7,
  "world_size": 8,
  "num_steps": 10,
  "statistics": {
    "compute": {
      "count": 10,
      "min": 0.014634899998782203,
      "max": 0.042346999998699175,
      "mean": 0.02484100999972725,
      "std": 0.009958188401325428,
      "p95": 0.03732490000038524,
      "p99": 0.03732490000038524
    },
    "sync": {
      "count": 10,
      "min": 0.04377569999996922,
      "max": 0.4446267999992415,
      "mean": 0.11160796000040137,
      "std": 0.11269343611111717,
      "p95": 0.11331810000046971,
      "p99": 0.11331810000046971
    },
    "optim": {
      "count": 10,
      "min": 0.000995600003079744,
      "max": 0.0140185999989626,
      "mean": 0.0028863000006822404,
      "std": 0.0038007641463418396,
      "p95": 0.0035883000018657185,
      "p99": 0.0035883000018657185
    },
    "iter": {
      "count": 10,
      "min": 0.05969270000059623,
      "max": 0.5009923999969033,
      "mean": 0.13933527000081086,
      "std": 0.12345645059530519,
      "p95": 0.1504333000011684,
      "p99": 0.1504333000011684
    },
    "grad_norm": {
      "count": 10,
      "min": 0.3254165053367615,
      "max": 0.3504560589790344,
      "mean": 0.33827086389064787,
      "std": 0.008284283873315075,
      "p95": 0.3504524827003479,
      "p99": 0.3504524827003479
    },
    "loss": {
      "count": 10,
      "min": 2.2980754375457764,
      "max": 2.347642660140991,
      "mean": 2.3188802003860474,
      "std": 0.013985286301825673,
      "p95": 2.3310470581054688,
      "p99": 2.3310470581054688
    }
  },
  "trajectories": {
    "compute_times": [
      0.042346999998699175,
      0.02574290000120527,
      0.03430289999960223,
      0.03732490000038524,
      0.029613299997436116,
      0.017890600000100676,
      0.01691679999930784,
      0.014634899998782203,
      0.014993100001447601,
      0.014643700000306126
    ],
    "sync_times": [
      0.4446267999992415,
      0.09472000000096159,
      0.11331810000046971,
      0.09456080000018119,
      0.06892420000076527,
      0.06177110000135144,
      0.06215830000292044,
      0.04377569999996922,
      0.06971879999764496,
      0.06250580000050832
    ],
    "optim_times": [
      0.0140185999989626,
      0.0016462999992654659,
      0.002812300001096446,
      0.0011086000013165176,
      0.0011893000009877142,
      0.0010782999997900333,
      0.0035883000018657185,
      0.0012821000018448103,
      0.000995600003079744,
      0.0011435999986133538
    ],
    "iter_times": [
      0.5009923999969033,
      0.12210920000143233,
      0.1504333000011684,
      0.13299430000188295,
      0.0997267999991891,
      0.08074000000124215,
      0.082663400004094,
      0.05969270000059623,
      0.08570750000217231,
      0.0782930999994278
    ],
    "grad_norms": [
      0.34363359212875366,
      0.33614903688430786,
      0.3504524827003479,
      0.3504560589790344,
      0.3400847911834717,
      0.3322739899158478,
      0.3366730809211731,
      0.34116247296333313,
      0.3264066278934479,
      0.3254165053367615
    ],
    "losses": [
      2.313101291656494,
      2.3033931255340576,
      2.3193681240081787,
      2.2980754375457764,
      2.3271374702453613,
      2.3071563243865967,
      2.326423406600952,
      2.3154571056365967,
      2.3310470581054688,
      2.347642660140991
    ],
    "bytes_transferred": [
      437544,
      437544,
      437544,
      437544,
      437544,
      437544,
      437544,
      437544,
      437544,
      437544
    ],
    "epochs": [
      0,
      0,
      0,
      0,
      0,
      0,
      0,
      0,
      0,
      0
    ],
    "steps": [
      0,
      1,
      2,
      3,
      4,
      5,
      6,
      7,
      8,
      9
    ]
  }
}