{
  "rank": 1,
  "world_size": 8,
  "num_steps": 10,
  "statistics": {
    "compute": {
      "count": 10,
      "min": 0.013102400000207126,
      "max": 0.05310040000040317,
      "mean": 0.022516530000575585,
      "std": 0.01165044983016186,
      "p95": 0.029010099999140948,
      "p99": 0.029010099999140948
    },
    "sync": {
      "count": 10,
      "min": 0.04845009999917238,
      "max": 0.5589075999996567,
      "mean": 0.12803774999920278,
      "std": 0.14697515914807596,
      "p95": 0.15371539999978268,
      "p99": 0.15371539999978268
    },
    "optim": {
      "count": 10,
      "min": 0.0008144000021275133,
      "max": 0.014404900000954513,
      "mean": 0.002888130000428646,
      "std": 0.003956239748160442,
      "p95": 0.00433569999950123,
      "p99": 0.00433569999950123
    },
    "iter": {
      "count": 10,
      "min": 0.06303810000099475,
      "max": 0.6264129000010143,
      "mean": 0.15344241000020703,
      "std": 0.1619150876299465,
      "p95": 0.18378029999803402,
      "p99": 0.18378029999803402
    },
    "grad_norm": {
      "count": 10,
      "min": 0.3254165053367615,
      "max": 0.3504560589790344,
      "mean": 0.33827086389064787,
      "std": 0.008284282258287923,
      "p95": 0.3504524827003479,
      "p99": 0.3504524827003479
    },
    "loss": {
      "count": 10,
      "min": 2.2706053256988525,
      "max": 2.335947275161743,
      "mean": 2.2977366209030152,
      "std": 0.017579338324449547,
      "p95": 2.3102316856384277,
      "p99": 2.3102316856384277
    }
  },
  "trajectories": {
    "compute_times": [
      0.05310040000040317,
      0.024622200002340833,
      0.027643700002954574,
      0.029010099999140948,
      0.013102400000207126,
      0.01915250000092783,
      0.0145340999988548,
      0.014075899998715613,
      0.015063800001371419,
      0.01486020000083954
    ],
    "sync_times": [
      0.5589075999996567,
      0.09945519999746466,
      0.1125021999978344,
      0.15371539999978268,
      0.04845009999917238,
      0.06552649999866844,
      0.06550029999925755,
      0.050405900001351256,
      0.06308569999964675,
      0.0628285999991931
    ],
    "optim_times": [
      0.014404900000954513,
      0.001292299999477109,
      0.00433569999950123,
      0.0010547999991104007,
      0.0014856000016152393,
      0.0017478000008850358,
      0.0014436999990721233,
      0.0008144000021275133,
      0.0008428000001003966,
      0.001459300001442898
    ],
    "iter_times": [
      0.6264129000010143,
      0.1253696999992826,
      0.1444816000002902,
      0.18378029999803402,
      0.06303810000099475,
      0.08642680000048131,
      0.08147809999718447,
      0.06529620000219438,
      0.07899230000111856,
      0.07914810000147554
    ],
    "grad_norms": [
      0.34363359212875366,
      0.33614903688430786,
      0.3504524827003479,
      0.3504560589790344,
      0.3400847911834717,
      0.3322739899158478,
      0.3366731107234955,
      0.34116244316101074,
      0.3264066278934479,
      0.3254165053367615
    ],
    "losses": [
      2.3102316856384277,
      2.294260025024414,
      2.335947275161743,
      2.2906060218811035,
      2.275383234024048,
      2.3077728748321533,
      2.3041269779205322,
      2.2920844554901123,
      2.2963483333587646,
      2.2706053256988525
    ],
    "bytes_transferred": [
      437544,
      437544,
      437544,
      437544,
      437544,
      437544,
      437544,
      437544,
      437544,
      437544
    ],
    "epochs": [
      0,
      0,
      0,
      0,
      0,
      0,
      0,
      0,
      0,
      0
    ],
    "steps": [
      0,
      1,
      2,
      3,
      4,
      5,
      6,
      7,
      8,
      9
    ]
  }
}