{
  "rank": 5,
  "world_size": 8,
  "num_steps": 10,
  "statistics": {
    "compute": {
      "count": 10,
      "min": 0.011622799996985123,
      "max": 0.07368080000014743,
      "mean": 0.025846169999203993,
      "std": 0.01701874494757116,
      "p95": 0.029929599997558398,
      "p99": 0.029929599997558398
    },
    "sync": {
      "count": 10,
      "min": 0.05258229999890318,
      "max": 0.5167159000011452,
      "mean": 0.12144383999948331,
      "std": 0.13424027933071633,
      "p95": 0.13258769999811193,
      "p99": 0.13258769999811193
    },
    "optim": {
      "count": 10,
      "min": 0.000904099997569574,
      "max": 0.004240499998559244,
      "mean": 0.0015860299998166738,
      "std": 0.0009924453203210269,
      "p95": 0.0023521000002801884,
      "p99": 0.0023521000002801884
    },
    "iter": {
      "count": 10,
      "min": 0.06534709999687038,
      "max": 0.5946371999998519,
      "mean": 0.148876039998504,
      "std": 0.1518236879608462,
      "p95": 0.16196259999924223,
      "p99": 0.16196259999924223
    },
    "grad_norm": {
      "count": 10,
      "min": 0.3254165053367615,
      "max": 0.3504560589790344,
      "mean": 0.3382708698511124,
      "std": 0.008284283951080556,
      "p95": 0.3504524827003479,
      "p99": 0.3504524827003479
    },
    "loss": {
      "count": 10,
      "min": 2.255737543106079,
      "max": 2.3501815795898438,
      "mean": 2.311593770980835,
      "std": 0.02778899424443581,
      "p95": 2.3395345211029053,
      "p99": 2.3395345211029053
    }
  },
  "trajectories": {
    "compute_times": [
      0.07368080000014743,
      0.025401700000657,
      0.029929599997558398,
      0.02843380000194884,
      0.024203699998906814,
      0.019515199997840682,
      0.011622799996985123,
      0.016073099999630358,
      0.014646399999037385,
      0.014954599999327911
    ],
    "sync_times": [
      0.5167159000011452,
      0.0776929999992717,
      0.11920779999854858,
      0.13258769999811193,
      0.06734169999981532,
      0.07190709999849787,
      0.05258229999890318,
      0.062152500002412125,
      0.05926099999851431,
      0.05498939999961294
    ],
    "optim_times": [
      0.004240499998559244,
      0.0019046000015805475,
      0.0023521000002801884,
      0.0009410999991814606,
      0.001244099999894388,
      0.000904099997569574,
      0.0011420000009820797,
      0.001027599999360973,
      0.0011897000003955327,
      0.0009145000003627501
    ],
    "iter_times": [
      0.5946371999998519,
      0.10499930000150925,
      0.15148949999638717,
      0.16196259999924223,
      0.09278949999861652,
      0.09232639999390813,
      0.06534709999687038,
      0.07925320000140346,
      0.07509709999794723,
      0.0708584999993036
    ],
    "grad_norms": [
      0.34363359212875366,
      0.33614903688430786,
      0.3504524827003479,
      0.3504560589790344,
      0.34008482098579407,
      0.3322739899158478,
      0.3366731107234955,
      0.34116247296333313,
      0.3264066278934479,
      0.3254165053367615
    ],
    "losses": [
      2.3280158042907715,
      2.3395345211029053,
      2.3180336952209473,
      2.26952862739563,
      2.3132574558258057,
      2.255737543106079,
      2.323927879333496,
      2.3152706623077393,
      2.3501815795898438,
      2.302449941635132
    ],
    "bytes_transferred": [
      437544,
      437544,
      437544,
      437544,
      437544,
      437544,
      437544,
      437544,
      437544,
      437544
    ],
    "epochs": [
      0,
      0,
      0,
      0,
      0,
      0,
      0,
      0,
      0,
      0
    ],
    "steps": [
      0,
      1,
      2,
      3,
      4,
      5,
      6,
      7,
      8,
      9
    ]
  }
}