{
  "rank": 0,
  "world_size": 4,
  "num_steps": 10,
  "statistics": {
    "compute": {
      "count": 10,
      "min": 0.008096699999441626,
      "max": 0.018321699997613905,
      "mean": 0.010956170000281418,
      "std": 0.0032254611292661657,
      "p95": 0.015851399999519344,
      "p99": 0.015851399999519344
    },
    "sync": {
      "count": 10,
      "min": 0.00843679999888991,
      "max": 0.04379710000284831,
      "mean": 0.024294780000127504,
      "std": 0.01111729387129618,
      "p95": 0.0364956000012171,
      "p99": 0.0364956000012171
    },
    "optim": {
      "count": 10,
      "min": 0.0007154000013542827,
      "max": 0.001523099999758415,
      "mean": 0.0009868999994068872,
      "std": 0.00023012110749180852,
      "p95": 0.0012526999998954125,
      "p99": 0.0012526999998954125
    },
    "iter": {
      "count": 10,
      "min": 0.019134400001348695,
      "max": 0.05472880000525038,
      "mean": 0.03623784999981581,
      "std": 0.011406548348802404,
      "p95": 0.05083159999412601,
      "p99": 0.05083159999412601
    },
    "grad_norm": {
      "count": 10,
      "min": 0.2320503443479538,
      "max": 0.25954535603523254,
      "mean": 0.24460075795650482,
      "std": 0.008953562143793737,
      "p95": 0.2588455379009247,
      "p99": 0.2588455379009247
    },
    "loss": {
      "count": 10,
      "min": 2.2947025299072266,
      "max": 2.329397678375244,
      "mean": 2.311107325553894,
      "std": 0.00914538199510235,
      "p95": 2.3190674781799316,
      "p99": 2.3190674781799316
    }
  },
  "trajectories": {
    "compute_times": [
      0.015851399999519344,
      0.018321699997613905,
      0.00995370000237017,
      0.010300900001311675,
      0.0084272999993118,
      0.009735300001921132,
      0.008096699999441626,
      0.010632999998051673,
      0.008259500002168352,
      0.009982200001104502
    ],
    "sync_times": [
      0.013828299997840077,
      0.03170479999971576,
      0.04379710000284831,
      0.01815329999953974,
      0.0364956000012171,
      0.009763400001247646,
      0.023461299999326002,
      0.02738110000063898,
      0.029926100000011502,
      0.00843679999888991
    ],
    "optim_times": [
      0.001523099999758415,
      0.0008050999967963435,
      0.0009780000000318978,
      0.0008042999979807064,
      0.0012526999998954125,
      0.0008657999969727825,
      0.0010503000012249686,
      0.0008756000024732202,
      0.000998699997580843,
      0.0007154000013542827
    ],
    "iter_times": [
      0.031202799997117836,
      0.05083159999412601,
      0.05472880000525038,
      0.02925849999883212,
      0.04617560000042431,
      0.02036450000014156,
      0.032608299999992596,
      0.038889700001163874,
      0.0391842999997607,
      0.019134400001348695
    ],
    "grad_norms": [
      0.2588455379009247,
      0.24860064685344696,
      0.2320503443479538,
      0.24305865168571472,
      0.2480095475912094,
      0.23516443371772766,
      0.24147923290729523,
      0.24407841265201569,
      0.23517541587352753,
      0.25954535603523254
    ],
    "losses": [
      2.329397678375244,
      2.3190674781799316,
      2.3151559829711914,
      2.2947025299072266,
      2.311925172805786,
      2.302595376968384,
      2.305448293685913,
      2.305286407470703,
      2.313784122467041,
      2.3137102127075195
    ],
    "bytes_transferred": [
      437544,
      437544,
      437544,
      437544,
      437544,
      437544,
      437544,
      437544,
      437544,
      437544
    ],
    "epochs": [
      0,
      0,
      0,
      0,
      0,
      0,
      0,
      0,
      0,
      0
    ],
    "steps": [
      0,
      1,
      2,
      3,
      4,
      5,
      6,
      7,
      8,
      9
    ]
  }
}