{
  "rank": 3,
  "world_size": 4,
  "num_steps": 10,
  "statistics": {
    "compute": {
      "count": 10,
      "min": 0.007939799997984665,
      "max": 0.022279199998592958,
      "mean": 0.010096480000356678,
      "std": 0.004123924858220942,
      "p95": 0.010121900002559414,
      "p99": 0.010121900002559414
    },
    "sync": {
      "count": 10,
      "min": 0.009407900000951486,
      "max": 0.48891379999986384,
      "mean": 0.07070117000075697,
      "std": 0.1400434409662227,
      "p95": 0.04925619999994524,
      "p99": 0.04925619999994524
    },
    "optim": {
      "count": 10,
      "min": 0.0007560999983979855,
      "max": 0.0020432000019354746,
      "mean": 0.0010624599999573547,
      "std": 0.0003561872276451061,
      "p95": 0.0012904000031994656,
      "p99": 0.0012904000031994656
    },
    "iter": {
      "count": 10,
      "min": 0.01837379999778932,
      "max": 0.5124834000016563,
      "mean": 0.081860110001071,
      "std": 0.14420617472861064,
      "p95": 0.05988230000002659,
      "p99": 0.05988230000002659
    },
    "grad_norm": {
      "count": 10,
      "min": 0.2320503443479538,
      "max": 0.25954535603523254,
      "mean": 0.24460075795650482,
      "std": 0.008953562143793737,
      "p95": 0.2588455379009247,
      "p99": 0.2588455379009247
    },
    "loss": {
      "count": 10,
      "min": 2.287782669067383,
      "max": 2.3370158672332764,
      "mean": 2.309392976760864,
      "std": 0.01271051085191986,
      "p95": 2.31831955909729,
      "p99": 2.31831955909729
    }
  },
  "trajectories": {
    "compute_times": [
      0.022279199998592958,
      0.008233799999288749,
      0.010121900002559414,
      0.008548900001187576,
      0.008038899999519344,
      0.008899700002075406,
      0.008018500000616768,
      0.009824100001424085,
      0.007939799997984665,
      0.009060000000317814
    ],
    "sync_times": [
      0.48891379999986384,
      0.021970499998133164,
      0.04077560000223457,
      0.03719170000113081,
      0.009562400002323557,
      0.024573400001827395,
      0.010294100000464823,
      0.04925619999994524,
      0.009407900000951486,
      0.01506610000069486
    ],
    "optim_times": [
      0.0012904000031994656,
      0.00097989999994752,
      0.0009266999986721203,
      0.0008477999981550965,
      0.0010293999985151459,
      0.0007560999983979855,
      0.0009230000032403041,
      0.0008019999986572657,
      0.0010260999988531694,
      0.0020432000019354746
    ],
    "iter_times": [
      0.5124834000016563,
      0.031184199997369433,
      0.0518242000034661,
      0.046588400000473484,
      0.018630700000358047,
      0.034229200002300786,
      0.019235600004321896,
      0.05988230000002659,
      0.01837379999778932,
      0.026169300002948148
    ],
    "grad_norms": [
      0.2588455379009247,
      0.24860064685344696,
      0.2320503443479538,
      0.24305865168571472,
      0.2480095475912094,
      0.23516443371772766,
      0.24147923290729523,
      0.24407841265201569,
      0.23517541587352753,
      0.25954535603523254
    ],
    "losses": [
      2.2981104850769043,
      2.3098833560943604,
      2.287782669067383,
      2.309187650680542,
      2.3106789588928223,
      2.304096221923828,
      2.31831955909729,
      2.3180463314056396,
      2.3008086681365967,
      2.3370158672332764
    ],
    "bytes_transferred": [
      437544,
      437544,
      437544,
      437544,
      437544,
      437544,
      437544,
      437544,
      437544,
      437544
    ],
    "epochs": [
      0,
      0,
      0,
      0,
      0,
      0,
      0,
      0,
      0,
      0
    ],
    "steps": [
      0,
      1,
      2,
      3,
      4,
      5,
      6,
      7,
      8,
      9
    ]
  }
}