{
  "rank": 2,
  "world_size": 4,
  "num_steps": 10,
  "statistics": {
    "compute": {
      "count": 10,
      "min": 0.007807200003298931,
      "max": 0.017849600000772625,
      "mean": 0.010272460000123829,
      "std": 0.0027750579876550624,
      "p95": 0.011094199999206467,
      "p99": 0.011094199999206467
    },
    "sync": {
      "count": 10,
      "min": 0.00997310000093421,
      "max": 0.11454310000044643,
      "mean": 0.03466806000105862,
      "std": 0.028414673837982744,
      "p95": 0.04250360000150977,
      "p99": 0.04250360000150977
    },
    "optim": {
      "count": 10,
      "min": 0.0007509999995818362,
      "max": 0.001864399997430155,
      "mean": 0.0010356799997680356,
      "std": 0.00031024702617491785,
      "p95": 0.0012475000003178138,
      "p99": 0.0012475000003178138
    },
    "iter": {
      "count": 10,
      "min": 0.020422000001417473,
      "max": 0.1342570999986492,
      "mean": 0.045976200000950485,
      "std": 0.031121518905728385,
      "p95": 0.05415240000365884,
      "p99": 0.05415240000365884
    },
    "grad_norm": {
      "count": 10,
      "min": 0.2320503443479538,
      "max": 0.25954535603523254,
      "mean": 0.24460075795650482,
      "std": 0.008953562143793737,
      "p95": 0.2588455379009247,
      "p99": 0.2588455379009247
    },
    "loss": {
      "count": 10,
      "min": 2.301973581314087,
      "max": 2.331055164337158,
      "mean": 2.315652298927307,
      "std": 0.00877778678002822,
      "p95": 2.323254108428955,
      "p99": 2.323254108428955
    }
  },
  "trajectories": {
    "compute_times": [
      0.017849600000772625,
      0.01062140000067302,
      0.011094199999206467,
      0.010174400002142647,
      0.008168799999111798,
      0.009669099999882746,
      0.00781259999712347,
      0.010586499996861676,
      0.007807200003298931,
      0.008940800002164906
    ],
    "sync_times": [
      0.11454310000044643,
      0.04250360000150977,
      0.03119910000168602,
      0.01826210000217543,
      0.03710320000027423,
      0.00997310000093421,
      0.02402349999829312,
      0.027104700002382742,
      0.030744900002900977,
      0.011223299999983283
    ],
    "optim_times": [
      0.001864399997430155,
      0.0010274000014760531,
      0.0010301000002073124,
      0.0007838999990781303,
      0.0009721999995235819,
      0.0007798000006005168,
      0.0012475000003178138,
      0.0007509999995818362,
      0.0009838000005402137,
      0.0009166999989247415
    ],
    "iter_times": [
      0.1342570999986492,
      0.05415240000365884,
      0.0433234000010998,
      0.029220400003396207,
      0.04624419999890961,
      0.020422000001417473,
      0.0330835999957344,
      0.038442199998826254,
      0.03953590000674012,
      0.02108080000107293
    ],
    "grad_norms": [
      0.2588455379009247,
      0.24860064685344696,
      0.2320503443479538,
      0.24305865168571472,
      0.2480095475912094,
      0.23516443371772766,
      0.24147923290729523,
      0.24407841265201569,
      0.23517541587352753,
      0.25954535603523254
    ],
    "losses": [
      2.313377618789673,
      2.331055164337158,
      2.3193156719207764,
      2.323254108428955,
      2.301973581314087,
      2.3069357872009277,
      2.3227221965789795,
      2.3202462196350098,
      2.3049893379211426,
      2.3126533031463623
    ],
    "bytes_transferred": [
      437544,
      437544,
      437544,
      437544,
      437544,
      437544,
      437544,
      437544,
      437544,
      437544
    ],
    "epochs": [
      0,
      0,
      0,
      0,
      0,
      0,
      0,
      0,
      0,
      0
    ],
    "steps": [
      0,
      1,
      2,
      3,
      4,
      5,
      6,
      7,
      8,
      9
    ]
  }
}