{
  "rank": 1,
  "world_size": 4,
  "num_steps": 10,
  "statistics": {
    "compute": {
      "count": 10,
      "min": 0.007643400000233669,
      "max": 0.0167981000013242,
      "mean": 0.009775730000910698,
      "std": 0.00247487053536792,
      "p95": 0.010204300000623334,
      "p99": 0.010204300000623334
    },
    "sync": {
      "count": 10,
      "min": 0.009606600000552135,
      "max": 0.10298239999974612,
      "mean": 0.03335311000046204,
      "std": 0.025582172756586547,
      "p95": 0.03963650000150665,
      "p99": 0.03963650000150665
    },
    "optim": {
      "count": 10,
      "min": 0.0007886999992479105,
      "max": 0.0013790999983029906,
      "mean": 0.0009307300002546981,
      "std": 0.00016029189627681642,
      "p95": 0.0009747000003699213,
      "p99": 0.0009747000003699213
    },
    "iter": {
      "count": 10,
      "min": 0.01883330000418937,
      "max": 0.12115959999937331,
      "mean": 0.044059570001627434,
      "std": 0.027993841758854447,
      "p95": 0.0505347000034817,
      "p99": 0.0505347000034817
    },
    "grad_norm": {
      "count": 10,
      "min": 0.2320503443479538,
      "max": 0.25954535603523254,
      "mean": 0.24460075795650482,
      "std": 0.008953562143793737,
      "p95": 0.2588455379009247,
      "p99": 0.2588455379009247
    },
    "loss": {
      "count": 10,
      "min": 2.3039958477020264,
      "max": 2.33132004737854,
      "mean": 2.313033103942871,
      "std": 0.008302708977563194,
      "p95": 2.3259801864624023,
      "p99": 2.3259801864624023
    }
  },
  "trajectories": {
    "compute_times": [
      0.0167981000013242,
      0.00838110000040615,
      0.010204300000623334,
      0.009304400002292823,
      0.008193000001483597,
      0.009324800001195399,
      0.008287000000564149,
      0.010046600000350736,
      0.007643400000233669,
      0.009574600000632927
    ],
    "sync_times": [
      0.10298239999974612,
      0.03927499999917927,
      0.030689600000187056,
      0.03919089999908465,
      0.016827800001919968,
      0.02436200000011013,
      0.009606600000552135,
      0.03963650000150665,
      0.0189301999998861,
      0.012030100002448307
    ],
    "optim_times": [
      0.0013790999983029906,
      0.0009386000019731,
      0.0008468999985780101,
      0.0007886999992479105,
      0.000899599999684142,
      0.0008912000012060162,
      0.0009397000030730851,
      0.0008516000016243197,
      0.0009747000003699213,
      0.0007971999984874856
    ],
    "iter_times": [
      0.12115959999937331,
      0.04859470000155852,
      0.0417407999993884,
      0.04928400000062538,
      0.025920400003087707,
      0.034578000002511544,
      0.01883330000418937,
      0.0505347000034817,
      0.02754830000048969,
      0.02240190000156872
    ],
    "grad_norms": [
      0.2588455379009247,
      0.24860064685344696,
      0.2320503443479538,
      0.24305865168571472,
      0.2480095475912094,
      0.23516443371772766,
      0.24147923290729523,
      0.24407841265201569,
      0.23517541587352753,
      0.25954535603523254
    ],
    "losses": [
      2.33132004737854,
      2.3259801864624023,
      2.3111579418182373,
      2.31048321723938,
      2.3064441680908203,
      2.3112502098083496,
      2.3069863319396973,
      2.313206195831299,
      2.3039958477020264,
      2.309506893157959
    ],
    "bytes_transferred": [
      437544,
      437544,
      437544,
      437544,
      437544,
      437544,
      437544,
      437544,
      437544,
      437544
    ],
    "epochs": [
      0,
      0,
      0,
      0,
      0,
      0,
      0,
      0,
      0,
      0
    ],
    "steps": [
      0,
      1,
      2,
      3,
      4,
      5,
      6,
      7,
      8,
      9
    ]
  }
}