{
  "rank": 6,
  "world_size": 8,
  "num_steps": 10,
  "statistics": {
    "compute": {
      "count": 10,
      "min": 0.007942000000184635,
      "max": 0.1069037000015669,
      "mean": 0.02080984000058379,
      "std": 0.028830728391883918,
      "p95": 0.016724199998861877,
      "p99": 0.016724199998861877
    },
    "sync": {
      "count": 10,
      "min": 0.02175340000030701,
      "max": 0.6774439999971946,
      "mean": 0.09655752000071516,
      "std": 0.1938110420847723,
      "p95": 0.050268599999981234,
      "p99": 0.050268599999981234
    },
    "optim": {
      "count": 10,
      "min": 0.0008525000012014061,
      "max": 0.0018359000023338012,
      "mean": 0.0011510500000440516,
      "std": 0.00030538350115210907,
      "p95": 0.0015652000001864508,
      "p99": 0.0015652000001864508
    },
    "iter": {
      "count": 10,
      "min": 0.03141020000111894,
      "max": 0.7861836000010953,
      "mean": 0.118518410001343,
      "std": 0.22273270570883008,
      "p95": 0.059384900003351504,
      "p99": 0.059384900003351504
    },
    "grad_norm": {
      "count": 10,
      "min": 0.3254165053367615,
      "max": 0.3504560589790344,
      "mean": 0.3382708698511124,
      "std": 0.008284283951080556,
      "p95": 0.3504524827003479,
      "p99": 0.3504524827003479
    },
    "loss": {
      "count": 10,
      "min": 2.2693378925323486,
      "max": 2.344625473022461,
      "mean": 2.306963562965393,
      "std": 0.02014582059389194,
      "p95": 2.326917886734009,
      "p99": 2.326917886734009
    }
  },
  "trajectories": {
    "compute_times": [
      0.1069037000015669,
      0.008772500001214212,
      0.008171000001311768,
      0.014442799998505507,
      0.007942000000184635,
      0.010410500002763001,
      0.011034300001483643,
      0.013872800001990981,
      0.009824599997955374,
      0.016724199998861877
    ],
    "sync_times": [
      0.6774439999971946,
      0.02175340000030701,
      0.050268599999981234,
      0.035806800002319505,
      0.027953700002399273,
      0.028422999999747844,
      0.024943400003394345,
      0.022323199998936616,
      0.038431700002547586,
      0.03822740000032354
    ],
    "optim_times": [
      0.0018359000023338012,
      0.0008842999995977152,
      0.0009453000020585023,
      0.0010557999994489364,
      0.001263199999812059,
      0.000994999998511048,
      0.0009434999992663506,
      0.0008525000012014061,
      0.0015652000001864508,
      0.0011697999980242457
    ],
    "iter_times": [
      0.7861836000010953,
      0.03141020000111894,
      0.059384900003351504,
      0.05130540000027395,
      0.03715890000239597,
      0.039828500001021894,
      0.03692120000414434,
      0.037048500002129,
      0.04982150000068941,
      0.056121399997209664
    ],
    "grad_norms": [
      0.34363359212875366,
      0.33614903688430786,
      0.3504524827003479,
      0.3504560589790344,
      0.34008482098579407,
      0.3322739899158478,
      0.3366731107234955,
      0.34116247296333313,
      0.3264066278934479,
      0.3254165053367615
    ],
    "losses": [
      2.3091495037078857,
      2.3032612800598145,
      2.344625473022461,
      2.326917886734009,
      2.301640510559082,
      2.2925662994384766,
      2.3007888793945312,
      2.326587677001953,
      2.2693378925323486,
      2.294760227203369
    ],
    "bytes_transferred": [
      437544,
      437544,
      437544,
      437544,
      437544,
      437544,
      437544,
      437544,
      437544,
      437544
    ],
    "epochs": [
      0,
      0,
      0,
      0,
      0,
      0,
      0,
      0,
      0,
      0
    ],
    "steps": [
      0,
      1,
      2,
      3,
      4,
      5,
      6,
      7,
      8,
      9
    ]
  }
}