{
  "rank": 1,
  "world_size": 8,
  "num_steps": 10,
  "statistics": {
    "compute": {
      "count": 10,
      "min": 0.02046179999888409,
      "max": 0.05775250000078813,
      "mean": 0.03379914999968605,
      "std": 0.014024748341903712,
      "p95": 0.055046599998604506,
      "p99": 0.055046599998604506
    },
    "sync": {
      "count": 10,
      "min": 0.03394370000023628,
      "max": 0.10105380000095465,
      "mean": 0.05034890000024461,
      "std": 0.018495913535074644,
      "p95": 0.06163110000125016,
      "p99": 0.06163110000125016
    },
    "optim": {
      "count": 10,
      "min": 0.0008458000011160038,
      "max": 0.002154900001187343,
      "mean": 0.00122345000054338,
      "std": 0.00033958797451851626,
      "p95": 0.0014134999983070884,
      "p99": 0.0014134999983070884
    },
    "iter": {
      "count": 10,
      "min": 0.05805549999786308,
      "max": 0.1264618999994127,
      "mean": 0.08537150000047404,
      "std": 0.022701473229301414,
      "p95": 0.11569680000320659,
      "p99": 0.11569680000320659
    },
    "grad_norm": {
      "count": 10,
      "min": 0.7961501479148865,
      "max": 1.392791748046875,
      "mean": 1.1106233179569245,
      "std": 0.18240420621369874,
      "p95": 1.3240501880645752,
      "p99": 1.3240501880645752
    },
    "loss": {
      "count": 10,
      "min": 2.190617561340332,
      "max": 2.381258964538574,
      "mean": 2.28144633769989,
      "std": 0.05850882159173636,
      "p95": 2.3458261489868164,
      "p99": 2.3458261489868164
    }
  },
  "trajectories": {
    "compute_times": [
      0.051910800000769086,
      0.027505500002007466,
      0.027655500001856126,
      0.026206699996691896,
      0.024465099999360973,
      0.055046599998604506,
      0.02046179999888409,
      0.022698299999319715,
      0.05775250000078813,
      0.024288699998578522
    ],
    "sync_times": [
      0.06163110000125016,
      0.04734610000014072,
      0.04164459999810788,
      0.05071440000028815,
      0.043457100000523496,
      0.03700759999992442,
      0.03859770000053686,
      0.03394370000023628,
      0.048092900000483496,
      0.10105380000095465
    ],
    "optim_times": [
      0.002154900001187343,
      0.0008458000011160038,
      0.0010364000008848961,
      0.0011231000025873072,
      0.0011723999996320345,
      0.001227400000061607,
      0.0011004000007233117,
      0.0014134999983070884,
      0.0010412000010546762,
      0.0011193999998795334
    ],
    "iter_times": [
      0.11569680000320659,
      0.07569740000326419,
      0.0703365000008489,
      0.07804419999956735,
      0.0690945999995165,
      0.09328159999859054,
      0.06015990000014426,
      0.05805549999786308,
      0.1068866000023263,
      0.1264618999994127
    ],
    "grad_norms": [
      0.8591600656509399,
      1.0087898969650269,
      0.7961501479148865,
      1.1317408084869385,
      1.392791748046875,
      1.196945071220398,
      1.0489228963851929,
      1.2614436149597168,
      1.0862387418746948,
      1.3240501880645752
    ],
    "losses": [
      2.381258964538574,
      2.212484359741211,
      2.3458261489868164,
      2.3282527923583984,
      2.256023645401001,
      2.222384452819824,
      2.304518699645996,
      2.2967958450317383,
      2.190617561340332,
      2.2763009071350098
    ],
    "bytes_transferred": [
      208552,
      208552,
      208552,
      208552,
      208552,
      208552,
      208552,
      208552,
      208552,
      208552
    ],
    "epochs": [
      0,
      0,
      0,
      0,
      0,
      0,
      0,
      0,
      0,
      0
    ],
    "steps": [
      0,
      1,
      2,
      3,
      4,
      5,
      6,
      7,
      8,
      9
    ]
  }
}