{
  "rank": 0,
  "world_size": 8,
  "num_steps": 10,
  "statistics": {
    "compute": {
      "count": 10,
      "min": 0.02271639999889885,
      "max": 0.05777880000096047,
      "mean": 0.03224104000037187,
      "std": 0.012082814202165351,
      "p95": 0.05295750000004773,
      "p99": 0.05295750000004773
    },
    "sync": {
      "count": 10,
      "min": 0.041028100000403356,
      "max": 0.17219489999843063,
      "mean": 0.0643518299999414,
      "std": 0.040519954514330485,
      "p95": 0.10700060000090161,
      "p99": 0.10700060000090161
    },
    "optim": {
      "count": 10,
      "min": 0.0008416999990004115,
      "max": 0.0013558000027842354,
      "mean": 0.0010711200000514509,
      "std": 0.00016664213153111407,
      "p95": 0.0012514000009105075,
      "p99": 0.0012514000009105075
    },
    "iter": {
      "count": 10,
      "min": 0.06632650000028661,
      "max": 0.20310959999915212,
      "mean": 0.09766399000036471,
      "std": 0.04023982515292624,
      "p95": 0.13264350000099512,
      "p99": 0.13264350000099512
    },
    "grad_norm": {
      "count": 10,
      "min": 0.7961502075195312,
      "max": 1.3927916288375854,
      "mean": 1.11062331199646,
      "std": 0.1824041774966224,
      "p95": 1.3240501880645752,
      "p99": 1.3240501880645752
    },
    "loss": {
      "count": 10,
      "min": 2.205620765686035,
      "max": 2.4157919883728027,
      "mean": 2.3382776260375975,
      "std": 0.06979303791114849,
      "p95": 2.414867877960205,
      "p99": 2.414867877960205
    }
  },
  "trajectories": {
    "compute_times": [
      0.029663299999810988,
      0.034527299998444505,
      0.0252784000003885,
      0.02748000000065076,
      0.02312780000283965,
      0.05777880000096047,
      0.02271639999889885,
      0.02420680000068387,
      0.05295750000004773,
      0.02467410000099335
    ],
    "sync_times": [
      0.17219489999843063,
      0.05436039999767672,
      0.04118509999898379,
      0.04609079999863752,
      0.04227819999869098,
      0.04435840000223834,
      0.0483529000011913,
      0.04666890000225976,
      0.041028100000403356,
      0.10700060000090161
    ],
    "optim_times": [
      0.0012514000009105075,
      0.0010063000008813106,
      0.0008902999979909509,
      0.0010490999993635342,
      0.0009204999987559859,
      0.0013558000027842354,
      0.0008416999990004115,
      0.001200400001835078,
      0.0012268999998923391,
      0.0009687999991001561
    ],
    "iter_times": [
      0.20310959999915212,
      0.08989399999700254,
      0.06735379999736324,
      0.07461989999865182,
      0.06632650000028661,
      0.10349300000598305,
      0.07191099999909056,
      0.07207610000477871,
      0.09521250000034343,
      0.13264350000099512
    ],
    "grad_norms": [
      0.8591600656509399,
      1.0087898969650269,
      0.7961502075195312,
      1.1317408084869385,
      1.3927916288375854,
      1.196945071220398,
      1.0489228963851929,
      1.2614436149597168,
      1.0862387418746948,
      1.3240501880645752
    ],
    "losses": [
      2.414867877960205,
      2.358530282974243,
      2.353931188583374,
      2.4157919883728027,
      2.300269603729248,
      2.205620765686035,
      2.3281636238098145,
      2.3574838638305664,
      2.233883857727051,
      2.4142332077026367
    ],
    "bytes_transferred": [
      208552,
      208552,
      208552,
      208552,
      208552,
      208552,
      208552,
      208552,
      208552,
      208552
    ],
    "epochs": [
      0,
      0,
      0,
      0,
      0,
      0,
      0,
      0,
      0,
      0
    ],
    "steps": [
      0,
      1,
      2,
      3,
      4,
      5,
      6,
      7,
      8,
      9
    ]
  }
}