{
  "rank": 2,
  "world_size": 8,
  "num_steps": 10,
  "statistics": {
    "compute": {
      "count": 10,
      "min": 0.0188596999978472,
      "max": 0.08203530000173487,
      "mean": 0.04083523999906902,
      "std": 0.023554916350114044,
      "p95": 0.07774489999792422,
      "p99": 0.07774489999792422
    },
    "sync": {
      "count": 10,
      "min": 0.03164710000055493,
      "max": 0.104857099999208,
      "mean": 0.049219549999907033,
      "std": 0.020272461631962262,
      "p95": 0.05854189999809023,
      "p99": 0.05854189999809023
    },
    "optim": {
      "count": 10,
      "min": 0.0008616000013716985,
      "max": 0.0019965000028605573,
      "mean": 0.0011637900002824607,
      "std": 0.0003335661004837232,
      "p95": 0.001528400000097463,
      "p99": 0.001528400000097463
    },
    "iter": {
      "count": 10,
      "min": 0.05244390000007115,
      "max": 0.18459849999999278,
      "mean": 0.0912185799992585,
      "std": 0.03729516493114456,
      "p95": 0.11876310000297963,
      "p99": 0.11876310000297963
    },
    "grad_norm": {
      "count": 10,
      "min": 0.7961501479148865,
      "max": 1.392791748046875,
      "mean": 1.1106233179569245,
      "std": 0.18240420621369874,
      "p95": 1.3240501880645752,
      "p99": 1.3240501880645752
    },
    "loss": {
      "count": 10,
      "min": 2.223473072052002,
      "max": 2.465825080871582,
      "mean": 2.3391031503677366,
      "std": 0.07144008464645069,
      "p95": 2.4400954246520996,
      "p99": 2.4400954246520996
    }
  },
  "trajectories": {
    "compute_times": [
      0.07774489999792422,
      0.023080399998434586,
      0.027215599999180995,
      0.024853799997799797,
      0.0188596999978472,
      0.0551089000000502,
      0.022447299998020753,
      0.019838000000163447,
      0.057168499999534106,
      0.08203530000173487
    ],
    "sync_times": [
      0.104857099999208,
      0.03457029999844963,
      0.04694279999966966,
      0.05854189999809023,
      0.04001060000155121,
      0.03815050000048359,
      0.05080129999987548,
      0.03164710000055493,
      0.05107219999990775,
      0.035601700001279823
    ],
    "optim_times": [
      0.0019965000028605573,
      0.0012084000009053852,
      0.0008616000013716985,
      0.0011008000001311302,
      0.001528400000097463,
      0.0008680999999342021,
      0.0009731999998621177,
      0.0009587999993527774,
      0.0010159999983443413,
      0.0011260999999649357
    ],
    "iter_times": [
      0.18459849999999278,
      0.0588590999977896,
      0.07502000000022235,
      0.08449649999602116,
      0.060398699999495875,
      0.09412750000046799,
      0.07422179999775835,
      0.05244390000007115,
      0.1092566999977862,
      0.11876310000297963
    ],
    "grad_norms": [
      0.8591600656509399,
      1.0087898969650269,
      0.7961501479148865,
      1.1317408084869385,
      1.392791748046875,
      1.196945071220398,
      1.0489228963851929,
      1.2614436149597168,
      1.0862387418746948,
      1.3240501880645752
    ],
    "losses": [
      2.3531851768493652,
      2.374746561050415,
      2.2929303646087646,
      2.3297159671783447,
      2.223473072052002,
      2.291567802429199,
      2.3529696464538574,
      2.4400954246520996,
      2.465825080871582,
      2.2665224075317383
    ],
    "bytes_transferred": [
      208552,
      208552,
      208552,
      208552,
      208552,
      208552,
      208552,
      208552,
      208552,
      208552
    ],
    "epochs": [
      0,
      0,
      0,
      0,
      0,
      0,
      0,
      0,
      0,
      0
    ],
    "steps": [
      0,
      1,
      2,
      3,
      4,
      5,
      6,
      7,
      8,
      9
    ]
  }
}