{
  "rank": 0,
  "world_size": 8,
  "num_steps": 60,
  "statistics": {
    "compute": {
      "count": 60,
      "min": 0.022706100000505103,
      "max": 0.06463639999856241,
      "mean": 0.02913022333329233,
      "std": 0.0063815299492565,
      "p95": 0.0408672999983537,
      "p99": 0.04266260000076727
    },
    "sync": {
      "count": 60,
      "min": 0.009331099998235004,
      "max": 0.027593599999818252,
      "mean": 0.014495839999775247,
      "std": 0.0024140345269306513,
      "p95": 0.01742039999953704,
      "p99": 0.018803200000547804
    },
    "optim": {
      "count": 60,
      "min": 0.0005519000005733687,
      "max": 0.004559100001642946,
      "mean": 0.0010314116665540497,
      "std": 0.0005626099897531049,
      "p95": 0.0017819000022427645,
      "p99": 0.002282299999933457
    },
    "iter": {
      "count": 60,
      "min": 0.03585499999826425,
      "max": 0.09451229999831412,
      "mean": 0.044657474999621624,
      "std": 0.008088549734784263,
      "p95": 0.05539540000245324,
      "p99": 0.0568654999951832
    },
    "grad_norm": {
      "count": 60,
      "min": 0.04415564611554146,
      "max": 0.12112286686897278,
      "mean": 0.07939859374115864,
      "std": 0.02072251472599142,
      "p95": 0.11560529470443726,
      "p99": 0.11970219016075134
    },
    "loss": {
      "count": 60,
      "min": 1.5828166007995605,
      "max": 1.6387685537338257,
      "mean": 1.609237507979075,
      "std": 0.011899228638546215,
      "p95": 1.6238620281219482,
      "p99": 1.6327623128890991
    }
  },
  "trajectories": {
    "compute_times": [
      0.06463639999856241,
      0.03422339999815449,
      0.03346890000102576,
      0.04266260000076727,
      0.029270499999256572,
      0.024211100000684382,
      0.024331500000698725,
      0.02355610000086017,
      0.026876799998717615,
      0.02717280000069877,
      0.024505500001396285,
      0.02582079999774578,
      0.032448999998450745,
      0.022706100000505103,
      0.025024399998073932,
      0.025863599999865983,
      0.02306740000130958,
      0.029316299998754403,
      0.025173100002575666,
      0.025566099997377023,
      0.02354870000272058,
      0.025835799999185838,
      0.027261899998848094,
      0.024439700002403697,
      0.02688970000235713,
      0.028658000002906192,
      0.03440260000206763,
      0.03247220000048401,
      0.030484099999739556,
      0.029424100001051556,
      0.029354600002989173,
      0.024622599998110672,
      0.025601400000596186,
      0.025218999999196967,
      0.02435469999909401,
      0.035327899997355416,
      0.024709400000574533,
      0.02598529999886523,
      0.028708599998935824,
      0.0408672999983537,
      0.033992999997281004,
      0.03327480000007199,
      0.02915740000025835,
      0.031715899996925145,
      0.04090600000199629,
      0.02854260000094655,
      0.03475849999813363,
      0.027638399998977548,
      0.0265268000002834,
      0.02797370000189403,
      0.030119399998511653,
      0.02999199999976554,
      0.028938200000993675,
      0.03096459999869694,
      0.025199399999110028,
      0.02627090000169119,
      0.027074500001617707,
      0.026051599998027086,
      0.025346099999296712,
      0.025299600001744693
    ],
    "sync_times": [
      0.027593599999818252,
      0.013975699999718927,
      0.013034399999014568,
      0.011543000000528991,
      0.012258299997483846,
      0.012193499998829793,
      0.015078899999934947,
      0.011539699997229036,
      0.009331099998235004,
      0.014163399999233661,
      0.014235300001018913,
      0.013485800001944881,
      0.014822799999819836,
      0.012783699999999953,
      0.014189299999998184,
      0.015541600001597544,
      0.01263939999989816,
      0.013503900001524016,
      0.015299099999538157,
      0.01706999999805703,
      0.0149039999996603,
      0.014393199999176431,
      0.014235500002541812,
      0.011869499998283572,
      0.014433299998927396,
      0.01583099999697879,
      0.01461840000047232,
      0.014179699999658624,
      0.014758599998458521,
      0.012212400000862544,
      0.014813300000241725,
      0.01605059999928926,
      0.012418300000717863,
      0.012174499999673571,
      0.01382010000088485,
      0.018803200000547804,
      0.015559299998130882,
      0.015945200000714976,
      0.01742039999953704,
      0.014789699998800643,
      0.014644200000475394,
      0.01660989999800222,
      0.014876999997795792,
      0.012725000000500586,
      0.013586900000518654,
      0.01630509999813512,
      0.01532000000224798,
      0.01514590000078897,
      0.01877559999775258,
      0.013148499998351326,
      0.014765500000066822,
      0.015907100001641084,
      0.01356600000144681,
      0.01548209999964456,
      0.013187599997763755,
      0.014179599998897174,
      0.011935800001083408,
      0.01425540000127512,
      0.013561900002969196,
      0.014258600000175647
    ],
    "optim_times": [
      0.002282299999933457,
      0.001097600001230603,
      0.0009707999997772276,
      0.0008742000027268659,
      0.0008956999990914483,
      0.0006890999975439627,
      0.0007609000022057444,
      0.0007592000001750421,
      0.0017162999974971171,
      0.001210200000059558,
      0.0008542999967176002,
      0.0009462000016355887,
      0.0007248999972944148,
      0.0008205999984056689,
      0.0009520000021439046,
      0.0007508000016969163,
      0.004559100001642946,
      0.0009891000008792616,
      0.0009931999993568752,
      0.0008052999983192421,
      0.0007879999975557439,
      0.001294699999561999,
      0.0007638999995833728,
      0.0010184999991906807,
      0.0008246999968832824,
      0.0008263000017905142,
      0.0008190999978978653,
      0.0008125999993353616,
      0.0008305000010295771,
      0.0008049999996728729,
      0.001041100000293227,
      0.0007875999981479254,
      0.0008664999986649491,
      0.0011981999996351078,
      0.0008663000007800292,
      0.0017819000022427645,
      0.0008612999990873504,
      0.0008134000017889775,
      0.0007831000002624933,
      0.0012084999980288558,
      0.0007119000001694076,
      0.0008077999991655815,
      0.0020680999987234827,
      0.00167180000062217,
      0.0009024999999382999,
      0.0007461000022885855,
      0.0007186000002548099,
      0.0007619999996677507,
      0.0005519000005733687,
      0.000838700001622783,
      0.0009748999982548412,
      0.0007499999992433004,
      0.0010419000027468428,
      0.0008472000008623581,
      0.0008296000014524907,
      0.0012472999987949152,
      0.0011293999996269122,
      0.0007377999972959515,
      0.0008507000020472333,
      0.0010535000001254957
    ],