{
  "rank": 1,
  "world_size": 8,
  "num_steps": 60,
  "statistics": {
    "compute": {
      "count": 60,
      "min": 0.025652299998910166,
      "max": 0.15167600000131642,
      "mean": 0.035045176666608314,
      "std": 0.015931041180137384,
      "p95": 0.045600999997986946,
      "p99": 0.048847800000658026
    },
    "sync": {
      "count": 60,
      "min": 0.006936800000403309,
      "max": 0.3630732999990869,
      "mean": 0.01585251166688977,
      "std": 0.04524155832976637,
      "p95": 0.012371299999358598,
      "p99": 0.017005300000164425
    },
    "optim": {
      "count": 60,
      "min": 0.0005844000006618444,
      "max": 0.0015176999986579176,
      "mean": 0.0007107399999464784,
      "std": 0.00013491207126544892,
      "p95": 0.000809799999842653,
      "p99": 0.0012155999975220766
    },
    "iter": {
      "count": 60,
      "min": 0.033278900002187584,
      "max": 0.5159648999979254,
      "mean": 0.05160842833344456,
      "std": 0.0606868005652499,
      "p95": 0.05730729999777395,
      "p99": 0.058424599996214965
    },
    "grad_norm": {
      "count": 60,
      "min": 0.04415564611554146,
      "max": 0.12112286686897278,
      "mean": 0.07939859374115864,
      "std": 0.02072251472599142,
      "p95": 0.11560529470443726,
      "p99": 0.11970219016075134
    },
    "loss": {
      "count": 60,
      "min": 1.594892978668213,
      "max": 1.6364684104919434,
      "mean": 1.6154759029547374,
      "std": 0.009511678208514321,
      "p95": 1.6326268911361694,
      "p99": 1.6361536979675293
    }
  },
  "trajectories": {
    "compute_times": [
      0.15167600000131642,
      0.036805800002184696,
      0.03904479999982868,
      0.048847800000658026,
      0.03318969999963883,
      0.02782850000221515,
      0.025652299998910166,
      0.027236900001298636,
      0.03187489999982063,
      0.0324164000012388,
      0.029765999999654014,
      0.032799300002807286,
      0.036760200000571785,
      0.026424499999848194,
      0.030094900001131464,
      0.029410799998004222,
      0.026962100000673672,
      0.03635209999993094,
      0.02981260000160546,
      0.0309382999985246,
      0.029450499998347368,
      0.029063999998470536,
      0.03310530000089784,
      0.029233599998406135,
      0.03214960000332212,
      0.033351599999150494,
      0.0407560999992711,
      0.03664070000013453,
      0.03246679999938351,
      0.032772500002465677,
      0.03208249999806867,
      0.026521799998590723,
      0.030897600001480896,
      0.029623000002175104,
      0.02825680000023567,
      0.03704719999950612,
      0.03048530000160099,
      0.03059429999848362,
      0.03586419999919599,
      0.045600999997986946,
      0.038684099999954924,
      0.03758509999897797,
      0.03280559999984689,
      0.0315894000013941,
      0.047510099997452926,
      0.030134199998428812,
      0.03983010000229115,
      0.030126400000881404,
      0.0317137999991246,
      0.03183290000015404,
      0.03670570000031148,
      0.036288199997216,
      0.03698230000009062,
      0.03706089999832329,
      0.03108349999820348,
      0.03052929999830667,
      0.032420299998193514,
      0.03159389999927953,
      0.030240399999456713,
      0.02813610000157496
    ],
    "sync_times": [
      0.3630732999990869,
      0.010925200000201585,
      0.011022800001228461,
      0.008664599998155609,
      0.007680400001845555,
      0.008155899999110261,
      0.006936800000403309,
      0.011368299998139264,
      0.007592199999635341,
      0.010522900000069058,
      0.008933399996749358,
      0.007788999999320367,
      0.008715599997231038,
      0.010462400001415517,
      0.008452200003375765,
      0.009896399998979177,
      0.010992400002578506,
      0.009461199999350356,
      0.009972699997888412,
      0.010840700000699144,
      0.011159900001075584,
      0.01131349999923259,
      0.00966119999793591,
      0.009280599999328842,
      0.008411000002524815,
      0.009707600002002437,
      0.010255900000629481,
      0.010797700000694022,
      0.010620400000334485,
      0.009802300002775155,
      0.011649199997918913,
      0.0072892999996838626,
      0.010775500002637273,
      0.010275000000547152,
      0.009811700001591817,
      0.017005300000164425,
      0.00798410000061267,
      0.010076700000354322,
      0.009765900002093986,
      0.011023600000044098,
      0.0100094999979774,
      0.011099100000137696,
      0.012371299999358598,
      0.0166510000017297,
      0.01022240000020247,
      0.008417500001087319,
      0.012094300000171643,
      0.007903200003056554,
      0.010064499998406973,
      0.01089250000222819,
      0.006973899999138666,
      0.008801500000117812,
      0.008314000002428656,
      0.007325499998842133,
      0.010941799999272916,
      0.009543899999698624,
      0.009394500000780681,
      0.009842899999057408,
      0.011324800001602853,
      0.010837800000444986
    ],
    "optim_times": [
      0.0012155999975220766,
      0.0007777999999234453,
      0.0007602000005135778,
      0.0006886999981361441,
      0.0007363000004261266,
      0.0006673999996564817,
      0.000689800002874108,
      0.0007240999984787777,
      0.000636500000837259,
      0.0006754000023647677,
      0.000809799999842653,
      0.0006586000017705373,
      0.0007134999978006817,
      0.00068950000058976,
      0.0006614999983867165,
      0.0006551000005856622,
      0.0006847999975434504,
      0.0006193000008352101,
      0.0006897999992361292,
      0.0006366000015987083,
      0.000672499998472631,
      0.0006519999988086056,
      0.0007082999982230831,
      0.0006723000005877111,
      0.0006910000010975637,
      0.0005844000006618444,
      0.0006908000032126438,
      0.0008911000004445668,
      0.0007378000009339303,
      0.000680199998896569,
      0.0006047000024409499,
      0.000698499999998603,
      0.0006603000001632608,
      0.0006855999999970663,
      0.000671199999487726,
      0.0007996000022103544,
      0.0007006999985605944,
      0.0006725999992340803,
      0.0006782999989809468,
      0.0006826999997429084,
      0.0006023000023560598,
      0.0006663999993179459,
      0.0006778999995731283,
      0.0006240000002435409,
      0.0006920999985595699,
      0.0007273000010172836,
      0.0006265000010898802,
      0.0006881000008434057,
      0.0015176999986579176,
      0.0007713000013609417,
      0.0006338999992294703,
      0.0007237999998324085,
      0.0006300000022747554,
      0.0006888999996590428,
      0.0006962999977986328,
      0.0007015999981376808,
      0.0006794000000809319,
      0.0006702999999106396,
      0.0006973999988986179,
      0.0007042999968689401
    ],