{
  "rank": 4,
  "world_size": 8,
  "num_steps": 60,
  "statistics": {
    "compute": {
      "count": 60,
      "min": 0.020061300001543714,
      "max": 0.06154690000039409,
      "mean": 0.028939989999950438,
      "std": 0.006680298174552229,
      "p95": 0.03970919999846956,
      "p99": 0.042291799996746704
    },
    "sync": {
      "count": 60,
      "min": 0.00923530000000028,
      "max": 0.03333840000050259,
      "mean": 0.015068169999904058,
      "std": 0.0038644513173422736,
      "p95": 0.020738899998832494,
      "p99": 0.02311050000207615
    },
    "optim": {
      "count": 60,
      "min": 0.0006114000025263522,
      "max": 0.00144680000084918,
      "mean": 0.0007591433332587864,
      "std": 0.00012947882485814558,
      "p95": 0.0008376000005227979,
      "p99": 0.001322000000072876
    },
    "iter": {
      "count": 60,
      "min": 0.032528700001421385,
      "max": 0.09620730000096955,
      "mean": 0.04476730333311328,
      "std": 0.008286326587974948,
      "p95": 0.05317480000303476,
      "p99": 0.055017499998939456
    },
    "grad_norm": {
      "count": 60,
      "min": 0.04415564611554146,
      "max": 0.12112286686897278,
      "mean": 0.07939859374115864,
      "std": 0.02072251472599142,
      "p95": 0.11560529470443726,
      "p99": 0.11970219016075134
    },
    "loss": {
      "count": 60,
      "min": 1.5798465013504028,
      "max": 1.6461982727050781,
      "mean": 1.6112291892369588,
      "std": 0.012677385428439032,
      "p95": 1.6295326948165894,
      "p99": 1.6395374536514282
    }
  },
  "trajectories": {
    "compute_times": [
      0.06154690000039409,
      0.0318130999985442,
      0.033356100000673905,
      0.03970919999846956,
      0.026031699999293778,
      0.024527499997930136,
      0.020061300001543714,
      0.022189699997397838,
      0.02221579999968526,
      0.025722300000779796,
      0.021343899999919813,
      0.021232700000837212,
      0.028209200001583667,
      0.0215916000015568,
      0.02146270000230288,
      0.021684800001821714,
      0.02218890000222018,
      0.025708400000439724,
      0.021672999999282183,
      0.0266793000009784,
      0.023997199998120777,
      0.025596200001018587,
      0.02797939999800292,
      0.024280699999508215,
      0.026640000000043074,
      0.02872639999986859,
      0.03512840000257711,
      0.03396889999930863,
      0.03533669999887934,
      0.0309741999990365,
      0.02811909999945783,
      0.027883599999768194,
      0.026870199999393662,
      0.024919700001191813,
      0.02640130000145291,
      0.029356700000789715,
      0.026139799996599322,
      0.026607300002069678,
      0.03159620000224095,
      0.041536699998687254,
      0.037241800000629155,
      0.035654799998155795,
      0.031047600001329556,
      0.028500499996880535,
      0.042291799996746704,
      0.032630099998641526,
      0.036375899999256944,
      0.027929299998504575,
      0.027003399998648092,
      0.03051680000135093,
      0.035906199998862576,
      0.030154700001730816,
      0.031163899999228306,
      0.032042700000602053,
      0.026862899998377543,
      0.026395000000775326,
      0.026947700000164332,
      0.026712700000643963,
      0.02533870000115712,
      0.02467610000167042
    ],
    "sync_times": [
      0.03333840000050259,
      0.014279099999839673,
      0.013103099998261314,
      0.014338900000439025,
      0.013521699998818804,
      0.016640000001643784,
      0.01176090000080876,
      0.019335900000442052,
      0.015498299999308074,
      0.01596820000122534,
      0.019008700000995304,
      0.02193500000066706,
      0.01697229999990668,
      0.016780499998276355,
      0.0129103999970539,
      0.01682770000115852,
      0.01833949999854667,
      0.020738899998832494,
      0.017276800001127413,
      0.013709899998502806,
      0.013415599998552352,
      0.013894899999286281,
      0.01945960000011837,
      0.01137400000152411,
      0.017045799999323208,
      0.013846199999534292,
      0.009723100003611762,
      0.013977500002511078,
      0.01505860000179382,
      0.013180899997678353,
      0.010922900000878144,
      0.013759299999946961,
      0.012239799998496892,
      0.011549300001206575,
      0.01651549999951385,
      0.02311050000207615,
      0.014594800002669217,
      0.015441699997609248,
      0.01630030000160332,
      0.01032879999911529,
      0.013437199999316363,
      0.01269029999821214,
      0.014996599998994498,
      0.019566899998608278,
      0.009869500001514098,
      0.013586499997472856,
      0.01790679999976419,
      0.014678100000310224,
      0.013930600001913263,
      0.010671099997125566,
      0.00923530000000028,
      0.016857099999469938,
      0.01482150000083493,
      0.009284799998567905,
      0.01448539999910281,
      0.016373700000258395,
      0.011919499997020466,
      0.015512300000409596,
      0.015611800001352094,
      0.010631900000589667
    ],
    "optim_times": [
      0.001322000000072876,
      0.0007701000031374861,
      0.0007861999984015711,
      0.0007511000003432855,
      0.0007765999980620109,
      0.0008228000006056391,
      0.0007064999990689103,
      0.0007387999976344872,
      0.000729800001863623,
      0.000785399999585934,
      0.00072340000042459,
      0.0006734999988111667,
      0.0007136000022001099,
      0.0008029999989958014,
      0.0007669000005989801,
      0.0007027999999991152,
      0.0007678999972995371,
      0.0007803999978932552,
      0.0007065999998303596,
      0.0006597000028705224,
      0.0006982999984757043,
      0.0007509999995818362,
      0.0007170000026235357,
      0.000690799999574665,
      0.0006892999990668613,
      0.0007057000002532732,
      0.0007306999978027306,
      0.0007102000017766841,
      0.0007551000016974285,
      0.0007518999991589226,
      0.0007037000032141805,
      0.0007848999994166661,
      0.0007413000021188054,
      0.0007786999995005317,
      0.0007428999997500796,
      0.0007076000001688953,
      0.0007902999968791846,
      0.0006738000010955147,
      0.0007989999976416584,
      0.0007722000009380281,
      0.0008376000005227979,
      0.0009826999994402286,
      0.0007202999986475334,
      0.0007487000002583954,
      0.0006551000005856622,
      0.0007680999988224357,
      0.000734799999918323,
      0.0006114000025263522,
      0.00144680000084918,
      0.0007300999968720134,
      0.0007553999967058189,
      0.0006590000011783559,
      0.0007056000031298026,
      0.0007399000023724511,
      0.0006947999972908292,
      0.0006614000012632459,
      0.000811099998827558,
      0.0006800000010116491,
      0.0007682999967073556,
      0.0006560000001627486
    ],