{
  "rank": 2,
  "world_size": 8,
  "num_steps": 60,
  "statistics": {
    "compute": {
      "count": 60,
      "min": 0.023593500001879875,
      "max": 0.062435600000753766,
      "mean": 0.029909163333710846,
      "std": 0.006315842659621705,
      "p95": 0.042638300001272,
      "p99": 0.04516710000098101
    },
    "sync": {
      "count": 60,
      "min": 0.009015899999212706,
      "max": 0.054867700000613695,
      "mean": 0.014522041666532459,
      "std": 0.0060300798994039565,
      "p95": 0.018906200002675178,
      "p99": 0.027310000001307344
    },
    "optim": {
      "count": 60,
      "min": 0.0006465000005846377,
      "max": 0.0012825999983760994,
      "mean": 0.000750875000085216,
      "std": 8.845265692983614e-05,
      "p95": 0.0008615000006102491,
      "p99": 0.0008959000006143469
    },
    "iter": {
      "count": 60,
      "min": 0.034040800001093885,
      "max": 0.11858589999974356,
      "mean": 0.04518208000032852,
      "std": 0.011155103014692231,
      "p95": 0.05858110000190209,
      "p99": 0.06248540000160574
    },
    "grad_norm": {
      "count": 60,
      "min": 0.04415564611554146,
      "max": 0.12112286686897278,
      "mean": 0.07939859374115864,
      "std": 0.02072251472599142,
      "p95": 0.11560529470443726,
      "p99": 0.11970219016075134
    },
    "loss": {
      "count": 60,
      "min": 1.5879584550857544,
      "max": 1.6467273235321045,
      "mean": 1.6133271197477976,
      "std": 0.011969013573951512,
      "p95": 1.6338722705841064,
      "p99": 1.6400588750839233
    }
  },
  "trajectories": {
    "compute_times": [
      0.062435600000753766,
      0.027908900003239978,
      0.036334399999759626,
      0.04444169999987935,
      0.02636499999789521,
      0.02359730000171112,
      0.02387330000055954,
      0.02465890000166837,
      0.026913199999398785,
      0.025911799999448704,
      0.024609899999632034,
      0.027876200001628604,
      0.03339380000033998,
      0.023690199999691686,
      0.025238199999876088,
      0.025078799997572787,
      0.02627559999746154,
      0.0331134000007296,
      0.024967599998490186,
      0.02667420000216225,
      0.02630499999941094,
      0.02619589999812888,
      0.029681299998628674,
      0.026183199999650242,
      0.027452000002085697,
      0.029561899998952867,
      0.03611979999914183,
      0.034338000001298496,
      0.031253299999661976,
      0.03246490000310587,
      0.02838770000016666,
      0.023593500001879875,
      0.027551099999982398,
      0.02615640000294661,
      0.025432400001591304,
      0.030810600001132116,
      0.025221299998520408,
      0.026698199999373173,
      0.031243800000083866,
      0.042638300001272,
      0.034629099998710444,
      0.03376829999979236,
      0.02976699999999255,
      0.030089900003076764,
      0.04516710000098101,
      0.028909700002259342,
      0.034507899999880465,
      0.030736000000615604,
      0.030566900000849273,
      0.03036919999794918,
      0.028609300003154203,
      0.031032700000650948,
      0.03162050000173622,
      0.03010540000104811,
      0.02833440000176779,
      0.027191400000447175,
      0.030808899999101413,
      0.02615960000184714,
      0.025345300000481075,
      0.026184599999396596
    ],
    "sync_times": [
      0.054867700000613695,
      0.017851200002041878,
      0.010763400001451373,
      0.012457400000130292,
      0.01740810000046622,
      0.012708499998552725,
      0.009454700000787852,
      0.015520599998126272,
      0.010727400000178022,
      0.01422660000025644,
      0.014287600002717227,
      0.014685699999972712,
      0.01182649999827845,
      0.011072400000557536,
      0.011787200000981102,
      0.013825199999700999,
      0.01464289999785251,
      0.014975499998399755,
      0.014101799999480136,
      0.011704500000632834,
      0.012565500001073815,
      0.01372339999943506,
      0.010266899997077417,
      0.015920900001219707,
      0.01632150000295951,
      0.012782599998899968,
      0.009536199999274686,
      0.017470399998273933,
      0.009015899999212706,
      0.012909900000522612,
      0.015286699999705888,
      0.015323899999202695,
      0.013318599998456193,
      0.013139499998942483,
      0.0136073999965447,
      0.027310000001307344,
      0.009884999999485444,
      0.014688300001580501,
      0.013940500000899192,
      0.01521820000198204,
      0.013884100000723265,
      0.012512000001152046,
      0.014366499999596272,
      0.020709799999167444,
      0.016671800000040093,
      0.011919199998374097,
      0.013356499999645166,
      0.012616799998795614,
      0.015895500000624452,
      0.018906200002675178,
      0.009770799999387236,
      0.014635299998190021,
      0.013970799998787697,
      0.013628400000015972,
      0.011811299998953473,
      0.010553399999480462,
      0.015135099998587975,
      0.014317699999082834,
      0.015409100000397302,
      0.010126000001037028
    ],
    "optim_times": [
      0.0012825999983760994,
      0.0008261000002676155,
      0.0008182000019587576,
      0.000781399998231791,
      0.0007767999995849095,
      0.0007192000011855271,
      0.000712799999746494,
      0.0007292000009329058,
      0.0006949999988137279,
      0.0006775000001653098,
      0.0007146000025386456,
      0.0008263999989139847,
      0.0006629999988945201,
      0.0007160999994084705,
      0.000720199997886084,
      0.0007069999992381781,
      0.000705899998138193,
      0.0008849000005284324,
      0.0007504000022890978,
      0.0007676000022911467,
      0.000725499998225132,
      0.000772399998822948,
      0.0007297999982256442,
      0.0007135000014386605,
      0.0007207999988168012,
      0.0007077000009303447,
      0.0007420000001729932,
      0.0007603000012750272,
      0.0008615000006102491,
      0.000689800002874108,
      0.0006955000026209746,
      0.0007755000006000046,
      0.0007368000005953945,
      0.0007581000027130358,
      0.0008185999977285974,
      0.0007664999975531828,
      0.0006518000009236857,
      0.0008312999998452142,
      0.000849000000016531,
      0.0007245999986480456,
      0.000736099998903228,
      0.0006861999972898047,
      0.0006890000004204921,
      0.000685499999235617,
      0.0006465000005846377,
      0.0007280999998329207,
      0.0006600000015168916,
      0.0007581999998365063,
      0.0007003999999142252,
      0.0007239000005938578,
      0.0007607000006828457,
      0.0007072999978845473,
      0.0007022999998298474,
      0.000804000002972316,
      0.0007554000003437977,
      0.0008959000006143469,
      0.0007310000000870787,
      0.0007426000011037104,
      0.0006986000007600524,
      0.0007349000006797723
    ],