{
  "rank": 6,
  "world_size": 8,
  "num_steps": 60,
  "statistics": {
    "compute": {
      "count": 60,
      "min": 0.02665519999936805,
      "max": 0.12825440000233357,
      "mean": 0.03581796833332192,
      "std": 0.012990867192822733,
      "p95": 0.04596129999845289,
      "p99": 0.05230160000064643
    },
    "sync": {
      "count": 60,
      "min": 0.006554999999934807,
      "max": 0.3435557000011613,
      "mean": 0.01505546333331343,
      "std": 0.042794420027021794,
      "p95": 0.01159660000121221,
      "p99": 0.01546769999913522
    },
    "optim": {
      "count": 60,
      "min": 0.0006600999986403622,
      "max": 0.0013349000000744127,
      "mean": 0.0007458766668908841,
      "std": 0.00010122411309303586,
      "p95": 0.0009102999974857084,
      "p99": 0.0010150999987672549
    },
    "iter": {
      "count": 60,
      "min": 0.037244199997076066,
      "max": 0.4731450000035693,
      "mean": 0.05161930833352623,
      "std": 0.055112292716179144,
      "p95": 0.057621299998572795,
      "p99": 0.05956800000058138
    },
    "grad_norm": {
      "count": 60,
      "min": 0.04415564611554146,
      "max": 0.12112286686897278,
      "mean": 0.07939859374115864,
      "std": 0.02072251472599142,
      "p95": 0.11560529470443726,
      "p99": 0.11970219016075134
    },
    "loss": {
      "count": 60,
      "min": 1.5817341804504395,
      "max": 1.640586495399475,
      "mean": 1.6097951670487722,
      "std": 0.011564202498934105,
      "p95": 1.629024863243103,
      "p99": 1.6295166015625
    }
  },
  "trajectories": {
    "compute_times": [
      0.12825440000233357,
      0.038698500000464264,
      0.04074879999825498,
      0.05230160000064643,
      0.034333600000536535,
      0.02962660000048345,
      0.028277800000068964,
      0.028038899999955902,
      0.030842299998766975,
      0.034268199997313786,
      0.03315800000200397,
      0.03281149999747868,
      0.039276799998333445,
      0.027432800001406576,
      0.03100569999878644,
      0.030617600001278333,
      0.02915190000203438,
      0.03615929999796208,
      0.03066699999908451,
      0.03129160000025877,
      0.03111200000057579,
      0.03224720000071102,
      0.03604559999803314,
      0.029677800001081778,
      0.03201999999873806,
      0.03375239999877522,
      0.040861899997253204,
      0.036738100003276486,
      0.03603339999972377,
      0.03527899999971851,
      0.03256949999922654,
      0.029200099997979123,
      0.03152970000155619,
      0.030862200001138262,
      0.029274100001202896,
      0.03692900000169175,
      0.031800500000827014,
      0.033413700002711266,
      0.03527810000014142,
      0.04596129999845289,
      0.03946469999937108,
      0.03994349999993574,
      0.033769500001653796,
      0.03407130000050529,
      0.04792799999995623,
      0.03320199999870965,
      0.0428022999985842,
      0.03139680000094813,
      0.034326299999520415,
      0.036474700002145255,
      0.035180499999114545,
      0.037106799998582574,
      0.03628509999907692,
      0.03734420000182581,
      0.031551500000205124,
      0.03085270000156015,
      0.03245700000115903,
      0.03156709999893792,
      0.02665519999936805,
      0.0291503999978886
    ],
    "sync_times": [
      0.3435557000011613,
      0.010083099998155376,
      0.01061649999974179,
      0.006554999999934807,
      0.007744300000922522,
      0.006979099998716265,
      0.008178799998859176,
      0.010798700001032557,
      0.007629899999301415,
      0.008127300003252458,
      0.006970700000238139,
      0.007566899999801535,
      0.008633699999336386,
      0.010055299997475231,
      0.008262999999715248,
      0.009653900000557769,
      0.009706100001494633,
      0.009937399998307228,
      0.009156700001767604,
      0.010598300003039185,
      0.008580700003221864,
      0.0084151999981259,
      0.0075772999989567325,
      0.009207600000081584,
      0.009252699997887248,
      0.009229600000253413,
      0.009966400000848807,
      0.01103559999683057,
      0.009592000002157874,
      0.010177000000112457,
      0.010789399999339366,
      0.009550999999191845,
      0.010219600000709761,
      0.00992949999999837,
      0.010087099999509519,
      0.01546769999913522,
      0.009340099997643847,
      0.008155399998940993,
      0.010682600001018727,
      0.010836299999937182,
      0.00970919999963371,
      0.009178000000247266,
      0.01159660000121221,
      0.0147103999988758,
      0.009163700000499375,
      0.010195000002568122,
      0.010013200000685174,
      0.009616100000130245,
      0.007456600000296021,
      0.00972149999870453,
      0.008555599997635,
      0.008459000000584638,
      0.008951700001489371,
      0.0076746000013372395,
      0.00956439999936265,
      0.009312900001532398,
      0.009766999999555992,
      0.009988899997551925,
      0.011040800000046147,
      0.009749400000146125
    ],
    "optim_times": [
      0.0013349000000744127,
      0.0009062999997695442,
      0.0007975999978953041,
      0.0007114000000001397,
      0.0007446000017807819,
      0.000693500001943903,
      0.0007875999981479254,
      0.0007513000018661842,
      0.0007423000024573412,
      0.0006852000005892478,
      0.0007342000026255846,
      0.0007145000017771963,
      0.0007049999985611066,
      0.0007312000016099773,
      0.0007151000027079135,
      0.0006839000016043428,
      0.0007044000012683682,
      0.0006775000001653098,
      0.0007216999983938877,
      0.0009102999974857084,
      0.0007273000010172836,
      0.0007311999979719985,
      0.0006914999976288527,
      0.0006848000011814293,
      0.0007154000013542827,
      0.0007189000025391579,
      0.0007583000005979557,
      0.0007143000002542976,
      0.0007236999990709592,
      0.0007267000000865664,
      0.0006724000013491604,
      0.0007413000021188054,
      0.0007012000023678411,
      0.0007315000002563465,
      0.0009657999980845489,
      0.0010150999987672549,
      0.0007196999977168161,
      0.0007045999991532881,
      0.0007027999999991152,
      0.0008237000001827255,
      0.0006742999976268038,
      0.0006940999992366415,
      0.0007346999991568737,
      0.0007141999994928483,
      0.0007722999980614986,
      0.0006766999977116939,
      0.0006600999986403622,
      0.0007442000023729634,
      0.0006996000010985881,
      0.0007385000026260968,
      0.0006880000000819564,
      0.0007546000015281606,
      0.0006656000005023088,
      0.0007296000003407244,
      0.000739799997973023,
      0.0007354000008490402,
      0.0007077000009303447,
      0.0007681000024604145,
      0.0006995000003371388,
      0.0007329000000027008
    ],