{
  "rank": 2,
  "world_size": 4,
  "num_steps": 10,
  "statistics": {
    "compute": {
      "count": 10,
      "min": 0.043624000001727836,
      "max": 0.14373369999884744,
      "mean": 0.08102674000001571,
      "std": 0.03673808493362563,
      "p95": 0.1386065000006056,
      "p99": 0.1386065000006056
    },
    "sync": {
      "count": 10,
      "min": 0.008987600002001273,
      "max": 0.05092069999955129,
      "mean": 0.017032390000167652,
      "std": 0.012807415868097314,
      "p95": 0.030876799999532523,
      "p99": 0.030876799999532523
    },
    "optim": {
      "count": 10,
      "min": 0.0008447000000160187,
      "max": 0.0015378999996755738,
      "mean": 0.0010813600008987123,
      "std": 0.00020919685546325702,
      "p95": 0.0013398000010056421,
      "p99": 0.0013398000010056421
    },
    "iter": {
      "count": 10,
      "min": 0.058787100002518855,
      "max": 0.17082310000114376,
      "mean": 0.09914049000108208,
      "std": 0.037997602657001674,
      "p95": 0.15575190000163275,
      "p99": 0.15575190000163275
    },
    "grad_norm": {
      "count": 10,
      "min": 0.15084195137023926,
      "max": 0.29700741171836853,
      "mean": 0.22751302719116212,
      "std": 0.03595312056613376,
      "p95": 0.26545143127441406,
      "p99": 0.26545143127441406
    },
    "loss": {
      "count": 10,
      "min": 2.298022747039795,
      "max": 2.322093963623047,
      "mean": 2.30777792930603,
      "std": 0.007712082490809266,
      "p95": 2.3177618980407715,
      "p99": 2.3177618980407715
    }
  },
  "trajectories": {
    "compute_times": [
      0.1386065000006056,
      0.043624000001727836,
      0.051253399997222004,
      0.14373369999884744,
      0.04890689999956521,
      0.1093817000000854,
      0.08639060000132304,
      0.05372500000157743,
      0.08944089999931748,
      0.045204699999885634
    ],
    "sync_times": [
      0.030876799999532523,
      0.05092069999955129,
      0.009516599999187747,
      0.0109723000023223,
      0.008987600002001273,
      0.010582200000499142,
      0.010390999999799533,
      0.012574399999721209,
      0.012612200000148732,
      0.012890099998912774
    ],
    "optim_times": [
      0.0013398000010056421,
      0.000992900000710506,
      0.0015378999996755738,
      0.001045900000463007,
      0.0008926000009523705,
      0.0008447000000160187,
      0.0011725000003934838,
      0.0011322000027575996,
      0.0008858000001055188,
      0.0009693000029074028
    ],
    "iter_times": [
      0.17082310000114376,
      0.09553760000198963,
      0.062307899996085325,
      0.15575190000163275,
      0.058787100002518855,
      0.12080860000060056,
      0.09795410000151605,
      0.06743160000405624,
      0.10293889999957173,
      0.05906410000170581
    ],
    "grad_norms": [
      0.2057933807373047,
      0.2199534773826599,
      0.21483555436134338,
      0.2348959892988205,
      0.23239730298519135,
      0.15084195137023926,
      0.29700741171836853,
      0.26545143127441406,
      0.2292655110359192,
      0.22468826174736023
    ],
    "losses": [
      2.302459955215454,
      2.3027756214141846,
      2.311460256576538,
      2.298022747039795,
      2.3008456230163574,
      2.3015055656433105,
      2.3140788078308105,
      2.3177618980407715,
      2.322093963623047,
      2.306774854660034
    ],
    "bytes_transferred": [
      208552,
      208552,
      208552,
      208552,
      208552,
      208552,
      208552,
      208552,
      208552,
      208552
    ],
    "epochs": [
      0,
      0,
      0,
      0,
      0,
      0,
      0,
      0,
      0,
      0
    ],
    "steps": [
      0,
      1,
      2,
      3,
      4,
      5,
      6,
      7,
      8,
      9
    ]
  }
}