{
  "rank": 1,
  "world_size": 4,
  "num_steps": 10,
  "statistics": {
    "compute": {
      "count": 10,
      "min": 0.043176400002266746,
      "max": 0.2086063999995531,
      "mean": 0.0835660300002928,
      "std": 0.04752199166713413,
      "p95": 0.10853850000057719,
      "p99": 0.10853850000057719
    },
    "sync": {
      "count": 10,
      "min": 0.008869100001902552,
      "max": 0.062217600003350526,
      "mean": 0.02476548000013281,
      "std": 0.018828237585593845,
      "p95": 0.05101680000007036,
      "p99": 0.05101680000007036
    },
    "optim": {
      "count": 10,
      "min": 0.0008273999992525205,
      "max": 0.001312199998210417,
      "mean": 0.0009715899999719113,
      "std": 0.00015949818460019597,
      "p95": 0.0012156000011600554,
      "p99": 0.0012156000011600554
    },
    "iter": {
      "count": 10,
      "min": 0.05819600000177161,
      "max": 0.27213620000111405,
      "mean": 0.10930310000039753,
      "std": 0.06184572158599504,
      "p95": 0.15595810000013444,
      "p99": 0.15595810000013444
    },
    "grad_norm": {
      "count": 10,
      "min": 0.15084195137023926,
      "max": 0.29700741171836853,
      "mean": 0.22751302570104598,
      "std": 0.03595312036369992,
      "p95": 0.26545143127441406,
      "p99": 0.26545143127441406
    },
    "loss": {
      "count": 10,
      "min": 2.2917702198028564,
      "max": 2.32011079788208,
      "mean": 2.3081616163253784,
      "std": 0.008219892804253112,
      "p95": 2.3192644119262695,
      "p99": 2.3192644119262695
    }
  },
  "trajectories": {
    "compute_times": [
      0.2086063999995531,
      0.049520900000061374,
      0.05242720000023837,
      0.10409090000030119,
      0.046457200001896126,
      0.10853850000057719,
      0.08303840000007767,
      0.05589070000132779,
      0.08391369999662857,
      0.043176400002266746
    ],
    "sync_times": [
      0.062217600003350526,
      0.04479599999831407,
      0.008869100001902552,
      0.05101680000007036,
      0.01156029999765451,
      0.01186260000031325,
      0.013349400000151945,
      0.011645999999018386,
      0.01819220000106725,
      0.014144799999485258
    ],
    "optim_times": [
      0.001312199998210417,
      0.0012156000011600554,
      0.0009374000001116656,
      0.0008503999997628853,
      0.0009196999999403488,
      0.000900399998499779,
      0.0008319000007759314,
      0.0008273999992525205,
      0.0010461000019859057,
      0.0008748000000196043
    ],
    "iter_times": [
      0.27213620000111405,
      0.0955324999995355,
      0.06223370000225259,
      0.15595810000013444,
      0.058937199999490986,
      0.12130149999939022,
      0.09721970000100555,
      0.0683640999995987,
      0.10315199999968172,
      0.05819600000177161
    ],
    "grad_norms": [
      0.2057933807373047,
      0.2199534773826599,
      0.21483555436134338,
      0.2348959892988205,
      0.23239728808403015,
      0.15084195137023926,
      0.29700741171836853,
      0.26545143127441406,
      0.2292655110359192,
      0.22468826174736023
    ],
    "losses": [
      2.3041484355926514,
      2.2917702198028564,
      2.304143190383911,
      2.308241367340088,
      2.3192644119262695,
      2.3057899475097656,
      2.32011079788208,
      2.3142731189727783,
      2.3125364780426025,
      2.3013381958007812
    ],
    "bytes_transferred": [
      208552,
      208552,
      208552,
      208552,
      208552,
      208552,
      208552,
      208552,
      208552,
      208552
    ],
    "epochs": [
      0,
      0,
      0,
      0,
      0,
      0,
      0,
      0,
      0,
      0
    ],
    "steps": [
      0,
      1,
      2,
      3,
      4,
      5,
      6,
      7,
      8,
      9
    ]
  }
}