{
  "rank": 0,
  "world_size": 4,
  "num_steps": 10,
  "statistics": {
    "compute": {
      "count": 10,
      "min": 0.04393609999897308,
      "max": 0.18714129999716533,
      "mean": 0.0863928599996143,
      "std": 0.04537376225617317,
      "p95": 0.1445251000004646,
      "p99": 0.1445251000004646
    },
    "sync": {
      "count": 10,
      "min": 0.008057399998506298,
      "max": 0.07779519999894546,
      "mean": 0.019249079998917295,
      "std": 0.01978439104762112,
      "p95": 0.017506899999716552,
      "p99": 0.017506899999716552
    },
    "optim": {
      "count": 10,
      "min": 0.0008096000019577332,
      "max": 0.0013795999984722584,
      "mean": 0.0009783100002096034,
      "std": 0.00015209156041445738,
      "p95": 0.0010863000024983194,
      "p99": 0.0010863000024983194
    },
    "iter": {
      "count": 10,
      "min": 0.05505540000012843,
      "max": 0.26631609999458306,
      "mean": 0.1066202499987412,
      "std": 0.060838908752522014,
      "p95": 0.15349950000017998,
      "p99": 0.15349950000017998
    },
    "grad_norm": {
      "count": 10,
      "min": 0.15084195137023926,
      "max": 0.29700741171836853,
      "mean": 0.22751302719116212,
      "std": 0.03595312056613376,
      "p95": 0.26545143127441406,
      "p99": 0.26545143127441406
    },
    "loss": {
      "count": 10,
      "min": 2.2959718704223633,
      "max": 2.3234732151031494,
      "mean": 2.307985234260559,
      "std": 0.0066718278258025634,
      "p95": 2.3119242191314697,
      "p99": 2.3119242191314697
    }
  },
  "trajectories": {
    "compute_times": [
      0.18714129999716533,
      0.05956460000015795,
      0.047355599999718834,
      0.1445251000004646,
      0.04393609999897308,
      0.10762520000207587,
      0.0852405000005092,
      0.05652900000131922,
      0.08645879999676254,
      0.04555239999899641
    ],
    "sync_times": [
      0.07779519999894546,
      0.015155599998252,
      0.015438099999300903,
      0.008057399998506298,
      0.01684669999667676,
      0.012885299998742994,
      0.00972610000098939,
      0.010407399997347966,
      0.017506899999716552,
      0.008672100000694627
    ],
    "optim_times": [
      0.0013795999984722584,
      0.0010863000024983194,
      0.0009413000007043593,
      0.0009170000012090895,
      0.0008096000019577332,
      0.0009450999968976248,
      0.0009453000020585023,
      0.0009452999984205235,
      0.0009826999994402286,
      0.0008309000004373956
    ],
    "iter_times": [
      0.26631609999458306,
      0.07580650000090827,
      0.0637349999997241,
      0.15349950000017998,
      0.06159239999760757,
      0.12145559999771649,
      0.0959119000035571,
      0.06788169999708771,
      0.10494839999591932,
      0.05505540000012843
    ],
    "grad_norms": [
      0.2057933807373047,
      0.2199534773826599,
      0.21483555436134338,
      0.2348959892988205,
      0.23239730298519135,
      0.15084195137023926,
      0.29700741171836853,
      0.26545143127441406,
      0.2292655110359192,
      0.22468826174736023
    ],
    "losses": [
      2.306812047958374,
      2.3050997257232666,
      2.3119242191314697,
      2.3089849948883057,
      2.310671329498291,
      2.2959718704223633,
      2.3234732151031494,
      2.308326244354248,
      2.304029703140259,
      2.3045589923858643
    ],
    "bytes_transferred": [
      208552,
      208552,
      208552,
      208552,
      208552,
      208552,
      208552,
      208552,
      208552,
      208552
    ],
    "epochs": [
      0,
      0,
      0,
      0,
      0,
      0,
      0,
      0,
      0,
      0
    ],
    "steps": [
      0,
      1,
      2,
      3,
      4,
      5,
      6,
      7,
      8,
      9
    ]
  }
}