{
  "rank": 5,
  "world_size": 8,
  "num_steps": 10,
  "statistics": {
    "compute": {
      "count": 10,
      "min": 0.03794270000071265,
      "max": 0.1950926999998046,
      "mean": 0.12431198000012955,
      "std": 0.04456273711856526,
      "p95": 0.170582499999,
      "p99": 0.170582499999
    },
    "sync": {
      "count": 10,
      "min": 0.0268316000001505,
      "max": 0.05875200000082259,
      "mean": 0.03824920000042766,
      "std": 0.008052082781865836,
      "p95": 0.042738700001791585,
      "p99": 0.042738700001791585
    },
    "optim": {
      "count": 10,
      "min": 0.0009532000003673602,
      "max": 0.0019223000017518643,
      "mean": 0.0012643499994737795,
      "std": 0.00033565043586892646,
      "p95": 0.0018681000001379289,
      "p99": 0.0018681000001379289
    },
    "iter": {
      "count": 10,
      "min": 0.07199949999994715,
      "max": 0.25576700000237906,
      "mean": 0.163825530000031,
      "std": 0.04907976202744013,
      "p95": 0.20522689999779686,
      "p99": 0.20522689999779686
    },
    "grad_norm": {
      "count": 10,
      "min": 0.178546741604805,
      "max": 0.42565569281578064,
      "mean": 0.2816349774599075,
      "std": 0.07806672349611672,
      "p95": 0.38520604372024536,
      "p99": 0.38520604372024536
    },
    "loss": {
      "count": 10,
      "min": 2.283747434616089,
      "max": 2.3324882984161377,
      "mean": 2.303588843345642,
      "std": 0.016264232338506445,
      "p95": 2.319918155670166,
      "p99": 2.319918155670166
    }
  },
  "trajectories": {
    "compute_times": [
      0.1950926999998046,
      0.13326539999980014,
      0.03794270000071265,
      0.07020209999973304,
      0.15214109999942593,
      0.14315470000292407,
      0.1043987000011839,
      0.13603489999877638,
      0.170582499999,
      0.10030499999993481
    ],
    "sync_times": [
      0.05875200000082259,
      0.0268316000001505,
      0.03307610000047134,
      0.03705400000035297,
      0.03884220000327332,
      0.03913710000051651,
      0.0331146999997145,
      0.0392543999987538,
      0.03369119999842951,
      0.042738700001791585
    ],
    "optim_times": [
      0.0019223000017518643,
      0.0010313999991922174,
      0.000980699998763157,
      0.0010525999969104305,
      0.0018681000001379289,
      0.0013023000028624665,
      0.0012778999989677686,
      0.0010445999978401233,
      0.0009532000003673602,
      0.001210399997944478
    ],
    "iter_times": [
      0.25576700000237906,
      0.16112839999914286,
      0.07199949999994715,
      0.10830869999699644,
      0.19285140000283718,
      0.18359410000630305,
      0.13879129999986617,
      0.1763338999953703,
      0.20522689999779686,
      0.14425409999967087
    ],
    "grad_norms": [
      0.33937931060791016,
      0.2863592803478241,
      0.22397910058498383,
      0.42565569281578064,
      0.178546741604805,
      0.2989473044872284,
      0.20952743291854858,
      0.38520604372024536,
      0.2675463855266571,
      0.20120248198509216
    ],
    "losses": [
      2.318423271179199,
      2.291963577270508,
      2.2864792346954346,
      2.3324882984161377,
      2.319918155670166,
      2.308619260787964,
      2.2986018657684326,
      2.2839465141296387,
      2.283747434616089,
      2.3117008209228516
    ],
    "bytes_transferred": [
      208552,
      208552,
      208552,
      208552,
      208552,
      208552,
      208552,
      208552,
      208552,
      208552
    ],
    "epochs": [
      0,
      0,
      0,
      0,
      0,
      0,
      0,
      0,
      0,
      0
    ],
    "steps": [
      0,
      1,
      2,
      3,
      4,
      5,
      6,
      7,
      8,
      9
    ]
  }
}