{
  "rank": 7,
  "world_size": 8,
  "num_steps": 60,
  "statistics": {
    "compute": {
      "count": 60,
      "min": 0.022529100002429914,
      "max": 0.14652750000095693,
      "mean": 0.033534011666112445,
      "std": 0.015528345095288451,
      "p95": 0.04325599999719998,
      "p99": 0.046114299999317154
    },
    "sync": {
      "count": 60,
      "min": 0.0077109000012569595,
      "max": 0.3604699999996228,
      "mean": 0.016171530000004472,
      "std": 0.04485175781565846,
      "p95": 0.012933699999848614,
      "p99": 0.016374499999074033
    },
    "optim": {
      "count": 60,
      "min": 0.0006123000021034386,
      "max": 0.0013598000005003996,
      "mean": 0.000699841666634408,
      "std": 0.00010153068715217752,
      "p95": 0.000782499999331776,
      "p99": 0.0008976999997685198
    },
    "iter": {
      "count": 60,
      "min": 0.031338100001448765,
      "max": 0.5083573000010801,
      "mean": 0.050405383332751325,
      "std": 0.05984664525635443,
      "p95": 0.0533856999973068,
      "p99": 0.056662700000742916
    },
    "grad_norm": {
      "count": 60,
      "min": 0.04415564611554146,
      "max": 0.12112286686897278,
      "mean": 0.07939859374115864,
      "std": 0.02072251472599142,
      "p95": 0.11560529470443726,
      "p99": 0.11970219016075134
    },
    "loss": {
      "count": 60,
      "min": 1.5888218879699707,
      "max": 1.6393749713897705,
      "mean": 1.6130068004131317,
      "std": 0.010172564761941165,
      "p95": 1.6265794038772583,
      "p99": 1.637413740158081
    }
  },
  "trajectories": {
    "compute_times": [
      0.14652750000095693,
      0.035567799997807015,
      0.0396188999984588,
      0.046114299999317154,
      0.027610199998889584,
      0.022529100002429914,
      0.028328099997452227,
      0.024314099999173777,
      0.030278599999292055,
      0.028873200000816723,
      0.027926399998250417,
      0.029923599999165162,
      0.03974459999881219,
      0.02585929999986547,
      0.027487199997267453,
      0.026194499998382526,
      0.02509490000011283,
      0.034931399997731205,
      0.029987599999003578,
      0.030810799999017036,
      0.024251599999843165,
      0.027204299996810732,
      0.030143899999529822,
      0.025287899999966612,
      0.02905349999855389,
      0.03485210000144434,
      0.03966039999795612,
      0.03304050000224379,
      0.03492329999789945,
      0.03423590000238619,
      0.03428019999773824,
      0.030324199997266987,
      0.029478300002665492,
      0.02639409999756026,
      0.028001799997582566,
      0.034524999999121064,
      0.031002299998363014,
      0.027322399997501634,
      0.030517899998812936,
      0.04529829999955837,
      0.03410190000067814,
      0.03489880000051926,
      0.03149679999842192,
      0.03348370000094292,
      0.04325599999719998,
      0.03233569999792962,
      0.038812200000393204,
      0.03336419999686768,
      0.030145500000799075,
      0.03714200000104029,
      0.03471999999965192,
      0.030614999999670545,
      0.03298300000096788,
      0.03397600000243983,
      0.027984500000457047,
      0.028478700001869584,
      0.02721630000087316,
      0.03064240000094287,
      0.030205400002159877,
      0.028662599997915095
    ],
    "sync_times": [
      0.3604699999996228,
      0.009938499999407213,
      0.009503400000539841,
      0.009451000001718057,
      0.0108027000023867,
      0.008109899998089531,
      0.0077109000012569595,
      0.011283899999398272,
      0.009671400002844166,
      0.011631200002739206,
      0.00970930000039516,
      0.008992800001578871,
      0.008280599999125116,
      0.0107133999990765,
      0.011051899997255532,
      0.010544900000240887,
      0.009906999999657273,
      0.010308799999620533,
      0.00983789999736473,
      0.01170089999868651,
      0.011639899999863701,
      0.008201100001315353,
      0.010590800000500167,
      0.009478100000706036,
      0.011315599997033132,
      0.00790929999857326,
      0.011060199998610187,
      0.012142199997470016,
      0.008249099999375176,
      0.011512500001117587,
      0.00916739999956917,
      0.008744600003410596,
      0.011209899999812478,
      0.010986199999024393,
      0.010153499999432825,
      0.016374499999074033,
      0.010233400000288384,
      0.009419800000614487,
      0.011926900002436014,
      0.01072070000009262,
      0.010562300001765834,
      0.008631599997897865,
      0.00955440000325325,
      0.015224499999021646,
      0.009434199997485848,
      0.011101100000814768,
      0.012933699999848614,
      0.008777200000622543,
      0.007789499999489635,
      0.008861400001478614,
      0.009638499999709893,
      0.011144699998112628,
      0.011011599999619648,
      0.010086400001455331,
      0.012622700000065379,
      0.010776799997984199,
      0.010490399999980582,
      0.011398899998312118,
      0.00974550000319141,
      0.009850300000834977
    ],
    "optim_times": [
      0.0013598000005003996,
      0.0007792000033077784,
      0.000721799999155337,
      0.0007427000018651597,
      0.0007351999993261416,
      0.0006991000009293202,
      0.0006553999992320314,
      0.0007245000015245751,
      0.0006123000021034386,
      0.0006625999994867016,
      0.0007121999988157768,
      0.0006708000000799075,
      0.0006647000009252224,
      0.0006456000010075513,
      0.0006713000002491754,
      0.0006575999977940228,
      0.0006586999988940079,
      0.0006982999984757043,
      0.0006603000001632608,
      0.000720500000170432,
      0.0006601999994018115,
      0.000711500000761589,
      0.0006940999992366415,
      0.0006785000005038455,
      0.0006902999994053971,
      0.0008976999997685198,
      0.0006718000004184432,
      0.00064820000261534,
      0.000718100000085542,
      0.0006303000009211246,
      0.0006633000011788681,
      0.0006339999999909196,
      0.0006393000003299676,
      0.0006595999984710943,
      0.0006945999994059093,
      0.0007571999994979706,
      0.0006608000003325287,
      0.0006285999988904223,
      0.0006551000005856622,
      0.0006437000010919292,
      0.0007024000005912967,
      0.0006802999996580184,
      0.0006353999997372739,
      0.0006921999993210193,
      0.0006955000026209746,
      0.0008601999979873654,
      0.0006460999975388404,
      0.0006252999992284458,
      0.000782499999331776,
      0.000632499999483116,
      0.0006734000016876962,
      0.0007612999979755841,
      0.0006610999989788979,
      0.0007046999999147374,
      0.0006424999992304947,
      0.0007807000001776032,
      0.0006573999999091029,
      0.0006489999977929983,
      0.000750399998651119,
      0.0006681000013486482
    ],