{
  "rank": 1,
  "world_size": 2,
  "num_steps": 10,
  "statistics": {
    "compute": {
      "count": 10,
      "min": 0.005411399997683475,
      "max": 0.12946000000010827,
      "mean": 0.01861579999967944,
      "std": 0.03695605456325614,
      "p95": 0.00793340000018361,
      "p99": 0.00793340000018361
    },
    "sync": {
      "count": 10,
      "min": 0.002425900001981063,
      "max": 0.033528199997817865,
      "mean": 0.008539390000441927,
      "std": 0.009255838498637847,
      "p95": 0.01689750000150525,
      "p99": 0.01689750000150525
    },
    "optim": {
      "count": 10,
      "min": 0.0008043999987421557,
      "max": 0.007757399998808978,
      "mean": 0.001670449999801349,
      "std": 0.002034049477089779,
      "p95": 0.0012704000000667293,
      "p99": 0.0012704000000667293
    },
    "iter": {
      "count": 10,
      "min": 0.0099975999983144,
      "max": 0.1707455999967351,
      "mean": 0.028825639999922714,
      "std": 0.047493891217428016,
      "p95": 0.024933699998655356,
      "p99": 0.024933699998655356
    },
    "grad_norm": {
      "count": 10,
      "min": 2.4780428409576416,
      "max": 2.8842148780822754,
      "mean": 2.7168668031692507,
      "std": 0.13734947606745979,
      "p95": 2.8655383586883545,
      "p99": 2.8655383586883545
    },
    "loss": {
      "count": 10,
      "min": 2.2012228965759277,
      "max": 2.5085408687591553,
      "mean": 2.3244882345199587,
      "std": 0.10127864305674557,
      "p95": 2.475344181060791,
      "p99": 2.475344181060791
    }
  },
  "trajectories": {
    "compute_times": [
      0.12946000000010827,
      0.006883899997774279,
      0.007142099999327911,
      0.005611800002952805,
      0.005523299998458242,
      0.00793340000018361,
      0.006281999998464016,
      0.0061557000008178875,
      0.005411399997683475,
      0.005754400001023896
    ],
    "sync_times": [
      0.033528199997817865,
      0.01689750000150525,
      0.0033814000016718637,
      0.0045809000002918765,
      0.005100900001707487,
      0.002425900001981063,
      0.003871900000376627,
      0.008433499999227934,
      0.003789800000959076,
      0.0033838999988802243
    ],
    "optim_times": [
      0.007757399998808978,
      0.0011522999993758276,
      0.0008610000004409812,
      0.0008624000001873355,
      0.0010503999983484391,
      0.0011035000025003683,
      0.0009834000011323951,
      0.0008043999987421557,
      0.0012704000000667293,
      0.0008592999984102789
    ],
    "iter_times": [
      0.1707455999967351,
      0.024933699998655356,
      0.011384500001440756,
      0.011055100003432017,
      0.011674599998514168,
      0.011462800004665041,
      0.011137299999973038,
      0.015393599998787977,
      0.01047159999870928,
      0.0099975999983144
    ],
    "grad_norms": [
      2.7194480895996094,
      2.8314905166625977,
      2.6568429470062256,
      2.4780428409576416,
      2.8368771076202393,
      2.586740255355835,
      2.541379928588867,
      2.7680931091308594,
      2.8655383586883545,
      2.8842148780822754
    ],
    "losses": [
      2.2264418601989746,
      2.475344181060791,
      2.2012228965759277,
      2.2843661308288574,
      2.4089837074279785,
      2.2250020503997803,
      2.289483070373535,
      2.5085408687591553,
      2.334947347640991,
      2.2905502319335938
    ],
    "bytes_transferred": [
      437544,
      437544,
      437544,
      437544,
      437544,
      437544,
      437544,
      437544,
      437544,
      437544
    ],
    "epochs": [
      0,
      0,
      0,
      0,
      0,
      0,
      0,
      0,
      0,
      0
    ],
    "steps": [
      0,
      1,
      2,
      3,
      4,
      5,
      6,
      7,
      8,
      9
    ]
  }
}