{
  "rank": 0,
  "world_size": 2,
  "num_steps": 10,
  "statistics": {
    "compute": {
      "count": 10,
      "min": 0.0050955000006069895,
      "max": 0.12938649999705376,
      "mean": 0.01822199999987788,
      "std": 0.03705741172985956,
      "p95": 0.006752299999789102,
      "p99": 0.006752299999789102
    },
    "sync": {
      "count": 10,
      "min": 0.0039692999998806044,
      "max": 0.03352019999874756,
      "mean": 0.009226010000202223,
      "std": 0.009172167872791761,
      "p95": 0.018735199999355245,
      "p99": 0.018735199999355245
    },
    "optim": {
      "count": 10,
      "min": 0.0006819999980507419,
      "max": 0.007757399998808978,
      "mean": 0.0015089799999259412,
      "std": 0.0020855914528120495,
      "p95": 0.0010361999993619975,
      "p99": 0.0010361999993619975
    },
    "iter": {
      "count": 10,
      "min": 0.010419300000648946,
      "max": 0.1706640999946103,
      "mean": 0.028956990000006046,
      "std": 0.04743967055021311,
      "p95": 0.025739900003827643,
      "p99": 0.025739900003827643
    },
    "grad_norm": {
      "count": 10,
      "min": 2.4780428409576416,
      "max": 2.8842148780822754,
      "mean": 2.7168668031692507,
      "std": 0.13734947606745979,
      "p95": 2.8655383586883545,
      "p99": 2.8655383586883545
    },
    "loss": {
      "count": 10,
      "min": 2.134756565093994,
      "max": 2.519014358520508,
      "mean": 2.3445270538330076,
      "std": 0.11478770939175709,
      "p95": 2.457447052001953,
      "p99": 2.457447052001953
    }
  },
  "trajectories": {
    "compute_times": [
      0.12938649999705376,
      0.006185100002767285,
      0.006220399998710491,
      0.0050955000006069895,
      0.005914000001212116,
      0.006752299999789102,
      0.005972099999780767,
      0.005526799999643117,
      0.005493099997693207,
      0.005674200001521967
    ],
    "sync_times": [
      0.03352019999874756,
      0.018735199999355245,
      0.004319700001360616,
      0.004584700000123121,
      0.005270800000289455,
      0.004404300001624506,
      0.004254300001775846,
      0.00883840000096825,
      0.004363199997897027,
      0.0039692999998806044
    ],
    "optim_times": [
      0.007757399998808978,
      0.0008196000017051119,
      0.0008385000000998843,
      0.0007840000034775585,
      0.0010361999993619975,
      0.0007141999994928483,
      0.0009730999991006684,
      0.0007089999999152496,
      0.0006819999980507419,
      0.0007757999992463738
    ],
    "iter_times": [
      0.1706640999946103,
      0.025739900003827643,
      0.01137860000017099,
      0.010464200004207669,
      0.012221000000863569,
      0.011870800000906456,
      0.011199500000657281,
      0.015074200000526616,
      0.010538299993640976,
      0.010419300000648946
    ],
    "grad_norms": [
      2.7194480895996094,
      2.8314905166625977,
      2.6568429470062256,
      2.4780428409576416,
      2.8368771076202393,
      2.586740255355835,
      2.541379928588867,
      2.7680931091308594,
      2.8655383586883545,
      2.8842148780822754
    ],
    "losses": [
      2.16265869140625,
      2.4300038814544678,
      2.3732662200927734,
      2.344071865081787,
      2.134756565093994,
      2.386321783065796,
      2.457447052001953,
      2.3308935165405273,
      2.519014358520508,
      2.3068366050720215
    ],
    "bytes_transferred": [
      437544,
      437544,
      437544,
      437544,
      437544,
      437544,
      437544,
      437544,
      437544,
      437544
    ],
    "epochs": [
      0,
      0,
      0,
      0,
      0,
      0,
      0,
      0,
      0,
      0
    ],
    "steps": [
      0,
      1,
      2,
      3,
      4,
      5,
      6,
      7,
      8,
      9
    ]
  }
}