{
  "rank": 3,
  "world_size": 8,
  "num_steps": 60,
  "statistics": {
    "compute": {
      "count": 60,
      "min": 0.024701700000150595,
      "max": 0.11373119999916526,
      "mean": 0.03272697666664802,
      "std": 0.011629000619666765,
      "p95": 0.0435405999996874,
      "p99": 0.04854689999774564
    },
    "sync": {
      "count": 60,
      "min": 0.008116099998005666,
      "max": 0.34098050000102376,
      "mean": 0.01691358333318931,
      "std": 0.04223524270985903,
      "p95": 0.01593490000232123,
      "p99": 0.019042500000068685
    },
    "optim": {
      "count": 60,
      "min": 0.0005733000034524594,
      "max": 0.0012219999989611097,
      "mean": 0.0007452933332388056,
      "std": 0.00011448789423058048,
      "p95": 0.0010213999994448386,
      "p99": 0.0011025000021618325
    },
    "iter": {
      "count": 60,
      "min": 0.035463200005324325,
      "max": 0.4559336999991501,
      "mean": 0.05038585333307613,
      "std": 0.05305720641246885,
      "p95": 0.05572329999995418,
      "p99": 0.059682399998564506
    },
    "grad_norm": {
      "count": 60,
      "min": 0.04415564611554146,
      "max": 0.12112286686897278,
      "mean": 0.07939859374115864,
      "std": 0.02072251472599142,
      "p95": 0.11560529470443726,
      "p99": 0.11970219016075134
    },
    "loss": {
      "count": 60,
      "min": 1.5837949514389038,
      "max": 1.6321603059768677,
      "mean": 1.6113746821880341,
      "std": 0.01024329000755934,
      "p95": 1.6277297735214233,
      "p99": 1.6304669380187988
    }
  },
  "trajectories": {
    "compute_times": [
      0.11373119999916526,
      0.03534360000048764,
      0.03607629999896744,
      0.04854689999774564,
      0.030600300000514835,
      0.02740059999996447,
      0.026640100000804523,
      0.028556000001117354,
      0.03090439999868977,
      0.026190299999143463,
      0.02878979999877629,
      0.029008000001340406,
      0.03891030000158935,
      0.02607180000268272,
      0.027637399998639012,
      0.031103699999221135,
      0.027862200000527082,
      0.03036470000006375,
      0.031609100002242485,
      0.029871899998397566,
      0.024701700000150595,
      0.028272999999899184,
      0.03332850000151666,
      0.025127400000201305,
      0.02833229999669129,
      0.03218349999951897,
      0.03891239999938989,
      0.033075799998186994,
      0.0343754000023182,
      0.031674600002588704,
      0.03012289999969653,
      0.028610999997908948,
      0.027348100000381237,
      0.030650400000013178,
      0.025897699997585732,
      0.03865099999893573,
      0.027500600001076236,
      0.028935499998624437,
      0.033625199997914024,
      0.04429099999833852,
      0.03992070000094827,
      0.03595860000132234,
      0.03232890000072075,
      0.028381200001604157,
      0.0435405999996874,
      0.03206290000161971,
      0.03798589999860269,
      0.030140499999106396,
      0.030148699999699602,
      0.028613599999516737,
      0.032739199999923585,
      0.03299439999682363,
      0.030240300002333242,
      0.033350900001096306,
      0.02616870000201743,
      0.02570989999730955,
      0.02909669999644393,
      0.028742100003000814,
      0.029533300003095064,
      0.025124900002992945
    ],
    "sync_times": [
      0.34098050000102376,
      0.010786999999254476,
      0.009704199997941032,
      0.010415000000648433,
      0.011762000001908746,
      0.009507199996733107,
      0.010804300000017975,
      0.010491499997442588,
      0.00940959999934421,
      0.009648400002333801,
      0.01011830000061309,
      0.009642699998948956,
      0.009133800002018688,
      0.010401600000477629,
      0.011981600000581238,
      0.009545700002490776,
      0.010858199999347562,
      0.010282300001563272,
      0.008325299997522961,
      0.013276099998620339,
      0.01278430000093067,
      0.012742799997795373,
      0.011147299999720417,
      0.011327100000926293,
      0.012240699998073978,
      0.011760299999878043,
      0.014607799999794224,
      0.009899799999402603,
      0.011797600000136299,
      0.013172700000723125,
      0.012920799999847077,
      0.011174300001584925,
      0.012475600000470877,
      0.010554799999226816,
      0.010364099998696474,
      0.013934999999037245,
      0.009579699999449076,
      0.012826000001950888,
      0.012315600000874838,
      0.011927599996852223,
      0.01030910000190488,
      0.010585899999568937,
      0.016315299999405397,
      0.01593490000232123,
      0.01143930000034743,
      0.012420200000633486,
      0.011210599997866666,
      0.011334499999065883,
      0.012026600001263432,
      0.009249000002455432,
      0.008331499997439096,
      0.012948199997481424,
      0.012966100002813619,
      0.011612199999945005,
      0.019042500000068685,
      0.012889399997220607,
      0.008116099998005666,
      0.009555900000123074,
      0.012260699997568736,
      0.009637800001655705
    ],
    "optim_times": [
      0.0012219999989611097,
      0.0008128000008582603,
      0.0007332999994105194,
      0.000720500000170432,
      0.0007380999995802995,
      0.0006915999983903021,
      0.0007180999964475632,
      0.0006515000022773165,
      0.0005733000034524594,
      0.0007899999982328154,
      0.0006667999987257645,
      0.0006981000005907845,
      0.0006468000028689858,
      0.000709100000676699,
      0.0006640999999945052,
      0.0006849000019428786,
      0.0006934000011824537,
      0.000663499999063788,
      0.0009221000000252388,
      0.0007369999984803144,
      0.0006973999988986179,
      0.0007179000022006221,
      0.0007212000018625986,
      0.0006848999983048998,
      0.0007575999989057891,
      0.0007759000000078231,
      0.0007591999965370633,
      0.0006811000021116342,
      0.0008299000000988599,
      0.0007196999977168161,
      0.000701400000252761,
      0.0007470999989891425,
      0.0007048000006761868,
      0.0007393999985652044,
      0.0006705000014335383,
      0.0011025000021618325,
      0.0008792999979050364,
      0.000685499999235617,
      0.0007083999989845324,
      0.0007254000011016615,
      0.0007689999983995222,
      0.000744100001611514,
      0.0007827999979781453,
      0.0006630999996559694,
      0.0007433999999193475,
      0.0010462999998708256,
      0.0005883999983780086,
      0.0010213999994448386,
      0.000882399999682093,
      0.0006501999996544328,
      0.0006919000006746501,
      0.0007294000024558045,
      0.0007245000015245751,
      0.0007251999995787628,
      0.0007533000025432557,
      0.0006986000007600524,
      0.0007478999978047796,
      0.0005987999975332059,
      0.0007102999989001546,
      0.0007005000006756745
    ],