{
  "rank": 1,
  "world_size": 2,
  "num_steps": 60,
  "statistics": {
    "compute": {
      "count": 60,
      "min": 0.010570399997959612,
      "max": 0.31049999999959255,
      "mean": 0.018057748333497634,
      "std": 0.03811758020889302,
      "p95": 0.01708869999856688,
      "p99": 0.019865899997967063
    },
    "sync": {
      "count": 60,
      "min": 0.0019329000024299603,
      "max": 0.03444319999834988,
      "mean": 0.0038783666671103373,
      "std": 0.004145290803336941,
      "p95": 0.004580799999530427,
      "p99": 0.011290399997960776
    },
    "optim": {
      "count": 60,
      "min": 0.0007028999971225858,
      "max": 0.0012333000013313722,
      "mean": 0.0008470949998809374,
      "std": 0.00010715060534551756,
      "p95": 0.001046400000632275,
      "p99": 0.0012217000003147405
    },
    "iter": {
      "count": 60,
      "min": 0.014980399999330984,
      "max": 0.32301209999786806,
      "mean": 0.022783210000488906,
      "std": 0.039341144163953456,
      "p95": 0.023426600000675535,
      "p99": 0.048838099999557016
    },
    "grad_norm": {
      "count": 60,
      "min": 0.3226573169231415,
      "max": 0.8380337953567505,
      "mean": 0.4906736806035042,
      "std": 0.10515892828325547,
      "p95": 0.6648776531219482,
      "p99": 0.7166218757629395
    },
    "loss": {
      "count": 60,
      "min": 2.2727787494659424,
      "max": 2.349543333053589,
      "mean": 2.303448295593262,
      "std": 0.014496497384533475,
      "p95": 2.331010103225708,
      "p99": 2.3362889289855957
    }
  },
  "trajectories": {
    "compute_times": [
      0.31049999999959255,
      0.013348500000574859,
      0.013921900001150789,
      0.01674790000106441,
      0.01127239999914309,
      0.011990499999228632,
      0.010570399997959612,
      0.01283799999873736,
      0.011310599998978432,
      0.012223200003063539,
      0.01126759999897331,
      0.012285000000701984,
      0.014093199999479111,
      0.013000800001464086,
      0.011361299999407493,
      0.013255500001832843,
      0.012499399999796879,
      0.011615400002483511,
      0.01708869999856688,
      0.014916999996785307,
      0.012244400000781752,
      0.011176100000739098,
      0.012451600003259955,
      0.012785800001438474,
      0.01218220000009751,
      0.015945300001476426,
      0.01239999999961583,
      0.013809799998853123,
      0.014338699998916127,
      0.012572200001159217,
      0.012330600002314895,
      0.019865899997967063,
      0.012777199997799471,
      0.015907699998933822,
      0.016360099998564692,
      0.012389500003337162,
      0.019358800000190968,
      0.013028400000621332,
      0.012147000001277775,
      0.013849799997842638,
      0.014614100000471808,
      0.01218910000170581,
      0.012548099999548867,
      0.012432999999873573,
      0.012916499999846565,
      0.012232300003233831,
      0.012096899998141453,
      0.01167169999826001,
      0.011635400001978269,
      0.011529899999004556,
      0.01384890000190353,
      0.01173209999979008,
      0.011834500000986736,
      0.01325610000276356,
      0.013819799998600502,
      0.012433199997758493,
      0.01246750000063912,
      0.011125900000479305,
      0.013221699999121483,
      0.011829800001578405
    ],
    "sync_times": [
      0.011290399997960776,
      0.03444319999834988,
      0.0031670000025769696,
      0.0036309000024630222,
      0.003371700000570854,
      0.003271699999459088,
      0.0032815000013215467,
      0.0019973000016761944,
      0.003442400000494672,
      0.003135499999189051,
      0.003543099999660626,
      0.0036317000012786593,
      0.0024841000013111625,
      0.0020041999996465165,
      0.0035505999985616654,
      0.0032595000011497177,
      0.003117500000371365,
      0.0033020999981090426,
      0.002842699999746401,
      0.0031203000035020523,
      0.002918500002124347,
      0.003199400001903996,
      0.003365299999131821,
      0.0023212999985844363,
      0.0036982000019634143,
      0.0020285999999032356,
      0.0032226000002992805,
      0.0030666999991808552,
      0.0029695000011997763,
      0.0039920999988680705,
      0.0023760000003676396,
      0.0034870999988925178,
      0.0034553000004962087,
      0.0030882999999448657,
      0.004580799999530427,
      0.003789999998843996,
      0.0032558999992033932,
      0.0037401000008685514,
      0.003690500001539476,
      0.0032785000003059395,
      0.0034144999990530778,
      0.003714100002980558,
      0.0037527999993471894,
      0.0029248000028019305,
      0.0019329000024299603,
      0.0032678999996278435,
      0.00303880000137724,
      0.0038067999994382262,
      0.003190400002495153,
      0.003252700000302866,
      0.0030108999999356456,
      0.003094200001214631,
      0.003008400002727285,
      0.002503799998521572,
      0.0029906999989179894,
      0.0036256000021239743,
      0.0037992000034137163,
      0.004626999998436077,
      0.0030251999996835366,
      0.0033092000012402423
    ],
    "optim_times": [
      0.0012217000003147405,
      0.001046400000632275,
      0.0009189000011247117,
      0.0009678999995230697,
      0.0007441999987349845,
      0.0008159999997587875,
      0.0011285000000498258,
      0.0009078000002773479,
      0.000863299999764422,
      0.0008525999983248767,
      0.0007028999971225858,
      0.0008879999986675102,
      0.0009022000012919307,
      0.0008668999980727676,
      0.0007626000005984679,
      0.0007878999967942946,
      0.0008568000012019183,
      0.00076949999856879,
      0.0008572000006097369,
      0.0008228000006056391,
      0.0008421000020462088,
      0.0009676000008767005,
      0.0007526999979745597,
      0.0008581000001868233,
      0.000794399998994777,
      0.0007279999990714714,
      0.0008092999996733852,
      0.0009785999973246362,
      0.0007985999982338399,
      0.0007573000002594199,
      0.0008637999999336898,
      0.0008737999996810686,
      0.0012333000013313722,
      0.0008121999999275431,
      0.0008126000029733405,
      0.0007748999996692874,
      0.0008119000012811739,
      0.0008261000002676155,
      0.0008613999998487998,
      0.0007887000028858893,
      0.0008244999989983626,
      0.0007621999975526705,
      0.0007545000007667113,
      0.0007511000003432855,
      0.0007587999971292447,
      0.0007726000003458466,
      0.000840000000607688,
      0.0008522999996785074,
      0.0009613000001991168,
      0.0007085999968694523,
      0.0007521000006818213,
      0.0007726000003458466,
      0.0008058999992499594,
      0.0008596000006946269,
      0.0008378999991691671,
      0.0008153000017045997,
      0.0009803000029933173,
      0.000807700002042111,
      0.0008321999994223006,
      0.0007466999995813239
    ],