{
  "rank": 6,
  "world_size": 8,
  "num_steps": 60,
  "statistics": {
    "compute": {
      "count": 60,
      "min": 0.008760600001551211,
      "max": 0.04937730000165175,
      "mean": 0.015453068333287471,
      "std": 0.007080187889254151,
      "p95": 0.02644220000001951,
      "p99": 0.042732400001114
    },
    "sync": {
      "count": 60,
      "min": 0.03909810000186553,
      "max": 0.15895180000006803,
      "mean": 0.06071200000042154,
      "std": 0.01882339291776049,
      "p95": 0.08852400000250782,
      "p99": 0.11611249999987194
    },
    "optim": {
      "count": 60,
      "min": 0.0008372000011149794,
      "max": 0.008388500002183719,
      "mean": 0.0014703433336762828,
      "std": 0.0012315716833671438,
      "p95": 0.0024759000007179566,
      "p99": 0.006422200000088196
    },
    "iter": {
      "count": 60,
      "min": 0.052114500002062414,
      "max": 0.21235640000304556,
      "mean": 0.07763541166738529,
      "std": 0.02500923175376038,
      "p95": 0.11814560000493657,
      "p99": 0.14501039999959175
    },
    "grad_norm": {
      "count": 60,
      "min": 0.32315173745155334,
      "max": 0.3546542525291443,
      "mean": 0.33557276278734205,
      "std": 0.007821479463184271,
      "p95": 0.3504560887813568,
      "p99": 0.35186508297920227
    },
    "loss": {
      "count": 60,
      "min": 2.2636287212371826,
      "max": 2.3628828525543213,
      "mean": 2.311345700422923,
      "std": 0.02048387839484396,
      "p95": 2.3400769233703613,
      "p99": 2.3552496433258057
    }
  },
  "trajectories": {
    "compute_times": [
      0.022475699999631615,
      0.017417200000636512,
      0.01821600000039325,
      0.014482800001133,
      0.015283199998521013,
      0.014737500001501758,
      0.04937730000165175,
      0.026267099998221966,
      0.030515000002196757,
      0.02117569999973057,
      0.02644220000001951,
      0.018021600000793114,
      0.042732400001114,
      0.01364839999951073,
      0.010360799999034498,
      0.012110499999835156,
      0.018166499998187646,
      0.017249599997740006,
      0.008760600001551211,
      0.01125780000074883,
      0.014561300002242206,
      0.013071800000034273,
      0.013770199999271426,
      0.011478599997644778,
      0.01119729999845731,
      0.010113100001035491,
      0.009850599999481346,
      0.013627700001961784,
      0.01539509999929578,
      0.014412200001970632,
      0.01550399999905494,
      0.00973840000006021,
      0.016041999999288237,
      0.01337229999990086,
      0.013697599999431986,
      0.01426530000026105,
      0.012327500000537839,
      0.010350000000471482,
      0.014804399997956352,
      0.009154499999567633,
      0.013497399999323534,
      0.017077799999242416,
      0.012733499999740161,
      0.015057399999932386,
      0.010990800001309253,
      0.014521100001729792,
      0.009903199999826029,
      0.011388700000679819,
      0.010630500000843313,
      0.014230799999495503,
      0.012316000000282656,
      0.014202999998815358,
      0.010944699999527074,
      0.01479499999913969,
      0.010899499997321982,
      0.013581499999418156,
      0.01819910000267555,
      0.013715699999011122,
      0.010235599998850375,
      0.012831000000005588
    ],
    "sync_times": [
      0.11611249999987194,
      0.0513991999978316,
      0.04791599999953178,
      0.06044110000220826,
      0.061918000003061024,
      0.07671560000017053,
      0.15895180000006803,
      0.07585370000015246,
      0.08643350000056671,
      0.08852400000250782,
      0.09478060000037658,
      0.08341579999978421,
      0.07121180000103777,
      0.05778940000163857,
      0.06650730000183103,
      0.03909810000186553,
      0.05444730000090203,
      0.062346000002435176,
      0.05079459999979008,
      0.06304820000150357,
      0.057170900003256975,
      0.04559969999900204,
      0.0598801000014646,
      0.054577499999140855,
      0.06871030000183964,
      0.059895499998674495,
      0.04890710000108811,
      0.048606200001813704,
      0.05839130000094883,
      0.05987230000027921,
      0.05659860000014305,
      0.04386820000217995,
      0.05341539999790257,
      0.055061499999283114,
      0.06867799999963609,
      0.044829300000856165,
      0.050338799999735784,
      0.054015800000343006,
      0.044613699999899836,
      0.06365509999886854,
      0.04499099999884493,
      0.0603196999982174,
      0.05680879999999888,
      0.0535470000031637,
      0.04582769999979064,
      0.049368500000127824,
      0.07511090000116383,
      0.0510467999993125,
      0.04726759999903152,
      0.04284700000062003,
      0.05840859999807435,
      0.059362700001656776,
      0.04066380000222125,
      0.06319669999720645,
      0.051569900002505165,
      0.05467299999872921,
      0.05365030000029947,
      0.062356200000067474,
      0.05089539999971748,
      0.056418600001052255
    ],
    "optim_times": [
      0.006422200000088196,
      0.0017578000006324146,
      0.0009671999978309032,
      0.0022959000016271602,
      0.0010942000008071773,
      0.0012487000021792483,
      0.004027300001325784,
      0.0010987000023305882,
      0.0011971000021731015,
      0.0011985999990429264,
      0.001823099999455735,
      0.002343000000109896,
      0.0010436999982630368,
      0.0010905000017373823,
      0.0015316999997594394,
      0.0009059000003617257,
      0.0009604000006220303,
      0.0009180000015476253,
      0.0017358000004605856,
      0.008388500002183719,
      0.0009952000000339467,
      0.0014086000010138378,
      0.0010118000027432572,
      0.0010478000003786292,
      0.0010924000016530044,
      0.0011755999985325616,
      0.0008372000011149794,
      0.0010020999980042689,
      0.0009042000019690022,
      0.0016687000024830922,
      0.001128299998526927,
      0.0009288999972341117,
      0.0008606000010331627,
      0.0011028000008082017,
      0.0012133000018366147,
      0.0008500000003550667,
      0.001219199999468401,
      0.0013188000011723489,
      0.000960299999860581,
      0.0024759000007179566,
      0.0010972000018227845,
      0.0009375000008731149,
      0.000981000001047505,
      0.0013777999993180856,
      0.0008410000009462237,
      0.000880300001881551,
      0.0010148999972443562,
      0.0009968999984266702,
      0.0009320000026491471,
      0.0020774000004166737,
      0.0018371999976807274,
      0.0009654999994381797,
      0.0009734000013850164,
      0.0011852999996335711,
      0.0011330999986967072,
      0.0011419000002206303,
      0.0010562000024947338,
      0.0011670999992929865,
      0.0011802999979408924,
      0.0011945999976887833
    ],