{
  "rank": 0,
  "world_size": 2,
  "num_steps": 60,
  "statistics": {
    "compute": {
      "count": 60,
      "min": 0.010535100002016407,
      "max": 0.3094072999992932,
      "mean": 0.018141486666596998,
      "std": 0.03809899250522439,
      "p95": 0.018464100001438055,
      "p99": 0.03838420000101905
    },
    "sync": {
      "count": 60,
      "min": 0.003200399998604553,
      "max": 0.016883800002688076,
      "mean": 0.003827528332779669,
      "std": 0.0017345269898783491,
      "p95": 0.004570699999021599,
      "p99": 0.004893799999990733
    },
    "optim": {
      "count": 60,
      "min": 0.0006659999999101274,
      "max": 0.0032548999988648575,
      "mean": 0.0008152816667764758,
      "std": 0.00033902178498072577,
      "p95": 0.0011503999994602054,
      "p99": 0.0013646000006701797
    },
    "iter": {
      "count": 60,
      "min": 0.014743200004886603,
      "max": 0.327465200000006,
      "mean": 0.022784296666153146,
      "std": 0.03984811140522843,
      "p95": 0.022903900000528665,
      "p99": 0.04325649999736925
    },
    "grad_norm": {
      "count": 60,
      "min": 0.3226573169231415,
      "max": 0.8380337953567505,
      "mean": 0.4906736806035042,
      "std": 0.10515892828325547,
      "p95": 0.6648776531219482,
      "p99": 0.7166218757629395
    },
    "loss": {
      "count": 60,
      "min": 2.2759547233581543,
      "max": 2.352078676223755,
      "mean": 2.3087610562642413,
      "std": 0.014496938251441882,
      "p95": 2.330724000930786,
      "p99": 2.339360475540161
    }
  },
  "trajectories": {
    "compute_times": [
      0.3094072999992932,
      0.03838420000101905,
      0.013770699999440694,
      0.014056400003028102,
      0.011015399999450892,
      0.011955399997532368,
      0.010535100002016407,
      0.01148509999984526,
      0.011247700000240002,
      0.012041300000419142,
      0.011279399997874862,
      0.012315899999521207,
      0.013156000000890344,
      0.011513599998579593,
      0.011883300001500174,
      0.01330239999879268,
      0.012206899999000598,
      0.011852700001327321,
      0.016791500002000248,
      0.014661400000477443,
      0.011893799997778842,
      0.011228400002437411,
      0.012725499997031875,
      0.011595899999520043,
      0.012246000002051005,
      0.012614899998879991,
      0.011994000000413507,
      0.013530299998819828,
      0.014128899998468114,
      0.012084300000424264,
      0.01188910000200849,
      0.018464100001438055,
      0.01247519999742508,
      0.015382899997348431,
      0.01740530000097351,
      0.012628199998289347,
      0.019285000002128072,
      0.012718099998892285,
      0.011771699999371776,
      0.013481099998898571,
      0.014522699999361066,
      0.01244109999970533,
      0.01285730000017793,
      0.011844300002849195,
      0.011215200000151526,
      0.012118800001189811,
      0.01187940000090748,
      0.011882400001923088,
      0.01142729999992298,
      0.011635800001386087,
      0.013443499999993946,
      0.011358799998561153,
      0.011443499999586493,
      0.012265099998330697,
      0.013515999999071937,
      0.012740699999994831,
      0.01240930000130902,
      0.012183099999674596,
      0.012783899997884873,
      0.012116599998989841
    ],
    "sync_times": [
      0.016883800002688076,
      0.004022099998110207,
      0.003788199999689823,
      0.0036790999984077644,
      0.0036454999972193036,
      0.003401099998882273,
      0.0034121000026061665,
      0.0037669000012101606,
      0.00370199999815668,
      0.0033497999975224957,
      0.0034419999974488746,
      0.0036799000008613802,
      0.003603199998906348,
      0.003637399997387547,
      0.0032661000004736707,
      0.0034242000001540873,
      0.0033694000012474135,
      0.003325499998027226,
      0.00334600000132923,
      0.0034766999997373205,
      0.003200399998604553,
      0.0033290999999735504,
      0.0035611999992397614,
      0.003483500000584172,
      0.00419309999779216,
      0.004893799999990733,
      0.003485900000669062,
      0.0032697999995434657,
      0.003717999999935273,
      0.0037468999980774242,
      0.00483429999803775,
      0.0035690000004251488,
      0.004570699999021599,
      0.003314400000817841,
      0.003671400001621805,
      0.003642499999841675,
      0.004103100000065751,
      0.0034466999968572054,
      0.003589199997804826,
      0.0038045000001147855,
      0.00346229999922798,
      0.003568299998732982,
      0.003664699997898424,
      0.003326300000480842,
      0.0036532000012812205,
      0.0034273999990546145,
      0.0033083999987866264,
      0.0037072999984957278,
      0.003498300000501331,
      0.003518999998050276,
      0.003425700000661891,
      0.003482099997199839,
      0.0033827000006567687,
      0.003602199998567812,
      0.0033855000001494773,
      0.0033798999975260813,
      0.0042164999977103435,
      0.003508400001010159,
      0.003226500000891974,
      0.003258500000811182
    ],
    "optim_times": [
      0.001174099998024758,
      0.0008501999982399866,
      0.0032548999988648575,
      0.0008525999983248767,
      0.0007867999993322883,
      0.000714400001015747,
      0.00079600000026403,
      0.0007721000001765788,
      0.000823300000774907,
      0.0007191000004240777,
      0.0007471999997505918,
      0.000752799998736009,
      0.0007843000021239277,
      0.0006978000019444153,
      0.0006901999986439478,
      0.0006763000019418541,
      0.0007034000009298325,
      0.0006732000001647975,
      0.00075970000034431,
      0.0007594999988214113,
      0.0006822999966971111,
      0.000676499999826774,
      0.0007273000010172836,
      0.0008041000000957865,
      0.0008256000000983477,
      0.0007673000000067987,
      0.0008100999984890223,
      0.0009401000024809036,
      0.0007218999999167863,
      0.0007326000013563316,
      0.0007383000011031982,
      0.0008707999986654613,
      0.0007350999985646922,
      0.0007445999981428031,
      0.0007373000007646624,
      0.0007241000021167565,
      0.0007063000011839904,
      0.0013646000006701797,
      0.000734799999918323,
      0.0008035000028030481,
      0.0007881999990786426,
      0.0007272999973793048,
      0.000785099997301586,
      0.0006816000022809021,
      0.0007373000007646624,
      0.0007218000027933158,
      0.0007336999988183379,
      0.0007639000032213517,
      0.0006659999999101274,
      0.0007203999994089827,
      0.0007963999996718485,
      0.0007044999983918387,
      0.0007232999996631406,
      0.0007460000015271362,
      0.0007390000027953647,
      0.0007206000009318814,
      0.0007297000011021737,
      0.0011503999994602054,
      0.0007222999993246049,
      0.0007243000000016764
    ],