{
  "rank": 3,
  "world_size": 8,
  "num_steps": 60,
  "statistics": {
    "compute": {
      "count": 60,
      "min": 0.009175999999570195,
      "max": 0.04912509999849135,
      "mean": 0.015728774999843154,
      "std": 0.00745143066396696,
      "p95": 0.02631430000110413,
      "p99": 0.04476219999924069
    },
    "sync": {
      "count": 60,
      "min": 0.037696300001698546,
      "max": 0.16140470000027562,
      "mean": 0.06057350833331535,
      "std": 0.020235023967628794,
      "p95": 0.08187289999841596,
      "p99": 0.14045840000108
    },
    "optim": {
      "count": 60,
      "min": 0.0007998000000952743,
      "max": 0.006319399999483721,
      "mean": 0.001427299999825967,
      "std": 0.0009545833408384516,
      "p95": 0.002736800001002848,
      "p99": 0.005368099999031983
    },
    "iter": {
      "count": 60,
      "min": 0.05003470000156085,
      "max": 0.2125713999994332,
      "mean": 0.07772958333298448,
      "std": 0.026432853421898786,
      "p95": 0.1255931999985478,
      "p99": 0.16991220000272733
    },
    "grad_norm": {
      "count": 60,
      "min": 0.32315173745155334,
      "max": 0.3546542525291443,
      "mean": 0.33557276080052056,
      "std": 0.007821481715544521,
      "p95": 0.3504560589790344,
      "p99": 0.35186511278152466
    },
    "loss": {
      "count": 60,
      "min": 2.2737951278686523,
      "max": 2.3445181846618652,
      "mean": 2.309690801302592,
      "std": 0.016727796213407187,
      "p95": 2.3367223739624023,
      "p99": 2.34135103225708
    }
  },
  "trajectories": {
    "compute_times": [
      0.023134400002163602,
      0.01734529999885126,
      0.0120199999983015,
      0.01126989999829675,
      0.02617649999956484,
      0.01378869999825838,
      0.04912509999849135,
      0.03665099999852828,
      0.02631430000110413,
      0.013335399999050424,
      0.024503100001311395,
      0.014591499999369262,
      0.04476219999924069,
      0.011216299997613532,
      0.009175999999570195,
      0.012894200001028366,
      0.012609000001248205,
      0.01629270000194083,
      0.014971199998399243,
      0.012896899999759626,
      0.021450000000186265,
      0.011713100000633858,
      0.01082470000255853,
      0.011531700001796708,
      0.014820799999142764,
      0.013371200002438854,
      0.01567849999992177,
      0.015045799998915754,
      0.0102632000016456,
      0.010927300001640106,
      0.012013999999908265,
      0.012898300003143959,
      0.012530199997854652,
      0.01663900000130525,
      0.014165100001264364,
      0.015232699999614852,
      0.013709999999264255,
      0.012891499998659128,
      0.013038499997492181,
      0.011569399997824803,
      0.010924499998509418,
      0.012724799998977687,
      0.019057400000747293,
      0.01429669999924954,
      0.013134900000295602,
      0.011588599998503923,
      0.010790000000270084,
      0.013821900000039022,
      0.015364599999884376,
      0.011512899996887427,
      0.009304899998824112,
      0.013385499998548767,
      0.012948700001288671,
      0.011201799999980722,
      0.013075400001980597,
      0.013988700000481913,
      0.019139599997288315,
      0.01291510000010021,
      0.014321599999675527,
      0.016840200001752237
    ],
    "sync_times": [
      0.14045840000108,
      0.0623407999992196,
      0.05451320000065607,
      0.037696300001698546,
      0.06532420000075945,
      0.06612999999924796,
      0.16140470000027562,
      0.079524600001605,
      0.08187289999841596,
      0.07927249999920605,
      0.09984550000081072,
      0.06835030000002007,
      0.07967090000238386,
      0.06656229999862262,
      0.05135420000078739,
      0.052709399999002926,
      0.05008960000122897,
      0.05140240000037011,
      0.05457929999829503,
      0.0665368000009039,
      0.05797579999853042,
      0.047006900000269525,
      0.05416210000112187,
      0.049513400001160335,
      0.06848669999817503,
      0.04972999999881722,
      0.050248600000486476,
      0.060164200000144774,
      0.06409640000129002,
      0.05319450000024517,
      0.04457579999871086,
      0.055564500002219575,
      0.04949090000081924,
      0.0513874999996915,
      0.0571241999969061,
      0.05002090000198223,
      0.052762699997401796,
      0.05836769999950775,
      0.047067499999684514,
      0.07204809999893769,
      0.04989700000078301,
      0.04349440000078175,
      0.06079119999776594,
      0.04872329999852809,
      0.05956700000024284,
      0.04361359999893466,
      0.0658493000009912,
      0.05182989999957499,
      0.059595599999738624,
      0.05079240000122809,
      0.06727780000073835,
      0.04356080000070506,
      0.05610109999906854,
      0.042008500000520144,
      0.06024420000176178,
      0.04987210000035702,
      0.05419659999824944,
      0.05647879999742145,
      0.04588789999979781,
      0.06200230000104057
    ],
    "optim_times": [
      0.006319399999483721,
      0.0014711999974679202,
      0.0010849999998754356,
      0.0010685000015655532,
      0.0013204000024416018,
      0.005368099999031983,
      0.0020416000006662216,
      0.0010452999995322898,
      0.001181799998448696,
      0.0013617000004160218,
      0.0035053999999945518,
      0.002736800001002848,
      0.0011600999969232362,
      0.0008744999977352563,
      0.0010529999999562278,
      0.0010511000000406057,
      0.001295999998546904,
      0.0009331999972346239,
      0.0011754000006476417,
      0.0015639999983250163,
      0.0010154000010516029,
      0.001149499999883119,
      0.001162500000646105,
      0.0008536999994248617,
      0.0010748999993666075,
      0.0008754000009503216,
      0.0015702000018791296,
      0.0009319000018876977,
      0.0010785999984364025,
      0.001154800000222167,
      0.0011199000000488013,
      0.0025930000010703225,
      0.0012198000003991183,
      0.0009229999996023253,
      0.0016679000000294764,
      0.0008429000008618459,
      0.0008539000009477604,
      0.0009931999993568752,
      0.0009362999990116805,
      0.0013323999992280733,
      0.0013040999983786605,
      0.0012023999988741707,
      0.0007998000000952743,
      0.0012036000007356051,
      0.0010545000004640315,
      0.000965600000199629,
      0.0009303000006184448,
      0.0017450999985157978,
      0.001175199999124743,
      0.000998699997580843,
      0.0013757000015175436,
      0.0009795000005397014,
      0.002087299999402603,
      0.0014119000006758142,
      0.0011905999999726191,
      0.0017815999999584164,
      0.0011529999974300154,
      0.0009003000013763085,
      0.0014811000000918284,
      0.0009360000003653113
    ],