{
  "rank": 0,
  "world_size": 8,
  "num_steps": 60,
  "statistics": {
    "compute": {
      "count": 60,
      "min": 0.008448300002783071,
      "max": 0.04256119999990915,
      "mean": 0.014074074999977407,
      "std": 0.0060080642750178605,
      "p95": 0.022886800001288066,
      "p99": 0.032197599997743964
    },
    "sync": {
      "count": 60,
      "min": 0.04247430000032182,
      "max": 0.15850460000001476,
      "mean": 0.060936303333255636,
      "std": 0.01888180987438455,
      "p95": 0.09651490000032936,
      "p99": 0.11487819999820204
    },
    "optim": {
      "count": 60,
      "min": 0.0008101000021270011,
      "max": 0.00674050000088755,
      "mean": 0.0014483750001090812,
      "std": 0.0010300871315627265,
      "p95": 0.002463299999362789,
      "p99": 0.005048000002716435
    },
    "iter": {
      "count": 60,
      "min": 0.053948000000673346,
      "max": 0.19316549999712151,
      "mean": 0.07645875333334212,
      "std": 0.02320496546322896,
      "p95": 0.11167829999976675,
      "p99": 0.14450550000037765
    },
    "grad_norm": {
      "count": 60,
      "min": 0.32315173745155334,
      "max": 0.3546542227268219,
      "mean": 0.3355727622906367,
      "std": 0.007821480941764896,
      "p95": 0.3504560887813568,
      "p99": 0.35186508297920227
    },
    "loss": {
      "count": 60,
      "min": 2.2690606117248535,
      "max": 2.3590638637542725,
      "mean": 2.3079025864601137,
      "std": 0.019562643726655775,
      "p95": 2.3436009883880615,
      "p99": 2.3475401401519775
    }
  },
  "trajectories": {
    "compute_times": [
      0.022886800001288066,
      0.014148800000839401,
      0.013637600000947714,
      0.01626389999728417,
      0.01891800000157673,
      0.010115399996720953,
      0.032197599997743964,
      0.022876600000017788,
      0.031728199999633944,
      0.014020499998878222,
      0.020161099997494603,
      0.01709820000178297,
      0.04256119999990915,
      0.01091209999867715,
      0.010110100000019884,
      0.015788099997735117,
      0.011741199999960372,
      0.01251820000106818,
      0.012723499999992782,
      0.011189500000909902,
      0.020272199999453733,
      0.011398500002542278,
      0.01017350000256556,
      0.00914800000100513,
      0.015096099999936996,
      0.011365099999238737,
      0.012949800002388656,
      0.010611000001517823,
      0.008666900001117028,
      0.013975599998957478,
      0.010618899999826681,
      0.009354099998745369,
      0.014115599999058759,
      0.00990309999906458,
      0.010319999997591367,
      0.013731600000028266,
      0.011088999999628868,
      0.010797200000524754,
      0.015528699997958029,
      0.009289800000260584,
      0.013247999999293825,
      0.010119100003066706,
      0.011583699997572694,
      0.01319820000207983,
      0.01180930000191438,
      0.011355800001183525,
      0.008853600000293227,
      0.014406800000870135,
      0.01322730000174488,
      0.014349399996717693,
      0.008448300002783071,
      0.016180499998881714,
      0.01230520000171964,
      0.011193299997103168,
      0.009090600000490667,
      0.01373329999842099,
      0.016240199998719618,
      0.00845599999956903,
      0.012376200000289828,
      0.014268400002038106
    ],
    "sync_times": [
      0.11487819999820204,
      0.05484689999866532,
      0.04884270000184188,
      0.05879550000099698,
      0.060267900000326335,
      0.09651490000032936,
      0.15850460000001476,
      0.07157599999845843,
      0.0761424000011175,
      0.10415250000005472,
      0.08329429999866989,
      0.08539149999705842,
      0.06202980000307434,
      0.0700747999981104,
      0.04247430000032182,
      0.055722199998854194,
      0.052707099999679485,
      0.04972750000160886,
      0.05548079999789479,
      0.062145600000803825,
      0.05721599999742466,
      0.049172600000019884,
      0.059741099998063873,
      0.04484080000111135,
      0.07043340000018361,
      0.04858850000164239,
      0.061587000000145053,
      0.05036420000033104,
      0.06010000000242144,
      0.05797309999979916,
      0.05444389999684063,
      0.04468110000016168,
      0.06524809999973513,
      0.056012400000327034,
      0.058049200000823475,
      0.055279299998801434,
      0.045047200001135934,
      0.04748440000184928,
      0.0746980000003532,
      0.05099820000032196,
      0.06059580000146525,
      0.05204599999706261,
      0.05349669999850448,
      0.049498899999889545,
      0.05271990000255755,
      0.047217100000125356,
      0.06148100000064005,
      0.053979300002538366,
      0.04866559999936726,
      0.05657639999844832,
      0.05695710000145482,
      0.05130979999739793,
      0.04778179999993881,
      0.06269499999689288,
      0.05025010000099428,
      0.0629159999989497,
      0.06640680000054999,
      0.04673710000133724,
      0.0511480000022857,
      0.04817179999736254
    ],
    "optim_times": [
      0.00674050000088755,
      0.0015657999974791892,
      0.0010967000016535167,
      0.0024075000001175795,
      0.0010884000002988614,
      0.005048000002716435,
      0.002463299999362789,
      0.0022934999979042914,
      0.0017531000012240838,
      0.0015185000011115335,
      0.0013794000005873386,
      0.004878700001427205,
      0.001264999998966232,
      0.0009109000020544045,
      0.001363600000331644,
      0.0011231999997107778,
      0.0010056999999505933,
      0.0008101000021270011,
      0.0009127000012085773,
      0.0010543999997025821,
      0.000974599999608472,
      0.0016361000016331673,
      0.0010427999986859504,
      0.001003500001388602,
      0.0009546000001137145,
      0.0009297000033257063,
      0.0017612000010558404,
      0.0009261999985028524,
      0.0020679999979620334,
      0.0010149999980058055,
      0.0011363999983586837,
      0.0009040000004461035,
      0.0012874999993073288,
      0.0012793000023521017,
      0.001060200000210898,
      0.0008723999999347143,
      0.0015182999995886348,
      0.0010653000026650261,
      0.001032100000884384,
      0.0012335999999777414,
      0.0011527999995450955,
      0.0016567999991821125,
      0.0011871999995491933,
      0.0009778999992704485,
      0.000998999999865191,
      0.001419000000169035,
      0.0010590000019874424,
      0.0010118999998667277,
      0.0010751000008895062,
      0.001006700000289129,
      0.0014959000000089873,
      0.0014686999966215808,
      0.0008210999985749368,
      0.0010072999975818675,
      0.0009685000004537869,
      0.0010366999995312653,
      0.0012878999987151474,
      0.000853000001370674,
      0.0009943000004568603,
      0.0010438999997859355
    ],