{
  "rank": 7,
  "world_size": 8,
  "num_steps": 60,
  "statistics": {
    "compute": {
      "count": 60,
      "min": 0.007910700001957593,
      "max": 0.15043359999981476,
      "mean": 0.017186545000064748,
      "std": 0.01834503663566924,
      "p95": 0.028993799998715986,
      "p99": 0.040469699997629505
    },
    "sync": {
      "count": 60,
      "min": 0.04083270000046468,
      "max": 0.5428764000025694,
      "mean": 0.06753322833319544,
      "std": 0.06420873070206465,
      "p95": 0.09224600000015926,
      "p99": 0.1564357999995991
    },
    "optim": {
      "count": 60,
      "min": 0.0008324000009451993,
      "max": 0.0062878999997337814,
      "mean": 0.001541554999979174,
      "std": 0.0010504550601431958,
      "p95": 0.0035545999999158084,
      "p99": 0.005306699997163378
    },
    "iter": {
      "count": 60,
      "min": 0.05510059999869554,
      "max": 0.699597900002118,
      "mean": 0.08626132833323936,
      "std": 0.08282736731576068,
      "p95": 0.11799559999781195,
      "p99": 0.19901589999790303
    },
    "grad_norm": {
      "count": 60,
      "min": 0.32315173745155334,
      "max": 0.3546542227268219,
      "mean": 0.3355727598071098,
      "std": 0.007821480641623215,
      "p95": 0.3504560589790344,
      "p99": 0.35186511278152466
    },
    "loss": {
      "count": 60,
      "min": 2.2660951614379883,
      "max": 2.3587985038757324,
      "mean": 2.310742525259654,
      "std": 0.01890901966869927,
      "p95": 2.3388121128082275,
      "p99": 2.347642660140991
    }
  },
  "trajectories": {
    "compute_times": [
      0.15043359999981476,
      0.01719310000044061,
      0.01661460000104853,
      0.015962099998432677,
      0.02020270000139135,
      0.010628199997881893,
      0.037273400001140544,
      0.021890299998631235,
      0.026429999998072162,
      0.017244700000446755,
      0.020866800001385855,
      0.028993799998715986,
      0.040469699997629505,
      0.015850499999942258,
      0.009584100000211038,
      0.01319369999691844,
      0.009735399999044603,
      0.011711399998603156,
      0.014724600001500221,
      0.011327000000164844,
      0.02094790000046487,
      0.013524300000426592,
      0.009218600000167498,
      0.012696300000243355,
      0.01478050000150688,
      0.0113182000022789,
      0.014469599998847116,
      0.01177310000275611,
      0.009253699998225784,
      0.015547800001513679,
      0.01193770000099903,
      0.011970799998380244,
      0.01638009999805945,
      0.011281600000074832,
      0.014337200002046302,
      0.015558500002953224,
      0.012169300000095973,
      0.012993799999094335,
      0.015388299998448929,
      0.009498499999608612,
      0.01713950000339537,
      0.00941660000171396,
      0.012375099999189842,
      0.015337900000304217,
      0.011300199999823235,
      0.014151199997286312,
      0.011074999998527346,
      0.014794200000324054,
      0.013755399999354267,
      0.010636400002113078,
      0.01159669999833568,
      0.017830300002970034,
      0.010890800000197487,
      0.014546500002325047,
      0.007910700001957593,
      0.013695399997232016,
      0.013459800000418909,
      0.008784499998000683,
      0.01404739999998128,
      0.013073600002826424
    ],
    "sync_times": [
      0.5428764000025694,
      0.053058499997860054,
      0.04898239999965881,
      0.057565299997804686,
      0.055235200001334306,
      0.09224600000015926,
      0.1564357999995991,
      0.07079800000065006,
      0.07444519999990007,
      0.10025609999865992,
      0.06759999999849242,
      0.08141769999929238,
      0.07623349999994389,
      0.07117659999858006,
      0.04601829999955953,
      0.05495169999994687,
      0.05423510000036913,
      0.04567250000036438,
      0.05777999999918393,
      0.06329049999840208,
      0.0581635999988066,
      0.053092399997694883,
      0.0495550000014191,
      0.04986059999646386,
      0.06731109999964247,
      0.044309100001555635,
      0.06334229999993113,
      0.04994730000180425,
      0.05755880000288016,
      0.058516400000371505,
      0.05138929999884567,
      0.04703049999807263,
      0.06336590000137221,
      0.04643689999647904,
      0.060691499998938525,
      0.046695199998794124,
      0.043549899997742614,
      0.05318429999897489,
      0.07505910000327276,
      0.04538899999897694,
      0.06340850000196951,
      0.05201630000010482,
      0.05473129999882076,
      0.060364800003299024,
      0.05047559999729856,
      0.048376399998232955,
      0.06152949999886914,
      0.05951859999913722,
      0.057543599999917205,
      0.04083270000046468,
      0.06153370000174618,
      0.055467200003477046,
      0.043343899997125845,
      0.06602790000033565,
      0.04713959999935469,
      0.0665846000010788,
      0.06284970000342582,
      0.04767160000119475,
      0.05252680000194232,
      0.04532839999956195
    ],
    "optim_times": [
      0.0062878999997337814,
      0.0011169999997946434,
      0.0019480999981169589,
      0.0022673000021313783,
      0.000992100001894869,
      0.0028792000011890195,
      0.005306699997163378,
      0.0035545999999158084,
      0.0010700999991968274,
      0.0028620000011869706,
      0.0017852999990282115,
      0.0009595999981684145,
      0.0012924000002385583,
      0.0010303999988536816,
      0.0009946999998646788,
      0.0010364000008848961,
      0.002671600002940977,
      0.0009573999996064231,
      0.0010139000005437993,
      0.001224999999976717,
      0.001084600000467617,
      0.0011125999990326818,
      0.0014889999984006863,
      0.0010731000002124347,
      0.0011193999998795334,
      0.001476999997976236,
      0.0013240000007499475,
      0.001435700000001816,
      0.0025538000008964445,
      0.0008601000008638948,
      0.0009457999985897914,
      0.0009095999994315207,
      0.0010603999980958179,
      0.001306599999225,
      0.0032296999997925013,
      0.0009255000004486647,
      0.001248600001417799,
      0.0015873000011197291,
      0.00127029999930528,
      0.0016732999974919949,
      0.0009417000001121778,
      0.0010366000024077948,
      0.0008947999995143618,
      0.0011668000006466173,
      0.000925600001210114,
      0.0009198000007017981,
      0.0016255000009550713,
      0.0009777000013855286,
      0.000974599999608472,
      0.003753999997570645,
      0.0008536000023013912,
      0.0009400000017194543,
      0.0008659000013722107,
      0.0011679999988700729,
      0.0012346000003162771,
      0.00127769999744487,
      0.0013835999998264015,
      0.0008405999979004264,
      0.0009417000001121778,
      0.0008324000009451993
    ],