{
  "rank": 5,
  "world_size": 8,
  "num_steps": 60,
  "statistics": {
    "compute": {
      "count": 60,
      "min": 0.008843899999192217,
      "max": 0.05268669999713893,
      "mean": 0.01610795000002933,
      "std": 0.007259975899160247,
      "p95": 0.031173600000329316,
      "p99": 0.04193909999958123
    },
    "sync": {
      "count": 60,
      "min": 0.03807509999751346,
      "max": 0.15725290000045788,
      "mean": 0.058793883333176686,
      "std": 0.01764322161733889,
      "p95": 0.08111940000162576,
      "p99": 0.095018700001674
    },
    "optim": {
      "count": 60,
      "min": 0.0007068999984767288,
      "max": 0.01183609999861801,
      "mean": 0.0017106283331183173,
      "std": 0.0018188891060935994,
      "p95": 0.002767699999822071,
      "p99": 0.008804900000541238
    },
    "iter": {
      "count": 60,
      "min": 0.05084579999675043,
      "max": 0.21101489999637124,
      "mean": 0.07661246166632434,
      "std": 0.023822170025769685,
      "p95": 0.11342809999769088,
      "p99": 0.12865400000009686
    },
    "grad_norm": {
      "count": 60,
      "min": 0.32315173745155334,
      "max": 0.3546542525291443,
      "mean": 0.3355727622906367,
      "std": 0.00782148012488059,
      "p95": 0.3504560589790344,
      "p99": 0.35186508297920227
    },
    "loss": {
      "count": 60,
      "min": 2.255737543106079,
      "max": 2.357027769088745,
      "mean": 2.3093766291936237,
      "std": 0.024601760915621013,
      "p95": 2.348790407180786,
      "p99": 2.3503777980804443
    }
  },
  "trajectories": {
    "compute_times": [
      0.013895799998863367,
      0.014363400001457194,
      0.020350800001324387,
      0.014922200000000885,
      0.018599499999254476,
      0.014546700000209967,
      0.05268669999713893,
      0.031173600000329316,
      0.03251539999837405,
      0.013040300000284333,
      0.02361910000036005,
      0.022285099999862723,
      0.04193909999958123,
      0.01698210000176914,
      0.009973700001864927,
      0.011752300000807736,
      0.02005060000010417,
      0.016852100001415238,
      0.008843899999192217,
      0.015269199997419491,
      0.011813299999630544,
      0.013538299997890135,
      0.013542200002120808,
      0.014055499999813037,
      0.01377639999918756,
      0.014064500002859859,
      0.010036700001364807,
      0.013888500001485227,
      0.015554400000837632,
      0.01634380000177771,
      0.016487299999425886,
      0.012813800000003539,
      0.013545599998906255,
      0.013961399999971036,
      0.013290799997776048,
      0.014554600002156803,
      0.014466399999946589,
      0.013942599998699734,
      0.013330799996765563,
      0.00911899999846355,
      0.01692700000057812,
      0.01719750000120257,
      0.016484900002978975,
      0.01492560000042431,
      0.010755499999504536,
      0.015040400001453236,
      0.010403199998108903,
      0.012839700000768062,
      0.011384199999156408,
      0.013271200001327088,
      0.013745399999606889,
      0.017487499997514533,
      0.011432600000262028,
      0.010153999999602092,
      0.013469600002281368,
      0.01179269999920507,
      0.01843369999915012,
      0.013465299998642877,
      0.01607220000005327,
      0.01540730000124313
    ],
    "sync_times": [
      0.058758099999977276,
      0.04602580000209855,
      0.04759130000093137,
      0.05701439999756985,
      0.06464880000203266,
      0.07351420000122744,
      0.15725290000045788,
      0.07948679999753949,
      0.095018700001674,
      0.08352200000081211,
      0.08111940000162576,
      0.07873399999880348,
      0.0772240000005695,
      0.05651589999979478,
      0.07588549999854877,
      0.03807509999751346,
      0.05108749999999418,
      0.06142189999809489,
      0.04882240000006277,
      0.07125809999706689,
      0.0531169999994745,
      0.04563440000129049,
      0.047887100001389626,
      0.051093199999741046,
      0.06650679999802378,
      0.06372600000031525,
      0.04616339999847696,
      0.043302400001266506,
      0.057838500000798376,
      0.05256829999780166,
      0.05675060000066878,
      0.04452789999777451,
      0.05228269999861368,
      0.04545969999890076,
      0.06492910000088159,
      0.05024490000141668,
      0.055419500000425614,
      0.05813510000007227,
      0.05199219999849447,
      0.06010700000115321,
      0.047442399998544715,
      0.050476199998229276,
      0.06123999999908847,
      0.053589999999530846,
      0.04755759999898146,
      0.04881240000031539,
      0.07003350000013597,
      0.04909570000017993,
      0.039010799999232404,
      0.045470699998986674,
      0.06449900000006892,
      0.06154410000090138,
      0.03984370000034687,
      0.04522709999946528,
      0.07263830000010785,
      0.05080119999911403,
      0.05135020000307122,
      0.05846000000019558,
      0.051027600002271356,
      0.04884989999845857
    ],
    "optim_times": [
      0.006740100001479732,
      0.001470899998821551,
      0.001410999997460749,
      0.0021139000018592924,
      0.0010481999997864477,
      0.0011960000010731164,
      0.001075299998774426,
      0.002767699999822071,
      0.0011199000000488013,
      0.008804900000541238,
      0.0017680999990261625,
      0.0009730999991006684,
      0.0010221999982604757,
      0.0009768000018084422,
      0.0015691000007791445,
      0.0010183999984292313,
      0.0015999999995983671,
      0.0010193000016442966,
      0.0015559999992547091,
      0.01183609999861801,
      0.0012101000029360875,
      0.0014818999989074655,
      0.0010665000008884817,
      0.001190299997688271,
      0.001174400000309106,
      0.0010203999991063029,
      0.0013270999988890253,
      0.0009247000016330276,
      0.0010105000001203734,
      0.0015816999984963331,
      0.0011175999970873818,
      0.001541200002975529,
      0.0007068999984767288,
      0.002033200002188096,
      0.0016646000003674999,
      0.001852000001235865,
      0.0008237000001827255,
      0.0007947999984025955,
      0.0015559999992547091,
      0.001781999999366235,
      0.0014341999994940124,
      0.0011842999992950354,
      0.0009570000001986045,
      0.001140199998189928,
      0.0012920999979542103,
      0.0008393999996769708,
      0.00090970000019297,
      0.002666500000486849,
      0.0025187999999616295,
      0.001781699997081887,
      0.000853000001370674,
      0.0010675000012270175,
      0.0012109000017517246,
      0.0008492999986629002,
      0.0014537999995809514,
      0.0015047000015329104,
      0.001086699998268159,
      0.0009658000017225277,
      0.001175399997009663,
      0.0008000999987416435
    ],