{
  "rank": 2,
  "world_size": 8,
  "num_steps": 60,
  "statistics": {
    "compute": {
      "count": 60,
      "min": 0.006713599999784492,
      "max": 0.0452584000013303,
      "mean": 0.014821633333425174,
      "std": 0.007240650839095372,
      "p95": 0.028287500001169974,
      "p99": 0.04332300000169198
    },
    "sync": {
      "count": 60,
      "min": 0.03978189999907045,
      "max": 0.15651619999698596,
      "mean": 0.061931793333193735,
      "std": 0.02056489513287463,
      "p95": 0.08447119999982533,
      "p99": 0.15014200000223354
    },
    "optim": {
      "count": 60,
      "min": 0.0007315000002563465,
      "max": 0.00651310000102967,
      "mean": 0.0013912900000529287,
      "std": 0.0009151485474577515,
      "p95": 0.0029762000012851786,
      "p99": 0.004245899999659741
    },
    "iter": {
      "count": 60,
      "min": 0.052332300001580734,
      "max": 0.20077669999955106,
      "mean": 0.07814471666667183,
      "std": 0.02631443649168164,
      "p95": 0.1136886999993294,
      "p99": 0.1849426000044332
    },
    "grad_norm": {
      "count": 60,
      "min": 0.32315173745155334,
      "max": 0.3546542525291443,
      "mean": 0.33557276080052056,
      "std": 0.00782148116823159,
      "p95": 0.3504560887813568,
      "p99": 0.35186508297920227
    },
    "loss": {
      "count": 60,
      "min": 2.2604153156280518,
      "max": 2.3574869632720947,
      "mean": 2.30584446589152,
      "std": 0.021895874838694457,
      "p95": 2.334763526916504,
      "p99": 2.3516201972961426
    }
  },
  "trajectories": {
    "compute_times": [
      0.028287500001169974,
      0.014614400002756156,
      0.0118555999979435,
      0.010361299999203766,
      0.018125400001736125,
      0.012725800002954202,
      0.04332300000169198,
      0.03595870000208379,
      0.025497899998299545,
      0.017497399996500462,
      0.025593600003048778,
      0.018321100000321167,
      0.0452584000013303,
      0.014510199998767348,
      0.010024399998656008,
      0.01643990000229678,
      0.010537899997871136,
      0.012729500002023997,
      0.009770699998625787,
      0.012772800000675488,
      0.011043000002246117,
      0.014036199998372467,
      0.010702600000513485,
      0.013532799999666167,
      0.01006499999857624,
      0.011115699999209028,
      0.013928199998190394,
      0.01280600000245613,
      0.007600200002343627,
      0.011552200001460733,
      0.011827300000732066,
      0.013658599997143028,
      0.011188700002094265,
      0.01341120000142837,
      0.013195399998949142,
      0.016437300000688992,
      0.013997599999129307,
      0.013417500002105953,
      0.013670599997567479,
      0.011667599999782396,
      0.012330199999269098,
      0.015900099999271333,
      0.011768799999117618,
      0.010255499997583684,
      0.01420979999966221,
      0.012293899999349378,
      0.006713599999784492,
      0.013759800000116229,
      0.011838099999295082,
      0.014327300003060373,
      0.00853120000101626,
      0.014022200000908924,
      0.012960699998075143,
      0.013534499998058891,
      0.01382490000105463,
      0.009647099999710917,
      0.0151196999977401,
      0.013087399998767069,
      0.010920600001554703,
      0.011193400001502596
    ],
    "sync_times": [
      0.15014200000223354,
      0.05894389999957639,
      0.055919800000992836,
      0.059445099999720696,
      0.05463400000007823,
      0.07841909999842755,
      0.15651619999698596,
      0.08186249999926076,
      0.07337439999901108,
      0.09365310000066529,
      0.08447119999982533,
      0.08402859999841894,
      0.06540519999907701,
      0.05272280000281171,
      0.06268199999976787,
      0.058791899999050656,
      0.048901099999056896,
      0.059576000003289664,
      0.05405570000220905,
      0.08288620000166702,
      0.05161059999954887,
      0.05533640000066953,
      0.04161959999692044,
      0.05859449999843491,
      0.07122520000120858,
      0.04656519999844022,
      0.055757800000719726,
      0.07423299999936717,
      0.05401540000093519,
      0.05381330000091111,
      0.0417100999984541,
      0.06178540000109933,
      0.047802800003410084,
      0.055966199997783406,
      0.05609829999957583,
      0.05940470000132336,
      0.05077689999961876,
      0.05583869999827584,
      0.04916869999942719,
      0.07265770000230987,
      0.048412700001790654,
      0.06703740000011749,
      0.05485760000010487,
      0.046389600000111386,
      0.05416329999934533,
      0.06588949999786564,
      0.04979309999907855,
      0.060456799998064525,
      0.04934329999741749,
      0.057164099998772144,
      0.05329100000017206,
      0.04655309999725432,
      0.049440599999797996,
      0.047118099999352125,
      0.07808070000100997,
      0.051581700001406716,
      0.05038780000177212,
      0.05794389999937266,
      0.057810099999187514,
      0.03978189999907045
    ],
    "optim_times": [
      0.00651310000102967,
      0.0012915000006614719,
      0.0016794000002846587,
      0.001250199999049073,
      0.0015485000003536697,
      0.004245899999659741,
      0.0009375000008731149,
      0.0014902000002621207,
      0.0009909000000334345,
      0.0025382000021636486,
      0.0029762000012851786,
      0.0016829000014695339,
      0.0009434000021428801,
      0.0007315000002563465,
      0.0010354000005463604,
      0.001455499997973675,
      0.0008707000015419908,
      0.0010199999996984843,
      0.0011118999973405153,
      0.0018224000014015473,
      0.0010113000025739893,
      0.0016357999993488193,
      0.0013017999990552198,
      0.0015757000001030974,
      0.0010127000023203436,
      0.0009475999977439642,
      0.0009644000019761734,
      0.0008975999990070704,
      0.0012458999990485609,
      0.0009575000003678724,
      0.0009529999988444615,
      0.0015558999984932598,
      0.0009138999994320329,
      0.0008455999995931052,
      0.0035022000010940246,
      0.0008159999997587875,
      0.001212799998029368,
      0.0011384999997972045,
      0.0009279999976570252,
      0.0010364000008848961,
      0.0009934000008797739,
      0.0012936999992234632,
      0.0009853000010480173,
      0.0014787999971304089,
      0.0008375999968848191,
      0.0009075000016309787,
      0.0019224999996367842,
      0.0013596999997389503,
      0.0009425000025657937,
      0.0008776000031502917,
      0.0010036999992735218,
      0.001650300000619609,
      0.0011884000014106277,
      0.0008138999983202666,
      0.0011291999981040135,
      0.0011162000009790063,
      0.0009857000004558358,
      0.0009504999979981221,
      0.0010959999999613501,
      0.001357000001007691
    ],