{
  "rank": 1,
  "world_size": 8,
  "num_steps": 60,
  "statistics": {
    "compute": {
      "count": 60,
      "min": 0.007291400001122383,
      "max": 0.039646400000492577,
      "mean": 0.015212848333430885,
      "std": 0.005654610012977889,
      "p95": 0.027079999999841675,
      "p99": 0.031215099999826634
    },
    "sync": {
      "count": 60,
      "min": 0.03702710000288789,
      "max": 0.19013880000056815,
      "mean": 0.0604208716664895,
      "std": 0.02154569728539861,
      "p95": 0.08733780000329716,
      "p99": 0.11576159999822266
    },
    "optim": {
      "count": 60,
      "min": 0.0007757999992463738,
      "max": 0.00890140000046813,
      "mean": 0.0016239183335225486,
      "std": 0.0013900364099454464,
      "p95": 0.004124099999899045,
      "p99": 0.006693100000120467
    },
    "iter": {
      "count": 60,
      "min": 0.050865500004874775,
      "max": 0.22241410000060569,
      "mean": 0.07725763833344293,
      "std": 0.025782635037827087,
      "p95": 0.1164411999998265,
      "p99": 0.1473690999991959
    },
    "grad_norm": {
      "count": 60,
      "min": 0.32315173745155334,
      "max": 0.3546542227268219,
      "mean": 0.3355727588136991,
      "std": 0.007821477913407343,
      "p95": 0.3504560589790344,
      "p99": 0.35186508297920227
    },
    "loss": {
      "count": 60,
      "min": 2.248142957687378,
      "max": 2.373262405395508,
      "mean": 2.3118778904279074,
      "std": 0.02261183866958627,
      "p95": 2.3413021564483643,
      "p99": 2.347897529602051
    }
  },
  "trajectories": {
    "compute_times": [
      0.024914400000852766,
      0.014747299999726238,
      0.01236369999969611,
      0.013930900000559632,
      0.015911599999526516,
      0.017321799998171628,
      0.031215099999826634,
      0.025277900000219233,
      0.022476000001915963,
      0.02011779999884311,
      0.027079999999841675,
      0.028320900000835536,
      0.039646400000492577,
      0.01814569999987725,
      0.009938600000168663,
      0.016741100000217557,
      0.01165949999995064,
      0.014523300000291783,
      0.014721100000315346,
      0.01302659999782918,
      0.014024200001585996,
      0.011309299999993527,
      0.014646299998275936,
      0.013259499999549007,
      0.01687060000040219,
      0.013394400000834139,
      0.015284500001143897,
      0.014707199999975273,
      0.008461299999908078,
      0.013646899999002926,
      0.012273599997570273,
      0.015382000001409324,
      0.011586699998588301,
      0.013933900001575239,
      0.011278699999820674,
      0.01818930000081309,
      0.013964099998702295,
      0.009868799999821931,
      0.015026100001705345,
      0.012246999998751562,
      0.014394800000445684,
      0.015856699999858392,
      0.013273700002173427,
      0.015124500001547858,
      0.014169600002787774,
      0.011191900000994792,
      0.007291400001122383,
      0.011505700000270735,
      0.011533299999427982,
      0.014483499999187188,
      0.009785300000658026,
      0.01589859999876353,
      0.013150700000551296,
      0.014871300001686905,
      0.013449799997033551,
      0.009173800001008203,
      0.012987400001293281,
      0.011902799997187685,
      0.009488200001214864,
      0.011803800000052433
    ],
    "sync_times": [
      0.11576159999822266,
      0.05811339999854681,
      0.0534272000004421,
      0.05518149999988964,
      0.05469929999890155,
      0.06271129999731784,
      0.19013880000056815,
      0.08733780000329716,
      0.06956910000008065,
      0.0914346999998088,
      0.0758966999965196,
      0.0872455999997328,
      0.06352669999978389,
      0.05438670000148704,
      0.06152189999920665,
      0.06015159999878961,
      0.04857339999944088,
      0.04862140000113868,
      0.06052089999866439,
      0.06768889999875682,
      0.05565599999681581,
      0.040684700001293095,
      0.04940630000055535,
      0.0516068000033556,
      0.07221549999667332,
      0.04670070000065607,
      0.05388019999736571,
      0.06943200000023353,
      0.0491065999995044,
      0.055677199998172,
      0.04027730000234442,
      0.06255359999704524,
      0.04402309999932186,
      0.06296659999861731,
      0.04679969999779132,
      0.05982230000154232,
      0.058811200000491226,
      0.04775099999824306,
      0.04994950000036624,
      0.06683460000203922,
      0.04861490000257618,
      0.05620439999984228,
      0.057488000002194894,
      0.04718979999961448,
      0.05985510000027716,
      0.06392039999991539,
      0.050810499997169245,
      0.05716910000046482,
      0.04631879999942612,
      0.050575600002048304,
      0.05984360000002198,
      0.044783299999835435,
      0.053716499998699874,
      0.04653200000029756,
      0.07478450000053272,
      0.06382200000007288,
      0.04320150000057765,
      0.05826040000101784,
      0.054471399998874404,
      0.03702710000288789
    ],
    "optim_times": [
      0.006693100000120467,
      0.0011326999992888886,
      0.0009870000030787196,
      0.001654300001973752,
      0.0024273999988508876,
      0.0029968000017106533,
      0.001060200000210898,
      0.0012542000004032161,
      0.0010309999997843988,
      0.004888700001174584,
      0.0012582000017573591,
      0.0032240999971691053,
      0.0008394999968004413,
      0.0009702999996079598,
      0.0015567000009468757,
      0.0010658999999577645,
      0.001425599999492988,
      0.0009873000017250888,
      0.0008756999995966908,
      0.00890140000046813,
      0.0009812999996938743,
      0.0011626000014075544,
      0.0010707999972510152,
      0.001318300001003081,
      0.0009681000010459684,
      0.0019001000000571366,
      0.0009503999972366728,
      0.001099099998100428,
      0.0011943999998038635,
      0.0011176999978488311,
      0.0012975000026926864,
      0.0014091000011831056,
      0.002188200000091456,
      0.0011319000004732516,
      0.0014221000019460917,
      0.001160899999376852,
      0.0008863000002747867,
      0.001110600001993589,
      0.0017006000016408507,
      0.004124099999899045,
      0.0012366999981168192,
      0.0017074999996111728,
      0.0009081999996851664,
      0.0016687999996065628,
      0.0011783000009017996,
      0.0012731000024359673,
      0.0011518000028445385,
      0.0007757999992463738,
      0.0010101999978360254,
      0.0011448000004747882,
      0.0008847999997669831,
      0.0022773999990022276,
      0.0008906999973987695,
      0.0008124000014504418,
      0.0009902999991027173,
      0.0009651000000303611,
      0.0012223000012454577,
      0.0008269000027212314,
      0.001051200000802055,
      0.00203460000193445
    ],