{
  "rank": 2,
  "world_size": 8,
  "num_steps": 10,
  "statistics": {
    "compute": {
      "count": 10,
      "min": 0.01006760000018403,
      "max": 0.02034060000005411,
      "mean": 0.014914750000025378,
      "std": 0.003231253313188523,
      "p95": 0.018064200001390418,
      "p99": 0.018064200001390418
    },
    "sync": {
      "count": 10,
      "min": 0.017788900000596186,
      "max": 0.06546329999764566,
      "mean": 0.037685120000242024,
      "std": 0.013633137396388545,
      "p95": 0.052242500001739245,
      "p99": 0.052242500001739245
    },
    "optim": {
      "count": 10,
      "min": 0.0009180999986710958,
      "max": 0.0018660000023373868,
      "mean": 0.001227199999630102,
      "std": 0.0003436756907558149,
      "p95": 0.0018510999980207998,
      "p99": 0.0018510999980207998
    },
    "iter": {
      "count": 10,
      "min": 0.03613979999863659,
      "max": 0.07690089999960037,
      "mean": 0.0538270699998975,
      "std": 0.012332552651195055,
      "p95": 0.0681603000011819,
      "p99": 0.0681603000011819
    },
    "grad_norm": {
      "count": 10,
      "min": 0.1677418351173401,
      "max": 0.1928900182247162,
      "mean": 0.1781605839729309,
      "std": 0.007826380368054815,
      "p95": 0.18653692305088043,
      "p99": 0.18653692305088043
    },
    "loss": {
      "count": 10,
      "min": 2.3019473552703857,
      "max": 2.3310511112213135,
      "mean": 2.315614032745361,
      "std": 0.00879374163532911,
      "p95": 2.3232388496398926,
      "p99": 2.3232388496398926
    }
  },
  "trajectories": {
    "compute_times": [
      0.015853299999434967,
      0.02034060000005411,
      0.01738420000037877,
      0.018064200001390418,
      0.010454100000060862,
      0.015742600000521634,
      0.014997199999925215,
      0.011177799999131821,
      0.015065899999171961,
      0.01006760000018403
    ],
    "sync_times": [
      0.040227800000138814,
      0.025737300002219854,
      0.017788900000596186,
      0.03230289999919478,
      0.03966769999897224,
      0.04779129999951692,
      0.052242500001739245,
      0.028062100001989165,
      0.02756740000040736,
      0.06546329999764566
    ],
    "optim_times": [
      0.0018660000023373868,
      0.0018510999980207998,
      0.0009666999976616353,
      0.0009180999986710958,
      0.0012291999992157798,
      0.001139200001489371,
      0.0009205999995174352,
      0.0010077000006276648,
      0.0010033999969891738,
      0.001370000001770677
    ],
    "iter_times": [
      0.05794710000191117,
      0.047929000000294764,
      0.03613979999863659,
      0.05128519999925629,
      0.05135099999824888,
      0.06467310000152793,
      0.0681603000011819,
      0.04024760000174865,
      0.043636699996568495,
      0.07690089999960037
    ],
    "grad_norms": [
      0.18039004504680634,
      0.1928900182247162,
      0.1682938039302826,
      0.17190776765346527,
      0.18241509795188904,
      0.1677418351173401,
      0.1831062138080597,
      0.17483091354370117,
      0.17349322140216827,
      0.18653692305088043
    ],
    "losses": [
      2.313377618789673,
      2.3310511112213135,
      2.319350242614746,
      2.3232388496398926,
      2.3019473552703857,
      2.3069519996643066,
      2.322631597518921,
      2.320200204849243,
      2.3048174381256104,
      2.3125739097595215
    ],
    "bytes_transferred": [
      437544,
      437544,
      437544,
      437544,
      437544,
      437544,
      437544,
      437544,
      437544,
      437544
    ],
    "epochs": [
      0,
      0,
      0,
      0,
      0,
      0,
      0,
      0,
      0,
      0
    ],
    "steps": [
      0,
      1,
      2,
      3,
      4,
      5,
      6,
      7,
      8,
      9
    ]
  }
}