{
  "rank": 0,
  "world_size": 2,
  "num_steps": 10,
  "statistics": {
    "compute": {
      "count": 10,
      "min": 0.007377900001301896,
      "max": 0.1822068000001309,
      "mean": 0.02595870000041032,
      "std": 0.05208781968502662,
      "p95": 0.010122100000444334,
      "p99": 0.010122100000444334
    },
    "sync": {
      "count": 10,
      "min": 0.0024082999989332166,
      "max": 0.02897529999972903,
      "mean": 0.007124769999427372,
      "std": 0.007746404662112115,
      "p95": 0.010502000000997214,
      "p99": 0.010502000000997214
    },
    "optim": {
      "count": 10,
      "min": 0.0007547999994130805,
      "max": 0.0014131999996607192,
      "mean": 0.0009051999997609528,
      "std": 0.00019437479266673214,
      "p95": 0.0011138000008941162,
      "p99": 0.0011138000008941162
    },
    "iter": {
      "count": 10,
      "min": 0.011171099999046419,
      "max": 0.19412200000078883,
      "mean": 0.03398866999959864,
      "std": 0.05393492862005982,
      "p95": 0.038584599999012426,
      "p99": 0.038584599999012426
    },
    "grad_norm": {
      "count": 10,
      "min": 1.6741831302642822,
      "max": 2.5056915283203125,
      "mean": 2.0883066177368166,
      "std": 0.2720314558068832,
      "p95": 2.3676528930664062,
      "p99": 2.3676528930664062
    },
    "loss": {
      "count": 10,
      "min": 2.2179393768310547,
      "max": 2.4378907680511475,
      "mean": 2.344711089134216,
      "std": 0.07074268040841802,
      "p95": 2.414867877960205,
      "p99": 2.414867877960205
    }
  },
  "trajectories": {
    "compute_times": [
      0.1822068000001309,
      0.008736399999179412,
      0.008541600000171456,
      0.008474199999909615,
      0.008156700001563877,
      0.007377900001301896,
      0.009169400000246242,
      0.009066200000233948,
      0.007735700000921497,
      0.010122100000444334
    ],
    "sync_times": [
      0.010502000000997214,
      0.02897529999972903,
      0.005176700000447454,
      0.00880939999842667,
      0.002696499999728985,
      0.0029964999994263053,
      0.003022400000190828,
      0.003504699998302385,
      0.003155899998091627,
      0.0024082999989332166
    ],
    "optim_times": [
      0.0014131999996607192,
      0.0008729000001039822,
      0.0008352000004379079,
      0.000847399998747278,
      0.000769000002037501,
      0.0007966999983182177,
      0.0007547999994130805,
      0.0008023000009416137,
      0.0011138000008941162,
      0.0008466999970551115
    ],
    "iter_times": [
      0.19412200000078883,
      0.038584599999012426,
      0.014553500001056818,
      0.018130999997083563,
      0.011622200003330363,
      0.011171099999046419,
      0.01294659999985015,
      0.013373199999477947,
      0.01200539999990724,
      0.013377099996432662
    ],
    "grad_norms": [
      2.5056915283203125,
      1.883408784866333,
      1.8391836881637573,
      2.271617889404297,
      2.3676528930664062,
      2.283217668533325,
      2.135451555252075,
      2.191721200942993,
      1.7309378385543823,
      1.6741831302642822
    ],
    "losses": [
      2.414867877960205,
      2.369657039642334,
      2.3615951538085938,
      2.4038352966308594,
      2.3373637199401855,
      2.2179393768310547,
      2.2969212532043457,
      2.4378907680511475,
      2.2319817543029785,
      2.375058650970459
    ],
    "bytes_transferred": [
      208552,
      208552,
      208552,
      208552,
      208552,
      208552,
      208552,
      208552,
      208552,
      208552
    ],
    "epochs": [
      0,
      0,
      0,
      0,
      0,
      0,
      0,
      0,
      0,
      0
    ],
    "steps": [
      0,
      1,
      2,
      3,
      4,
      5,
      6,
      7,
      8,
      9
    ]
  }
}