{
  "rank": 6,
  "world_size": 8,
  "num_steps": 10,
  "statistics": {
    "compute": {
      "count": 10,
      "min": 0.009584499999618856,
      "max": 0.06275779999850783,
      "mean": 0.018472409999958472,
      "std": 0.014952986288663537,
      "p95": 0.017140900003141724,
      "p99": 0.017140900003141724
    },
    "sync": {
      "count": 10,
      "min": 0.014586299999791663,
      "max": 0.7808859999968263,
      "mean": 0.11204204999994545,
      "std": 0.22348792526456876,
      "p95": 0.06796570000005886,
      "p99": 0.06796570000005886
    },
    "optim": {
      "count": 10,
      "min": 0.000780099999246886,
      "max": 0.00229369999942719,
      "mean": 0.0011943100002099528,
      "std": 0.0004194386115219551,
      "p95": 0.0014615000000048894,
      "p99": 0.0014615000000048894
    },
    "iter": {
      "count": 10,
      "min": 0.03071089999866672,
      "max": 0.8459374999947613,
      "mean": 0.13170877000011388,
      "std": 0.23852331137386507,
      "p95": 0.07876930000202265,
      "p99": 0.07876930000202265
    },
    "grad_norm": {
      "count": 10,
      "min": 0.1677418351173401,
      "max": 0.1928900182247162,
      "mean": 0.1781605839729309,
      "std": 0.007826380368054815,
      "p95": 0.18653692305088043,
      "p99": 0.18653692305088043
    },
    "loss": {
      "count": 10,
      "min": 2.3009088039398193,
      "max": 2.31893253326416,
      "mean": 2.309094190597534,
      "std": 0.005668544179848996,
      "p95": 2.318760395050049,
      "p99": 2.318760395050049
    }
  },
  "trajectories": {
    "compute_times": [
      0.06275779999850783,
      0.015556299997115275,
      0.015200400001049275,
      0.017140900003141724,
      0.010516199999983655,
      0.013548700000683311,
      0.01375230000121519,
      0.01087339999867254,
      0.015793599999597063,
      0.009584499999618856
    ],
    "sync_times": [
      0.7808859999968263,
      0.023537400000350317,
      0.014586299999791663,
      0.03272590000051423,
      0.04446470000038971,
      0.04862950000097044,
      0.052530799999658484,
      0.019073800001933705,
      0.036020399998960784,
      0.06796570000005886
    ],
    "optim_times": [
      0.00229369999942719,
      0.0011293999996269122,
      0.0009241999978257809,
      0.000780099999246886,
      0.0012731999995594379,
      0.0014615000000048894,
      0.0008811000006971881,
      0.001136000002588844,
      0.0008448000007774681,
      0.0012191000023449305
    ],
    "iter_times": [
      0.8459374999947613,
      0.040223099997092504,
      0.03071089999866672,
      0.05064690000290284,
      0.056254099999932805,
      0.06363970000165864,
      0.06716420000157086,
      0.03108320000319509,
      0.052658799999335315,
      0.07876930000202265
    ],
    "grad_norms": [
      0.18039004504680634,
      0.1928900182247162,
      0.1682938039302826,
      0.17190776765346527,
      0.18241509795188904,
      0.1677418351173401,
      0.1831062138080597,
      0.17483091354370117,
      0.17349322140216827,
      0.18653692305088043
    ],
    "losses": [
      2.3100509643554688,
      2.3009088039398193,
      2.318760395050049,
      2.31893253326416,
      2.3062756061553955,
      2.3037467002868652,
      2.3084707260131836,
      2.308962106704712,
      2.310626983642578,
      2.3042070865631104
    ],
    "bytes_transferred": [
      437544,
      437544,
      437544,
      437544,
      437544,
      437544,
      437544,
      437544,
      437544,
      437544
    ],
    "epochs": [
      0,
      0,
      0,
      0,
      0,
      0,
      0,
      0,
      0,
      0
    ],
    "steps": [
      0,
      1,
      2,
      3,
      4,
      5,
      6,
      7,
      8,
      9
    ]
  }
}