{
  "rank": 1,
  "world_size": 2,
  "num_steps": 10,
  "statistics": {
    "compute": {
      "count": 10,
      "min": 0.006738000000041211,
      "max": 0.2095536999986507,
      "mean": 0.030218909999530297,
      "std": 0.05991854488612437,
      "p95": 0.021269100001518382,
      "p99": 0.021269100001518382
    },
    "sync": {
      "count": 10,
      "min": 0.0033874000000650994,
      "max": 0.021711999997933162,
      "mean": 0.005494409998937045,
      "std": 0.005411219580396017,
      "p95": 0.004352899999503279,
      "p99": 0.004352899999503279
    },
    "optim": {
      "count": 10,
      "min": 0.0007297000011021737,
      "max": 0.0036379000011947937,
      "mean": 0.0010590099998808,
      "std": 0.0008602526789449241,
      "p95": 0.0008344999987457413,
      "p99": 0.0008344999987457413
    },
    "iter": {
      "count": 10,
      "min": 0.01110079999853042,
      "max": 0.23490359999777866,
      "mean": 0.03677232999834814,
      "std": 0.06618630976517827,
      "p95": 0.026456499999767402,
      "p99": 0.026456499999767402
    },
    "grad_norm": {
      "count": 10,
      "min": 1.6741831302642822,
      "max": 2.5056915283203125,
      "mean": 2.0883066177368166,
      "std": 0.2720314558068832,
      "p95": 2.3676528930664062,
      "p99": 2.3676528930664062
    },
    "loss": {
      "count": 10,
      "min": 2.1553540229797363,
      "max": 2.381258964538574,
      "mean": 2.283358097076416,
      "std": 0.06169378667971654,
      "p95": 2.3377175331115723,
      "p99": 2.3377175331115723
    }
  },
  "trajectories": {
    "compute_times": [
      0.2095536999986507,
      0.021269100001518382,
      0.00959609999699751,
      0.013649199998326367,
      0.0075193000011495315,
      0.006738000000041211,
      0.008652900000015507,
      0.008885100000043167,
      0.00726579999900423,
      0.009059899999556364
    ],
    "sync_times": [
      0.021711999997933162,
      0.004352899999503279,
      0.00375269999858574,
      0.003709499997057719,
      0.0033874000000650994,
      0.0036129000000073574,
      0.0035749999988183845,
      0.0036830999997619074,
      0.0035934999978053384,
      0.003565099999832455
    ],
    "optim_times": [
      0.0036379000011947937,
      0.0008344999987457413,
      0.0007593000009364914,
      0.0007994000006874558,
      0.0008197999995900318,
      0.0007498999984818511,
      0.0007664999975531828,
      0.0007297000011021737,
      0.0007480999993276782,
      0.0007450000011886004
    ],
    "iter_times": [
      0.23490359999777866,
      0.026456499999767402,
      0.01410809999651974,
      0.01815809999607154,
      0.011726500000804663,
      0.01110079999853042,
      0.012994399996387074,
      0.013297900000907248,
      0.011607399996137246,
      0.01337000000057742
    ],
    "grad_norms": [
      2.5056915283203125,
      1.883408784866333,
      1.8391836881637573,
      2.271617889404297,
      2.3676528930664062,
      2.283217668533325,
      2.135451555252075,
      2.191721200942993,
      1.7309378385543823,
      1.6741831302642822
    ],
    "losses": [
      2.381258964538574,
      2.2258715629577637,
      2.3377175331115723,
      2.289581775665283,
      2.3197195529937744,
      2.252516269683838,
      2.2446303367614746,
      2.323641538619995,
      2.1553540229797363,
      2.3032894134521484
    ],
    "bytes_transferred": [
      208552,
      208552,
      208552,
      208552,
      208552,
      208552,
      208552,
      208552,
      208552,
      208552
    ],
    "epochs": [
      0,
      0,
      0,
      0,
      0,
      0,
      0,
      0,
      0,
      0
    ],
    "steps": [
      0,
      1,
      2,
      3,
      4,
      5,
      6,
      7,
      8,
      9
    ]
  }
}