{
  "rank": 5,
  "world_size": 8,
  "num_steps": 10,
  "statistics": {
    "compute": {
      "count": 10,
      "min": 0.01611889999912819,
      "max": 0.16071740000188584,
      "mean": 0.033415250000689414,
      "std": 0.04251831667517805,
      "p95": 0.024517100002412917,
      "p99": 0.024517100002412917
    },
    "sync": {
      "count": 10,
      "min": 0.006343399996694643,
      "max": 0.5959938000014517,
      "mean": 0.0695062599999801,
      "std": 0.17552556476210862,
      "p95": 0.017071099999157013,
      "p99": 0.017071099999157013
    },
    "optim": {
      "count": 10,
      "min": 0.0006604999980481807,
      "max": 0.0011637000025075395,
      "mean": 0.0007922900007542921,
      "std": 0.0001408910397537583,
      "p95": 0.0008634000005258713,
      "p99": 0.0008634000005258713
    },
    "iter": {
      "count": 10,
      "min": 0.02548479999677511,
      "max": 0.7578749000058451,
      "mean": 0.1037138000014238,
      "std": 0.2181068044295588,
      "p95": 0.03965510000489303,
      "p99": 0.03965510000489303
    },
    "grad_norm": {
      "count": 10,
      "min": 0.15999259054660797,
      "max": 0.44135212898254395,
      "mean": 0.2723010778427124,
      "std": 0.07718379480538178,
      "p95": 0.3397710919380188,
      "p99": 0.3397710919380188
    },
    "loss": {
      "count": 10,
      "min": 1.5623314380645752,
      "max": 1.6510980129241943,
      "mean": 1.6016567826271058,
      "std": 0.028770401108985096,
      "p95": 1.6454923152923584,
      "p99": 1.6454923152923584
    }
  },
  "trajectories": {
    "compute_times": [
      0.16071740000188584,
      0.023376100001769373,
      0.019945599997299723,
      0.024517100002412917,
      0.016988500003208173,
      0.017825599999923725,
      0.01983979999931762,
      0.016342599999916274,
      0.01611889999912819,
      0.018480900002032286
    ],
    "sync_times": [
      0.5959938000014517,
      0.013680000000022119,
      0.007778499999403721,
      0.014290800001617754,
      0.008578400000260444,
      0.008948200000304496,
      0.01309179999952903,
      0.009286600001360057,
      0.017071099999157013,
      0.006343399996694643
    ],
    "optim_times": [
      0.0011637000025075395,
      0.0008634000005258713,
      0.0006666000008408446,
      0.0008472000008623581,
      0.0007718000015302096,
      0.0006775000001653098,
      0.0007924999990791548,
      0.0007504000022890978,
      0.0007293000016943552,
      0.0006604999980481807
    ],
    "iter_times": [
      0.7578749000058451,
      0.03791950000231736,
      0.02839069999754429,
      0.03965510000489303,
      0.026338700004998827,
      0.02745130000039353,
      0.033724099997925805,
      0.02637960000356543,
      0.03391929999997956,
      0.02548479999677511
    ],
    "grad_norms": [
      0.2186502367258072,
      0.15999259054660797,
      0.2814854085445404,
      0.44135212898254395,
      0.2697281837463379,
      0.19138403236865997,
      0.31590893864631653,
      0.3397710919380188,
      0.28079932928085327,
      0.22393883764743805
    ],
    "losses": [
      1.6213963031768799,
      1.604060411453247,
      1.5623314380645752,
      1.5839717388153076,
      1.5828235149383545,
      1.6510980129241943,
      1.5817365646362305,
      1.6454923152923584,
      1.6106969118118286,
      1.572960615158081
    ],
    "bytes_transferred": [
      27188,
      27188,
      27188,
      27188,
      27188,
      27188,
      27188,
      27188,
      27188,
      27188
    ],
    "epochs": [
      0,
      0,
      0,
      0,
      0,
      0,
      0,
      0,
      0,
      0
    ],
    "steps": [
      0,
      1,
      2,
      3,
      4,
      5,
      6,
      7,
      8,
      9
    ]
  }
}