{
  "rank": 1,
  "world_size": 2,
  "num_steps": 10,
  "statistics": {
    "compute": {
      "count": 10,
      "min": 0.010570299997198163,
      "max": 0.10126709999894956,
      "mean": 0.021494399999573942,
      "std": 0.02663436375128023,
      "p95": 0.015070000001287553,
      "p99": 0.015070000001287553
    },
    "sync": {
      "count": 10,
      "min": 0.002405499999440508,
      "max": 0.01596349999817903,
      "mean": 0.0039865899994765645,
      "std": 0.004000407987880024,
      "p95": 0.0033182000006490853,
      "p99": 0.0033182000006490853
    },
    "optim": {
      "count": 10,
      "min": 0.0006284000010055024,
      "max": 0.0012246000005688984,
      "mean": 0.0007266599997819867,
      "std": 0.00016908040261443672,
      "p95": 0.0007418000022880733,
      "p99": 0.0007418000022880733
    },
    "iter": {
      "count": 10,
      "min": 0.013681299995369045,
      "max": 0.11845519999769749,
      "mean": 0.026207649998832495,
      "std": 0.030796031222285913,
      "p95": 0.019130000004224712,
      "p99": 0.019130000004224712
    },
    "grad_norm": {
      "count": 10,
      "min": 0.09870897233486176,
      "max": 0.20780640840530396,
      "mean": 0.13127087652683259,
      "std": 0.03013602416901613,
      "p95": 0.16194133460521698,
      "p99": 0.16194133460521698
    },
    "loss": {
      "count": 10,
      "min": 1.5955920219421387,
      "max": 1.6279933452606201,
      "mean": 1.6174660921096802,
      "std": 0.009196844384155469,
      "p95": 1.6249403953552246,
      "p99": 1.6249403953552246
    }
  },
  "trajectories": {
    "compute_times": [
      0.10126709999894956,
      0.015070000001287553,
      0.012170900001365226,
      0.012569500002427958,
      0.011400299998058472,
      0.014332599999761442,
      0.011795999998867046,
      0.014818599996942794,
      0.010570299997198163,
      0.010948700000881217
    ],
    "sync_times": [
      0.01596349999817903,
      0.0033182000006490853,
      0.0027945999972871505,
      0.00279450000016368,
      0.002560600001743296,
      0.0025287999997090083,
      0.002444199999445118,
      0.0025790999970922712,
      0.0024769000010564923,
      0.002405499999440508
    ],
    "optim_times": [
      0.0012246000005688984,
      0.0007418000022880733,
      0.0006853999984741677,
      0.0007039000010991003,
      0.0006556999978784006,
      0.0006284000010055024,
      0.0006452999987232033,
      0.0006729000015184283,
      0.0006340999971143901,
      0.0006744999991497025
    ],
    "iter_times": [
      0.11845519999769749,
      0.019130000004224712,
      0.015650899997126544,
      0.016067900003690738,
      0.014616599997680169,
      0.017489800000475952,
      0.014885499997035367,
      0.018070599995553493,
      0.013681299995369045,
      0.014028699999471428
    ],
    "grad_norms": [
      0.12472733110189438,
      0.11807377636432648,
      0.13190823793411255,
      0.10935642570257187,
      0.1297302395105362,
      0.16194133460521698,
      0.20780640840530396,
      0.11317785084247589,
      0.09870897233486176,
      0.11727818846702576
    ],
    "losses": [
      1.6107556819915771,
      1.5955920219421387,
      1.6279933452606201,
      1.6112556457519531,
      1.6217418909072876,
      1.6225212812423706,
      1.6242461204528809,
      1.6249403953552246,
      1.6141318082809448,
      1.6214827299118042
    ],
    "bytes_transferred": [
      27188,
      27188,
      27188,
      27188,
      27188,
      27188,
      27188,
      27188,
      27188,
      27188
    ],
    "epochs": [
      0,
      0,
      0,
      0,
      0,
      0,
      0,
      0,
      0,
      0
    ],
    "steps": [
      0,
      1,
      2,
      3,
      4,
      5,
      6,
      7,
      8,
      9
    ]
  }
}