{
  "rank": 0,
  "world_size": 2,
  "num_steps": 10,
  "statistics": {
    "compute": {
      "count": 10,
      "min": 0.010895799998252187,
      "max": 0.07517129999905592,
      "mean": 0.01920369999970717,
      "std": 0.018736796638195767,
      "p95": 0.016949699998804135,
      "p99": 0.016949699998804135
    },
    "sync": {
      "count": 10,
      "min": 0.0019654999996419065,
      "max": 0.05114119999780087,
      "mean": 0.007674389999738196,
      "std": 0.014553183524920483,
      "p95": 0.00663669999994454,
      "p99": 0.00663669999994454
    },
    "optim": {
      "count": 10,
      "min": 0.0006630000025324989,
      "max": 0.0014054000021133106,
      "mean": 0.0008026800016523339,
      "std": 0.0002132028648789979,
      "p95": 0.0009288000001106411,
      "p99": 0.0009288000001106411
    },
    "iter": {
      "count": 10,
      "min": 0.013554899996961467,
      "max": 0.1277178999989701,
      "mean": 0.0276807700010977,
      "std": 0.03347489704021997,
      "p95": 0.02435920000061742,
      "p99": 0.02435920000061742
    },
    "grad_norm": {
      "count": 10,
      "min": 0.09870897233486176,
      "max": 0.20780640840530396,
      "mean": 0.13127087652683259,
      "std": 0.03013602416901613,
      "p95": 0.16194133460521698,
      "p99": 0.16194133460521698
    },
    "loss": {
      "count": 10,
      "min": 1.6037514209747314,
      "max": 1.628542184829712,
      "mean": 1.6171472907066344,
      "std": 0.007075374269799103,
      "p95": 1.6236757040023804,
      "p99": 1.6236757040023804
    }
  },
  "trajectories": {
    "compute_times": [
      0.07517129999905592,
      0.016949699998804135,
      0.013203300000895979,
      0.01287649999721907,
      0.011825699999462813,
      0.012929100001201732,
      0.012173300001450116,
      0.01502009999967413,
      0.010992200001055608,
      0.010895799998252187
    ],
    "sync_times": [
      0.05114119999780087,
      0.00663669999994454,
      0.002272800000355346,
      0.0022376999986590818,
      0.0020106000010855496,
      0.003788199999689823,
      0.0019958000011683907,
      0.002275899998494424,
      0.0024195000005420297,
      0.0019654999996419065
    ],
    "optim_times": [
      0.0014054000021133106,
      0.0007728000018687453,
      0.0009288000001106411,
      0.0007431000012729783,
      0.0007247000030474737,
      0.000716800001100637,
      0.0006759000025340356,
      0.0007027000028756447,
      0.0006630000025324989,
      0.0006935999990673736
    ],
    "iter_times": [
      0.1277178999989701,
      0.02435920000061742,
      0.016404900001361966,
      0.01585729999715113,
      0.014561000003595836,
      0.017434100001992192,
      0.014845000005152542,
      0.0179987000010442,
      0.014074700004130136,
      0.013554899996961467
    ],
    "grad_norms": [
      0.12472733110189438,
      0.11807377636432648,
      0.13190823793411255,
      0.10935642570257187,
      0.1297302395105362,
      0.16194133460521698,
      0.20780640840530396,
      0.11317785084247589,
      0.09870897233486176,
      0.11727818846702576
    ],
    "losses": [
      1.6216069459915161,
      1.6200380325317383,
      1.6037514209747314,
      1.6128538846969604,
      1.6101415157318115,
      1.6226590871810913,
      1.612686038017273,
      1.628542184829712,
      1.6155180931091309,
      1.6236757040023804
    ],
    "bytes_transferred": [
      27188,
      27188,
      27188,
      27188,
      27188,
      27188,
      27188,
      27188,
      27188,
      27188
    ],
    "epochs": [
      0,
      0,
      0,
      0,
      0,
      0,
      0,
      0,
      0,
      0
    ],
    "steps": [
      0,
      1,
      2,
      3,
      4,
      5,
      6,
      7,
      8,
      9
    ]
  }
}