{
  "rank": 6,
  "world_size": 8,
  "num_steps": 10,
  "statistics": {
    "compute": {
      "count": 10,
      "min": 0.015215200000966433,
      "max": 0.06805520000125398,
      "mean": 0.025219120000474504,
      "std": 0.01441380873073882,
      "p95": 0.02229829999851063,
      "p99": 0.02229829999851063
    },
    "sync": {
      "count": 10,
      "min": 0.0057507999990775716,
      "max": 0.10297820000050706,
      "mean": 0.019861059999311693,
      "std": 0.02783315909599584,
      "p95": 0.01635369999712566,
      "p99": 0.01635369999712566
    },
    "optim": {
      "count": 10,
      "min": 0.0006457000017690007,
      "max": 0.0011239000014029443,
      "mean": 0.0007787200000166194,
      "std": 0.00012186537521625513,
      "p95": 0.0008070000003499445,
      "p99": 0.0008070000003499445
    },
    "iter": {
      "count": 10,
      "min": 0.024192099997890182,
      "max": 0.17215730000316398,
      "mean": 0.04585889999980282,
      "std": 0.04228059416366204,
      "p95": 0.03882539999904111,
      "p99": 0.03882539999904111
    },
    "grad_norm": {
      "count": 10,
      "min": 0.15999259054660797,
      "max": 0.44135212898254395,
      "mean": 0.2723010778427124,
      "std": 0.07718379480538178,
      "p95": 0.3397710919380188,
      "p99": 0.3397710919380188
    },
    "loss": {
      "count": 10,
      "min": 1.5613853931427002,
      "max": 1.6592552661895752,
      "mean": 1.6215062260627746,
      "std": 0.02785498802489144,
      "p95": 1.6507530212402344,
      "p99": 1.6507530212402344
    }
  },
  "trajectories": {
    "compute_times": [
      0.06805520000125398,
      0.021727700001065386,
      0.02113150000150199,
      0.0194286000005377,
      0.021169899999222253,
      0.022157100000185892,
      0.019675899999128887,
      0.015215200000966433,
      0.021331800002371892,
      0.02229829999851063
    ],
    "sync_times": [
      0.10297820000050706,
      0.01635369999712566,
      0.009857500001089647,
      0.0057507999990775716,
      0.010336699997424148,
      0.010934699999779696,
      0.013385700000071665,
      0.00824319999810541,
      0.010504300000320654,
      0.01026579999961541
    ],
    "optim_times": [
      0.0011239000014029443,
      0.0007440000008500647,
      0.0007874000002630055,
      0.000739799997973023,
      0.0007253000003402121,
      0.0007296000003407244,
      0.0007507999980589375,
      0.0007336999988183379,
      0.0008070000003499445,
      0.0006457000017690007
    ],
    "iter_times": [
      0.17215730000316398,
      0.03882539999904111,
      0.03177640000285464,
      0.025919199997588294,
      0.03223189999698661,
      0.03382140000030631,
      0.03381239999725949,
      0.024192099997890182,
      0.03264310000304249,
      0.03320979999989504
    ],
    "grad_norms": [
      0.2186502367258072,
      0.15999259054660797,
      0.2814854085445404,
      0.44135212898254395,
      0.2697281837463379,
      0.19138403236865997,
      0.31590893864631653,
      0.3397710919380188,
      0.28079932928085327,
      0.22393883764743805
    ],
    "losses": [
      1.6507530212402344,
      1.5942974090576172,
      1.6063278913497925,
      1.6134321689605713,
      1.5613853931427002,
      1.6592552661895752,
      1.6298840045928955,
      1.630171537399292,
      1.6476364135742188,
      1.6219191551208496
    ],
    "bytes_transferred": [
      27188,
      27188,
      27188,
      27188,
      27188,
      27188,
      27188,
      27188,
      27188,
      27188
    ],
    "epochs": [
      0,
      0,
      0,
      0,
      0,
      0,
      0,
      0,
      0,
      0
    ],
    "steps": [
      0,
      1,
      2,
      3,
      4,
      5,
      6,
      7,
      8,
      9
    ]
  }
}