algo,model,batch_size,epochs,world_size,compute_time_mean,sync_time_mean,optim_time_mean,iter_time_mean,loss_mean,grad_norm_mean
ring,ann,32,1,1,0.012983645999896301,0.002521274666917937,0.000753022666782878,0.016257943333597116,1.8439301911989847,0.3938482904434204
ring,ann,32,1,2,0.010575147333511267,0.010132022667530691,0.0009383393329820441,0.021645509334024,2.0711857406298324,0.4831752072771391
ring,ann,32,1,4,0.009852224999940517,0.024873625000054744,0.0011150549996273185,0.03584090499962258,2.3042359590530395,0.47370027303695683
