{
  "rank": 1,
  "world_size": 4,
  "num_steps": 10,
  "statistics": {
    "compute": {
      "count": 10,
      "min": 0.023544800002127886,
      "max": 0.08973180000248249,
      "mean": 0.039431180000610765,
      "std": 0.02033229486757063,
      "p95": 0.05656979999912437,
      "p99": 0.05656979999912437
    },
    "sync": {
      "count": 10,
      "min": 0.004054200002428843,
      "max": 0.041424999999435386,
      "mean": 0.01077789000046323,
      "std": 0.010370133949460403,
      "p95": 0.009584200000972487,
      "p99": 0.009584200000972487
    },
    "optim": {
      "count": 10,
      "min": 0.0006807999998272862,
      "max": 0.0012972000004083384,
      "mean": 0.0007799200004228624,
      "std": 0.00017637762223044165,
      "p95": 0.0008027000003494322,
      "p99": 0.0008027000003494322
    },
    "iter": {
      "count": 10,
      "min": 0.02992140000424115,
      "max": 0.1324540000023262,
      "mean": 0.050988990001496856,
      "std": 0.029786567673387682,
      "p95": 0.06695670000044629,
      "p99": 0.06695670000044629
    },
    "grad_norm": {
      "count": 10,
      "min": 0.03566880524158478,
      "max": 0.08148244768381119,
      "mean": 0.061031512543559076,
      "std": 0.013040471607164213,
      "p95": 0.07602803409099579,
      "p99": 0.07602803409099579
    },
    "loss": {
      "count": 10,
      "min": 1.5968812704086304,
      "max": 1.6201289892196655,
      "mean": 1.6107116222381592,
      "std": 0.007267670907143047,
      "p95": 1.6188209056854248,
      "p99": 1.6188209056854248
    }
  },
  "trajectories": {
    "compute_times": [
      0.08973180000248249,
      0.026908399999229005,
      0.03259210000032908,
      0.05656979999912437,
      0.028422900002624374,
      0.024851599999237806,
      0.05525420000049053,
      0.03126659999907133,
      0.02516960000139079,
      0.023544800002127886
    ],
    "sync_times": [
      0.041424999999435386,
      0.008772100001806393,
      0.0044553000006999355,
      0.009584200000972487,
      0.008749399999942398,
      0.006703200000629295,
      0.007519999999203719,
      0.009119799997279188,
      0.004054200002428843,
      0.007395700002234662
    ],
    "optim_times": [
      0.0012972000004083384,
      0.0007175999999162741,
      0.0007785000016156118,
      0.0008027000003494322,
      0.0007278000011865515,
      0.0007024000005912967,
      0.0006892999990668613,
      0.0007053000008454546,
      0.0006976000004215166,
      0.0006807999998272862
    ],
    "iter_times": [
      0.1324540000023262,
      0.03639810000095167,
      0.03782590000264463,
      0.06695670000044629,
      0.03790010000375332,
      0.0322572000004584,
      0.06346349999876111,
      0.041091699997195974,
      0.02992140000424115,
      0.031621300004189834
    ],
    "grad_norms": [
      0.06758000701665878,
      0.07162687182426453,
      0.07602803409099579,
      0.08148244768381119,
      0.055389270186424255,
      0.058066222816705704,
      0.05173155665397644,
      0.0630204901099205,
      0.04972141981124878,
      0.03566880524158478
    ],
    "losses": [
      1.6183356046676636,
      1.6188209056854248,
      1.6124716997146606,
      1.6106152534484863,
      1.6201289892196655,
      1.613693356513977,
      1.6023129224777222,
      1.604361653327942,
      1.6094945669174194,
      1.5968812704086304
    ],
    "bytes_transferred": [
      27188,
      27188,
      27188,
      27188,
      27188,
      27188,
      27188,
      27188,
      27188,
      27188
    ],
    "epochs": [
      0,
      0,
      0,
      0,
      0,
      0,
      0,
      0,
      0,
      0
    ],
    "steps": [
      0,
      1,
      2,
      3,
      4,
      5,
      6,
      7,
      8,
      9
    ]
  }
}