{
  "rank": 2,
  "world_size": 4,
  "num_steps": 10,
  "statistics": {
    "compute": {
      "count": 10,
      "min": 0.023121400001400616,
      "max": 0.07984310000028927,
      "mean": 0.038345620000472994,
      "std": 0.018065692596001937,
      "p95": 0.05660120000175084,
      "p99": 0.05660120000175084
    },
    "sync": {
      "count": 10,
      "min": 0.00487500000235741,
      "max": 0.010209200001554564,
      "mean": 0.0073678300006577045,
      "std": 0.0015726161107585792,
      "p95": 0.009069600000657374,
      "p99": 0.009069600000657374
    },
    "optim": {
      "count": 10,
      "min": 0.0006596999992325436,
      "max": 0.0012219000018376391,
      "mean": 0.0007853099999920232,
      "std": 0.000150060478001956,
      "p95": 0.0007793999975547194,
      "p99": 0.0007793999975547194
    },
    "iter": {
      "count": 10,
      "min": 0.030346100000315346,
      "max": 0.09127420000368147,
      "mean": 0.04649876000112272,
      "std": 0.019400333152931357,
      "p95": 0.06644410000080825,
      "p99": 0.06644410000080825
    },
    "grad_norm": {
      "count": 10,
      "min": 0.03566880524158478,
      "max": 0.08148244768381119,
      "mean": 0.061031512543559076,
      "std": 0.013040471607164213,
      "p95": 0.07602803409099579,
      "p99": 0.07602803409099579
    },
    "loss": {
      "count": 10,
      "min": 1.6078910827636719,
      "max": 1.6204614639282227,
      "mean": 1.6135477304458619,
      "std": 0.003846546274877258,
      "p95": 1.6156227588653564,
      "p99": 1.6156227588653564
    }
  },
  "trajectories": {
    "compute_times": [
      0.07984310000028927,
      0.024730799999815645,
      0.03267699999923934,
      0.05660120000175084,
      0.029538599999796133,
      0.02453139999852283,
      0.054882100001123035,
      0.032869900001969654,
      0.023121400001400616,
      0.024660700000822544
    ],
    "sync_times": [
      0.010209200001554564,
      0.00487500000235741,
      0.005256399999780115,
      0.009069600000657374,
      0.008597500000178115,
      0.007233500000438653,
      0.007989699999598088,
      0.0069631000005756505,
      0.007078200000250945,
      0.006406100001186132
    ],
    "optim_times": [
      0.0012219000018376391,
      0.0007402999981422909,
      0.0007793999975547194,
      0.0007732999984000344,
      0.0007312999987334479,
      0.0007642000018677209,
      0.0006984000028751325,
      0.0007108999998308718,
      0.0007737000014458317,
      0.0006596999992325436
    ],
    "iter_times": [
      0.09127420000368147,
      0.030346100000315346,
      0.038712799996574176,
      0.06644410000080825,
      0.0388673999987077,
      0.0325291000008292,
      0.06357020000359626,
      0.040543900002376176,
      0.030973300003097393,
      0.03172650000124122
    ],
    "grad_norms": [
      0.06758000701665878,
      0.07162687182426453,
      0.07602803409099579,
      0.08148244768381119,
      0.055389270186424255,
      0.058066222816705704,
      0.05173155665397644,
      0.0630204901099205,
      0.04972141981124878,
      0.03566880524158478
    ],
    "losses": [
      1.6086984872817993,
      1.6148319244384766,
      1.6148183345794678,
      1.6078910827636719,
      1.6080448627471924,
      1.6149485111236572,
      1.6156227588653564,
      1.6204614639282227,
      1.6148170232772827,
      1.6153428554534912
    ],
    "bytes_transferred": [
      27188,
      27188,
      27188,
      27188,
      27188,
      27188,
      27188,
      27188,
      27188,
      27188
    ],
    "epochs": [
      0,
      0,
      0,
      0,
      0,
      0,
      0,
      0,
      0,
      0
    ],
    "steps": [
      0,
      1,
      2,
      3,
      4,
      5,
      6,
      7,
      8,
      9
    ]
  }
}