{
  "rank": 4,
  "world_size": 8,
  "num_steps": 10,
  "statistics": {
    "compute": {
      "count": 10,
      "min": 0.02551780000067083,
      "max": 0.7803318000005675,
      "mean": 0.10383667000023707,
      "std": 0.22551198929650296,
      "p95": 0.033365500003128545,
      "p99": 0.033365500003128545
    },
    "sync": {
      "count": 10,
      "min": 0.00821689999793307,
      "max": 0.158663099999103,
      "mean": 0.02561927000024298,
      "std": 0.04442182198905016,
      "p95": 0.01598550000198884,
      "p99": 0.01598550000198884
    },
    "optim": {
      "count": 10,
      "min": 0.0006615000020246953,
      "max": 0.0013393000008363742,
      "mean": 0.0008335200007422827,
      "std": 0.00019323723625108423,
      "p95": 0.001001100001303712,
      "p99": 0.001001100001303712
    },
    "iter": {
      "count": 10,
      "min": 0.035434600002190564,
      "max": 0.9403342000005068,
      "mean": 0.13028946000122232,
      "std": 0.2700328122949157,
      "p95": 0.04459049999786657,
      "p99": 0.04459049999786657
    },
    "grad_norm": {
      "count": 10,
      "min": 0.04415564611554146,
      "max": 0.11560528725385666,
      "mean": 0.08388429619371891,
      "std": 0.02277805055545837,
      "p95": 0.11032011359930038,
      "p99": 0.11032011359930038
    },
    "loss": {
      "count": 10,
      "min": 1.596235990524292,
      "max": 1.625895619392395,
      "mean": 1.615983211994171,
      "std": 0.008597041350157673,
      "p95": 1.6230767965316772,
      "p99": 1.6230767965316772
    }
  },
  "trajectories": {
    "compute_times": [
      0.7803318000005675,
      0.0271245000003546,
      0.03171909999946365,
      0.02855009999984759,
      0.02551780000067083,
      0.0258691999988514,
      0.033365500003128545,
      0.030820500000118045,
      0.026380700001027435,
      0.02868749999834108
    ],
    "sync_times": [
      0.158663099999103,
      0.008693600000697188,
      0.011362500001268927,
      0.015185899999778485,
      0.01598550000198884,
      0.008903900001314469,
      0.009216799997375347,
      0.009432900002138922,
      0.010531600000831531,
      0.00821689999793307
    ],
    "optim_times": [
      0.0013393000008363742,
      0.0007673000000067987,
      0.0007593000009364914,
      0.0008544999982404988,
      0.0008357999977306463,
      0.0006615000020246953,
      0.0006897000021126587,
      0.001001100001303712,
      0.000710700001945952,
      0.0007160000022849999
    ],
    "iter_times": [
      0.9403342000005068,
      0.03658540000105859,
      0.04384090000166907,
      0.04459049999786657,
      0.04233910000039032,
      0.035434600002190564,
      0.04327200000261655,
      0.04125450000356068,
      0.03762300000380492,
      0.03762039999855915
    ],
    "grad_norms": [
      0.10237826406955719,
      0.04415564611554146,
      0.09777824580669403,
      0.08851657807826996,
      0.11032011359930038,
      0.11560528725385666,
      0.09037932008504868,
      0.06020011752843857,
      0.06734514236450195,
      0.062164247035980225
    ],
    "losses": [
      1.6187769174575806,
      1.620599389076233,
      1.625895619392395,
      1.613764762878418,
      1.610353708267212,
      1.6078014373779297,
      1.6230767965316772,
      1.596235990524292,
      1.6229596138000488,
      1.6203678846359253
    ],
    "bytes_transferred": [
      27188,
      27188,
      27188,
      27188,
      27188,
      27188,
      27188,
      27188,
      27188,
      27188
    ],
    "epochs": [
      0,
      0,
      0,
      0,
      0,
      0,
      0,
      0,
      0,
      0
    ],
    "steps": [
      0,
      1,
      2,
      3,
      4,
      5,
      6,
      7,
      8,
      9
    ]
  }
}