{
  "rank": 3,
  "world_size": 4,
  "num_steps": 10,
  "statistics": {
    "compute": {
      "count": 10,
      "min": 0.023126899999624584,
      "max": 0.0778067999999621,
      "mean": 0.03821957000036491,
      "std": 0.01799388345383518,
      "p95": 0.057621599997219164,
      "p99": 0.057621599997219164
    },
    "sync": {
      "count": 10,
      "min": 0.004983300001185853,
      "max": 0.055910400002176175,
      "mean": 0.011160920000111218,
      "std": 0.014944815287411003,
      "p95": 0.008610100001533283,
      "p99": 0.008610100001533283
    },
    "optim": {
      "count": 10,
      "min": 0.0006223999989742879,
      "max": 0.0012109999988751952,
      "mean": 0.0007633999997779028,
      "std": 0.0001587007683907256,
      "p95": 0.0007882999998400919,
      "p99": 0.0007882999998400919
    },
    "iter": {
      "count": 10,
      "min": 0.03042690000074799,
      "max": 0.13492820000101347,
      "mean": 0.05014389000025403,
      "std": 0.030684840429561794,
      "p95": 0.06380270000227029,
      "p99": 0.06380270000227029
    },
    "grad_norm": {
      "count": 10,
      "min": 0.03566880524158478,
      "max": 0.08148244768381119,
      "mean": 0.061031512543559076,
      "std": 0.013040471607164213,
      "p95": 0.07602803409099579,
      "p99": 0.07602803409099579
    },
    "loss": {
      "count": 10,
      "min": 1.5991765260696411,
      "max": 1.6202212572097778,
      "mean": 1.6120223879814148,
      "std": 0.006116959531953662,
      "p95": 1.6191909313201904,
      "p99": 1.6191909313201904
    }
  },
  "trajectories": {
    "compute_times": [
      0.0778067999999621,
      0.024363699998502852,
      0.028376399997796398,
      0.056960100002470426,
      0.03137800000331481,
      0.025459600001340732,
      0.057621599997219164,
      0.03240920000098413,
      0.023126899999624584,
      0.02469340000243392
    ],
    "sync_times": [
      0.055910400002176175,
      0.005656099998304853,
      0.008610100001533283,
      0.006056700000044657,
      0.006381999999575783,
      0.005526500000996748,
      0.004983300001185853,
      0.0057740999982343055,
      0.006616700000449782,
      0.006093299998610746
    ],
    "optim_times": [
      0.0012109999988751952,
      0.0007882999998400919,
      0.0007184999994933605,
      0.0007858999997552019,
      0.0007862999991630204,
      0.0006640000028710347,
      0.0006223999989742879,
      0.0006825999989814591,
      0.0006833000006736256,
      0.0006916999991517514
    ],
    "iter_times": [
      0.13492820000101347,
      0.030808099996647798,
      0.03770499999882304,
      0.06380270000227029,
      0.03854630000205361,
      0.031650100005208515,
      0.0632272999973793,
      0.03886589999819989,
      0.03042690000074799,
      0.031478400000196416
    ],
    "grad_norms": [
      0.06758000701665878,
      0.07162687182426453,
      0.07602803409099579,
      0.08148244768381119,
      0.055389270186424255,
      0.058066222816705704,
      0.05173155665397644,
      0.0630204901099205,
      0.04972141981124878,
      0.03566880524158478
    ],
    "losses": [
      1.6165623664855957,
      1.6113089323043823,
      1.6202212572097778,
      1.6093250513076782,
      1.6139957904815674,
      1.6136562824249268,
      1.6045693159103394,
      1.6191909313201904,
      1.6122174263000488,
      1.5991765260696411
    ],
    "bytes_transferred": [
      27188,
      27188,
      27188,
      27188,
      27188,
      27188,
      27188,
      27188,
      27188,
      27188
    ],
    "epochs": [
      0,
      0,
      0,
      0,
      0,
      0,
      0,
      0,
      0,
      0
    ],
    "steps": [
      0,
      1,
      2,
      3,
      4,
      5,
      6,
      7,
      8,
      9
    ]
  }
}