{
  "rank": 3,
  "world_size": 8,
  "num_steps": 10,
  "statistics": {
    "compute": {
      "count": 10,
      "min": 0.009275200001866324,
      "max": 0.022144100003060885,
      "mean": 0.015374890000748565,
      "std": 0.003947240597017068,
      "p95": 0.02019260000088252,
      "p99": 0.02019260000088252
    },
    "sync": {
      "count": 10,
      "min": 0.03164669999750913,
      "max": 0.09158550000211108,
      "mean": 0.05805364000043482,
      "std": 0.014962398774511408,
      "p95": 0.06717230000140262,
      "p99": 0.06717230000140262
    },
    "optim": {
      "count": 10,
      "min": 0.0008665000023029279,
      "max": 0.0017894999982672743,
      "mean": 0.0012919800006784498,
      "std": 0.0003149862493982642,
      "p95": 0.001661199999944074,
      "p99": 0.001661199999944074
    },
    "iter": {
      "count": 10,
      "min": 0.04258309999931953,
      "max": 0.11523000000670436,
      "mean": 0.07472051000186183,
      "std": 0.01763963114987421,
      "p95": 0.08531660000153352,
      "p99": 0.08531660000153352
    },
    "grad_norm": {
      "count": 10,
      "min": 0.1677418202161789,
      "max": 0.1928900182247162,
      "mean": 0.1781605824828148,
      "std": 0.007826382351750077,
      "p95": 0.18653692305088043,
      "p99": 0.18653692305088043
    },
    "loss": {
      "count": 10,
      "min": 2.2878377437591553,
      "max": 2.336939573287964,
      "mean": 2.3093690395355226,
      "std": 0.01268911822780786,
      "p95": 2.3183140754699707,
      "p99": 2.3183140754699707
    }
  },
  "trajectories": {
    "compute_times": [
      0.022144100003060885,
      0.015112200002477039,
      0.02019260000088252,
      0.012043099999573315,
      0.009275200001866324,
      0.015941400000883732,
      0.011898100001417333,
      0.011599400000704918,
      0.017418799998267787,
      0.018123999998351792
    ],
    "sync_times": [
      0.09158550000211108,
      0.04851100000087172,
      0.06420609999986482,
      0.06717230000140262,
      0.03164669999750913,
      0.06061020000197459,
      0.059786400001030415,
      0.053991900000255555,
      0.04468070000075386,
      0.05834559999857447
    ],
    "optim_times": [
      0.0015004000015323982,
      0.0012239000025147106,
      0.000917900000786176,
      0.0011086000013165176,
      0.001661199999944074,
      0.0008665000023029279,
      0.0009500999985903036,
      0.0017894999982672743,
      0.0015892000010353513,
      0.0013125000004947651
    ],
    "iter_times": [
      0.11523000000670436,
      0.06484710000586347,
      0.08531660000153352,
      0.08032400000229245,
      0.04258309999931953,
      0.07741810000516125,
      0.07263460000103805,
      0.06738079999922775,
      0.063688700000057,
      0.07778209999742103
    ],
    "grad_norms": [
      0.18039004504680634,
      0.1928900182247162,
      0.1682938039302826,
      0.17190776765346527,
      0.18241509795188904,
      0.1677418202161789,
      0.1831062138080597,
      0.17483091354370117,
      0.17349322140216827,
      0.18653692305088043
    ],
    "losses": [
      2.2981104850769043,
      2.309905529022217,
      2.2878377437591553,
      2.3090949058532715,
      2.3105788230895996,
      2.3040480613708496,
      2.3183140754699707,
      2.3180761337280273,
      2.3007850646972656,
      2.336939573287964
    ],
    "bytes_transferred": [
      437544,
      437544,
      437544,
      437544,
      437544,
      437544,
      437544,
      437544,
      437544,
      437544
    ],
    "epochs": [
      0,
      0,
      0,
      0,
      0,
      0,
      0,
      0,
      0,
      0
    ],
    "steps": [
      0,
      1,
      2,
      3,
      4,
      5,
      6,
      7,
      8,
      9
    ]
  }
}