{
  "rank": 0,
  "world_size": 2,
  "num_steps": 10,
  "statistics": {
    "compute": {
      "count": 10,
      "min": 0.008046999999351101,
      "max": 0.09855390000302577,
      "mean": 0.01786418000010599,
      "std": 0.026943933334586494,
      "p95": 0.013608600002044113,
      "p99": 0.013608600002044113
    },
    "sync": {
      "count": 10,
      "min": 0.0033259000010730233,
      "max": 0.0503735999991477,
      "mean": 0.008494649999556713,
      "std": 0.0139620698547491,
      "p95": 0.0041246000000683125,
      "p99": 0.0041246000000683125
    },
    "optim": {
      "count": 10,
      "min": 0.0006341000007523689,
      "max": 0.0013426999976218212,
      "mean": 0.0008086499998171348,
      "std": 0.00018585332443934408,
      "p95": 0.0008257999979832675,
      "p99": 0.0008257999979832675
    },
    "iter": {
      "count": 10,
      "min": 0.012126800000260118,
      "max": 0.1502701999997953,
      "mean": 0.027167479999479837,
      "std": 0.04106699928555082,
      "p95": 0.018227200002002064,
      "p99": 0.018227200002002064
    },
    "grad_norm": {
      "count": 10,
      "min": 1.6741831302642822,
      "max": 2.5056915283203125,
      "mean": 2.0883066177368166,
      "std": 0.2720314558068832,
      "p95": 2.3676528930664062,
      "p99": 2.3676528930664062
    },
    "loss": {
      "count": 10,
      "min": 2.2179393768310547,
      "max": 2.4378907680511475,
      "mean": 2.344711089134216,
      "std": 0.07074268040841802,
      "p95": 2.414867877960205,
      "p99": 2.414867877960205
    }
  },
  "trajectories": {
    "compute_times": [
      0.09855390000302577,
      0.013608600002044113,
      0.008046999999351101,
      0.008200599997508107,
      0.008917700000893092,
      0.008399300000746734,
      0.008174999999027932,
      0.008395000000746222,
      0.008273799998278264,
      0.008070899999438552
    ],
    "sync_times": [
      0.0503735999991477,
      0.003907199999957811,
      0.004072200001246529,
      0.003853099999105325,
      0.00402129999929457,
      0.004015200000139885,
      0.003384599996934412,
      0.0038687999985995702,
      0.0041246000000683125,
      0.0033259000010730233
    ],
    "optim_times": [
      0.0013426999976218212,
      0.0007114000000001397,
      0.0008257999979832675,
      0.0007559000005130656,
      0.0007165999995777383,
      0.0008213000000978354,
      0.0007783000000927132,
      0.0007704000017838553,
      0.0006341000007523689,
      0.0007299999997485429
    ],
    "iter_times": [
      0.1502701999997953,
      0.018227200002002064,
      0.012944999998580897,
      0.012809599997126497,
      0.0136555999997654,
      0.013235800000984455,
      0.012337899996055057,
      0.013034200001129648,
      0.013032499999098945,
      0.012126800000260118
    ],
    "grad_norms": [
      2.5056915283203125,
      1.883408784866333,
      1.8391836881637573,
      2.271617889404297,
      2.3676528930664062,
      2.283217668533325,
      2.135451555252075,
      2.191721200942993,
      1.7309378385543823,
      1.6741831302642822
    ],
    "losses": [
      2.414867877960205,
      2.369657039642334,
      2.3615951538085938,
      2.4038352966308594,
      2.3373637199401855,
      2.2179393768310547,
      2.2969212532043457,
      2.4378907680511475,
      2.2319817543029785,
      2.375058650970459
    ],
    "bytes_transferred": [
      208552,
      208552,
      208552,
      208552,
      208552,
      208552,
      208552,
      208552,
      208552,
      208552
    ],
    "epochs": [
      0,
      0,
      0,
      0,
      0,
      0,
      0,
      0,
      0,
      0
    ],
    "steps": [
      0,
      1,
      2,
      3,
      4,
      5,
      6,
      7,
      8,
      9
    ]
  }
}