{
  "rank": 1,
  "world_size": 2,
  "num_steps": 10,
  "statistics": {
    "compute": {
      "count": 10,
      "min": 0.008068099999945844,
      "max": 0.12830289999692468,
      "mean": 0.02077854999952251,
      "std": 0.03584626948186191,
      "p95": 0.009901699999318225,
      "p99": 0.009901699999318225
    },
    "sync": {
      "count": 10,
      "min": 0.002102899998135399,
      "max": 0.044045200000255136,
      "mean": 0.008364069999879575,
      "std": 0.012385722408265893,
      "p95": 0.014547200000379235,
      "p99": 0.014547200000379235
    },
    "optim": {
      "count": 10,
      "min": 0.0007103999996616039,
      "max": 0.0017467999969085213,
      "mean": 0.0009280599992052885,
      "std": 0.0003053206250609437,
      "p95": 0.0012156000011600554,
      "p99": 0.0012156000011600554
    },
    "iter": {
      "count": 10,
      "min": 0.012100399999326328,
      "max": 0.17356369999833987,
      "mean": 0.030070679998607373,
      "std": 0.047948330772650725,
      "p95": 0.02402829999482492,
      "p99": 0.02402829999482492
    },
    "grad_norm": {
      "count": 10,
      "min": 1.6741831302642822,
      "max": 2.5056915283203125,
      "mean": 2.0883066177368166,
      "std": 0.2720314558068832,
      "p95": 2.3676528930664062,
      "p99": 2.3676528930664062
    },
    "loss": {
      "count": 10,
      "min": 2.1553540229797363,
      "max": 2.381258964538574,
      "mean": 2.283358097076416,
      "std": 0.06169378667971654,
      "p95": 2.3377175331115723,
      "p99": 2.3377175331115723
    }
  },
  "trajectories": {
    "compute_times": [
      0.12830289999692468,
      0.008632399996713502,
      0.009804299999814248,
      0.008278799999970943,
      0.009901699999318225,
      0.009209499999997206,
      0.00842929999998887,
      0.008537400000932394,
      0.008621100001619197,
      0.008068099999945844
    ],
    "sync_times": [
      0.044045200000255136,
      0.014547200000379235,
      0.002881899999920279,
      0.003905900000972906,
      0.002102899998135399,
      0.002180499999667518,
      0.003230700000131037,
      0.0032223000016529113,
      0.0034684999991441146,
      0.004055599998537218
    ],
    "optim_times": [
      0.0012156000011600554,
      0.000848699997732183,
      0.0007903000005171634,
      0.0008993999981612433,
      0.0017467999969085213,
      0.0007103999996616039,
      0.0008027000003494322,
      0.000743799999327166,
      0.000745099998312071,
      0.0007777999999234453
    ],
    "iter_times": [
      0.17356369999833987,
      0.02402829999482492,
      0.01347650000025169,
      0.013084099999105092,
      0.013751399994362146,
      0.012100399999326328,
      0.01246270000046934,
      0.012503500001912471,
      0.012834699999075383,
      0.012901499998406507
    ],
    "grad_norms": [
      2.5056915283203125,
      1.883408784866333,
      1.8391836881637573,
      2.271617889404297,
      2.3676528930664062,
      2.283217668533325,
      2.135451555252075,
      2.191721200942993,
      1.7309378385543823,
      1.6741831302642822
    ],
    "losses": [
      2.381258964538574,
      2.2258715629577637,
      2.3377175331115723,
      2.289581775665283,
      2.3197195529937744,
      2.252516269683838,
      2.2446303367614746,
      2.323641538619995,
      2.1553540229797363,
      2.3032894134521484
    ],
    "bytes_transferred": [
      208552,
      208552,
      208552,
      208552,
      208552,
      208552,
      208552,
      208552,
      208552,
      208552
    ],
    "epochs": [
      0,
      0,
      0,
      0,
      0,
      0,
      0,
      0,
      0,
      0
    ],
    "steps": [
      0,
      1,
      2,
      3,
      4,
      5,
      6,
      7,
      8,
      9
    ]
  }
}