{
  "rank": 0,
  "world_size": 4,
  "num_steps": 10,
  "statistics": {
    "compute": {
      "count": 10,
      "min": 0.009638200001063524,
      "max": 0.07129999999961001,
      "mean": 0.016511160000300153,
      "std": 0.01827714409662999,
      "p95": 0.012280799997824943,
      "p99": 0.012280799997824943
    },
    "sync": {
      "count": 10,
      "min": 0.004552700000203913,
      "max": 0.09895270000197343,
      "mean": 0.015336910000041826,
      "std": 0.02789162429010513,
      "p95": 0.007670399998460198,
      "p99": 0.007670399998460198
    },
    "optim": {
      "count": 10,
      "min": 0.0006343999993987381,
      "max": 0.0011725000003934838,
      "mean": 0.0007463199995981995,
      "std": 0.0001510870666044254,
      "p95": 0.0007794000011926983,
      "p99": 0.0007794000011926983
    },
    "iter": {
      "count": 10,
      "min": 0.015109100000699982,
      "max": 0.17142520000197692,
      "mean": 0.032594389999940174,
      "std": 0.046294817390700835,
      "p95": 0.019257599997217767,
      "p99": 0.019257599997217767
    },
    "grad_norm": {
      "count": 10,
      "min": 0.32355108857154846,
      "max": 0.5495621562004089,
      "mean": 0.4324581414461136,
      "std": 0.06762331978026598,
      "p95": 0.5013737082481384,
      "p99": 0.5013737082481384
    },
    "loss": {
      "count": 10,
      "min": 1.5575041770935059,
      "max": 1.7292115688323975,
      "mean": 1.607365071773529,
      "std": 0.04667325578702288,
      "p95": 1.6364076137542725,
      "p99": 1.6364076137542725
    }
  },
  "trajectories": {
    "compute_times": [
      0.07129999999961001,
      0.009638200001063524,
      0.012280799997824943,
      0.010836400000698632,
      0.009915500002534827,
      0.01062870000168914,
      0.010117699999682372,
      0.010535800000070594,
      0.010096800000610529,
      0.009761699999216944
    ],
    "sync_times": [
      0.09895270000197343,
      0.007651600000826875,
      0.005286999999952968,
      0.007670399998460198,
      0.004552700000203913,
      0.006899899999552872,
      0.004676399999880232,
      0.006239499998628162,
      0.005491500000061933,
      0.005947400000877678
    ],
    "optim_times": [
      0.0011725000003934838,
      0.0007794000011926983,
      0.0007422000016958918,
      0.0007507999980589375,
      0.0006408999979612418,
      0.0007506999972974882,
      0.0006594000005861744,
      0.0006941999999980908,
      0.0006386999993992504,
      0.0006343999993987381
    ],
    "iter_times": [
      0.17142520000197692,
      0.018069200003083097,
      0.018309999999473803,
      0.019257599997217767,
      0.015109100000699982,
      0.0182792999985395,
      0.015453500000148779,
      0.017469499998696847,
      0.016227000000071712,
      0.01634349999949336
    ],
    "grad_norms": [
      0.5495621562004089,
      0.3987118899822235,
      0.41697457432746887,
      0.5013737082481384,
      0.4405048191547394,
      0.379516065120697,
      0.32355108857154846,
      0.3550504446029663,
      0.4985092878341675,
      0.46082738041877747
    ],
    "losses": [
      1.5989478826522827,
      1.5575041770935059,
      1.5709586143493652,
      1.5965290069580078,
      1.7292115688323975,
      1.626368761062622,
      1.5733919143676758,
      1.5845263004302979,
      1.5998048782348633,
      1.6364076137542725
    ],
    "bytes_transferred": [
      27188,
      27188,
      27188,
      27188,
      27188,
      27188,
      27188,
      27188,
      27188,
      27188
    ],
    "epochs": [
      0,
      0,
      0,
      0,
      0,
      0,
      0,
      0,
      0,
      0
    ],
    "steps": [
      0,
      1,
      2,
      3,
      4,
      5,
      6,
      7,
      8,
      9
    ]
  }
}