{
  "rank": 2,
  "world_size": 4,
  "num_steps": 10,
  "statistics": {
    "compute": {
      "count": 10,
      "min": 0.0092304999998305,
      "max": 0.06620949999705772,
      "mean": 0.015825519999634708,
      "std": 0.016810795348662685,
      "p95": 0.01191370000015013,
      "p99": 0.01191370000015013
    },
    "sync": {
      "count": 10,
      "min": 0.0046628000018245075,
      "max": 0.025357700000313343,
      "mean": 0.0078939499995613,
      "std": 0.005894776192336922,
      "p95": 0.007452699999703327,
      "p99": 0.007452699999703327
    },
    "optim": {
      "count": 10,
      "min": 0.000559899999643676,
      "max": 0.0012217000003147405,
      "mean": 0.0007245300006616162,
      "std": 0.00017576885985881731,
      "p95": 0.0007789000010234304,
      "p99": 0.0007789000010234304
    },
    "iter": {
      "count": 10,
      "min": 0.015599299997120397,
      "max": 0.0927888999976858,
      "mean": 0.024443999999857625,
      "std": 0.022812047787140074,
      "p95": 0.02006660000188276,
      "p99": 0.02006660000188276
    },
    "grad_norm": {
      "count": 10,
      "min": 0.3235510587692261,
      "max": 0.5495621562004089,
      "mean": 0.4324581354856491,
      "std": 0.06762332422529181,
      "p95": 0.5013737082481384,
      "p99": 0.5013737082481384
    },
    "loss": {
      "count": 10,
      "min": 1.5407912731170654,
      "max": 1.6935832500457764,
      "mean": 1.6189051628112794,
      "std": 0.05091289585250527,
      "p95": 1.6890227794647217,
      "p99": 1.6890227794647217
    }
  },
  "trajectories": {
    "compute_times": [
      0.06620949999705772,
      0.009869600002275547,
      0.01191370000015013,
      0.010418099998787511,
      0.009604200000467245,
      0.011041699999623233,
      0.009864799998467788,
      0.01034799999979441,
      0.0092304999998305,
      0.009755099999892991
    ],
    "sync_times": [
      0.025357700000313343,
      0.005508700000063982,
      0.007452699999703327,
      0.0046628000018245075,
      0.006562400001712376,
      0.0047501999979431275,
      0.006580199999007164,
      0.005535199998121243,
      0.0072452999993402045,
      0.00528429999758373
    ],
    "optim_times": [
      0.0012217000003147405,
      0.0007789000010234304,
      0.0007002000020293053,
      0.0006988999994064216,
      0.0006605000016861595,
      0.0007218999999167863,
      0.0005980999994790182,
      0.0006493000000773463,
      0.0006559000030392781,
      0.000559899999643676
    ],
    "iter_times": [
      0.0927888999976858,
      0.01615720000336296,
      0.02006660000188276,
      0.01577980000001844,
      0.01682710000386578,
      0.016513799997483147,
      0.01704309999695397,
      0.016532499997993,
      0.017131700002209982,
      0.015599299997120397
    ],
    "grad_norms": [
      0.5495621562004089,
      0.3987118899822235,
      0.41697457432746887,
      0.5013737082481384,
      0.440504789352417,
      0.379516065120697,
      0.3235510587692261,
      0.3550504446029663,
      0.4985092878341675,
      0.46082738041877747
    ],
    "losses": [
      1.5676941871643066,
      1.6935832500457764,
      1.5643651485443115,
      1.6092708110809326,
      1.6647446155548096,
      1.5407912731170654,
      1.6517579555511475,
      1.6021885871887207,
      1.605633020401001,
      1.6890227794647217
    ],
    "bytes_transferred": [
      27188,
      27188,
      27188,
      27188,
      27188,
      27188,
      27188,
      27188,
      27188,
      27188
    ],
    "epochs": [
      0,
      0,
      0,
      0,
      0,
      0,
      0,
      0,
      0,
      0
    ],
    "steps": [
      0,
      1,
      2,
      3,
      4,
      5,
      6,
      7,
      8,
      9
    ]
  }
}