{
  "rank": 3,
  "world_size": 4,
  "num_steps": 10,
  "statistics": {
    "compute": {
      "count": 10,
      "min": 0.009274399999412708,
      "max": 0.07164209999973536,
      "mean": 0.016447659999903406,
      "std": 0.01841728727372714,
      "p95": 0.011670600000798004,
      "p99": 0.011670600000798004
    },
    "sync": {
      "count": 10,
      "min": 0.005290599998261314,
      "max": 0.10428490000049351,
      "mean": 0.015933919999588396,
      "std": 0.02945727180894555,
      "p95": 0.007297099997231271,
      "p99": 0.007297099997231271
    },
    "optim": {
      "count": 10,
      "min": 0.0005681000002368819,
      "max": 0.0012686000009125564,
      "mean": 0.0007550299997092225,
      "std": 0.0001784769067815984,
      "p95": 0.0007610000029671937,
      "p99": 0.0007610000029671937
    },
    "iter": {
      "count": 10,
      "min": 0.015275299996574176,
      "max": 0.17719560000114143,
      "mean": 0.033136609999201025,
      "std": 0.04803447416731028,
      "p95": 0.019120499997370644,
      "p99": 0.019120499997370644
    },
    "grad_norm": {
      "count": 10,
      "min": 0.3235510587692261,
      "max": 0.5495621562004089,
      "mean": 0.4324581384658813,
      "std": 0.06762333013726046,
      "p95": 0.5013737082481384,
      "p99": 0.5013737082481384
    },
    "loss": {
      "count": 10,
      "min": 1.5502164363861084,
      "max": 1.66505765914917,
      "mean": 1.5950981974601746,
      "std": 0.031506206735591465,
      "p95": 1.6246058940887451,
      "p99": 1.6246058940887451
    }
  },
  "trajectories": {
    "compute_times": [
      0.07164209999973536,
      0.00985679999939748,
      0.011443100000178674,
      0.011106400001153816,
      0.009301800000685034,
      0.011670600000798004,
      0.009456299998419126,
      0.010715299998992123,
      0.009274399999412708,
      0.010009800000261748
    ],
    "sync_times": [
      0.10428490000049351,
      0.007245300002978183,
      0.00611620000199764,
      0.007297099997231271,
      0.005290599998261314,
      0.005740799999330193,
      0.005433699996501673,
      0.005941999999777181,
      0.006185899997944944,
      0.005802700001368066
    ],
    "optim_times": [
      0.0012686000009125564,
      0.0007610000029671937,
      0.0007565999985672534,
      0.0007169999989855569,
      0.0006828999976278283,
      0.0006835999993199948,
      0.0006955999997444451,
      0.0007179999993240926,
      0.0006988999994064216,
      0.0005681000002368819
    ],
    "iter_times": [
      0.17719560000114143,
      0.017863100005342858,
      0.018315900000743568,
      0.019120499997370644,
      0.015275299996574176,
      0.01809499999944819,
      0.015585599994665245,
      0.017375299998093396,
      0.016159199996764073,
      0.016380600001866696
    ],
    "grad_norms": [
      0.5495621562004089,
      0.3987118899822235,
      0.41697457432746887,
      0.5013737082481384,
      0.440504789352417,
      0.379516065120697,
      0.3235510587692261,
      0.3550504148006439,
      0.4985092878341675,
      0.46082744002342224
    ],
    "losses": [
      1.5502164363861084,
      1.558894395828247,
      1.59566330909729,
      1.5695576667785645,
      1.6246058940887451,
      1.608069658279419,
      1.66505765914917,
      1.5931320190429688,
      1.5919439792633057,
      1.5938409566879272
    ],
    "bytes_transferred": [
      27188,
      27188,
      27188,
      27188,
      27188,
      27188,
      27188,
      27188,
      27188,
      27188
    ],
    "epochs": [
      0,
      0,
      0,
      0,
      0,
      0,
      0,
      0,
      0,
      0
    ],
    "steps": [
      0,
      1,
      2,
      3,
      4,
      5,
      6,
      7,
      8,
      9
    ]
  }
}