{
  "rank": 1,
  "world_size": 4,
  "num_steps": 10,
  "statistics": {
    "compute": {
      "count": 10,
      "min": 0.009443400002055569,
      "max": 0.06571970000004512,
      "mean": 0.01605372000121861,
      "std": 0.016572066730144556,
      "p95": 0.012280300001293654,
      "p99": 0.012280300001293654
    },
    "sync": {
      "count": 10,
      "min": 0.004673499999626074,
      "max": 0.018067199998768046,
      "mean": 0.006989899999825866,
      "std": 0.0037856115278495314,
      "p95": 0.0072379000012006145,
      "p99": 0.0072379000012006145
    },
    "optim": {
      "count": 10,
      "min": 0.0006382999999914318,
      "max": 0.0011888000008184463,
      "mean": 0.0007436700005200691,
      "std": 0.00015526554072306417,
      "p95": 0.000780099999246886,
      "p99": 0.000780099999246886
    },
    "iter": {
      "count": 10,
      "min": 0.015560400002868846,
      "max": 0.08497569999963162,
      "mean": 0.023787290001564543,
      "std": 0.020429651674878983,
      "p95": 0.020201200004521525,
      "p99": 0.020201200004521525
    },
    "grad_norm": {
      "count": 10,
      "min": 0.32355108857154846,
      "max": 0.5495621562004089,
      "mean": 0.4324581414461136,
      "std": 0.0676233253376098,
      "p95": 0.5013737082481384,
      "p99": 0.5013737082481384
    },
    "loss": {
      "count": 10,
      "min": 1.534322738647461,
      "max": 1.6764378547668457,
      "mean": 1.6037366032600402,
      "std": 0.04086101626041758,
      "p95": 1.6413041353225708,
      "p99": 1.6413041353225708
    }
  },
  "trajectories": {
    "compute_times": [
      0.06571970000004512,
      0.00991500000236556,
      0.012280300001293654,
      0.010992700001224875,
      0.009959200000594137,
      0.01060460000007879,
      0.010333900001569418,
      0.01104000000123051,
      0.009443400002055569,
      0.010248400001728442
    ],
    "sync_times": [
      0.018067199998768046,
      0.005496999998285901,
      0.0072379000012006145,
      0.0052634999992733356,
      0.0061707999993814155,
      0.0051604000000224914,
      0.006229200000234414,
      0.004673499999626074,
      0.006925800000317395,
      0.004673700001148973
    ],
    "optim_times": [
      0.0011888000008184463,
      0.000780099999246886,
      0.0006830000020272564,
      0.0007657000023755245,
      0.000656100000924198,
      0.0007148000004235655,
      0.0006624000016017817,
      0.0007006999985605944,
      0.000646799999231007,
      0.0006382999999914318
    ],
    "iter_times": [
      0.08497569999963162,
      0.016192099999898346,
      0.020201200004521525,
      0.017021900002873736,
      0.01678610000089975,
      0.016479800000524847,
      0.017225500003405614,
      0.01641419999941718,
      0.01701600000160397,
      0.015560400002868846
    ],
    "grad_norms": [
      0.5495621562004089,
      0.3987118899822235,
      0.41697457432746887,
      0.5013737082481384,
      0.440504789352417,
      0.379516065120697,
      0.32355108857154846,
      0.3550504148006439,
      0.4985092878341675,
      0.46082744002342224
    ],
    "losses": [
      1.579476237297058,
      1.5830092430114746,
      1.6764378547668457,
      1.534322738647461,
      1.6286910772323608,
      1.5627684593200684,
      1.6413041353225708,
      1.5805401802062988,
      1.639272928237915,
      1.6115431785583496
    ],
    "bytes_transferred": [
      27188,
      27188,
      27188,
      27188,
      27188,
      27188,
      27188,
      27188,
      27188,
      27188
    ],
    "epochs": [
      0,
      0,
      0,
      0,
      0,
      0,
      0,
      0,
      0,
      0
    ],
    "steps": [
      0,
      1,
      2,
      3,
      4,
      5,
      6,
      7,
      8,
      9
    ]
  }
}