{
  "rank": 4,
  "world_size": 8,
  "num_steps": 60,
  "statistics": {
    "compute": {
      "count": 60,
      "min": 0.007039000000077067,
      "max": 0.07286990000284277,
      "mean": 0.01380772333322966,
      "std": 0.008155971500592536,
      "p95": 0.016192500002944143,
      "p99": 0.02593179999894346
    },
    "sync": {
      "count": 60,
      "min": 0.012785200000507757,
      "max": 0.13743180000165012,
      "mean": 0.02401057499998084,
      "std": 0.01639492784855507,
      "p95": 0.037493700001505204,
      "p99": 0.0546515999994881
    },
    "optim": {
      "count": 60,
      "min": 0.0008191000015358441,
      "max": 0.0027043000009143725,
      "mean": 0.0012033999998796693,
      "std": 0.00037328864316707114,
      "p95": 0.0019362999992154073,
      "p99": 0.0023260999987542164
    },
    "iter": {
      "count": 60,
      "min": 0.025281700003688456,
      "max": 0.2126278000032471,
      "mean": 0.039021698333090174,
      "std": 0.02404723024387266,
      "p95": 0.053975499995431164,
      "p99": 0.07150240000191843
    },
    "grad_norm": {
      "count": 60,
      "min": 0.32315173745155334,
      "max": 0.3546542227268219,
      "mean": 0.3355727622906367,
      "std": 0.007821476467545172,
      "p95": 0.3504560589790344,
      "p99": 0.35186511278152466
    },
    "loss": {
      "count": 60,
      "min": 2.254037380218506,
      "max": 2.3782687187194824,
      "mean": 2.31172293027242,
      "std": 0.0235409580144391,
      "p95": 2.348191738128662,
      "p99": 2.350559711456299
    }
  },
  "trajectories": {
    "compute_times": [
      0.07286990000284277,
      0.015224000002490357,
      0.02593179999894346,
      0.020184900000458583,
      0.0133386999987124,
      0.014432699997996679,
      0.0119206999988819,
      0.013250599997263635,
      0.013246099999378202,
      0.011872600000060629,
      0.010667999998986488,
      0.012960799998836592,
      0.015635899999324465,
      0.013180000001739245,
      0.007039000000077067,
      0.011921299999812618,
      0.008695000000443542,
      0.01025129999834462,
      0.01294429999688873,
      0.011754099999961909,
      0.015457299999980023,
      0.009679500002675923,
      0.013733600000705337,
      0.011348599997290876,
      0.009875499999907333,
      0.012304600000788923,
      0.014433600001211744,
      0.010736299998825416,
      0.010419300000648946,
      0.009264799999073148,
      0.012918200001877267,
      0.012780299999576528,
      0.012493499998527113,
      0.01395770000090124,
      0.015272499997081468,
      0.013878899997507688,
      0.012963100001798011,
      0.012988499998755287,
      0.01394310000250698,
      0.012225800001033349,
      0.009894000002532266,
      0.012682300002779812,
      0.012961799999175128,
      0.01256930000090506,
      0.012065200000506593,
      0.014626599997427547,
      0.016192500002944143,
      0.01112029999785591,
      0.010765600000013364,
      0.013772499998594867,
      0.009586500000295928,
      0.013503800000762567,
      0.013465500000165775,
      0.013277899997774512,
      0.00933689999874332,
      0.010260099999868544,
      0.015400500000396278,
      0.013711499999772059,
      0.011864000000059605,
      0.013410200001089834
    ],
    "sync_times": [
      0.13743180000165012,
      0.0546515999994881,
      0.02624619999915012,
      0.023961299997608876,
      0.02695790000143461,
      0.023779499999363907,
      0.013813000001391629,
      0.028166800002509262,
      0.018256499999552034,
      0.01838579999821377,
      0.018275800000992604,
      0.01856930000212742,
      0.025233299998944858,
      0.037493700001505204,
      0.017486400000052527,
      0.02576779999799328,
      0.016345500000170432,
      0.013612700000521727,
      0.02242140000089421,
      0.024057599999650847,
      0.026803800003108336,
      0.01478309999947669,
      0.018784200001391582,
      0.027478699998027878,
      0.020380499998282176,
      0.015071300000272458,
      0.017398800002411008,
      0.02407629999652272,
      0.024977400000352645,
      0.015792999998666346,
      0.031474100000195904,
      0.02196679999906337,
      0.014831100001174491,
      0.01650589999917429,
      0.01692879999973229,
      0.029220600001281127,
      0.012785200000507757,
      0.02456999999776599,
      0.019490800001221942,
      0.028979700000490993,
      0.01628790000177105,
      0.01789970000027097,
      0.018959799999720417,
      0.01737620000130846,
      0.04085219999979017,
      0.015205100000457605,
      0.02379089999885764,
      0.032059299999673385,
      0.022125399998913053,
      0.02126949999728822,
      0.016649799999868264,
      0.025100799997744616,
      0.016963999998552026,
      0.023731299999781186,
      0.0246036999997159,
      0.01898060000166879,
      0.02269719999821973,
      0.01909920000252896,
      0.014121699998213444,
      0.0196462000021711
    ],
    "optim_times": [
      0.0023260999987542164,
      0.0016267999999399763,
      0.0017974999973375816,
      0.0009022000012919307,
      0.0011448999975982588,
      0.0010213999994448386,
      0.001608700000360841,
      0.000896399997145636,
      0.00104750000173226,
      0.0011317999997118022,
      0.0027043000009143725,
      0.0009851000031630974,
      0.0009955999994417652,
      0.0011053000016545411,
      0.0010003999996115454,
      0.0012776000003213994,
      0.0012285999982850626,
      0.001487599998654332,
      0.001041100000293227,
      0.001063899999280693,
      0.0010675000012270175,
      0.0008191000015358441,
      0.000961900001129834,
      0.0010053000005427748,
      0.0010726000000431668,
      0.002107099997374462,
      0.0015946999992593192,
      0.0012648999982047826,
      0.0009580000005371403,
      0.0009447000011277851,
      0.0010049999982584268,
      0.0010640000000421423,
      0.0008304000002681278,
      0.0009475000006204937,
      0.0019362999992154073,
      0.0012091000025975518,
      0.0018291000014869496,
      0.0009821999992709607,
      0.0008987000001070555,
      0.000984399997832952,
      0.0009610000015527476,
      0.001150000000052387,
      0.001290200001676567,
      0.0009829000009631272,
      0.0012344999995548278,
      0.000994500001979759,
      0.0011080000003858004,
      0.0009977999980037566,
      0.001030199997330783,
      0.001373399998556124,
      0.001361999999062391,
      0.0016887999991013203,
      0.001038200000039069,
      0.0010084000023198314,
      0.0011224999980186112,
      0.00091229999816278,
      0.000908900001377333,
      0.0009495000012975652,
      0.001145499998528976,
      0.0010700999991968274
    ],