{
  "rank": 0,
  "world_size": 8,
  "num_steps": 60,
  "statistics": {
    "compute": {
      "count": 60,
      "min": 0.009703699997771764,
      "max": 0.08184379999875091,
      "mean": 0.014785819999876064,
      "std": 0.009628260231657469,
      "p95": 0.01811230000021169,
      "p99": 0.036966100000427105
    },
    "sync": {
      "count": 60,
      "min": 0.014292299998487579,
      "max": 0.1151700999980676,
      "mean": 0.022443646666761196,
      "std": 0.013457728473003984,
      "p95": 0.031229100000928156,
      "p99": 0.04928640000071027
    },
    "optim": {
      "count": 60,
      "min": 0.0008610000004409812,
      "max": 0.010890300000028219,
      "mean": 0.0014620399997511413,
      "std": 0.0014289146024205556,
      "p95": 0.002534499999455875,
      "p99": 0.005587800002103904
    },
    "iter": {
      "count": 60,
      "min": 0.026603600002999883,
      "max": 0.20790419999684673,
      "mean": 0.0386915066663884,
      "std": 0.023419176088716884,
      "p95": 0.05300859999988461,
      "p99": 0.06628179999825079
    },
    "grad_norm": {
      "count": 60,
      "min": 0.32315173745155334,
      "max": 0.3546542227268219,
      "mean": 0.3355727622906367,
      "std": 0.007821476467545172,
      "p95": 0.3504560589790344,
      "p99": 0.35186511278152466
    },
    "loss": {
      "count": 60,
      "min": 2.2690606117248535,
      "max": 2.3590638637542725,
      "mean": 2.3079025705655414,
      "std": 0.01956265071073152,
      "p95": 2.3436009883880615,
      "p99": 2.3475401401519775
    }
  },
  "trajectories": {
    "compute_times": [
      0.08184379999875091,
      0.01575779999984661,
      0.036966100000427105,
      0.01811230000021169,
      0.014335899999423418,
      0.01547029999710503,
      0.012678700000833487,
      0.011697499998263083,
      0.011194300001079682,
      0.014338799999677576,
      0.012318100001721177,
      0.011558800000784686,
      0.014225599999917904,
      0.012151599999924656,
      0.009703699997771764,
      0.014158400001178961,
      0.01393620000089868,
      0.012216000002808869,
      0.011665999998513144,
      0.014386599999852479,
      0.012633500002266373,
      0.012341399997239932,
      0.01225210000120569,
      0.010966399997414555,
      0.010547400001087226,
      0.013285799999721348,
      0.013034199997491669,
      0.010066599999845494,
      0.012855500001023756,
      0.01195219999863184,
      0.013284199998452095,
      0.015291899999283487,
      0.014036000000487547,
      0.01361469999756082,
      0.010326799998438219,
      0.013388400002440903,
      0.015129800001886906,
      0.012864600001194049,
      0.015530900000157999,
      0.012054499999067048,
      0.010442200000397861,
      0.011004500000126427,
      0.014686700000311248,
      0.013659699998243013,
      0.014595500000723405,
      0.017397999999957392,
      0.010990899998432724,
      0.029037000000244007,
      0.01234169999952428,
      0.011631099998339778,
      0.014984500001446577,
      0.011151099999551661,
      0.011374800000339746,
      0.012304100000619655,
      0.013685599999007536,
      0.012806599999748869,
      0.012820300002204021,
      0.012702199997875141,
      0.015078300002642209,
      0.010280999998940388
    ],
    "sync_times": [
      0.1151700999980676,
      0.04928640000071027,
      0.026056700000481214,
      0.020165800000540912,
      0.031229100000928156,
      0.021186599999055034,
      0.022158400002808776,
      0.023181699998531258,
      0.01565870000194991,
      0.019209300000511575,
      0.02058239999678335,
      0.01607220000005327,
      0.021616899997752625,
      0.02320310000141035,
      0.021930599999905098,
      0.01850689999992028,
      0.020816300002479693,
      0.016532800000277348,
      0.01629540000067209,
      0.027159399996889988,
      0.017372700000123587,
      0.015618100002029678,
      0.02583040000172332,
      0.020706300001620548,
      0.01840960000117775,
      0.018007200000283774,
      0.01915499999813619,
      0.015467000001081033,
      0.016849700001330348,
      0.01544579999972484,
      0.025762099998246413,
      0.021486300000105985,
      0.020907699999952456,
      0.029421499999443768,
      0.014292299998487579,
      0.021975100000418024,
      0.018638100002135616,
      0.01612139999997453,
      0.022616199999902165,
      0.01999979999891366,
      0.015290700001060031,
      0.015276800000719959,
      0.022495500001241453,
      0.017804199997044634,
      0.03740699999980279,
      0.027517700000316836,
      0.015275999998266343,
      0.014935900002456037,
      0.02382199999919976,
      0.015080299999681301,
      0.024392400002398062,
      0.016888800000742776,
      0.017070300000341376,
      0.015364999999292195,
      0.018532899997808272,
      0.026745499999378808,
      0.02515000000130385,
      0.015662800000427524,
      0.025341100001242012,
      0.016462799998407718
    ],
    "optim_times": [
      0.010890300000028219,
      0.0012375999976939056,
      0.0015719999973953236,
      0.001795000000129221,
      0.0009418000008736271,
      0.0013808000003336929,
      0.0010173999980906956,
      0.0013179000015952624,
      0.0009360000003653113,
      0.001107100000808714,
      0.0010731000002124347,
      0.0009380999981658533,
      0.0009113999985856935,
      0.001070300000719726,
      0.000998999999865191,
      0.0018526000021665823,
      0.0013976000009279232,
      0.001162999997177394,
      0.0009366000012960285,
      0.0035319000016897917,
      0.0012214000016683713,
      0.0008610000004409812,
      0.0009494000005361158,
      0.0010565999982645735,
      0.0008769999985815957,
      0.0014730000002600718,
      0.0009946999998646788,
      0.0010700000020733569,
      0.000972999998339219,
      0.0009838000005402137,
      0.0017220000008819625,
      0.0009734000013850164,
      0.0009214999990945216,
      0.0011228000003029592,
      0.002534499999455875,
      0.000995300000795396,
      0.000960299999860581,
      0.005587800002103904,
      0.0009014999995997641,
      0.0009532999974908307,
      0.001141299999289913,
      0.0010392999975010753,
      0.0009113999985856935,
      0.000878700000612298,
      0.0010060999993584119,
      0.0011145999997097533,
      0.0009449999997741543,
      0.0010914999984379392,
      0.001007999999274034,
      0.002281799999764189,
      0.0015440999995917082,
      0.0018180999977630563,
      0.0009963999982574023,
      0.00236389999918174,
      0.001027900001645321,
      0.0009875000032479875,
      0.0011004999978467822,
      0.001188700000056997,
      0.0010856999979296234,
      0.0009900999975798186
    ],