{
  "rank": 1,
  "world_size": 8,
  "num_steps": 60,
  "statistics": {
    "compute": {
      "count": 60,
      "min": 0.007386900000710739,
      "max": 0.43764029999874765,
      "mean": 0.02063559333358474,
      "std": 0.054412425401439216,
      "p95": 0.019560699998692144,
      "p99": 0.03396040000006906
    },
    "sync": {
      "count": 60,
      "min": 0.010789399999339366,
      "max": 0.12469599999894854,
      "mean": 0.022900386666879057,
      "std": 0.015058100543919196,
      "p95": 0.037601800002448726,
      "p99": 0.04553440000017872
    },
    "optim": {
      "count": 60,
      "min": 0.0008039000022108667,
      "max": 0.008185300001059659,
      "mean": 0.0013482566666425555,
      "std": 0.0009778364745001889,
      "p95": 0.002306899998075096,
      "p99": 0.002530300000216812
    },
    "iter": {
      "count": 60,
      "min": 0.019594800000049872,
      "max": 0.5705215999987558,
      "mean": 0.04488423666710636,
      "std": 0.06904840292951435,
      "p95": 0.05743169999914244,
      "p99": 0.06357909999496769
    },
    "grad_norm": {
      "count": 60,
      "min": 0.32315173745155334,
      "max": 0.3546542227268219,
      "mean": 0.3355727622906367,
      "std": 0.007821476467545172,
      "p95": 0.3504560589790344,
      "p99": 0.35186511278152466
    },
    "loss": {
      "count": 60,
      "min": 2.248142957687378,
      "max": 2.373262405395508,
      "mean": 2.31187789440155,
      "std": 0.02261184504489934,
      "p95": 2.3413021564483643,
      "p99": 2.347897529602051
    }
  },
  "trajectories": {
    "compute_times": [
      0.43764029999874765,
      0.015341199999966193,
      0.03396040000006906,
      0.02141249999840511,
      0.01380570000037551,
      0.01703830000042217,
      0.014564799999789102,
      0.016792700000223704,
      0.008374100001674378,
      0.011179499997524545,
      0.009450800000195159,
      0.013625399999000365,
      0.012933700003486592,
      0.007386900000710739,
      0.012277099998755148,
      0.013982899999973597,
      0.012015699998300988,
      0.012327000000368571,
      0.013447900000755908,
      0.009558500001730863,
      0.019560699998692144,
      0.01217220000035013,
      0.014118300001427997,
      0.012241799999173963,
      0.012642699999560136,
      0.015055200001370395,
      0.01282300000093528,
      0.012180300000181887,
      0.010939400002826005,
      0.013624700000946177,
      0.00994419999915408,
      0.015904799998679664,
      0.013608100001874845,
      0.013313700001162942,
      0.01751470000090194,
      0.013171000002330402,
      0.01564460000008694,
      0.012704100001428742,
      0.012321100002736785,
      0.014356100000441074,
      0.01295390000086627,
      0.012998599999264115,
      0.009797599999728845,
      0.014578199999959907,
      0.012916100000438746,
      0.015265500001987675,
      0.016353999999410007,
      0.012729400001262547,
      0.011987100002443185,
      0.012142299998231465,
      0.016049699999712175,
      0.010965299999952549,
      0.011228699997445801,
      0.013538999999582302,
      0.014315200001874473,
      0.007782000000588596,
      0.014375700000528013,
      0.010605699997540796,
      0.013146699999197153,
      0.013448800000332994
    ],
    "sync_times": [
      0.12469599999894854,
      0.04553440000017872,
      0.028411699997377582,
      0.023675600001297425,
      0.028464499999245163,
      0.023187799997685943,
      0.017572299999301322,
      0.039520899998024106,
      0.01570250000077067,
      0.019287399998574983,
      0.016503700000612298,
      0.0241414000010991,
      0.03167620000021998,
      0.010983799998939503,
      0.024101500002871035,
      0.021292099998390768,
      0.014936600000510225,
      0.0161593000011635,
      0.029227900002297247,
      0.013020000002143206,
      0.02582550000079209,
      0.012326800002483651,
      0.021994000002450775,
      0.019460999999864725,
      0.020704099999420578,
      0.018979199998284457,
      0.017972499997995328,
      0.01738409999961732,
      0.015179499998339452,
      0.017358199998852797,
      0.022741900000255555,
      0.0218721999990521,
      0.02001609999933862,
      0.01555250000092201,
      0.018780500002321787,
      0.012957399998413166,
      0.02306980000139447,
      0.024573999999120133,
      0.010789399999339366,
      0.024595999999291962,
      0.022545399999216897,
      0.024278200002299855,
      0.01507330000094953,
      0.0224837000023399,
      0.03534170000057202,
      0.014992699998401804,
      0.019063600000663428,
      0.025955199998861644,
      0.02097190000131377,
      0.013392000000749249,
      0.022426800001994707,
      0.02245030000267434,
      0.013903500002925284,
      0.017480200000136392,
      0.03572799999892595,
      0.01189199999862467,
      0.037601800002448726,
      0.015800200002558995,
      0.014605000000301516,
      0.01780739999958314
    ],
    "optim_times": [
      0.008185300001059659,
      0.002530300000216812,
      0.0012069999975210521,
      0.0009596000018063933,
      0.001579600000695791,
      0.0009626000028220005,
      0.0015367000014521182,
      0.0011181000008946285,
      0.0015134000022953842,
      0.0009461000008741394,
      0.0014284000026236754,
      0.0020035000015923288,
      0.0009423999981663655,
      0.0012241000003996305,
      0.001031299998430768,
      0.0008710999973118305,
      0.0014324000003398396,
      0.0010478999975020997,
      0.0010084000023198314,
      0.0009605999985069502,
      0.001140500000474276,
      0.0019447000013315119,
      0.0008956999990914483,
      0.0011525000008987263,
      0.0008039000022108667,
      0.0016586999990977347,
      0.0009768000018084422,
      0.000954999999521533,
      0.0011377000009815674,
      0.0014026999997440726,
      0.00101619999986724,
      0.0011197000021638814,
      0.0010327999989385717,
      0.0009681999981694389,
      0.001576899998326553,
      0.0008875000021362212,
      0.0010308999990229495,
      0.0008482000012008939,
      0.0025291000019933563,
      0.0008987000001070555,
      0.00087839999832795,
      0.00093620000188821,
      0.000977800002146978,
      0.000886099998751888,
      0.0011559999984456226,
      0.0010900000015681144,
      0.0013307000008353498,
      0.001342099996691104,
      0.0009622999968996737,
      0.0010169000015594065,
      0.0012404999979480635,
      0.0011309000001347158,
      0.0011615999974310398,
      0.0013495999992301222,
      0.0008158999989973381,
      0.0021740000011050142,
      0.001501899998402223,
      0.002306899998075096,
      0.0012157999990449753,
      0.0009565999971528072
    ],