{
  "rank": 1,
  "world_size": 8,
  "num_steps": 10,
  "statistics": {
    "compute": {
      "count": 10,
      "min": 0.009156100000836886,
      "max": 0.020307599999796366,
      "mean": 0.013646520000111195,
      "std": 0.0031812125691365848,
      "p95": 0.016667199997755233,
      "p99": 0.016667199997755233
    },
    "sync": {
      "count": 10,
      "min": 0.019102599999314407,
      "max": 0.040815399999701185,
      "mean": 0.028934709999521146,
      "std": 0.006534074806993069,
      "p95": 0.035291500000312226,
      "p99": 0.035291500000312226
    },
    "optim": {
      "count": 10,
      "min": 0.0009624000012991019,
      "max": 0.0026794000004883856,
      "mean": 0.001520449999952689,
      "std": 0.0005421303211969309,
      "p95": 0.002430700002150843,
      "p99": 0.002430700002150843
    },
    "iter": {
      "count": 10,
      "min": 0.03456799999912619,
      "max": 0.05887069999516825,
      "mean": 0.04410167999958503,
      "std": 0.00741538834164522,
      "p95": 0.054216800002905075,
      "p99": 0.054216800002905075
    },
    "grad_norm": {
      "count": 10,
      "min": 0.3254165053367615,
      "max": 0.3504560589790344,
      "mean": 0.3382708698511124,
      "std": 0.008284283951080556,
      "p95": 0.3504524827003479,
      "p99": 0.3504524827003479
    },
    "loss": {
      "count": 10,
      "min": 2.2706053256988525,
      "max": 2.335947275161743,
      "mean": 2.2977366209030152,
      "std": 0.017579338324449547,
      "p95": 2.3102316856384277,
      "p99": 2.3102316856384277
    }
  },
  "trajectories": {
    "compute_times": [
      0.020307599999796366,
      0.016667199997755233,
      0.010555900000326801,
      0.011515399997733766,
      0.009156100000836886,
      0.01397960000031162,
      0.013522600002033869,
      0.014665700000477955,
      0.010642700002790662,
      0.015452399999048794
    ],
    "sync_times": [
      0.031478500000957865,
      0.040815399999701185,
      0.03501789999791072,
      0.02209020000009332,
      0.030607900000177324,
      0.02732319999995525,
      0.024292199999763397,
      0.019102599999314407,
      0.035291500000312226,
      0.023327699997025775
    ],
    "optim_times": [
      0.002430700002150843,
      0.0013880999977118336,
      0.0011844000000564847,
      0.0009624000012991019,
      0.0015358000018750317,
      0.0010742999984358903,
      0.0026794000004883856,
      0.0013153999971109442,
      0.0013429999999061693,
      0.001291000000492204
    ],
    "iter_times": [
      0.054216800002905075,
      0.05887069999516825,
      0.046758199998294,
      0.03456799999912619,
      0.04129980000288924,
      0.04237709999870276,
      0.04049420000228565,
      0.035083699996903306,
      0.04727720000300906,
      0.04007109999656677
    ],
    "grad_norms": [
      0.34363359212875366,
      0.33614903688430786,
      0.3504524827003479,
      0.3504560589790344,
      0.34008482098579407,
      0.3322739899158478,
      0.3366731107234955,
      0.34116247296333313,
      0.3264066278934479,
      0.3254165053367615
    ],
    "losses": [
      2.3102316856384277,
      2.294260025024414,
      2.335947275161743,
      2.2906060218811035,
      2.275383234024048,
      2.3077728748321533,
      2.3041269779205322,
      2.2920844554901123,
      2.2963483333587646,
      2.2706053256988525
    ],
    "bytes_transferred": [
      437544,
      437544,
      437544,
      437544,
      437544,
      437544,
      437544,
      437544,
      437544,
      437544
    ],
    "epochs": [
      0,
      0,
      0,
      0,
      0,
      0,
      0,
      0,
      0,
      0
    ],
    "steps": [
      0,
      1,
      2,
      3,
      4,
      5,
      6,
      7,
      8,
      9
    ]
  }
}