{
  "rank": 0,
  "world_size": 8,
  "num_steps": 10,
  "statistics": {
    "compute": {
      "count": 10,
      "min": 0.01139809999949648,
      "max": 0.0666789000024437,
      "mean": 0.018960899999365212,
      "std": 0.016063930450042428,
      "p95": 0.0199386999993294,
      "p99": 0.0199386999993294
    },
    "sync": {
      "count": 10,
      "min": 0.016381000001274515,
      "max": 0.404012099999818,
      "mean": 0.06397366000019247,
      "std": 0.11347910225631881,
      "p95": 0.03414900000279886,
      "p99": 0.03414900000279886
    },
    "optim": {
      "count": 10,
      "min": 0.0008340999993379228,
      "max": 0.004642500000045402,
      "mean": 0.001724770000510034,
      "std": 0.0011797436375807397,
      "p95": 0.0030718000016349833,
      "p99": 0.0030718000016349833
    },
    "iter": {
      "count": 10,
      "min": 0.029192000001785345,
      "max": 0.47284640000361833,
      "mean": 0.08465933000006771,
      "std": 0.1296071584592773,
      "p95": 0.055254200004128506,
      "p99": 0.055254200004128506
    },
    "grad_norm": {
      "count": 10,
      "min": 1.2588934898376465,
      "max": 1.416018009185791,
      "mean": 1.343023908138275,
      "std": 0.04272762404245247,
      "p95": 1.3833450078964233,
      "p99": 1.3833450078964233
    },
    "loss": {
      "count": 10,
      "min": 2.128662109375,
      "max": 2.520557403564453,
      "mean": 2.343654012680054,
      "std": 0.11655230477096477,
      "p95": 2.463294267654419,
      "p99": 2.463294267654419
    }
  },
  "trajectories": {
    "compute_times": [
      0.0666789000024437,
      0.0199386999993294,
      0.014024099997186568,
      0.01139809999949648,
      0.011976900001172908,
      0.01399219999802881,
      0.013072399997327011,
      0.013390799998887815,
      0.01276280000092811,
      0.012374099998851307
    ],
    "sync_times": [
      0.404012099999818,
      0.03414900000279886,
      0.023499599999922793,
      0.030314200001157587,
      0.016381000001274515,
      0.03099080000174581,
      0.02435239999977057,
      0.023504999997385312,
      0.0327517000005173,
      0.019780799997533904
    ],
    "optim_times": [
      0.002155400001356611,
      0.001166500002000248,
      0.0009152999991783872,
      0.0030718000016349833,
      0.0008340999993379228,
      0.004642500000045402,
      0.0008721000012883451,
      0.0011190000004717149,
      0.0014250999993237201,
      0.001045900000463007
    ],
    "iter_times": [
      0.47284640000361833,
      0.055254200004128506,
      0.03843899999628775,
      0.04478410000228905,
      0.029192000001785345,
      0.04962549999982002,
      0.038296899998385925,
      0.03801479999674484,
      0.04693960000076913,
      0.03320079999684822
    ],
    "grad_norms": [
      1.2588934898376465,
      1.3248056173324585,
      1.2865118980407715,
      1.3486250638961792,
      1.3659701347351074,
      1.352418065071106,
      1.3502947092056274,
      1.3433570861816406,
      1.3833450078964233,
      1.416018009185791
    ],
    "losses": [
      2.16265869140625,
      2.428532123565674,
      2.372649669647217,
      2.3454551696777344,
      2.128662109375,
      2.383657932281494,
      2.463294267654419,
      2.3190839290618896,
      2.520557403564453,
      2.3119888305664062
    ],
    "bytes_transferred": [
      437544,
      437544,
      437544,
      437544,
      437544,
      437544,
      437544,
      437544,
      437544,
      437544
    ],
    "epochs": [
      0,
      0,
      0,
      0,
      0,
      0,
      0,
      0,
      0,
      0
    ],
    "steps": [
      0,
      1,
      2,
      3,
      4,
      5,
      6,
      7,
      8,
      9
    ]
  }
}