{
  "rank": 1,
  "world_size": 8,
  "num_steps": 10,
  "statistics": {
    "compute": {
      "count": 10,
      "min": 0.009261499999411171,
      "max": 0.032520900000236,
      "mean": 0.014307439999902272,
      "std": 0.006216184495574658,
      "p95": 0.014658199997938937,
      "p99": 0.014658199997938937
    },
    "sync": {
      "count": 10,
      "min": 0.02026099999784492,
      "max": 0.37954790000003413,
      "mean": 0.06145428999989235,
      "std": 0.10609045739148626,
      "p95": 0.030962500000896398,
      "p99": 0.030962500000896398
    },
    "optim": {
      "count": 10,
      "min": 0.0008464999991701916,
      "max": 0.002593200002593221,
      "mean": 0.001480470000387868,
      "std": 0.0005667760258192626,
      "p95": 0.002361800001381198,
      "p99": 0.002361800001381198
    },
    "iter": {
      "count": 10,
      "min": 0.035642800001369324,
      "max": 0.41466200000286335,
      "mean": 0.07724220000018249,
      "std": 0.11251415057331264,
      "p95": 0.04413359999671229,
      "p99": 0.04413359999671229
    },
    "grad_norm": {
      "count": 10,
      "min": 1.2588934898376465,
      "max": 1.416018009185791,
      "mean": 1.343023908138275,
      "std": 0.04272762404245247,
      "p95": 1.3833450078964233,
      "p99": 1.3833450078964233
    },
    "loss": {
      "count": 10,
      "min": 2.2031948566436768,
      "max": 2.4943737983703613,
      "mean": 2.3247912645339968,
      "std": 0.09735560314477965,
      "p95": 2.472130298614502,
      "p99": 2.472130298614502
    }
  },
  "trajectories": {
    "compute_times": [
      0.032520900000236,
      0.013509600001270883,
      0.014658199997938937,
      0.012384800000290852,
      0.012502899997343775,
      0.011260700001002988,
      0.012831399999413406,
      0.011911800000234507,
      0.009261499999411171,
      0.0122326000018802
    ],
    "sync_times": [
      0.37954790000003413,
      0.029315599997062236,
      0.02026099999784492,
      0.0292394999996759,
      0.021295300000929274,
      0.030962500000896398,
      0.026269900001352653,
      0.02453590000004624,
      0.029857500001526205,
      0.023257799999555573
    ],
    "optim_times": [
      0.002593200002593221,
      0.0013083999983791728,
      0.0012109000017517246,
      0.0009463999995205086,
      0.001844600003096275,
      0.0014640000008512288,
      0.0010543999997025821,
      0.0011744999974325765,
      0.002361800001381198,
      0.0008464999991701916
    ],
    "iter_times": [
      0.41466200000286335,
      0.04413359999671229,
      0.03613009999753558,
      0.04257069999948726,
      0.035642800001369324,
      0.043687200002750615,
      0.04015570000046864,
      0.037622199997713324,
      0.041480800002318574,
      0.036336900000605965
    ],
    "grad_norms": [
      1.2588934898376465,
      1.3248056173324585,
      1.2865118980407715,
      1.3486250638961792,
      1.3659701347351074,
      1.352418065071106,
      1.3502947092056274,
      1.3433570861816406,
      1.3833450078964233,
      1.416018009185791
    ],
    "losses": [
      2.2264418601989746,
      2.472130298614502,
      2.2031948566436768,
      2.2881202697753906,
      2.4035568237304688,
      2.2258944511413574,
      2.3056626319885254,
      2.4943737983703613,
      2.3454065322875977,
      2.2831311225891113
    ],
    "bytes_transferred": [
      437544,
      437544,
      437544,
      437544,
      437544,
      437544,
      437544,
      437544,
      437544,
      437544
    ],
    "epochs": [
      0,
      0,
      0,
      0,
      0,
      0,
      0,
      0,
      0,
      0
    ],
    "steps": [
      0,
      1,
      2,
      3,
      4,
      5,
      6,
      7,
      8,
      9
    ]
  }
}