{
  "rank": 2,
  "world_size": 8,
  "num_steps": 10,
  "statistics": {
    "compute": {
      "count": 10,
      "min": 0.008658299997478025,
      "max": 0.016563100001803832,
      "mean": 0.0123499700006505,
      "std": 0.00249599977800803,
      "p95": 0.015811800003575627,
      "p99": 0.015811800003575627
    },
    "sync": {
      "count": 10,
      "min": 0.02053439999872353,
      "max": 0.03709280000111903,
      "mean": 0.02742467999960354,
      "std": 0.00551850426570821,
      "p95": 0.032272500000544824,
      "p99": 0.032272500000544824
    },
    "optim": {
      "count": 10,
      "min": 0.0008932000018830877,
      "max": 0.001534300001367228,
      "mean": 0.001122169999507605,
      "std": 0.00017055174066854723,
      "p95": 0.001254399998288136,
      "p99": 0.001254399998288136
    },
    "iter": {
      "count": 10,
      "min": 0.03338689999873168,
      "max": 0.052171699997416,
      "mean": 0.04089681999976165,
      "std": 0.00595557731521053,
      "p95": 0.04735860000437242,
      "p99": 0.04735860000437242
    },
    "grad_norm": {
      "count": 10,
      "min": 1.2588934898376465,
      "max": 1.416018009185791,
      "mean": 1.343023908138275,
      "std": 0.04272762404245247,
      "p95": 1.3833450078964233,
      "p99": 1.3833450078964233
    },
    "loss": {
      "count": 10,
      "min": 2.1733155250549316,
      "max": 2.4877805709838867,
      "mean": 2.35673406124115,
      "std": 0.1203091539436412,
      "p95": 2.485816717147827,
      "p99": 2.485816717147827
    }
  },
  "trajectories": {
    "compute_times": [
      0.013551800002460368,
      0.015811800003575627,
      0.016563100001803832,
      0.009343000001535984,
      0.012635099999897648,
      0.013980599997012177,
      0.010766300001705531,
      0.010933900000964059,
      0.008658299997478025,
      0.011255800000071758
    ],
    "sync_times": [
      0.032272500000544824,
      0.028183399997942615,
      0.02054669999779435,
      0.022926300000108313,
      0.02053439999872353,
      0.03709280000111903,
      0.030960700001742225,
      0.02850879999823519,
      0.03194760000042152,
      0.021273599999403814
    ],
    "optim_times": [
      0.001534300001367228,
      0.0010846999975910876,
      0.0009240999970643315,
      0.0011175999970873818,
      0.0011704000025929417,
      0.0010982999992847908,
      0.001108399999793619,
      0.0010363000001234468,
      0.001254399998288136,
      0.0008932000018830877
    ],
    "iter_times": [
      0.04735860000437242,
      0.04507989999910933,
      0.03803389999666251,
      0.03338689999873168,
      0.03433990000121412,
      0.052171699997416,
      0.042835400003241375,
      0.040478999999322696,
      0.04186029999618768,
      0.03342260000135866
    ],
    "grad_norms": [
      1.2588934898376465,
      1.3248056173324585,
      1.2865118980407715,
      1.3486250638961792,
      1.3659701347351074,
      1.352418065071106,
      1.3502947092056274,
      1.3433570861816406,
      1.3833450078964233,
      1.416018009185791
    ],
    "losses": [
      2.382622718811035,
      2.1733155250549316,
      2.4825010299682617,
      2.4877805709838867,
      2.3689792156219482,
      2.190835475921631,
      2.3393211364746094,
      2.45290470123291,
      2.203263521194458,
      2.485816717147827
    ],
    "bytes_transferred": [
      437544,
      437544,
      437544,
      437544,
      437544,
      437544,
      437544,
      437544,
      437544,
      437544
    ],
    "epochs": [
      0,
      0,
      0,
      0,
      0,
      0,
      0,
      0,
      0,
      0
    ],
    "steps": [
      0,
      1,
      2,
      3,
      4,
      5,
      6,
      7,
      8,
      9
    ]
  }
}