{
  "rank": 3,
  "world_size": 8,
  "num_steps": 10,
  "statistics": {
    "compute": {
      "count": 10,
      "min": 0.008641300002636854,
      "max": 0.023208999999042135,
      "mean": 0.012553460000708583,
      "std": 0.004047229233115233,
      "p95": 0.015046100001200102,
      "p99": 0.015046100001200102
    },
    "sync": {
      "count": 10,
      "min": 0.018044099997496232,
      "max": 0.37129210000057356,
      "mean": 0.062640709999323,
      "std": 0.10316351429230404,
      "p95": 0.04345309999916935,
      "p99": 0.04345309999916935
    },
    "optim": {
      "count": 10,
      "min": 0.0008319000007759314,
      "max": 0.002064199998130789,
      "mean": 0.0012014599997201003,
      "std": 0.00036135054438114956,
      "p95": 0.0016370999983337242,
      "p99": 0.0016370999983337242
    },
    "iter": {
      "count": 10,
      "min": 0.029292199997144053,
      "max": 0.3961381999979494,
      "mean": 0.07639562999975169,
      "std": 0.1069503499501053,
      "p95": 0.05826270000034128,
      "p99": 0.05826270000034128
    },
    "grad_norm": {
      "count": 10,
      "min": 1.2588934898376465,
      "max": 1.416018009185791,
      "mean": 1.343023908138275,
      "std": 0.04272762404245247,
      "p95": 1.3833450078964233,
      "p99": 1.3833450078964233
    },
    "loss": {
      "count": 10,
      "min": 2.2354989051818848,
      "max": 2.4548568725585938,
      "mean": 2.326220965385437,
      "std": 0.052211588933689546,
      "p95": 2.3501012325286865,
      "p99": 2.3501012325286865
    }
  },
  "trajectories": {
    "compute_times": [
      0.023208999999042135,
      0.015046100001200102,
      0.012146300003223587,
      0.012605100000655511,
      0.009183900001517031,
      0.010256699999445118,
      0.009741899997607106,
      0.010945300000457792,
      0.013759000001300592,
      0.008641300002636854
    ],
    "sync_times": [
      0.37129210000057356,
      0.03223210000214749,
      0.020512899998720968,
      0.034861299998738104,
      0.018044099997496232,
      0.0352536999998847,
      0.02316909999717609,
      0.025683399999252288,
      0.04345309999916935,
      0.021905300000071293
    ],
    "optim_times": [
      0.0016370999983337242,
      0.0010300000030838419,
      0.0009465000002819579,
      0.001151100001152372,
      0.002064199998130789,
      0.001242999998794403,
      0.0008643999972264282,
      0.0011957999995502178,
      0.0010505999998713378,
      0.0008319000007759314
    ],
    "iter_times": [
      0.3961381999979494,
      0.048308200006431434,
      0.03360570000222651,
      0.04861750000054599,
      0.029292199997144053,
      0.04675339999812422,
      0.033775399992009625,
      0.0378244999992603,
      0.05826270000034128,
      0.03137850000348408
    ],
    "grad_norms": [
      1.2588934898376465,
      1.3248056173324585,
      1.2865118980407715,
      1.3486250638961792,
      1.3659701347351074,
      1.352418065071106,
      1.3502947092056274,
      1.3433570861816406,
      1.3833450078964233,
      1.416018009185791
    ],
    "losses": [
      2.3202450275421143,
      2.336732864379883,
      2.2354989051818848,
      2.3501012325286865,
      2.333057403564453,
      2.3091537952423096,
      2.2925500869750977,
      2.3196468353271484,
      2.310366630554199,
      2.4548568725585938
    ],
    "bytes_transferred": [
      437544,
      437544,
      437544,
      437544,
      437544,
      437544,
      437544,
      437544,
      437544,
      437544
    ],
    "epochs": [
      0,
      0,
      0,
      0,
      0,
      0,
      0,
      0,
      0,
      0
    ],
    "steps": [
      0,
      1,
      2,
      3,
      4,
      5,
      6,
      7,
      8,
      9
    ]
  }
}