{
  "rank": 7,
  "world_size": 8,
  "num_steps": 10,
  "statistics": {
    "compute": {
      "count": 10,
      "min": 0.006862099999125348,
      "max": 0.02679040000293753,
      "mean": 0.011092250000001514,
      "std": 0.005550329897959116,
      "p95": 0.012053200000082143,
      "p99": 0.012053200000082143
    },
    "sync": {
      "count": 10,
      "min": 0.01771509999889531,
      "max": 0.4964189999991504,
      "mean": 0.07518078999964928,
      "std": 0.14053403138959603,
      "p95": 0.03956590000234428,
      "p99": 0.03956590000234428
    },
    "optim": {
      "count": 10,
      "min": 0.0008638999970571604,
      "max": 0.0017953999995370395,
      "mean": 0.0011214299993298482,
      "std": 0.00029285178520886343,
      "p95": 0.0015472999984922353,
      "p99": 0.0015472999984922353
    },
    "iter": {
      "count": 10,
      "min": 0.025582999998732703,
      "max": 0.5247567000005802,
      "mean": 0.08739446999898064,
      "std": 0.14593955514998616,
      "p95": 0.05150140000114334,
      "p99": 0.05150140000114334
    },
    "grad_norm": {
      "count": 10,
      "min": 1.2588934898376465,
      "max": 1.416018009185791,
      "mean": 1.343023908138275,
      "std": 0.04272762404245247,
      "p95": 1.3833450078964233,
      "p99": 1.3833450078964233
    },
    "loss": {
      "count": 10,
      "min": 2.138636589050293,
      "max": 2.375284433364868,
      "mean": 2.265109491348267,
      "std": 0.0892695787045462,
      "p95": 2.36612868309021,
      "p99": 2.36612868309021
    }
  },
  "trajectories": {
    "compute_times": [
      0.02679040000293753,
      0.007403299998259172,
      0.006862099999125348,
      0.011168500001076609,
      0.010909799999353709,
      0.007087899997713976,
      0.011025700001482619,
      0.00764559999879566,
      0.009976000001188368,
      0.012053200000082143
    ],
    "sync_times": [
      0.4964189999991504,
      0.030464299998129718,
      0.01771509999889531,
      0.025974799998948583,
      0.029658499999641208,
      0.03203819999907864,
      0.03956590000234428,
      0.02150669999900856,
      0.032978800001728814,
      0.02548659999956726
    ],
    "optim_times": [
      0.0015472999984922353,
      0.0017953999995370395,
      0.0010058000007120427,
      0.001004300000204239,
      0.0009437000007892493,
      0.0009905999977490865,
      0.0009097999973164406,
      0.0012014999992970843,
      0.0009520000021439046,
      0.0008638999970571604
    ],
    "iter_times": [
      0.5247567000005802,
      0.03966299999592593,
      0.025582999998732703,
      0.03814760000022943,
      0.041511999999784166,
      0.040116699994541705,
      0.05150140000114334,
      0.030353799997101305,
      0.043906800005061086,
      0.038403699996706564
    ],
    "grad_norms": [
      1.2588934898376465,
      1.3248056173324585,
      1.2865118980407715,
      1.3486250638961792,
      1.3659701347351074,
      1.352418065071106,
      1.3502947092056274,
      1.3433570861816406,
      1.3833450078964233,
      1.416018009185791
    ],
    "losses": [
      2.173316717147827,
      2.3447265625,
      2.292140007019043,
      2.2346532344818115,
      2.1419076919555664,
      2.138636589050293,
      2.36612868309021,
      2.375284433364868,
      2.356523036956787,
      2.2277779579162598
    ],
    "bytes_transferred": [
      437544,
      437544,
      437544,
      437544,
      437544,
      437544,
      437544,
      437544,
      437544,
      437544
    ],
    "epochs": [
      0,
      0,
      0,
      0,
      0,
      0,
      0,
      0,
      0,
      0
    ],
    "steps": [
      0,
      1,
      2,
      3,
      4,
      5,
      6,
      7,
      8,
      9
    ]
  }
}