{
  "rank": 6,
  "world_size": 8,
  "num_steps": 10,
  "statistics": {
    "compute": {
      "count": 10,
      "min": 0.09389609999925597,
      "max": 0.46273500000097556,
      "mean": 0.19389784000013605,
      "std": 0.09986728202651408,
      "p95": 0.23813430000154767,
      "p99": 0.23813430000154767
    },
    "sync": {
      "count": 10,
      "min": 0.01744439999674796,
      "max": 0.6707551999970747,
      "mean": 0.11934073999909742,
      "std": 0.18884811752665542,
      "p95": 0.15714640000078361,
      "p99": 0.15714640000078361
    },
    "optim": {
      "count": 10,
      "min": 0.000980200002231868,
      "max": 0.009475300001213327,
      "mean": 0.0027288000004773495,
      "std": 0.002969644906995729,
      "p95": 0.007718799999565817,
      "p99": 0.007718799999565817
    },
    "iter": {
      "count": 10,
      "min": 0.11769810000259895,
      "max": 0.8221372999978485,
      "mean": 0.3159673799997108,
      "std": 0.19474682297977675,
      "p95": 0.48783930000354303,
      "p99": 0.48783930000354303
    },
    "grad_norm": {
      "count": 10,
      "min": 0.1444212943315506,
      "max": 0.25026628375053406,
      "mean": 0.1902051106095314,
      "std": 0.03035974144879099,
      "p95": 0.22816918790340424,
      "p99": 0.22816918790340424
    },
    "loss": {
      "count": 10,
      "min": 2.3032147884368896,
      "max": 2.324418067932129,
      "mean": 2.3125250816345213,
      "std": 0.006968195360346193,
      "p95": 2.3208515644073486,
      "p99": 2.3208515644073486
    }
  },
  "trajectories": {
    "compute_times": [
      0.14190679999956046,
      0.2359355999979016,
      0.46273500000097556,
      0.09389609999925597,
      0.23813430000154767,
      0.1581966999983706,
      0.18801190000158385,
      0.12134110000260989,
      0.16525209999963408,
      0.13356879999992088
    ],
    "sync_times": [
      0.6707551999970747,
      0.05185400000118534,
      0.024124100000335602,
      0.02241430000140099,
      0.01744439999674796,
      0.15714640000078361,
      0.10243509999781963,
      0.034786399999575224,
      0.021960599999147234,
      0.09048689999690396
    ],
    "optim_times": [
      0.009475300001213327,
      0.007718799999565817,
      0.000980200002231868,
      0.0013877000019419938,
      0.000990300002740696,
      0.0013595000018540304,
      0.001817999997001607,
      0.0010067999974125996,
      0.0012513000001490582,
      0.0013001000006624963
    ],
    "iter_times": [
      0.8221372999978485,
      0.29550839999865275,
      0.48783930000354303,
      0.11769810000259895,
      0.25656900000103633,
      0.31670260000100825,
      0.2922649999964051,
      0.15713429999959772,
      0.18846399999893038,
      0.22535579999748734
    ],
    "grad_norms": [
      0.1747828871011734,
      0.18067538738250732,
      0.1444212943315506,
      0.154531791806221,
      0.20896455645561218,
      0.17949312925338745,
      0.22816918790340424,
      0.25026628375053406,
      0.19185641407966614,
      0.18889017403125763
    ],
    "losses": [
      2.304875373840332,
      2.311357021331787,
      2.309779644012451,
      2.308905601501465,
      2.318608522415161,
      2.3208515644073486,
      2.317491054534912,
      2.324418067932129,
      2.3032147884368896,
      2.3057491779327393
    ],
    "bytes_transferred": [
      208552,
      208552,
      208552,
      208552,
      208552,
      208552,
      208552,
      208552,
      208552,
      208552
    ],
    "epochs": [
      0,
      0,
      0,
      0,
      0,
      0,
      0,
      0,
      0,
      0
    ],
    "steps": [
      0,
      1,
      2,
      3,
      4,
      5,
      6,
      7,
      8,
      9
    ]
  }
}