{
  "rank": 0,
  "world_size": 8,
  "num_steps": 10,
  "statistics": {
    "compute": {
      "count": 10,
      "min": 0.05420679999951972,
      "max": 0.4680766000019503,
      "mean": 0.20217218999969191,
      "std": 0.11214075578403823,
      "p95": 0.2927568000013707,
      "p99": 0.2927568000013707
    },
    "sync": {
      "count": 10,
      "min": 0.014281899999332381,
      "max": 0.12788849999924423,
      "mean": 0.04196148999981233,
      "std": 0.032500151338510155,
      "p95": 0.06105029999889666,
      "p99": 0.06105029999889666
    },
    "optim": {
      "count": 10,
      "min": 0.0009253000025637448,
      "max": 0.008977900000900263,
      "mean": 0.0032291000006807735,
      "std": 0.0028087915469963646,
      "p95": 0.007029200001852587,
      "p99": 0.007029200001852587
    },
    "iter": {
      "count": 10,
      "min": 0.12423499999931664,
      "max": 0.4842557000047236,
      "mean": 0.24736278000018502,
      "std": 0.10329596292323172,
      "p95": 0.31847300000299583,
      "p99": 0.31847300000299583
    },
    "grad_norm": {
      "count": 10,
      "min": 0.1444212943315506,
      "max": 0.25026628375053406,
      "mean": 0.1902051106095314,
      "std": 0.03035974144879099,
      "p95": 0.22816918790340424,
      "p99": 0.22816918790340424
    },
    "loss": {
      "count": 10,
      "min": 2.2962489128112793,
      "max": 2.323232889175415,
      "mean": 2.307887887954712,
      "std": 0.006590971115443048,
      "p95": 2.311790704727173,
      "p99": 2.311790704727173
    }
  },
  "trajectories": {
    "compute_times": [
      0.05420679999951972,
      0.2538678999990225,
      0.4680766000019503,
      0.10342429999946035,
      0.14641949999713688,
      0.2927568000013707,
      0.23923479999939445,
      0.12597140000070794,
      0.1655375999980606,
      0.17222620000029565
    ],
    "sync_times": [
      0.06105029999889666,
      0.0445666000014171,
      0.015253800000209594,
      0.034365100000286475,
      0.12788849999924423,
      0.02469539999947301,
      0.02353429999857326,
      0.019906000001356006,
      0.05407299999933457,
      0.014281899999332381
    ],
    "optim_times": [
      0.008977900000900263,
      0.0058002999976451974,
      0.0009253000025637448,
      0.0015966999999363907,
      0.001029999999445863,
      0.0010208000021521002,
      0.007029200001852587,
      0.0011492000012367498,
      0.0032000999999581836,
      0.0015615000011166558
    ],
    "iter_times": [
      0.12423499999931664,
      0.3042347999980848,
      0.4842557000047236,
      0.1393860999996832,
      0.275337999995827,
      0.31847300000299583,
      0.2697982999998203,
      0.1470266000033007,
      0.22281069999735337,
      0.18806960000074469
    ],
    "grad_norms": [
      0.1747828871011734,
      0.18067538738250732,
      0.1444212943315506,
      0.154531791806221,
      0.20896455645561218,
      0.17949312925338745,
      0.22816918790340424,
      0.25026628375053406,
      0.19185641407966614,
      0.18889017403125763
    ],
    "losses": [
      2.306812047958374,
      2.304776668548584,
      2.311790704727173,
      2.3090131282806396,
      2.3105976581573486,
      2.2962489128112793,
      2.323232889175415,
      2.308206558227539,
      2.304081439971924,
      2.3041188716888428
    ],
    "bytes_transferred": [
      208552,
      208552,
      208552,
      208552,
      208552,
      208552,
      208552,
      208552,
      208552,
      208552
    ],
    "epochs": [
      0,
      0,
      0,
      0,
      0,
      0,
      0,
      0,
      0,
      0
    ],
    "steps": [
      0,
      1,
      2,
      3,
      4,
      5,
      6,
      7,
      8,
      9
    ]
  }
}