{
  "rank": 1,
  "world_size": 8,
  "num_steps": 10,
  "statistics": {
    "compute": {
      "count": 10,
      "min": 0.07940870000311406,
      "max": 0.4356831000004604,
      "mean": 0.2112037100007001,
      "std": 0.09604169245888514,
      "p95": 0.28184630000032485,
      "p99": 0.28184630000032485
    },
    "sync": {
      "count": 10,
      "min": 0.012240599997312529,
      "max": 0.11747259999901871,
      "mean": 0.04662150999974983,
      "std": 0.03505530567138861,
      "p95": 0.09682139999858919,
      "p99": 0.09682139999858919
    },
    "optim": {
      "count": 10,
      "min": 0.000929300000279909,
      "max": 0.008553799998480827,
      "mean": 0.0036686099996586564,
      "std": 0.002533085571556408,
      "p95": 0.007219300001452211,
      "p99": 0.007219300001452211
    },
    "iter": {
      "count": 10,
      "min": 0.11502880000261939,
      "max": 0.5163993000023765,
      "mean": 0.26149383000010856,
      "std": 0.10803589462337863,
      "p95": 0.3404495999966457,
      "p99": 0.3404495999966457
    },
    "grad_norm": {
      "count": 10,
      "min": 0.1444212943315506,
      "max": 0.25026628375053406,
      "mean": 0.1902051106095314,
      "std": 0.03035974144879099,
      "p95": 0.22816918790340424,
      "p99": 0.22816918790340424
    },
    "loss": {
      "count": 10,
      "min": 2.2918267250061035,
      "max": 2.319871664047241,
      "mean": 2.3081411361694335,
      "std": 0.00816344540127248,
      "p95": 2.3192784786224365,
      "p99": 2.3192784786224365
    }
  },
  "trajectories": {
    "compute_times": [
      0.1387603000002855,
      0.2350743999995757,
      0.4356831000004604,
      0.07940870000311406,
      0.2320319999998901,
      0.28184630000032485,
      0.24973010000030627,
      0.12002070000016829,
      0.16998250000324333,
      0.16949899999963236
    ],
    "sync_times": [
      0.11747259999901871,
      0.09682139999858919,
      0.07782760000191047,
      0.033522900001116795,
      0.012240599997312529,
      0.018541599998570746,
      0.029768199998216005,
      0.018675300001632422,
      0.03611059999821009,
      0.025234300002921373
    ],
    "optim_times": [
      0.007219300001452211,
      0.008553799998480827,
      0.002888600000005681,
      0.0020971999983885325,
      0.0010077000006276648,
      0.0014690999996673781,
      0.00581160000001546,
      0.000929300000279909,
      0.0038038999991840683,
      0.0029055999984848313
    ],
    "iter_times": [
      0.2634522000007564,
      0.3404495999966457,
      0.5163993000023765,
      0.11502880000261939,
      0.2452802999978303,
      0.30185699999856297,
      0.28530989999853773,
      0.13962530000208062,
      0.2098970000006375,
      0.19763890000103856
    ],
    "grad_norms": [
      0.1747828871011734,
      0.18067538738250732,
      0.1444212943315506,
      0.154531791806221,
      0.20896455645561218,
      0.17949312925338745,
      0.22816918790340424,
      0.25026628375053406,
      0.19185641407966614,
      0.18889017403125763
    ],
    "losses": [
      2.3041484355926514,
      2.2918267250061035,
      2.304109573364258,
      2.3082189559936523,
      2.3192784786224365,
      2.3058807849884033,
      2.319871664047241,
      2.314202070236206,
      2.312490224838257,
      2.301384449005127
    ],
    "bytes_transferred": [
      208552,
      208552,
      208552,
      208552,
      208552,
      208552,
      208552,
      208552,
      208552,
      208552
    ],
    "epochs": [
      0,
      0,
      0,
      0,
      0,
      0,
      0,
      0,
      0,
      0
    ],
    "steps": [
      0,
      1,
      2,
      3,
      4,
      5,
      6,
      7,
      8,
      9
    ]
  }
}