{
  "rank": 0,
  "world_size": 2,
  "num_steps": 10,
  "statistics": {
    "compute": {
      "count": 10,
      "min": 0.0097286999989592,
      "max": 0.07119439999951283,
      "mean": 0.019780399999581276,
      "std": 0.017583772089658917,
      "p95": 0.021743099998275284,
      "p99": 0.021743099998275284
    },
    "sync": {
      "count": 10,
      "min": 0.002324500001122942,
      "max": 0.029352099998504855,
      "mean": 0.005464300000312505,
      "std": 0.007994733846259481,
      "p95": 0.0048467000015079975,
      "p99": 0.0048467000015079975
    },
    "optim": {
      "count": 10,
      "min": 0.0005999999993946403,
      "max": 0.0012865999997302424,
      "mean": 0.000721799999155337,
      "std": 0.00019172179855691523,
      "p95": 0.0007311999979719985,
      "p99": 0.0007311999979719985
    },
    "iter": {
      "count": 10,
      "min": 0.012857300003815908,
      "max": 0.10183309999774792,
      "mean": 0.025966499999049118,
      "std": 0.025578685392916488,
      "p95": 0.025401399994734675,
      "p99": 0.025401399994734675
    },
    "grad_norm": {
      "count": 10,
      "min": 0.09870897233486176,
      "max": 0.20780640840530396,
      "mean": 0.13127087652683259,
      "std": 0.03013602416901613,
      "p95": 0.16194133460521698,
      "p99": 0.16194133460521698
    },
    "loss": {
      "count": 10,
      "min": 1.6037514209747314,
      "max": 1.628542184829712,
      "mean": 1.6171472907066344,
      "std": 0.007075374269799103,
      "p95": 1.6236757040023804,
      "p99": 1.6236757040023804
    }
  },
  "trajectories": {
    "compute_times": [
      0.07119439999951283,
      0.021743099998275284,
      0.018111299999873154,
      0.018490200000087498,
      0.01414209999711602,
      0.0097286999989592,
      0.013119399998686276,
      0.010743499999080086,
      0.009901100002025487,
      0.010630200002196943
    ],
    "sync_times": [
      0.029352099998504855,
      0.002957699998660246,
      0.002583800000138581,
      0.002458800001477357,
      0.0023484000012103934,
      0.0048467000015079975,
      0.0024755999984336086,
      0.002939199999673292,
      0.0023562000023957808,
      0.002324500001122942
    ],
    "optim_times": [
      0.0012865999997302424,
      0.0007005999977991451,
      0.0006759999996575061,
      0.0006613000005017966,
      0.0006283000002440531,
      0.0006503000004158821,
      0.0006217999980435707,
      0.0007311999979719985,
      0.0005999999993946403,
      0.000661899997794535
    ],
    "iter_times": [
      0.10183309999774792,
      0.025401399994734675,
      0.02137109999966924,
      0.02161030000206665,
      0.017118799998570466,
      0.01522570000088308,
      0.016216799995163456,
      0.014413899996725377,
      0.012857300003815908,
      0.01361660000111442
    ],
    "grad_norms": [
      0.12472733110189438,
      0.11807377636432648,
      0.13190823793411255,
      0.10935642570257187,
      0.1297302395105362,
      0.16194133460521698,
      0.20780640840530396,
      0.11317785084247589,
      0.09870897233486176,
      0.11727818846702576
    ],
    "losses": [
      1.6216069459915161,
      1.6200380325317383,
      1.6037514209747314,
      1.6128538846969604,
      1.6101415157318115,
      1.6226590871810913,
      1.612686038017273,
      1.628542184829712,
      1.6155180931091309,
      1.6236757040023804
    ],
    "bytes_transferred": [
      27188,
      27188,
      27188,
      27188,
      27188,
      27188,
      27188,
      27188,
      27188,
      27188
    ],
    "epochs": [
      0,
      0,
      0,
      0,
      0,
      0,
      0,
      0,
      0,
      0
    ],
    "steps": [
      0,
      1,
      2,
      3,
      4,
      5,
      6,
      7,
      8,
      9
    ]
  }
}