{
  "rank": 1,
  "world_size": 2,
  "num_steps": 10,
  "statistics": {
    "compute": {
      "count": 10,
      "min": 0.008907299998099916,
      "max": 0.07304460000159452,
      "mean": 0.02024453000012727,
      "std": 0.01819482018067375,
      "p95": 0.024570900000981055,
      "p99": 0.024570900000981055
    },
    "sync": {
      "count": 10,
      "min": 0.001403599999321159,
      "max": 0.010032199999841396,
      "mean": 0.00330666999980167,
      "std": 0.0026776055787074158,
      "p95": 0.006747299998096423,
      "p99": 0.006747299998096423
    },
    "optim": {
      "count": 10,
      "min": 0.0006193999979586806,
      "max": 0.001003000001219334,
      "mean": 0.0007693700001254911,
      "std": 0.00012950267987808822,
      "p95": 0.0009691999985079747,
      "p99": 0.0009691999985079747
    },
    "iter": {
      "count": 10,
      "min": 0.013259300001664087,
      "max": 0.08407980000265525,
      "mean": 0.024320570000054432,
      "std": 0.0203481089149054,
      "p95": 0.027060799999162555,
      "p99": 0.027060799999162555
    },
    "grad_norm": {
      "count": 10,
      "min": 0.09870897233486176,
      "max": 0.20780640840530396,
      "mean": 0.13127087652683259,
      "std": 0.03013602416901613,
      "p95": 0.16194133460521698,
      "p99": 0.16194133460521698
    },
    "loss": {
      "count": 10,
      "min": 1.5955920219421387,
      "max": 1.6279933452606201,
      "mean": 1.6174660921096802,
      "std": 0.009196844384155469,
      "p95": 1.6249403953552246,
      "p99": 1.6249403953552246
    }
  },
  "trajectories": {
    "compute_times": [
      0.07304460000159452,
      0.024570900000981055,
      0.018219599998701597,
      0.01856910000060452,
      0.014428300000872696,
      0.01307240000096499,
      0.008907299998099916,
      0.01126529999964987,
      0.01048609999998007,
      0.009881699999823468
    ],
    "sync_times": [
      0.010032199999841396,
      0.0015206999996735249,
      0.002056799999991199,
      0.0021237000000837725,
      0.002016999998886604,
      0.001403599999321159,
      0.006747299998096423,
      0.0020172000004095025,
      0.0020982999994885176,
      0.0030499000022246037
    ],
    "optim_times": [
      0.001003000001219334,
      0.0009691999985079747,
      0.0009059000003617257,
      0.0007303999991563614,
      0.0006857000007585157,
      0.0006193999979586806,
      0.0006815000015194528,
      0.0007236999990709592,
      0.0006749000021954998,
      0.0007000000005064066
    ],
    "iter_times": [
      0.08407980000265525,
      0.027060799999162555,
      0.02118229999905452,
      0.021423199999844655,
      0.017131000000517815,
      0.01509539999824483,
      0.01633609999771579,
      0.014006199999130331,
      0.013259300001664087,
      0.013631600002554478
    ],
    "grad_norms": [
      0.12472733110189438,
      0.11807377636432648,
      0.13190823793411255,
      0.10935642570257187,
      0.1297302395105362,
      0.16194133460521698,
      0.20780640840530396,
      0.11317785084247589,
      0.09870897233486176,
      0.11727818846702576
    ],
    "losses": [
      1.6107556819915771,
      1.5955920219421387,
      1.6279933452606201,
      1.6112556457519531,
      1.6217418909072876,
      1.6225212812423706,
      1.6242461204528809,
      1.6249403953552246,
      1.6141318082809448,
      1.6214827299118042
    ],
    "bytes_transferred": [
      27188,
      27188,
      27188,
      27188,
      27188,
      27188,
      27188,
      27188,
      27188,
      27188
    ],
    "epochs": [
      0,
      0,
      0,
      0,
      0,
      0,
      0,
      0,
      0,
      0
    ],
    "steps": [
      0,
      1,
      2,
      3,
      4,
      5,
      6,
      7,
      8,
      9
    ]
  }
}