{
  "rank": 4,
  "world_size": 8,
  "num_steps": 10,
  "statistics": {
    "compute": {
      "count": 10,
      "min": 0.01607270000022254,
      "max": 0.07425409999996191,
      "mean": 0.025020570000924634,
      "std": 0.01659084966847755,
      "p95": 0.023610000000189757,
      "p99": 0.023610000000189757
    },
    "sync": {
      "count": 10,
      "min": 0.01251580000098329,
      "max": 0.02918149999823072,
      "mean": 0.019082789999811212,
      "std": 0.0043237251526766956,
      "p95": 0.023405100000672974,
      "p99": 0.023405100000672974
    },
    "optim": {
      "count": 10,
      "min": 0.0007122000024537556,
      "max": 0.0012828999970224686,
      "mean": 0.0008601199999247911,
      "std": 0.00018382030140414176,
      "p95": 0.0011464999988675117,
      "p99": 0.0011464999988675117
    },
    "iter": {
      "count": 10,
      "min": 0.0332656999999017,
      "max": 0.1047184999952151,
      "mean": 0.04496348000066064,
      "std": 0.02030214269330453,
      "p95": 0.045078300001478055,
      "p99": 0.045078300001478055
    },
    "grad_norm": {
      "count": 10,
      "min": 0.15999259054660797,
      "max": 0.44135209918022156,
      "mean": 0.2723010674118996,
      "std": 0.0771837830525604,
      "p95": 0.3397710621356964,
      "p99": 0.3397710621356964
    },
    "loss": {
      "count": 10,
      "min": 1.523803949356079,
      "max": 1.7284519672393799,
      "mean": 1.604296123981476,
      "std": 0.04945342041513999,
      "p95": 1.637354850769043,
      "p99": 1.637354850769043
    }
  },
  "trajectories": {
    "compute_times": [
      0.07425409999996191,
      0.02084100000138278,
      0.01732099999935599,
      0.02037180000115768,
      0.01906510000117123,
      0.01924200000212295,
      0.023610000000189757,
      0.023107100001652725,
      0.01607270000022254,
      0.016320900002028793
    ],
    "sync_times": [
      0.02918149999823072,
      0.023405100000672974,
      0.017739099999744212,
      0.01251580000098329,
      0.01771089999965625,
      0.016765100001066457,
      0.017814299997553462,
      0.02026340000156779,
      0.01963439999963157,
      0.015798299999005394
    ],
    "optim_times": [
      0.0012828999970224686,
      0.0008321999994223006,
      0.000811400001111906,
      0.0007733000020380132,
      0.0008081999985734001,
      0.0007122000024537556,
      0.0007374999986495823,
      0.0007795000019541476,
      0.0007174999991548248,
      0.0011464999988675117
    ],
    "iter_times": [
      0.1047184999952151,
      0.045078300001478055,
      0.03587150000021211,
      0.033660900004178984,
      0.03758419999940088,
      0.03671930000564316,
      0.0421617999963928,
      0.04415000000517466,
      0.03642459999900893,
      0.0332656999999017
    ],
    "grad_norms": [
      0.21865025162696838,
      0.15999259054660797,
      0.2814854085445404,
      0.44135209918022156,
      0.2697281539440155,
      0.19138403236865997,
      0.31590890884399414,
      0.3397710621356964,
      0.28079932928085327,
      0.22393883764743805
    ],
    "losses": [
      1.60673189163208,
      1.5929677486419678,
      1.7284519672393799,
      1.605127215385437,
      1.587388038635254,
      1.523803949356079,
      1.5780091285705566,
      1.637354850769043,
      1.5874543190002441,
      1.5956721305847168
    ],
    "bytes_transferred": [
      27188,
      27188,
      27188,
      27188,
      27188,
      27188,
      27188,
      27188,
      27188,
      27188
    ],
    "epochs": [
      0,
      0,
      0,
      0,
      0,
      0,
      0,
      0,
      0,
      0
    ],
    "steps": [
      0,
      1,
      2,
      3,
      4,
      5,
      6,
      7,
      8,
      9
    ]
  }
}