{
  "rank": 2,
  "world_size": 8,
  "num_steps": 10,
  "statistics": {
    "compute": {
      "count": 10,
      "min": 0.03547969999999623,
      "max": 0.11246659999960684,
      "mean": 0.07020462999971641,
      "std": 0.024986449413941972,
      "p95": 0.10002710000117077,
      "p99": 0.10002710000117077
    },
    "sync": {
      "count": 10,
      "min": 0.013017299999773968,
      "max": 0.11574280000058934,
      "mean": 0.05233369000161474,
      "std": 0.029919630168305286,
      "p95": 0.08066470000267145,
      "p99": 0.08066470000267145
    },
    "optim": {
      "count": 10,
      "min": 0.0009599000004527625,
      "max": 0.0034301000014238525,
      "mean": 0.0013021400005527538,
      "std": 0.0007166212729067032,
      "p95": 0.001304800000070827,
      "p99": 0.001304800000070827
    },
    "iter": {
      "count": 10,
      "min": 0.08921750000081374,
      "max": 0.21674170000187587,
      "mean": 0.12384046000188391,
      "std": 0.03535826293937066,
      "p95": 0.14352450000296813,
      "p99": 0.14352450000296813
    },
    "grad_norm": {
      "count": 10,
      "min": 0.178546741604805,
      "max": 0.42565569281578064,
      "mean": 0.2816349849104881,
      "std": 0.07806672811913203,
      "p95": 0.38520607352256775,
      "p99": 0.38520607352256775
    },
    "loss": {
      "count": 10,
      "min": 2.2890965938568115,
      "max": 2.334015369415283,
      "mean": 2.30834846496582,
      "std": 0.01171752580265774,
      "p95": 2.3187074661254883,
      "p99": 2.3187074661254883
    }
  },
  "trajectories": {
    "compute_times": [
      0.03960499999811873,
      0.04041510000024573,
      0.07334310000078403,
      0.07306029999745078,
      0.10002710000117077,
      0.09253349999926286,
      0.03547969999999623,
      0.0656079000000318,
      0.0695080000004964,
      0.11246659999960684
    ],
    "sync_times": [
      0.08066470000267145,
      0.07107750000068336,
      0.020375200001581106,
      0.06004560000292258,
      0.11574280000058934,
      0.013017299999773968,
      0.05253570000058971,
      0.026765600003272993,
      0.05305580000276677,
      0.03005670000129612
    ],
    "optim_times": [
      0.0034301000014238525,
      0.0010591999998723622,
      0.0010389000017312355,
      0.0009599000004527625,
      0.0009718000001157634,
      0.0010402000007161405,
      0.0012021000002278015,
      0.001304800000070827,
      0.0010131999988516327,
      0.0010012000020651612
    ],
    "iter_times": [
      0.12369980000221403,
      0.11255180000080145,
      0.09475720000409638,
      0.13406580000082613,
      0.21674170000187587,
      0.10659099999975297,
      0.08921750000081374,
      0.09367830000337563,
      0.1235770000021148,
      0.14352450000296813
    ],
    "grad_norms": [
      0.33937934041023254,
      0.2863592803478241,
      0.22397910058498383,
      0.42565569281578064,
      0.178546741604805,
      0.2989473044872284,
      0.20952743291854858,
      0.38520607352256775,
      0.2675463855266571,
      0.20120249688625336
    ],
    "losses": [
      2.302269458770752,
      2.306955099105835,
      2.310551881790161,
      2.314680337905884,
      2.2890965938568115,
      2.298177480697632,
      2.3187074661254883,
      2.307645559310913,
      2.334015369415283,
      2.3013854026794434
    ],
    "bytes_transferred": [
      208552,
      208552,
      208552,
      208552,
      208552,
      208552,
      208552,
      208552,
      208552,
      208552
    ],
    "epochs": [
      0,
      0,
      0,
      0,
      0,
      0,
      0,
      0,
      0,
      0
    ],
    "steps": [
      0,
      1,
      2,
      3,
      4,
      5,
      6,
      7,
      8,
      9
    ]
  }
}