{
  "rank": 0,
  "world_size": 8,
  "num_steps": 10,
  "statistics": {
    "compute": {
      "count": 10,
      "min": 0.03392510000048787,
      "max": 0.09362319999854662,
      "mean": 0.049404909999793745,
      "std": 0.019328777239525738,
      "p95": 0.07511489999887999,
      "p99": 0.07511489999887999
    },
    "sync": {
      "count": 10,
      "min": 0.013228200001321966,
      "max": 0.1769587999988289,
      "mean": 0.07905298000005131,
      "std": 0.04642053658378839,
      "p95": 0.12504320000152802,
      "p99": 0.12504320000152802
    },
    "optim": {
      "count": 10,
      "min": 0.0009608000000298489,
      "max": 0.0019371999987924937,
      "mean": 0.001156270000501536,
      "std": 0.00026578012302515676,
      "p95": 0.0011592000009841286,
      "p99": 0.0011592000009841286
    },
    "iter": {
      "count": 10,
      "min": 0.08916080000199145,
      "max": 0.21649299999990035,
      "mean": 0.1296141600003466,
      "std": 0.03990861679630508,
      "p95": 0.18773910000163596,
      "p99": 0.18773910000163596
    },
    "grad_norm": {
      "count": 10,
      "min": 0.178546741604805,
      "max": 0.42565569281578064,
      "mean": 0.2816349849104881,
      "std": 0.07806672811913203,
      "p95": 0.38520607352256775,
      "p99": 0.38520607352256775
    },
    "loss": {
      "count": 10,
      "min": 2.289649486541748,
      "max": 2.3521459102630615,
      "mean": 2.3206376314163206,
      "std": 0.018734494713565274,
      "p95": 2.3413336277008057,
      "p99": 2.3413336277008057
    }
  },
  "trajectories": {
    "compute_times": [
      0.06075870000131545,
      0.0426828999989084,
      0.07511489999887999,
      0.03756249999787542,
      0.03845519999958924,
      0.09362319999854662,
      0.03601310000158264,
      0.03392510000048787,
      0.036467300000367686,
      0.039446200000384124
    ],
    "sync_times": [
      0.12504320000152802,
      0.072194500000478,
      0.017797000000427943,
      0.09182429999782471,
      0.1769587999988289,
      0.013228200001321966,
      0.052111699998931726,
      0.05745970000134548,
      0.08824259999892092,
      0.09566980000090552
    ],
    "optim_times": [
      0.0019371999987924937,
      0.0010192000008828472,
      0.0010999000005540438,
      0.0011592000009841286,
      0.0010790000014821999,
      0.0010663000030035619,
      0.0010360000014770776,
      0.001070499998604646,
      0.0011345999992045108,
      0.0009608000000298489
    ],
    "iter_times": [
      0.18773910000163596,
      0.11589660000026925,
      0.09401179999986198,
      0.13054599999668426,
      0.21649299999990035,
      0.10791770000287215,
      0.08916080000199145,
      0.092455300000438,
      0.12584449999849312,
      0.1360768000013195
    ],
    "grad_norms": [
      0.33937934041023254,
      0.2863592803478241,
      0.22397910058498383,
      0.42565569281578064,
      0.178546741604805,
      0.2989473044872284,
      0.20952743291854858,
      0.38520607352256775,
      0.2675463855266571,
      0.20120249688625336
    ],
    "losses": [
      2.3051133155822754,
      2.3521459102630615,
      2.3320915699005127,
      2.3390305042266846,
      2.3047051429748535,
      2.289649486541748,
      2.3138654232025146,
      2.3413336277008057,
      2.3099842071533203,
      2.3184571266174316
    ],
    "bytes_transferred": [
      208552,
      208552,
      208552,
      208552,
      208552,
      208552,
      208552,
      208552,
      208552,
      208552
    ],
    "epochs": [
      0,
      0,
      0,
      0,
      0,
      0,
      0,
      0,
      0,
      0
    ],
    "steps": [
      0,
      1,
      2,
      3,
      4,
      5,
      6,
      7,
      8,
      9
    ]
  }
}