{
  "rank": 1,
  "world_size": 2,
  "num_steps": 10,
  "statistics": {
    "compute": {
      "count": 10,
      "min": 0.005204900000535417,
      "max": 0.016531500001292443,
      "mean": 0.007606529999975464,
      "std": 0.0033251903170958175,
      "p95": 0.010663099998055259,
      "p99": 0.010663099998055259
    },
    "sync": {
      "count": 10,
      "min": 0.003572199999325676,
      "max": 0.1098974000015005,
      "mean": 0.023682160000680595,
      "std": 0.030946235932868292,
      "p95": 0.03872830000182148,
      "p99": 0.03872830000182148
    },
    "optim": {
      "count": 10,
      "min": 0.0005954000007477589,
      "max": 0.011492000001453562,
      "mean": 0.0019244400005845818,
      "std": 0.0031988203003963,
      "p95": 0.0013595000018540304,
      "p99": 0.0013595000018540304
    },
    "iter": {
      "count": 10,
      "min": 0.009372500000608852,
      "max": 0.1274604000027466,
      "mean": 0.03321313000124064,
      "std": 0.03412215693308893,
      "p95": 0.04662370000005467,
      "p99": 0.04662370000005467
    },
    "grad_norm": {
      "count": 10,
      "min": 0.6403612494468689,
      "max": 0.6927463412284851,
      "mean": 0.6645904660224915,
      "std": 0.015105227727771783,
      "p95": 0.6885051131248474,
      "p99": 0.6885051131248474
    },
    "loss": {
      "count": 10,
      "min": 2.2704553604125977,
      "max": 2.3361332416534424,
      "mean": 2.297705149650574,
      "std": 0.017588592533021214,
      "p95": 2.3102316856384277,
      "p99": 2.3102316856384277
    }
  },
  "trajectories": {
    "compute_times": [
      0.016531500001292443,
      0.006840300000476418,
      0.006070999999792548,
      0.010663099998055259,
      0.006026699997164542,
      0.007462300000042887,
      0.005204900000535417,
      0.005753100002038991,
      0.005584300000919029,
      0.005928099999437109
    ],
    "sync_times": [
      0.028773699999874225,
      0.03872830000182148,
      0.1098974000015005,
      0.005568900000071153,
      0.019995999999082414,
      0.01646729999993113,
      0.003572199999325676,
      0.0036228000026312657,
      0.00500340000144206,
      0.005191600001126062
    ],
    "optim_times": [
      0.0013184999988880008,
      0.0007815999997546896,
      0.011492000001453562,
      0.0007761000015307218,
      0.0013595000018540304,
      0.0007412000013573561,
      0.0005954000007477589,
      0.0006816999994043726,
      0.0007810999995854218,
      0.0007173000012699049
    ],
    "iter_times": [
      0.04662370000005467,
      0.04635020000205259,
      0.1274604000027466,
      0.017008099999657134,
      0.027382199998100987,
      0.024670800001331372,
      0.009372500000608852,
      0.01005760000407463,
      0.01136880000194651,
      0.011837000001833076
    ],
    "grad_norms": [
      0.6565757393836975,
      0.6606143712997437,
      0.668342113494873,
      0.6670703887939453,
      0.6638910174369812,
      0.6927463412284851,
      0.6885051131248474,
      0.6544438004493713,
      0.6403612494468689,
      0.6533545255661011
    ],
    "losses": [
      2.3102316856384277,
      2.2941718101501465,
      2.3361332416534424,
      2.2912962436676025,
      2.2752609252929688,
      2.306962728500366,
      2.3038055896759033,
      2.291637897491455,
      2.297096014022827,
      2.2704553604125977
    ],
    "bytes_transferred": [
      437544,
      437544,
      437544,
      437544,
      437544,
      437544,
      437544,
      437544,
      437544,
      437544
    ],
    "epochs": [
      0,
      0,
      0,
      0,
      0,
      0,
      0,
      0,
      0,
      0
    ],
    "steps": [
      0,
      1,
      2,
      3,
      4,
      5,
      6,
      7,
      8,
      9
    ]
  }
}