{
  "rank": 0,
  "world_size": 2,
  "num_steps": 10,
  "statistics": {
    "compute": {
      "count": 10,
      "min": 0.0057626999987405725,
      "max": 0.014667600000393577,
      "mean": 0.007568450000326266,
      "std": 0.002586148203650523,
      "p95": 0.009137000000919215,
      "p99": 0.009137000000919215
    },
    "sync": {
      "count": 10,
      "min": 0.0028672000007645693,
      "max": 0.12399229999937234,
      "mean": 0.023043809999217048,
      "std": 0.03521250697596522,
      "p95": 0.03379299999869545,
      "p99": 0.03379299999869545
    },
    "optim": {
      "count": 10,
      "min": 0.0006180999989737757,
      "max": 0.002036099998804275,
      "mean": 0.0011539899998751935,
      "std": 0.00045759867903466886,
      "p95": 0.001799000001483364,
      "p99": 0.001799000001483364
    },
    "iter": {
      "count": 10,
      "min": 0.009666599999036407,
      "max": 0.1321115999999165,
      "mean": 0.0317662499994185,
      "std": 0.03532849141421303,
      "p95": 0.04111609999745269,
      "p99": 0.04111609999745269
    },
    "grad_norm": {
      "count": 10,
      "min": 0.6403612494468689,
      "max": 0.6927463412284851,
      "mean": 0.6645904660224915,
      "std": 0.015105227727771783,
      "p95": 0.6885051131248474,
      "p99": 0.6885051131248474
    },
    "loss": {
      "count": 10,
      "min": 2.2690787315368652,
      "max": 2.3298451900482178,
      "mean": 2.3031163930892946,
      "std": 0.018360737314575083,
      "p95": 2.3242106437683105,
      "p99": 2.3242106437683105
    }
  },
  "trajectories": {
    "compute_times": [
      0.014667600000393577,
      0.009137000000919215,
      0.008320000000821892,
      0.006320299999060808,
      0.00680830000055721,
      0.006521999999677064,
      0.0057626999987405725,
      0.006170500000735046,
      0.005894699999771547,
      0.006081400002585724
    ],
    "sync_times": [
      0.010588999997708015,
      0.025313499998446787,
      0.019462599997496,
      0.12399229999937234,
      0.003155899998091627,
      0.03379299999869545,
      0.0030732000013813376,
      0.0028672000007645693,
      0.004571800000121584,
      0.0036196000000927597
    ],
    "optim_times": [
      0.0014368999982252717,
      0.0013408000013441779,
      0.002036099998804275,
      0.001799000001483364,
      0.001091500002075918,
      0.0008010999990801793,
      0.000830699998914497,
      0.0008369999995920807,
      0.0006180999989737757,
      0.0007487000002583954
    ],
    "iter_times": [
      0.026693499996326864,
      0.03579130000071018,
      0.029818699997122167,
      0.1321115999999165,
      0.011055700000724755,
      0.04111609999745269,
      0.009666599999036407,
      0.009874700001091696,
      0.011084599998866906,
      0.01044970000293688
    ],
    "grad_norms": [
      0.6565757393836975,
      0.6606143712997437,
      0.668342113494873,
      0.6670703887939453,
      0.6638910174369812,
      0.6927463412284851,
      0.6885051131248474,
      0.6544438004493713,
      0.6403612494468689,
      0.6533545255661011
    ],
    "losses": [
      2.306931495666504,
      2.2966153621673584,
      2.3129711151123047,
      2.2690787315368652,
      2.3242106437683105,
      2.3002896308898926,
      2.3073885440826416,
      2.309554100036621,
      2.2742791175842285,
      2.3298451900482178
    ],
    "bytes_transferred": [
      437544,
      437544,
      437544,
      437544,
      437544,
      437544,
      437544,
      437544,
      437544,
      437544
    ],
    "epochs": [
      0,
      0,
      0,
      0,
      0,
      0,
      0,
      0,
      0,
      0
    ],
    "steps": [
      0,
      1,
      2,
      3,
      4,
      5,
      6,
      7,
      8,
      9
    ]
  }
}