{
  "rank": 5,
  "world_size": 8,
  "num_steps": 10,
  "statistics": {
    "compute": {
      "count": 10,
      "min": 0.007492299999285024,
      "max": 0.013190199999371544,
      "mean": 0.010293610000735498,
      "std": 0.0020407491794263736,
      "p95": 0.013073699999949895,
      "p99": 0.013073699999949895
    },
    "sync": {
      "count": 10,
      "min": 0.018009799998253584,
      "max": 0.08253729999705683,
      "mean": 0.03432289000011224,
      "std": 0.017909213266713676,
      "p95": 0.04363549999834504,
      "p99": 0.04363549999834504
    },
    "optim": {
      "count": 10,
      "min": 0.0008364999994228128,
      "max": 0.0018571000000520144,
      "mean": 0.0011288300003798213,
      "std": 0.00033592046983596253,
      "p95": 0.0016596999994362704,
      "p99": 0.0016596999994362704
    },
    "iter": {
      "count": 10,
      "min": 0.02642779999951017,
      "max": 0.09429089999684948,
      "mean": 0.04574533000122756,
      "std": 0.018463406184484745,
      "p95": 0.05341490000137128,
      "p99": 0.05341490000137128
    },
    "grad_norm": {
      "count": 10,
      "min": 1.2588934898376465,
      "max": 1.416018009185791,
      "mean": 1.343023908138275,
      "std": 0.04272762404245247,
      "p95": 1.3833450078964233,
      "p99": 1.3833450078964233
    },
    "loss": {
      "count": 10,
      "min": 2.090085506439209,
      "max": 2.457670211791992,
      "mean": 2.305450463294983,
      "std": 0.10155437362782702,
      "p95": 2.39313006401062,
      "p99": 2.39313006401062
    }
  },
  "trajectories": {
    "compute_times": [
      0.01009390000035637,
      0.007922300002974225,
      0.007492299999285024,
      0.011786499999288935,
      0.01163030000316212,
      0.008225500001572073,
      0.013073699999949895,
      0.011017000000720145,
      0.013190199999371544,
      0.00850440000067465
    ],
    "sync_times": [
      0.08253729999705683,
      0.04363549999834504,
      0.018009799998253584,
      0.026768499999889173,
      0.034004100001766346,
      0.027744800001528347,
      0.033566900001460453,
      0.02107830000022659,
      0.03721710000172607,
      0.01866660000086995
    ],
    "optim_times": [
      0.0016596999994362704,
      0.0018571000000520144,
      0.0009257000019715633,
      0.0010825999997905456,
      0.001005900001473492,
      0.0012287000026844908,
      0.0008364999994228128,
      0.0009265999979106709,
      0.0008945000008679926,
      0.00087100000018836
    ],
    "iter_times": [
      0.09429089999684948,
      0.05341490000137128,
      0.02642779999951017,
      0.03963759999896865,
      0.04664030000640196,
      0.03719900000578491,
      0.04747710000083316,
      0.03302189999885741,
      0.0513018000019656,
      0.02804200000173296
    ],
    "grad_norms": [
      1.2588934898376465,
      1.3248056173324585,
      1.2865118980407715,
      1.3486250638961792,
      1.3659701347351074,
      1.352418065071106,
      1.3502947092056274,
      1.3433570861816406,
      1.3833450078964233,
      1.416018009185791
    ],
    "losses": [
      2.3135194778442383,
      2.3756556510925293,
      2.238921880722046,
      2.3605170249938965,
      2.457670211791992,
      2.248657703399658,
      2.090085506439209,
      2.39313006401062,
      2.218827962875366,
      2.3575191497802734
    ],
    "bytes_transferred": [
      437544,
      437544,
      437544,
      437544,
      437544,
      437544,
      437544,
      437544,
      437544,
      437544
    ],
    "epochs": [
      0,
      0,
      0,
      0,
      0,
      0,
      0,
      0,
      0,
      0
    ],
    "steps": [
      0,
      1,
      2,
      3,
      4,
      5,
      6,
      7,
      8,
      9
    ]
  }
}