{
  "rank": 6,
  "world_size": 8,
  "num_steps": 60,
  "statistics": {
    "compute": {
      "count": 60,
      "min": 0.027983100000710692,
      "max": 0.2090252000016335,
      "mean": 0.08118150833324762,
      "std": 0.045118795106957606,
      "p95": 0.17263639999873703,
      "p99": 0.20507619999989402
    },
    "sync": {
      "count": 60,
      "min": 0.0102270999996108,
      "max": 0.4948303000019223,
      "mean": 0.034147765000185855,
      "std": 0.06233916857093966,
      "p95": 0.06565799999953015,
      "p99": 0.08357979999709642
    },
    "optim": {
      "count": 60,
      "min": 0.000886099998751888,
      "max": 0.004800900002010167,
      "mean": 0.0013485983334248885,
      "std": 0.0006209937016120505,
      "p95": 0.0022183000000950415,
      "p99": 0.0035596999987319577
    },
    "iter": {
      "count": 60,
      "min": 0.03991800000221701,
      "max": 0.6814014999981737,
      "mean": 0.11667787166685836,
      "std": 0.08757179600477867,
      "p95": 0.22937769999771263,
      "p99": 0.2532513000005565
    },
    "grad_norm": {
      "count": 60,
      "min": 0.178546741604805,
      "max": 0.42565569281578064,
      "mean": 0.25954619124531747,
      "std": 0.05686316543304607,
      "p95": 0.3630068600177765,
      "p99": 0.38520604372024536
    },
    "loss": {
      "count": 60,
      "min": 2.2670443058013916,
      "max": 2.3337817192077637,
      "mean": 2.305830673376719,
      "std": 0.012298101600700462,
      "p95": 2.327543258666992,
      "p99": 2.331406354904175
    }
  },
  "trajectories": {
    "compute_times": [
      0.18476689999806695,
      0.13637549999839393,
      0.06853570000021136,
      0.0333137000015995,
      0.106659099998069,
      0.06697130000247853,
      0.03280079999967711,
      0.10137979999853997,
      0.09630600000309641,
      0.10001379999812343,
      0.06235999999989872,
      0.07421969999995781,
      0.10244419999798993,
      0.10070949999862933,
      0.03911499999958323,
      0.09670330000153626,
      0.06535040000017034,
      0.09941780000008293,
      0.06811459999880753,
      0.035908799996832386,
      0.03307370000038645,
      0.09987120000005234,
      0.10637009999845759,
      0.07094629999846802,
      0.04532499999913853,
      0.031930600001942366,
      0.07954539999991539,
      0.04554909999933443,
      0.10170819999984815,
      0.03515719999995781,
      0.10675009999977192,
      0.03793000000223401,
      0.04625029999806429,
      0.07123830000273301,
      0.07673350000186474,
      0.04306090000318363,
      0.09954039999865927,
      0.1414130999983172,
      0.17171289999896544,
      0.03442389999690931,
      0.10089069999958156,
      0.0982984000002034,
      0.1017578000028152,
      0.17263639999873703,
      0.14530630000081146,
      0.0392920000012964,
      0.027983100000710692,
      0.0495755999982066,
      0.10634620000200812,
      0.2090252000016335,
      0.04173649999938789,
      0.11462130000290927,
      0.06655409999802941,
      0.04475549999915529,
      0.20507619999989402,
      0.042932299998938106,
      0.03358460000163177,
      0.03220169999985956,
      0.028091099997254787,
      0.060229400001844624
    ],
    "sync_times": [
      0.4948303000019223,
      0.020087000000785338,
      0.023098000001482433,
      0.04109779999998864,
      0.018976999999722466,
      0.01620809999803896,
      0.02345179999974789,
      0.06565799999953015,
      0.01767159999872092,
      0.038209500002267305,
      0.01154089999909047,
      0.019714499998372048,
      0.015614699997968273,
      0.020283099998778198,
      0.024471300002915086,
      0.013629799999762326,
      0.016800200002762722,
      0.057468999999400694,
      0.02397259999997914,
      0.011106099998869468,
      0.021957100001600338,
      0.058944399999745656,
      0.015238399999361718,
      0.019425000002229353,
      0.06475649999993038,
      0.011873499999637716,
      0.05521390000285464,
      0.02182859999811626,
      0.0102270999996108,
      0.021626599998853635,
      0.017039199999999255,
      0.08357979999709642,
      0.01837579999846639,
      0.06503679999877932,
      0.015280300001904834,
      0.020695700000942452,
      0.015600100003211992,
      0.02048599999761791,
      0.017486900000221794,
      0.018856400001823204,
      0.026056800001242664,
      0.018508299999666633,
      0.01866129999689292,
      0.07918480000080308,
      0.026783099998283433,
      0.02743400000326801,
      0.010417400000733323,
      0.027715800002624746,
      0.013856000001396751,
      0.023869399999966845,
      0.016932099999394268,
      0.021065100001578685,
      0.02342320000025211,
      0.027941500000451924,
      0.023273599999811267,
      0.016083800001069903,
      0.0146232000006421,
      0.022344500001054257,
      0.027356099999451544,
      0.015916500000457745
    ],
    "optim_times": [
      0.0018042999981844332,
      0.001095700001314981,
      0.001006700000289129,
      0.0035596999987319577,
      0.0009315999996033497,
      0.0014572000000043772,
      0.0010885000010603108,
      0.0017135000016423874,
      0.0014234000009309966,
      0.001799500001652632,
      0.0009492999997746665,
      0.0010489000014786143,
      0.0010752000016509555,
      0.0010533000022405759,
      0.0010727999979280867,
      0.001211999999213731,
      0.0010522000011405908,
      0.0011148999983561225,
      0.0011888999979419168,
      0.0014260999996622559,
      0.0011020999991160352,
      0.0011498999992909376,
      0.001032599997415673,
      0.0009620999990147538,
      0.00130880000142497,
      0.00108879999970668,
      0.001481800001783995,
      0.0013629000022774562,
      0.0009342000012111384,
      0.001392500002111774,
      0.0011563999978534412,
      0.0010021999987657182,
      0.0010584999981801957,
      0.00127769999744487,
      0.0012506000020948704,
      0.0024575999996159226,
      0.0011427999997977167,
      0.0009884999999485444,
      0.004800900002010167,
      0.0009253999996872153,
      0.0010529999999562278,
      0.0011679999988700729,
      0.0011836000012408476,
      0.001430100001016399,
      0.001593900000443682,
      0.0012141000006522518,
      0.0015175000007729977,
      0.0011750000012398232,
      0.0019080000020039733,
      0.000886099998751888,
      0.001611100000445731,
      0.0009863999985100236,
      0.0014474999989033677,
      0.000985200000286568,
      0.0010278999980073422,
      0.0012456000004021917,
      0.0011094000001321547,
      0.001024200002575526,
      0.0022183000000950415,
      0.001180999999633059
    ],