{
  "rank": 3,
  "world_size": 4,
  "num_steps": 60,
  "statistics": {
    "compute": {
      "count": 60,
      "min": 0.012381099997583078,
      "max": 0.062317500000062864,
      "mean": 0.015630819999811744,
      "std": 0.006308719766718013,
      "p95": 0.018064200001390418,
      "p99": 0.021347800000512507
    },
    "sync": {
      "count": 60,
      "min": 0.0046758000025874935,
      "max": 0.02393099999972037,
      "mean": 0.005314006667019081,
      "std": 0.0024440830581344557,
      "p95": 0.005619499999738764,
      "p99": 0.006398099998477846
    },
    "optim": {
      "count": 60,
      "min": 0.0005574000024353154,
      "max": 0.0012986000001546927,
      "mean": 0.0006901050000427251,
      "std": 8.955281755830822e-05,
      "p95": 0.000758400001359405,
      "p99": 0.0007981999988260213
    },
    "iter": {
      "count": 60,
      "min": 0.017889499995362712,
      "max": 0.08754709999993793,
      "mean": 0.02163493166687355,
      "std": 0.008757018040560153,
      "p95": 0.023974900006578537,
      "p99": 0.026966700002958532
    },
    "grad_norm": {
      "count": 60,
      "min": 0.05546976625919342,
      "max": 0.16770526766777039,
      "mean": 0.10533845319102207,
      "std": 0.028198733864581483,
      "p95": 0.15591979026794434,
      "p99": 0.1599847376346588
    },
    "loss": {
      "count": 60,
      "min": 1.583978295326233,
      "max": 1.6321066617965698,
      "mean": 1.6113452196121216,
      "std": 0.010164764695458954,
      "p95": 1.627611517906189,
      "p99": 1.6302821636199951
    }
  },
  "trajectories": {
    "compute_times": [
      0.062317500000062864,
      0.015487200002098689,
      0.016696000002411893,
      0.013574500000686385,
      0.014614900002925424,
      0.014246700000512647,
      0.013864900000044145,
      0.015369000000646338,
      0.014734499996848172,
      0.013514499998564133,
      0.013654300000780495,
      0.015848399998503737,
      0.013311200000316603,
      0.013628100001369603,
      0.015276399997674162,
      0.01562940000076196,
      0.01719299999967916,
      0.01472730000023148,
      0.015247199997247662,
      0.013506799998140195,
      0.013112499997077975,
      0.01502279999840539,
      0.021347800000512507,
      0.014539300002070377,
      0.015174599997408222,
      0.01612799999929848,
      0.018064200001390418,
      0.014522599998599617,
      0.01602210000055493,
      0.014418000002478948,
      0.012861399998655543,
      0.01336020000235294,
      0.013453399998979876,
      0.01329970000006142,
      0.015919000001304084,
      0.016444100001535844,
      0.01399890000175219,
      0.015222199999698205,
      0.012381099997583078,
      0.016254899997875327,
      0.015368899999884889,
      0.013640500001201872,
      0.014617599998018704,
      0.013075200000457698,
      0.016526399998838315,
      0.013233100002253195,
      0.013909900000726338,
      0.015016900000773603,
      0.013370699998631608,
      0.01368469999943045,
      0.012962299999344395,
      0.012932400000863709,
      0.016601399998762645,
      0.014312400002381764,
      0.020868499999778578,
      0.015999599996575853,
      0.01500320000195643,
      0.014665799997601425,
      0.014866899997286964,
      0.013204199996835086
    ],
    "sync_times": [
      0.02393099999972037,
      0.005592400000750786,
      0.006398099998477846,
      0.0051342000006115995,
      0.004901799999061041,
      0.005077900001197122,
      0.004875500002526678,
      0.004915800000162562,
      0.004774900000484195,
      0.004895300000498537,
      0.004847100000915816,
      0.004961400001775473,
      0.005635199999233009,
      0.004756800000905059,
      0.005365900000469992,
      0.005456999999296386,
      0.005181200001970865,
      0.004995400002371753,
      0.004823299997951835,
      0.004699700002674945,
      0.004938500002026558,
      0.004994700000679586,
      0.0049605999993218575,
      0.004786100002093008,
      0.005596800001512747,
      0.0047158000015770085,
      0.005264000003080582,
      0.004952899998897919,
      0.004842599999392405,
      0.004807900000741938,
      0.005079399998066947,
      0.005042900000262307,
      0.005619499999738764,
      0.005367800000385614,
      0.005041799999162322,
      0.0048010999998950865,
      0.004777199999807635,
      0.004818900000827853,
      0.004848900000069989,
      0.004723099998955149,
      0.0048700000006647315,
      0.00473739999870304,
      0.004823899998882553,
      0.004825500000151806,
      0.005073599997558631,
      0.0046758000025874935,
      0.004691900001489557,
      0.004762100001244107,
      0.004754699999466538,
      0.005277699998259777,
      0.004857399999309564,
      0.00493320000168751,
      0.00484850000066217,
      0.0047231999997165985,
      0.004805200002010679,
      0.0049116000009234995,
      0.004735200000141049,
      0.0047725000003993046,
      0.005571699999563862,
      0.00498890000017127
    ],
    "optim_times": [
      0.0012986000001546927,
      0.0006463999998231884,
      0.0007965000004332978,
      0.0006995000003371388,
      0.0007250999988173135,
      0.0007282999977178406,
      0.0006707999964419287,
      0.000690799999574665,
      0.0006427999978768639,
      0.0006996999982220586,
      0.0006474000001617242,
      0.0006519000016851351,
      0.0006782999989809468,
      0.0006929999981366564,
      0.0006410999994841404,
      0.0007040999989840202,
      0.0006780000003345776,
      0.0006796999987273011,
      0.0006694000003335532,
      0.0007336000016948674,
      0.0005574000024353154,
      0.0007456999992427882,
      0.0006583000031241681,
      0.0006437000010919292,
      0.000742500000342261,
      0.0006660999970335979,
      0.0006467000021075364,
      0.0007037000032141805,
      0.0006828000005043577,
      0.0006924999979673885,
      0.0007422999988193624,
      0.000666200001433026,
      0.0006873000020277686,
      0.0007464000009349547,
      0.0006701000020257197,
      0.0006758000017725863,
      0.000654499999654945,
      0.0006379999977070838,
      0.000659499997709645,
      0.0006344999965222087,
      0.0007053000008454546,
      0.0006599000007554423,
      0.000668799999402836,
      0.0006468999999924563,
      0.0006237000015971716,
      0.0006829999983892776,
      0.0006371999988914467,
      0.0006843999981356319,
      0.0006583000031241681,
      0.000758400001359405,
      0.000665899999148678,
      0.0006637000005866867,
      0.0006796000016038306,
      0.0006486000020231586,
      0.0006697000026179012,
      0.0006042999993951526,
      0.0006828000005043577,
      0.0006810000013501849,
      0.0006976000004215166,
      0.0007981999988260213
    ],