{
  "rank": 1,
  "world_size": 4,
  "num_steps": 60,
  "statistics": {
    "compute": {
      "count": 60,
      "min": 0.012484800001402618,
      "max": 0.05570819999775267,
      "mean": 0.015400681667051686,
      "std": 0.0055064731002849795,
      "p95": 0.01777360000050976,
      "p99": 0.02108369999768911
    },
    "sync": {
      "count": 60,
      "min": 0.003869299998768838,
      "max": 0.03936809999868274,
      "mean": 0.00596080000038152,
      "std": 0.004454533362008266,
      "p95": 0.007426000000123167,
      "p99": 0.008257199999206932
    },
    "optim": {
      "count": 60,
      "min": 0.0006103000014263671,
      "max": 0.0012593000028573442,
      "mean": 0.0006760150000748884,
      "std": 8.575766429167498e-05,
      "p95": 0.0007387000005110167,
      "p99": 0.0008379999999306165
    },
    "iter": {
      "count": 60,
      "min": 0.017919900004926603,
      "max": 0.09633559999929275,
      "mean": 0.022037496667508094,
      "std": 0.009898887800874527,
      "p95": 0.026868799999647308,
      "p99": 0.028619000000617234
    },
    "grad_norm": {
      "count": 60,
      "min": 0.05546976625919342,
      "max": 0.16770526766777039,
      "mean": 0.10533845319102207,
      "std": 0.028198733864581483,
      "p95": 0.15591979026794434,
      "p99": 0.1599847376346588
    },
    "loss": {
      "count": 60,
      "min": 1.5955290794372559,
      "max": 1.6362898349761963,
      "mean": 1.6154941221078236,
      "std": 0.009425164827492803,
      "p95": 1.6323497295379639,
      "p99": 1.6355618238449097
    }
  },
  "trajectories": {
    "compute_times": [
      0.05570819999775267,
      0.01777360000050976,
      0.015536600003542844,
      0.014467699998931494,
      0.014776500000152737,
      0.01510720000078436,
      0.012770499997714069,
      0.015054700001201127,
      0.014873700001771795,
      0.012997000001632841,
      0.014004900000145426,
      0.014876699999149423,
      0.01375479999842355,
      0.013272399999550544,
      0.01483169999846723,
      0.01601669999945443,
      0.01769109999804641,
      0.015860900002735434,
      0.014603399999032263,
      0.013818899999023415,
      0.013586699998995755,
      0.015401600001496263,
      0.02108369999768911,
      0.014760699999897042,
      0.016053900002589216,
      0.016192800001590513,
      0.017683199999737553,
      0.01385870000012801,
      0.01518190000206232,
      0.014983200002461672,
      0.013364500002353452,
      0.013299199999892153,
      0.015168000001722248,
      0.012683500001003267,
      0.015309600003092783,
      0.01654890000281739,
      0.013475300002028234,
      0.014672499997686828,
      0.012601400001585716,
      0.015169599999353522,
      0.015015099997981451,
      0.013926999999966938,
      0.01382220000232337,
      0.013708000002225162,
      0.0162395999977889,
      0.013246800001070369,
      0.012990700000955258,
      0.014629699999204604,
      0.01338180000311695,
      0.012484800001402618,
      0.013671599997906014,
      0.012970100000529783,
      0.01600519999919925,
      0.013053999999101507,
      0.01974759999939124,
      0.016078399999969406,
      0.012596400003531016,
      0.014181499998812797,
      0.014027000001078704,
      0.013387300001340918
    ],
    "sync_times": [
      0.03936809999868274,
      0.008257199999206932,
      0.007235900000523543,
      0.006724200000462588,
      0.0046058000007178634,
      0.004327399998146575,
      0.006015300001308788,
      0.0052418000013858546,
      0.004702100002759835,
      0.0054258999989542644,
      0.004473800003324868,
      0.005913700002565747,
      0.005239600002823863,
      0.005004700000426965,
      0.0055179000009957235,
      0.005344900000636699,
      0.004811800001334632,
      0.004446700000698911,
      0.005607199997029966,
      0.004460300002392614,
      0.004511499999352964,
      0.005909299998165807,
      0.005327800001396099,
      0.00463809999928344,
      0.0040386999971815385,
      0.005128800003149081,
      0.005539099998713937,
      0.005786000001535285,
      0.005652899999404326,
      0.004252700000506593,
      0.004442699999344768,
      0.006103200001234654,
      0.0040263000009872485,
      0.006129000001237728,
      0.005522600000404054,
      0.004896499998721993,
      0.005376500001148088,
      0.0052818000003753696,
      0.004659400001401082,
      0.00599069999952917,
      0.005230599999777041,
      0.004556100000627339,
      0.00562510000236216,
      0.004298199997720076,
      0.007426000000123167,
      0.004700299999967683,
      0.005712799997127149,
      0.0051162000017939135,
      0.004793499996594619,
      0.007034499998553656,
      0.003869299998768838,
      0.004877899998973589,
      0.0056084999996528495,
      0.006067800000892021,
      0.008236400000896538,
      0.004933700001856778,
      0.006807100002333755,
      0.005237200002738973,
      0.006915000001754379,
      0.004663900002924493
    ],
    "optim_times": [
      0.0012593000028573442,
      0.0008379999999306165,
      0.0006403000006685033,
      0.0007387000005110167,
      0.0006839000016043428,
      0.0006756000002496876,
      0.000725499998225132,
      0.0006763000019418541,
      0.0006885000002512243,
      0.0006830999991507269,
      0.0006542999981320463,
      0.0006580999979632907,
      0.0006680000005871989,
      0.0006260999980440829,
      0.0006905000009282958,
      0.0006594000005861744,
      0.0006844999988970812,
      0.000627199999144068,
      0.0006675999975414015,
      0.0006262999995669816,
      0.0007003999999142252,
      0.0007039000010991003,
      0.0006390999988070689,
      0.0006534000021929387,
      0.0006705000014335383,
      0.0006873999991512392,
      0.0006436000003304798,
      0.0006890000004204921,
      0.0006319999993138481,
      0.0006463999998231884,
      0.0006533999985549599,
      0.0006416000032913871,
      0.0007126999989850447,
      0.0006493000000773463,
      0.0006279000008362345,
      0.0006404000014299527,
      0.0006458999996539205,
      0.0006901999986439478,
      0.0006591000019398052,
      0.0006709000008413568,
      0.0006496999994851649,
      0.0006619000014325138,
      0.0006473000030382536,
      0.0006603000001632608,
      0.0008182999990822282,
      0.000638900000922149,
      0.0006415999996534083,
      0.0006350000003294554,
      0.0006560000001627486,
      0.0006937999969522934,
      0.0006294000013440382,
      0.0006275999985518865,
      0.0006690000009257346,
      0.0006103000014263671,
      0.0006350000003294554,
      0.0006505999990622513,
      0.0006594000005861744,
      0.0006265999982133508,
      0.0006730999994033482,
      0.0006487999999080785
    ],