{
  "rank": 0,
  "world_size": 4,
  "num_steps": 60,
  "statistics": {
    "compute": {
      "count": 60,
      "min": 0.012745100000756793,
      "max": 0.04695880000144825,
      "mean": 0.015954439999707876,
      "std": 0.004483594997631499,
      "p95": 0.019335500001034234,
      "p99": 0.022468500003014924
    },
    "sync": {
      "count": 60,
      "min": 0.0025015999999595806,
      "max": 0.05866779999996652,
      "mean": 0.005437993333301468,
      "std": 0.007001670090182013,
      "p95": 0.006631300002482021,
      "p99": 0.007210300002043368
    },
    "optim": {
      "count": 60,
      "min": 0.0006782999989809468,
      "max": 0.0012893000020994805,
      "mean": 0.0007356616668403148,
      "std": 0.00011043647658965997,
      "p95": 0.0007755000006000046,
      "p99": 0.001215699998283526
    },
    "iter": {
      "count": 60,
      "min": 0.017495900003268616,
      "max": 0.1068422999996983,
      "mean": 0.02212809499984966,
      "std": 0.011237239237550855,
      "p95": 0.027019400000426685,
      "p99": 0.028456700001697754
    },
    "grad_norm": {
      "count": 60,
      "min": 0.05546976625919342,
      "max": 0.16770526766777039,
      "mean": 0.10533845319102207,
      "std": 0.028198733864581483,
      "p95": 0.15591979026794434,
      "p99": 0.1599847376346588
    },
    "loss": {
      "count": 60,
      "min": 1.582873821258545,
      "max": 1.63857102394104,
      "mean": 1.6092121700445812,
      "std": 0.01181235038410416,
      "p95": 1.6238014698028564,
      "p99": 1.6329002380371094
    }
  },
  "trajectories": {
    "compute_times": [
      0.04695880000144825,
      0.019179899998562178,
      0.015873399999691173,
      0.015367499996500555,
      0.016001500000129454,
      0.01572899999882793,
      0.013271499999973457,
      0.01457509999818285,
      0.015319400001317263,
      0.01310880000164616,
      0.01388280000173836,
      0.015156699999351986,
      0.01403289999871049,
      0.01385889999801293,
      0.015788100001373095,
      0.01883099999758997,
      0.019335500001034234,
      0.016062200000305893,
      0.015006999998149695,
      0.014105100002780091,
      0.013650400000187801,
      0.01564909999797237,
      0.022468500003014924,
      0.01581110000188346,
      0.01660989999800222,
      0.01660489999994752,
      0.0189111999970919,
      0.014223999998648651,
      0.015885400000115624,
      0.01579660000061267,
      0.013777899999695364,
      0.013404599998466438,
      0.014537099999870406,
      0.013292800002091099,
      0.0159949000008055,
      0.01649080000061076,
      0.013709699996979907,
      0.015639099998224992,
      0.013235799997346476,
      0.015612699997291202,
      0.016182899998966604,
      0.014251900000090245,
      0.01493260000279406,
      0.014300399998319335,
      0.01622520000091754,
      0.012745100000756793,
      0.013649399999849265,
      0.015536200000497047,
      0.013723199997912161,
      0.014455100001214305,
      0.014209299999492941,
      0.013680700001714285,
      0.0177927999975509,
      0.014373099998920225,
      0.021590400003333343,
      0.01757519999955548,
      0.014289700000517769,
      0.01578019999942626,
      0.015297199999622535,
      0.01392419999683625
    ],
    "sync_times": [
      0.05866779999996652,
      0.007165099999838276,
      0.006277399999817135,
      0.006631300002482021,
      0.003225599997676909,
      0.0034243000009155367,
      0.005683100000169361,
      0.0054379000030166935,
      0.004150200002186466,
      0.005077900001197122,
      0.004263599999831058,
      0.005508099999133265,
      0.004227099998388439,
      0.00483909999820753,
      0.0044206000020494685,
      0.0025015999999595806,
      0.0025931999989552423,
      0.003512100000079954,
      0.005140699999174103,
      0.004008100000646664,
      0.00417590000142809,
      0.00539299999945797,
      0.0038372999988496304,
      0.0035272999994049314,
      0.0035425000023678876,
      0.004668099998525577,
      0.0041388999998162035,
      0.005174099998839665,
      0.005150400000275113,
      0.003324799999973038,
      0.0038497999994433485,
      0.005890799999178853,
      0.00441069999942556,
      0.0052496999996947125,
      0.005203000000619795,
      0.004911199997877702,
      0.004902799999399576,
      0.004290100001526298,
      0.003916300000128103,
      0.0051767999975709245,
      0.0038963999977568164,
      0.0040728999993007164,
      0.004312400000344496,
      0.0035774000025412533,
      0.007210300002043368,
      0.004063000000314787,
      0.0048700000006647315,
      0.00404770000022836,
      0.004286899998987792,
      0.004183000000921311,
      0.003972399998019682,
      0.00392680000004475,
      0.003769099999772152,
      0.004503199997998308,
      0.00616259999878821,
      0.0031816000009712297,
      0.005304599999362836,
      0.003595900001528207,
      0.0059392000002844725,
      0.003915900000720285
    ],
    "optim_times": [
      0.001215699998283526,
      0.0007707000004302245,
      0.0006852000005892478,
      0.0007755000006000046,
      0.0007187999981397297,
      0.0007207999988168012,
      0.000766100001783343,
      0.0007499000021198299,
      0.0007267000000865664,
      0.0007383000011031982,
      0.0006949000016902573,
      0.0007188999989011791,
      0.0007229000002553221,
      0.0006888000025355723,
      0.0006986000007600524,
      0.0012893000020994805,
      0.0010922000001301058,
      0.000698499999998603,
      0.0007192999983089976,
      0.0006867000010970514,
      0.0006995000003371388,
      0.0007605000027979258,
      0.0007135999985621311,
      0.0006904000001668464,
      0.0007557999997516163,
      0.0007076000001688953,
      0.0007200000000011642,
      0.0007034000009298325,
      0.0006850999998277985,
      0.0006830000020272564,
      0.0007480999993276782,
      0.0007115999978850596,
      0.0007016999988991302,
      0.0007017999996605795,
      0.0007043000005069189,
      0.0006782999989809468,
      0.0007064999990689103,
      0.0007213999997475185,
      0.0007191000004240777,
      0.0007161000030464493,
      0.000699799998983508,
      0.0006972999981371686,
      0.0006861000001663342,
      0.0007015999981376808,
      0.0007195999969553668,
      0.0006878000021970365,
      0.0006868000018585008,
      0.0006783999997423962,
      0.0007248999972944148,
      0.0006959999991522636,
      0.0006888000025355723,
      0.0006992000016907696,
      0.0007452999998349696,
      0.0006888000025355723,
      0.0007036999995762017,
      0.0007013000031292904,
      0.000693500001943903,
      0.0006828000005043577,
      0.0007093999993230682,
      0.0007429999968735501
    ],