{
  "rank": 2,
  "world_size": 4,
  "num_steps": 60,
  "statistics": {
    "compute": {
      "count": 60,
      "min": 0.012653100002353312,
      "max": 0.0558658000009018,
      "mean": 0.01542926166663771,
      "std": 0.005511578890285632,
      "p95": 0.017264400001295144,
      "p99": 0.02091180000206805
    },
    "sync": {
      "count": 60,
      "min": 0.002645599997777026,
      "max": 0.05642520000037621,
      "mean": 0.006043053333451098,
      "std": 0.0066314529371398695,
      "p95": 0.007031200002529658,
      "p99": 0.008128199999191565
    },
    "optim": {
      "count": 60,
      "min": 0.0005531999995582737,
      "max": 0.0011304999970889185,
      "mean": 0.0006899666668080802,
      "std": 6.854385824227996e-05,
      "p95": 0.0007528999994974583,
      "p99": 0.000811099998827558
    },
    "iter": {
      "count": 60,
      "min": 0.017888499998662155,
      "max": 0.11342149999836693,
      "mean": 0.022162281666896887,
      "std": 0.01203469804641749,
      "p95": 0.02418240000042715,
      "p99": 0.02847010000186856
    },
    "grad_norm": {
      "count": 60,
      "min": 0.05546976625919342,
      "max": 0.16770526766777039,
      "mean": 0.10533845319102207,
      "std": 0.028198733864581483,
      "p95": 0.15591979026794434,
      "p99": 0.1599847376346588
    },
    "loss": {
      "count": 60,
      "min": 1.587941288948059,
      "max": 1.6467465162277222,
      "mean": 1.6132948140303294,
      "std": 0.01195820349416215,
      "p95": 1.6336781978607178,
      "p99": 1.6401067972183228
    }
  },
  "trajectories": {
    "compute_times": [
      0.0558658000009018,
      0.01518489999943995,
      0.015442899999470683,
      0.014237199997296557,
      0.014539100000547478,
      0.013991499999974621,
      0.012662099998124177,
      0.01390200000241748,
      0.014552499997080304,
      0.012653100002353312,
      0.013720399998419452,
      0.014626899999711895,
      0.013562799998908304,
      0.013455800002702745,
      0.01439849999951548,
      0.015518899999733549,
      0.017264400001295144,
      0.015684199999668635,
      0.015581800002109958,
      0.013607099997898331,
      0.013312500002939487,
      0.015232000001560664,
      0.020779399997991277,
      0.014779199998883996,
      0.01675729999988107,
      0.015536200000497047,
      0.017242999998416053,
      0.013551199997891672,
      0.015381200002593687,
      0.015484900002775248,
      0.013254600002255756,
      0.013014000000111992,
      0.01421229999687057,
      0.013244999998278217,
      0.015384999998786952,
      0.01632210000025225,
      0.013256599999294849,
      0.01515339999969001,
      0.01276019999932032,
      0.014653499998530606,
      0.01648679999925662,
      0.013700799998332513,
      0.014223000001948094,
      0.013797399999020854,
      0.015409999999974389,
      0.013445399999909569,
      0.012939000000187661,
      0.015817899999092333,
      0.01319119999971008,
      0.01411020000159624,
      0.013947800001915311,
      0.013820500000292668,
      0.016801599998871097,
      0.01395780000166269,
      0.02091180000206805,
      0.016779500001575798,
      0.014113400000496767,
      0.01468620000014198,
      0.014580099999875529,
      0.013269799997942755
    ],
    "sync_times": [
      0.05642520000037621,
      0.006301900000835303,
      0.002645599997777026,
      0.007523600001150044,
      0.004834499999560649,
      0.005464400001073955,
      0.006056199999875389,
      0.006428299999242881,
      0.004925299999740673,
      0.005795500001113396,
      0.004791900002601324,
      0.006141900001239264,
      0.004788900001585716,
      0.005351299998437753,
      0.006005399998684879,
      0.005776800000603544,
      0.005056099998910213,
      0.004257699998561293,
      0.004608499999449123,
      0.0046078999985184055,
      0.004953300001943717,
      0.0059469000007084105,
      0.005502200001501478,
      0.004520800001046155,
      0.003613600001699524,
      0.005129799999849638,
      0.0059106000007886905,
      0.005629499999486143,
      0.005767599999671802,
      0.0036882000022160355,
      0.00450779999664519,
      0.006315400001767557,
      0.004642500000045402,
      0.005313699999533128,
      0.006021600001986371,
      0.004992799997125985,
      0.005585100003372645,
      0.004752900000312366,
      0.004439899999852059,
      0.006316099999821745,
      0.0037079999965499155,
      0.004669900001317728,
      0.005267500000627479,
      0.004182199998467695,
      0.008128199999191565,
      0.004453800000192132,
      0.005804199998237891,
      0.0038647000001219567,
      0.004911800002446398,
      0.004501200000959216,
      0.004566999999951804,
      0.0039553000024170615,
      0.004627099999197526,
      0.005146600000443868,
      0.006873599999380531,
      0.004146199997194344,
      0.005627499998809071,
      0.0046685999986948445,
      0.007031200002529658,
      0.0051114000016241334
    ],
    "optim_times": [
      0.0011304999970889185,
      0.0006816999994043726,
      0.0006957000005058944,
      0.0007528999994974583,
      0.0006825000018579885,
      0.0006893999998283107,
      0.0006403000006685033,
      0.0007121000016923063,
      0.0006736000032105949,
      0.0006596999992325436,
      0.0006683999999950174,
      0.0006615999991481658,
      0.0006423999984690454,
      0.0006932000032975338,
      0.0006511999999929685,
      0.0006433999988075811,
      0.0006202000004122965,
      0.0007029000007605646,
      0.000714099998731399,
      0.00065819999872474,
      0.0006362999993143603,
      0.0006862000009277835,
      0.0007167000003391877,
      0.000811099998827558,
      0.0006377000026986934,
      0.0006506000027002301,
      0.0007444000002578832,
      0.0006560000001627486,
      0.000678899999911664,
      0.0006888000025355723,
      0.0007542999992438126,
      0.0007375000022875611,
      0.0006700999983877409,
      0.0006552000013471115,
      0.0007160999994084705,
      0.0006936999998288229,
      0.0006861000001663342,
      0.0006777000016882084,
      0.0006883999994897749,
      0.0006880999972054269,
      0.0006704999977955595,
      0.000677799998811679,
      0.000674899998557521,
      0.0007304000027943403,
      0.000644200001261197,
      0.0006553999992320314,
      0.0006751000000804197,
      0.0006628000010096002,
      0.0006702999999106396,
      0.000670700002956437,
      0.0006800000010116491,
      0.0007064999990689103,
      0.0007227999994938727,
      0.0006911999989824835,
      0.0006847000004199799,
      0.000674400002026232,
      0.0006676000011793803,
      0.0005531999995582737,
      0.0007245999986480456,
      0.0007129999976314139
    ],