{
  "rank": 4,
  "world_size": 8,
  "num_steps": 60,
  "statistics": {
    "compute": {
      "count": 60,
      "min": 0.027077699996880256,
      "max": 0.2314565999986371,
      "mean": 0.08083454333318514,
      "std": 0.046652012328956605,
      "p95": 0.17495269999926677,
      "p99": 0.20259470000019064
    },
    "sync": {
      "count": 60,
      "min": 0.009617600000638049,
      "max": 0.6520840999983193,
      "mean": 0.034754633333492775,
      "std": 0.08143153959450943,
      "p95": 0.05778979999740841,
      "p99": 0.06156089999785763
    },
    "optim": {
      "count": 60,
      "min": 0.0008280000001832377,
      "max": 0.00862299999789684,
      "mean": 0.0013950199998968551,
      "std": 0.001073585204068575,
      "p95": 0.0021317000027920585,
      "p99": 0.004021699998702388
    },
    "iter": {
      "count": 60,
      "min": 0.04281970000374713,
      "max": 0.7161513999999443,
      "mean": 0.11698419666657477,
      "std": 0.09165622649373627,
      "p95": 0.22923420000006445,
      "p99": 0.2484539999968547
    },
    "grad_norm": {
      "count": 60,
      "min": 0.178546741604805,
      "max": 0.42565569281578064,
      "mean": 0.25954619124531747,
      "std": 0.05686316543304607,
      "p95": 0.3630068600177765,
      "p99": 0.38520604372024536
    },
    "loss": {
      "count": 60,
      "min": 2.2760839462280273,
      "max": 2.3424365520477295,
      "mean": 2.3068748474121095,
      "std": 0.01534512862137341,
      "p95": 2.3343167304992676,
      "p99": 2.3368935585021973
    }
  },
  "trajectories": {
    "compute_times": [
      0.06193559999883291,
      0.13458249999894178,
      0.0695560000021942,
      0.0352061000012327,
      0.10718539999652421,
      0.06453710000278079,
      0.033029800000804244,
      0.13414710000142804,
      0.10189199999877019,
      0.10127490000013495,
      0.031072000001586275,
      0.07228939999913564,
      0.10249299999850336,
      0.10091710000051535,
      0.03714179999951739,
      0.10144899999795598,
      0.0664563000027556,
      0.10091259999899194,
      0.06843839999783086,
      0.04162770000039018,
      0.029731800001172815,
      0.13166549999732524,
      0.102422399999341,
      0.07254089999696589,
      0.04202889999942272,
      0.03182250000099884,
      0.11409849999836297,
      0.04091820000030566,
      0.09915030000047409,
      0.03194499999881373,
      0.1107016999994812,
      0.09976900000037858,
      0.04301539999869419,
      0.06766520000019227,
      0.08360849999735365,
      0.0435118000023067,
      0.10230420000152662,
      0.1461994000019331,
      0.17495269999926677,
      0.03527380000014091,
      0.10426519999964512,
      0.09725859999889508,
      0.10206180000022869,
      0.2314565999986371,
      0.11147210000126506,
      0.04019160000098054,
      0.028667700000369223,
      0.04753079999863985,
      0.0789918000009493,
      0.20253199999933713,
      0.03611020000244025,
      0.11105079999833833,
      0.06787090000216267,
      0.039257399999769405,
      0.20259470000019064,
      0.04625120000127936,
      0.03707520000170916,
      0.03626549999898998,
      0.027077699996880256,
      0.0326212999971176
    ],
    "sync_times": [
      0.6520840999983193,
      0.021200199997110758,
      0.0192691999982344,
      0.044543699998030206,
      0.01936070000010659,
      0.013531500000681262,
      0.025514900000416674,
      0.014255099998990772,
      0.01843649999864283,
      0.02338670000244747,
      0.05497270000341814,
      0.01705959999890183,
      0.017859800002042903,
      0.019511700000293786,
      0.018558200001280056,
      0.022509400001581525,
      0.020409100001415936,
      0.056251899997732835,
      0.021878200001083314,
      0.015693900000769645,
      0.016981299999315524,
      0.019005999998626066,
      0.01699400000143214,
      0.021229500001936685,
      0.06025069999668631,
      0.01656100000036531,
      0.024164700000255834,
      0.015858400001889095,
      0.01730660000248463,
      0.01677380000182893,
      0.030133700001897523,
      0.011108200000307988,
      0.02095760000156588,
      0.06156089999785763,
      0.018850899999961257,
      0.009617600000638049,
      0.020648400000936817,
      0.019417299998167437,
      0.01370899999892572,
      0.01823559999684221,
      0.021659699999872828,
      0.030016900000191526,
      0.018572600001789397,
      0.015864199998759432,
      0.05778979999740841,
      0.027265800003078766,
      0.012895900003059069,
      0.021242099999653874,
      0.056513200001063524,
      0.03716060000078869,
      0.017550100001244573,
      0.020640299997467082,
      0.012399199997162214,
      0.013602900002297247,
      0.025123399998847162,
      0.01982510000016191,
      0.02319530000022496,
      0.022676600001432234,
      0.016012799998861738,
      0.04961920000278042
    ],
    "optim_times": [
      0.0021317000027920585,
      0.0010693000003811903,
      0.0010462999998708256,
      0.0012186999992991332,
      0.0010521000003791414,
      0.0012924999973620288,
      0.0021247999975457788,
      0.001410199998645112,
      0.000928999997995561,
      0.0011238999977649655,
      0.0009568999994371552,
      0.0017852999990282115,
      0.0009902999991027173,
      0.0009444000024814159,
      0.0008324999980686698,
      0.0009712999999464955,
      0.0011325000014039688,
      0.0009616999996069353,
      0.0012022000009892508,
      0.0010653999997884966,
      0.000954999999521533,
      0.0012385000009089708,
      0.0012903999995614868,
      0.0030821000000287313,
      0.0010017999993578997,
      0.0012325999996392056,
      0.0011056000003009103,
      0.0010862999988603406,
      0.0018372000013187062,
      0.0010570000013103709,
      0.0011114000008092262,
      0.0013256000020192005,
      0.001087999997253064,
      0.0016323999989253934,
      0.0009338000018033199,
      0.0011190000004717149,
      0.0008280000001832377,
      0.0009675999972387217,
      0.00862299999789684,
      0.0013265999987197574,
      0.0010059999985969625,
      0.0008842000024742447,
      0.00119510000149603,
      0.0011331999994581565,
      0.0011573000010685064,
      0.0011403999997128267,
      0.0012561000003188383,
      0.0009711999991850462,
      0.001499300000432413,
      0.0013744000025326386,
      0.0010505999998713378,
      0.004021699998702388,
      0.0011986999998043757,
      0.00149529999907827,
      0.0015161000010266434,
      0.000847399998747278,
      0.001080900001397822,
      0.0010683000000426546,
      0.001766400000633439,
      0.0009557000012136996
    ],