{
  "rank": 0,
  "world_size": 4,
  "num_steps": 10,
  "statistics": {
    "compute": {
      "count": 10,
      "min": 0.017632099999900674,
      "max": 0.08883050000076764,
      "mean": 0.039078170000721,
      "std": 0.027315488619853532,
      "p95": 0.08484560000215424,
      "p99": 0.08484560000215424
    },
    "sync": {
      "count": 10,
      "min": 0.006186999999044929,
      "max": 0.06440130000191857,
      "mean": 0.019937879998906283,
      "std": 0.018753893628044988,
      "p95": 0.04134669999984908,
      "p99": 0.04134669999984908
    },
    "optim": {
      "count": 10,
      "min": 0.0009609999979147688,
      "max": 0.008365199999389006,
      "mean": 0.0018061099995975382,
      "std": 0.0021951282187142665,
      "p95": 0.0016519999990123324,
      "p99": 0.0016519999990123324
    },
    "iter": {
      "count": 10,
      "min": 0.027115600001707207,
      "max": 0.10325820000070962,
      "mean": 0.06082215999922482,
      "std": 0.030361026189159673,
      "p95": 0.09610760000214214,
      "p99": 0.09610760000214214
    },
    "grad_norm": {
      "count": 10,
      "min": 0.280991792678833,
      "max": 0.6101589798927307,
      "mean": 0.3968037724494934,
      "std": 0.09567645133254843,
      "p95": 0.509867250919342,
      "p99": 0.509867250919342
    },
    "loss": {
      "count": 10,
      "min": 2.288759708404541,
      "max": 2.3519093990325928,
      "mean": 2.3193994760513306,
      "std": 0.018467891660808505,
      "p95": 2.3377585411071777,
      "p99": 2.3377585411071777
    }
  },
  "trajectories": {
    "compute_times": [
      0.03720489999977872,
      0.017632099999900674,
      0.01912609999999404,
      0.0184917000005953,
      0.02101519999996526,
      0.06300090000149794,
      0.08484560000215424,
      0.021653700001479592,
      0.08883050000076764,
      0.01898100000107661
    ],
    "sync_times": [
      0.06440130000191857,
      0.022607299997616792,
      0.04134669999984908,
      0.008285999996587634,
      0.006791799998609349,
      0.02867789999800152,
      0.0064937999995891005,
      0.007469299998774659,
      0.006186999999044929,
      0.007117699999071192
    ],
    "optim_times": [
      0.0016519999990123324,
      0.0010124000000359956,
      0.0009744999988470227,
      0.0009725999989314005,
      0.008365199999389006,
      0.0010318999993614852,
      0.0009609999979147688,
      0.0009844999985944014,
      0.0010901000023295637,
      0.0010169000015594065
    ],
    "iter_times": [
      0.10325820000070962,
      0.04125179999755346,
      0.06144729999869014,
      0.027750299996114336,
      0.03617219999796362,
      0.09271069999886095,
      0.09230039999965811,
      0.030107499998848652,
      0.09610760000214214,
      0.027115600001707207
    ],
    "grad_norms": [
      0.4376555383205414,
      0.30987992882728577,
      0.3232015073299408,
      0.509867250919342,
      0.3904513716697693,
      0.3446432650089264,
      0.34981152415275574,
      0.6101589798927307,
      0.41137656569480896,
      0.280991792678833
    ],
    "losses": [
      2.3051133155822754,
      2.3519093990325928,
      2.3318443298339844,
      2.3371269702911377,
      2.3053507804870605,
      2.288759708404541,
      2.313152313232422,
      2.3377585411071777,
      2.3068459033966064,
      2.316133499145508
    ],
    "bytes_transferred": [
      208552,
      208552,
      208552,
      208552,
      208552,
      208552,
      208552,
      208552,
      208552,
      208552
    ],
    "epochs": [
      0,
      0,
      0,
      0,
      0,
      0,
      0,
      0,
      0,
      0
    ],
    "steps": [
      0,
      1,
      2,
      3,
      4,
      5,
      6,
      7,
      8,
      9
    ]
  }
}