{
  "rank": 3,
  "world_size": 4,
  "num_steps": 10,
  "statistics": {
    "compute": {
      "count": 10,
      "min": 0.013641900000948226,
      "max": 0.08497599999827798,
      "mean": 0.04198505999920599,
      "std": 0.028134481811790985,
      "p95": 0.08258289999866975,
      "p99": 0.08258289999866975
    },
    "sync": {
      "count": 10,
      "min": 0.00825990000157617,
      "max": 0.04114629999821773,
      "mean": 0.013064520000261837,
      "std": 0.00968667255865614,
      "p95": 0.0169724999977916,
      "p99": 0.0169724999977916
    },
    "optim": {
      "count": 10,
      "min": 0.0008869000012055039,
      "max": 0.002065500000753673,
      "mean": 0.0011215000002266606,
      "std": 0.0003668418215142231,
      "p95": 0.00156789999891771,
      "p99": 0.00156789999891771
    },
    "iter": {
      "count": 10,
      "min": 0.022986700001638383,
      "max": 0.09628950000114855,
      "mean": 0.056171079999694486,
      "std": 0.02849636261282978,
      "p95": 0.09244240000043646,
      "p99": 0.09244240000043646
    },
    "grad_norm": {
      "count": 10,
      "min": 0.280991792678833,
      "max": 0.6101589798927307,
      "mean": 0.3968037724494934,
      "std": 0.09567645133254843,
      "p95": 0.509867250919342,
      "p99": 0.509867250919342
    },
    "loss": {
      "count": 10,
      "min": 2.2736005783081055,
      "max": 2.347264051437378,
      "mean": 2.315991234779358,
      "std": 0.021069632874296258,
      "p95": 2.338479995727539,
      "p99": 2.338479995727539
    }
  },
  "trajectories": {
    "compute_times": [
      0.03140549999807263,
      0.013641900000948226,
      0.05221909999818308,
      0.01857679999739048,
      0.01961999999912223,
      0.07824860000255285,
      0.08258289999866975,
      0.020986999999877298,
      0.08497599999827798,
      0.017592799998965347
    ],
    "sync_times": [
      0.04114629999821773,
      0.008394100001169136,
      0.00848760000008042,
      0.008500399999320507,
      0.0169724999977916,
      0.010782299999846146,
      0.008972600000561215,
      0.00825990000157617,
      0.010380800002167234,
      0.00874870000188821
    ],
    "optim_times": [
      0.00156789999891771,
      0.0009506999995210208,
      0.0009245000001101289,
      0.0010252000029140618,
      0.002065500000753673,
      0.0009222999979101587,
      0.0008869000012055039,
      0.0009414999985892791,
      0.0009327000007033348,
      0.0009978000016417354
    ],
    "iter_times": [
      0.07411969999520807,
      0.022986700001638383,
      0.06163119999837363,
      0.02810239999962505,
      0.0386579999976675,
      0.08995320000030915,
      0.09244240000043646,
      0.030188400000042748,
      0.09628950000114855,
      0.027339300002495293
    ],
    "grad_norms": [
      0.4376555383205414,
      0.30987992882728577,
      0.3232015073299408,
      0.509867250919342,
      0.3904513716697693,
      0.3446432650089264,
      0.34981152415275574,
      0.6101589798927307,
      0.41137656569480896,
      0.280991792678833
    ],
    "losses": [
      2.3087685108184814,
      2.314664602279663,
      2.347264051437378,
      2.2736005783081055,
      2.3231639862060547,
      2.314375162124634,
      2.2923665046691895,
      2.3373303413391113,
      2.338479995727539,
      2.309898614883423
    ],
    "bytes_transferred": [
      208552,
      208552,
      208552,
      208552,
      208552,
      208552,
      208552,
      208552,
      208552,
      208552
    ],
    "epochs": [
      0,
      0,
      0,
      0,
      0,
      0,
      0,
      0,
      0,
      0
    ],
    "steps": [
      0,
      1,
      2,
      3,
      4,
      5,
      6,
      7,
      8,
      9
    ]
  }
}