{
  "rank": 6,
  "world_size": 8,
  "num_steps": 10,
  "statistics": {
    "compute": {
      "count": 10,
      "min": 0.014438899997912813,
      "max": 0.1465509999979986,
      "mean": 0.030976469998495303,
      "std": 0.038560765477187835,
      "p95": 0.020363700001325924,
      "p99": 0.020363700001325924
    },
    "sync": {
      "count": 10,
      "min": 0.010752599999250378,
      "max": 0.4493992999996408,
      "mean": 0.06155851000003167,
      "std": 0.1293471598628979,
      "p95": 0.027531800002179807,
      "p99": 0.027531800002179807
    },
    "optim": {
      "count": 10,
      "min": 0.0009079000010387972,
      "max": 0.0035552000008465257,
      "mean": 0.0013703400003578282,
      "std": 0.0007468960627092896,
      "p95": 0.0013920999990659766,
      "p99": 0.0013920999990659766
    },
    "iter": {
      "count": 10,
      "min": 0.026503799996135058,
      "max": 0.5995054999984859,
      "mean": 0.09390531999888481,
      "std": 0.16860734995878737,
      "p95": 0.04659510000055889,
      "p99": 0.04659510000055889
    },
    "grad_norm": {
      "count": 10,
      "min": 0.7961502075195312,
      "max": 1.3927916288375854,
      "mean": 1.11062331199646,
      "std": 0.1824041774966224,
      "p95": 1.3240501880645752,
      "p99": 1.3240501880645752
    },
    "loss": {
      "count": 10,
      "min": 2.2037243843078613,
      "max": 2.36820125579834,
      "mean": 2.289510941505432,
      "std": 0.05698087433939186,
      "p95": 2.3602566719055176,
      "p99": 2.3602566719055176
    }
  },
  "trajectories": {
    "compute_times": [
      0.1465509999979986,
      0.01881659999708063,
      0.01941919999808306,
      0.01774919999661506,
      0.016935599996941164,
      0.014438899997912813,
      0.017244800001208205,
      0.020266799998353235,
      0.01797889999943436,
      0.020363700001325924
    ],
    "sync_times": [
      0.4493992999996408,
      0.017298599999776343,
      0.019425200000114273,
      0.02092819999961648,
      0.019282699999166653,
      0.010752599999250378,
      0.01504199999908451,
      0.0202078000002075,
      0.027531800002179807,
      0.01571690000128001
    ],
    "optim_times": [
      0.0035552000008465257,
      0.0010106000008818228,
      0.0010873999999603257,
      0.00138140000126441,
      0.0013920999990659766,
      0.0013122999989718664,
      0.001002200002403697,
      0.0009699000002001412,
      0.0010843999989447184,
      0.0009079000010387972
    ],
    "iter_times": [
      0.5995054999984859,
      0.037125799997738795,
      0.03993179999815766,
      0.04005879999749595,
      0.03761039999517379,
      0.026503799996135058,
      0.03328900000269641,
      0.041444499998760875,
      0.04659510000055889,
      0.03698850000364473
    ],
    "grad_norms": [
      0.8591600656509399,
      1.0087898969650269,
      0.7961502075195312,
      1.1317408084869385,
      1.3927916288375854,
      1.196945071220398,
      1.0489228963851929,
      1.2614436149597168,
      1.0862387418746948,
      1.3240501880645752
    ],
    "losses": [
      2.2037243843078613,
      2.309870958328247,
      2.36820125579834,
      2.228722095489502,
      2.3602566719055176,
      2.3350119590759277,
      2.333773136138916,
      2.220792293548584,
      2.261441707611084,
      2.273314952850342
    ],
    "bytes_transferred": [
      208552,
      208552,
      208552,
      208552,
      208552,
      208552,
      208552,
      208552,
      208552,
      208552
    ],
    "epochs": [
      0,
      0,
      0,
      0,
      0,
      0,
      0,
      0,
      0,
      0
    ],
    "steps": [
      0,
      1,
      2,
      3,
      4,
      5,
      6,
      7,
      8,
      9
    ]
  }
}