{
  "rank": 2,
  "world_size": 4,
  "num_steps": 10,
  "statistics": {
    "compute": {
      "count": 10,
      "min": 0.0162397999993118,
      "max": 0.0887960000000021,
      "mean": 0.042491050000171525,
      "std": 0.02684170593040091,
      "p95": 0.08616600000095787,
      "p99": 0.08616600000095787
    },
    "sync": {
      "count": 10,
      "min": 0.0040502000010747,
      "max": 0.09236100000271108,
      "mean": 0.01917520000024524,
      "std": 0.025510985039865326,
      "p95": 0.02994140000009793,
      "p99": 0.02994140000009793
    },
    "optim": {
      "count": 10,
      "min": 0.0007823000014468562,
      "max": 0.0017636000011407305,
      "mean": 0.001033169999573147,
      "std": 0.0002575392714828186,
      "p95": 0.001063899999280693,
      "p99": 0.001063899999280693
    },
    "iter": {
      "count": 10,
      "min": 0.02669389999937266,
      "max": 0.1283469000045443,
      "mean": 0.06269941999998992,
      "std": 0.03518218415174063,
      "p95": 0.09627449999607052,
      "p99": 0.09627449999607052
    },
    "grad_norm": {
      "count": 10,
      "min": 0.280991792678833,
      "max": 0.6101589798927307,
      "mean": 0.3968037724494934,
      "std": 0.09567645133254843,
      "p95": 0.509867250919342,
      "p99": 0.509867250919342
    },
    "loss": {
      "count": 10,
      "min": 2.2886126041412354,
      "max": 2.3339128494262695,
      "mean": 2.3081885099411013,
      "std": 0.011949553906884718,
      "p95": 2.320129871368408,
      "p99": 2.320129871368408
    }
  },
  "trajectories": {
    "compute_times": [
      0.034222300000692485,
      0.0162397999993118,
      0.05285609999918961,
      0.019937900000513764,
      0.020286499999201624,
      0.06301900000107707,
      0.08616600000095787,
      0.02158430000054068,
      0.0887960000000021,
      0.021802600000228267
    ],
    "sync_times": [
      0.09236100000271108,
      0.017760099999577506,
      0.007719299999735085,
      0.006730500001140172,
      0.01388049999877694,
      0.02994140000009793,
      0.004935299999488052,
      0.007859600002120715,
      0.006514099997730227,
      0.0040502000010747
    ],
    "optim_times": [
      0.0017636000011407305,
      0.0010378000006312504,
      0.0008921999979065731,
      0.000993699999526143,
      0.001063899999280693,
      0.0009902999991027173,
      0.0010024000002886169,
      0.0007823000014468562,
      0.0009643999983381946,
      0.0008410999980696943
    ],
    "iter_times": [
      0.1283469000045443,
      0.035037699999520555,
      0.06146759999683127,
      0.02766210000118008,
      0.03523089999725926,
      0.09395070000027772,
      0.09210370000073453,
      0.03022620000410825,
      0.09627449999607052,
      0.02669389999937266
    ],
    "grad_norms": [
      0.4376555383205414,
      0.30987992882728577,
      0.3232015073299408,
      0.509867250919342,
      0.3904513716697693,
      0.3446432650089264,
      0.34981152415275574,
      0.6101589798927307,
      0.41137656569480896,
      0.280991792678833
    ],
    "losses": [
      2.302269458770752,
      2.306753396987915,
      2.309922218322754,
      2.314140796661377,
      2.2886126041412354,
      2.296786308288574,
      2.320129871368408,
      2.3069357872009277,
      2.3339128494262695,
      2.302421808242798
    ],
    "bytes_transferred": [
      208552,
      208552,
      208552,
      208552,
      208552,
      208552,
      208552,
      208552,
      208552,
      208552
    ],
    "epochs": [
      0,
      0,
      0,
      0,
      0,
      0,
      0,
      0,
      0,
      0
    ],
    "steps": [
      0,
      1,
      2,
      3,
      4,
      5,
      6,
      7,
      8,
      9
    ]
  }
}