{
  "rank": 1,
  "world_size": 4,
  "num_steps": 10,
  "statistics": {
    "compute": {
      "count": 10,
      "min": 0.018002199998591095,
      "max": 0.08821890000035637,
      "mean": 0.0379236500004481,
      "std": 0.026842211196532257,
      "p95": 0.08248710000043502,
      "p99": 0.08248710000043502
    },
    "sync": {
      "count": 10,
      "min": 0.007108999998308718,
      "max": 0.04272770000170567,
      "mean": 0.018641920000663958,
      "std": 0.012360712515384436,
      "p95": 0.03560699999798089,
      "p99": 0.03560699999798089
    },
    "optim": {
      "count": 10,
      "min": 0.0008134999989124481,
      "max": 0.0015253999990818556,
      "mean": 0.000983529999939492,
      "std": 0.00020855492821846358,
      "p95": 0.0011984000011580065,
      "p99": 0.0011984000011580065
    },
    "iter": {
      "count": 10,
      "min": 0.027293300001474563,
      "max": 0.0963287999984459,
      "mean": 0.057549100001051554,
      "std": 0.02687846146851323,
      "p95": 0.09269600000334322,
      "p99": 0.09269600000334322
    },
    "grad_norm": {
      "count": 10,
      "min": 0.280991792678833,
      "max": 0.6101589798927307,
      "mean": 0.3968037724494934,
      "std": 0.09567645133254843,
      "p95": 0.509867250919342,
      "p99": 0.509867250919342
    },
    "loss": {
      "count": 10,
      "min": 2.2736074924468994,
      "max": 2.3450276851654053,
      "mean": 2.3108176946640016,
      "std": 0.023248083121112307,
      "p95": 2.3365883827209473,
      "p99": 2.3365883827209473
    }
  },
  "trajectories": {
    "compute_times": [
      0.03235830000267015,
      0.018485399999917718,
      0.018002199998591095,
      0.018297099999472266,
      0.021439300002384698,
      0.06111600000076578,
      0.08248710000043502,
      0.02082460000019637,
      0.08821890000035637,
      0.018007599999691593
    ],
    "sync_times": [
      0.03560699999798089,
      0.022119400000519818,
      0.04272770000170567,
      0.008952600001066457,
      0.014873299998725997,
      0.029020100002526306,
      0.009346000002551591,
      0.008191900000383612,
      0.007108999998308718,
      0.008472200002870522
    ],
    "optim_times": [
      0.0015253999990818556,
      0.0009210999996867031,
      0.0008500999974785373,
      0.0008999999990919605,
      0.0011984000011580065,
      0.0009123000018007588,
      0.0008629000003566034,
      0.0008507000020472333,
      0.0010008999997808132,
      0.0008134999989124481
    ],
    "iter_times": [
      0.0694906999997329,
      0.04152590000012424,
      0.0615799999977753,
      0.028149699999630684,
      0.0375110000022687,
      0.09104840000509284,
      0.09269600000334322,
      0.029867200002627214,
      0.0963287999984459,
      0.027293300001474563
    ],
    "grad_norms": [
      0.4376555383205414,
      0.30987992882728577,
      0.3232015073299408,
      0.509867250919342,
      0.3904513716697693,
      0.3446432650089264,
      0.34981152415275574,
      0.6101589798927307,
      0.41137656569480896,
      0.280991792678833
    ],
    "losses": [
      2.29946231842041,
      2.2947347164154053,
      2.2736074924468994,
      2.3450276851654053,
      2.3365883827209473,
      2.33133602142334,
      2.2937495708465576,
      2.3339948654174805,
      2.2874391078948975,
      2.312236785888672
    ],
    "bytes_transferred": [
      208552,
      208552,
      208552,
      208552,
      208552,
      208552,
      208552,
      208552,
      208552,
      208552
    ],
    "epochs": [
      0,
      0,
      0,
      0,
      0,
      0,
      0,
      0,
      0,
      0
    ],
    "steps": [
      0,
      1,
      2,
      3,
      4,
      5,
      6,
      7,
      8,
      9
    ]
  }
}