{
  "rank": 3,
  "world_size": 4,
  "num_steps": 10,
  "statistics": {
    "compute": {
      "count": 10,
      "min": 0.013248899998870911,
      "max": 0.07566379999843775,
      "mean": 0.020391719998951886,
      "std": 0.01844904012091318,
      "p95": 0.01640669999687816,
      "p99": 0.01640669999687816
    },
    "sync": {
      "count": 10,
      "min": 0.0038266999981715344,
      "max": 0.011937800001760479,
      "mean": 0.005467159999898286,
      "std": 0.002216830627080705,
      "p95": 0.005519399997865548,
      "p99": 0.005519399997865548
    },
    "optim": {
      "count": 10,
      "min": 0.0006198999981279485,
      "max": 0.0011565000022528693,
      "mean": 0.0007222699998237659,
      "std": 0.00014677007312421258,
      "p95": 0.000706200000422541,
      "p99": 0.000706200000422541
    },
    "iter": {
      "count": 10,
      "min": 0.01826509999955306,
      "max": 0.0887581000024511,
      "mean": 0.026581149998673937,
      "std": 0.020760070168426924,
      "p95": 0.022004299997206545,
      "p99": 0.022004299997206545
    },
    "grad_norm": {
      "count": 10,
      "min": 0.07786624133586884,
      "max": 0.16770526766777039,
      "mean": 0.11386286094784737,
      "std": 0.026269856339951856,
      "p95": 0.1402418315410614,
      "p99": 0.1402418315410614
    },
    "loss": {
      "count": 10,
      "min": 1.6050825119018555,
      "max": 1.6242542266845703,
      "mean": 1.6124733090400696,
      "std": 0.005946440085977287,
      "p95": 1.6207689046859741,
      "p99": 1.6207689046859741
    }
  },
  "trajectories": {
    "compute_times": [
      0.07566379999843775,
      0.013323699997272342,
      0.013964100002340274,
      0.013390699998126365,
      0.01640669999687816,
      0.01519449999977951,
      0.01504410000052303,
      0.013969199997518444,
      0.013711499999772059,
      0.013248899998870911
    ],
    "sync_times": [
      0.011937800001760479,
      0.00510020000001532,
      0.004812400002265349,
      0.004223100000672275,
      0.004891399999905843,
      0.005519399997865548,
      0.004539899997325847,
      0.0038266999981715344,
      0.005483900000399444,
      0.004336800000601215
    ],
    "optim_times": [
      0.0011565000022528693,
      0.0007049000014376361,
      0.0006775000001653098,
      0.0006872999983897898,
      0.000706200000422541,
      0.0006198999981279485,
      0.0006628000010096002,
      0.0006490999985544477,
      0.0006790999977965839,
      0.0006794000000809319
    ],
    "iter_times": [
      0.0887581000024511,
      0.0191287999987253,
      0.019454000004770933,
      0.01830109999718843,
      0.022004299997206545,
      0.021333799995773006,
      0.020246799998858478,
      0.018444999994244426,
      0.019874499997968087,
      0.01826509999955306
    ],
    "grad_norms": [
      0.10253801196813583,
      0.0944528877735138,
      0.1402418315410614,
      0.08585923165082932,
      0.1306031048297882,
      0.16770526766777039,
      0.10912694036960602,
      0.10070528835058212,
      0.12952980399131775,
      0.07786624133586884
    ],
    "losses": [
      1.6119177341461182,
      1.6053522825241089,
      1.6132292747497559,
      1.607090950012207,
      1.6207689046859741,
      1.6242542266845703,
      1.6050825119018555,
      1.6104328632354736,
      1.6116782426834106,
      1.6149260997772217
    ],
    "bytes_transferred": [
      27188,
      27188,
      27188,
      27188,
      27188,
      27188,
      27188,
      27188,
      27188,
      27188
    ],
    "epochs": [
      0,
      0,
      0,
      0,
      0,
      0,
      0,
      0,
      0,
      0
    ],
    "steps": [
      0,
      1,
      2,
      3,
      4,
      5,
      6,
      7,
      8,
      9
    ]
  }
}