{
  "rank": 0,
  "world_size": 4,
  "num_steps": 10,
  "statistics": {
    "compute": {
      "count": 10,
      "min": 0.01306010000189417,
      "max": 0.07790060000115773,
      "mean": 0.021712010000919692,
      "std": 0.018861609336352215,
      "p95": 0.02112960000158637,
      "p99": 0.02112960000158637
    },
    "sync": {
      "count": 10,
      "min": 0.003138099997158861,
      "max": 0.07894320000195876,
      "mean": 0.011615449999953852,
      "std": 0.022456598637840084,
      "p95": 0.0053573000004689675,
      "p99": 0.0053573000004689675
    },
    "optim": {
      "count": 10,
      "min": 0.0006372000025294255,
      "max": 0.001363900002615992,
      "mean": 0.0009064400004717754,
      "std": 0.00027285714617009143,
      "p95": 0.0013099999996484257,
      "p99": 0.0013099999996484257
    },
    "iter": {
      "count": 10,
      "min": 0.017586300000402844,
      "max": 0.15820770000573248,
      "mean": 0.03423390000134532,
      "std": 0.041399534586218506,
      "p95": 0.026731900001323083,
      "p99": 0.026731900001323083
    },
    "grad_norm": {
      "count": 10,
      "min": 0.07786624133586884,
      "max": 0.16770526766777039,
      "mean": 0.11386286094784737,
      "std": 0.026269856339951856,
      "p95": 0.1402418315410614,
      "p99": 0.1402418315410614
    },
    "loss": {
      "count": 10,
      "min": 1.6038519144058228,
      "max": 1.6285619735717773,
      "mean": 1.6171208500862122,
      "std": 0.007086864900898319,
      "p95": 1.6236624717712402,
      "p99": 1.6236624717712402
    }
  },
  "trajectories": {
    "compute_times": [
      0.07790060000115773,
      0.02112960000158637,
      0.015373999998701038,
      0.0138682000033441,
      0.016981500000838423,
      0.015839799998502713,
      0.01569300000119256,
      0.013490000001183944,
      0.013783300000795862,
      0.01306010000189417
    ],
    "sync_times": [
      0.07894320000195876,
      0.004843300001084572,
      0.0033756999982870184,
      0.003138099997158861,
      0.003955600001063431,
      0.005289299999276409,
      0.003294600002845982,
      0.003427799998462433,
      0.0053573000004689675,
      0.004529599998932099
    ],
    "optim_times": [
      0.001363900002615992,
      0.0007589999986521434,
      0.0011195999977644533,
      0.0011101999989477918,
      0.0006405999993148725,
      0.0007251000024552923,
      0.0013099999996484257,
      0.0006685000007564668,
      0.0007303000020328909,
      0.0006372000025294255
    ],
    "iter_times": [
      0.15820770000573248,
      0.026731900001323083,
      0.01986929999475251,
      0.018116499999450753,
      0.021577700001216726,
      0.021854200000234414,
      0.020297600003686966,
      0.017586300000402844,
      0.01987090000329772,
      0.018226900003355695
    ],
    "grad_norms": [
      0.10253801196813583,
      0.0944528877735138,
      0.1402418315410614,
      0.08585923165082932,
      0.1306031048297882,
      0.16770526766777039,
      0.10912694036960602,
      0.10070528835058212,
      0.12952980399131775,
      0.07786624133586884
    ],
    "losses": [
      1.6216069459915161,
      1.6201212406158447,
      1.6038519144058228,
      1.6128110885620117,
      1.6101170778274536,
      1.6226494312286377,
      1.6123995780944824,
      1.6285619735717773,
      1.615426778793335,
      1.6236624717712402
    ],
    "bytes_transferred": [
      27188,
      27188,
      27188,
      27188,
      27188,
      27188,
      27188,
      27188,
      27188,
      27188
    ],
    "epochs": [
      0,
      0,
      0,
      0,
      0,
      0,
      0,
      0,
      0,
      0
    ],
    "steps": [
      0,
      1,
      2,
      3,
      4,
      5,
      6,
      7,
      8,
      9
    ]
  }
}