{
  "rank": 2,
  "world_size": 4,
  "num_steps": 10,
  "statistics": {
    "compute": {
      "count": 10,
      "min": 0.013828999999532243,
      "max": 0.05495449999943958,
      "mean": 0.018680749999111866,
      "std": 0.012115737615074201,
      "p95": 0.01649629999883473,
      "p99": 0.01649629999883473
    },
    "sync": {
      "count": 10,
      "min": 0.0033613999985391274,
      "max": 0.482562200002576,
      "mean": 0.05218948000037926,
      "std": 0.14345899457815792,
      "p95": 0.005398000001150649,
      "p99": 0.005398000001150649
    },
    "optim": {
      "count": 10,
      "min": 0.0006603000001632608,
      "max": 0.0012526999998954125,
      "mean": 0.0007759999993140809,
      "std": 0.0001616442947215971,
      "p95": 0.0007516999976360239,
      "p99": 0.0007516999976360239
    },
    "iter": {
      "count": 10,
      "min": 0.01808339999843156,
      "max": 0.538769400001911,
      "mean": 0.07164622999880521,
      "std": 0.15571264843185742,
      "p95": 0.02217450000171084,
      "p99": 0.02217450000171084
    },
    "grad_norm": {
      "count": 10,
      "min": 0.07786624133586884,
      "max": 0.16770526766777039,
      "mean": 0.11386286094784737,
      "std": 0.026269856339951856,
      "p95": 0.1402418315410614,
      "p99": 0.1402418315410614
    },
    "loss": {
      "count": 10,
      "min": 1.5936046838760376,
      "max": 1.6293361186981201,
      "mean": 1.615099799633026,
      "std": 0.01161368910406276,
      "p95": 1.6269465684890747,
      "p99": 1.6269465684890747
    }
  },
  "trajectories": {
    "compute_times": [
      0.05495449999943958,
      0.014574699998775031,
      0.014274299999669893,
      0.013828999999532243,
      0.01649629999883473,
      0.015355700001236983,
      0.015096799997991184,
      0.01415659999838681,
      0.01403559999744175,
      0.014033999999810476
    ],
    "sync_times": [
      0.482562200002576,
      0.004737899998872308,
      0.004277000000001863,
      0.003746300000784686,
      0.0050179000027128495,
      0.005398000001150649,
      0.004085000000486616,
      0.003658400000858819,
      0.005050699997809716,
      0.0033613999985391274
    ],
    "optim_times": [
      0.0012526999998954125,
      0.0007444999973813538,
      0.0007516999976360239,
      0.0007442999994964339,
      0.0006603000001632608,
      0.0006976000004215166,
      0.0007489999989047647,
      0.0007469999982276931,
      0.0007249000009323936,
      0.0006880000000819564
    ],
    "iter_times": [
      0.538769400001911,
      0.020057099995028693,
      0.01930299999730778,
      0.018319599999813363,
      0.02217450000171084,
      0.02145130000280915,
      0.019930799997382564,
      0.018561999997473322,
      0.01981119999618386,
      0.01808339999843156
    ],
    "grad_norms": [
      0.10253801196813583,
      0.0944528877735138,
      0.1402418315410614,
      0.08585923165082932,
      0.1306031048297882,
      0.16770526766777039,
      0.10912694036960602,
      0.10070528835058212,
      0.12952980399131775,
      0.07786624133586884
    ],
    "losses": [
      1.6246556043624878,
      1.6269465684890747,
      1.6092541217803955,
      1.623704195022583,
      1.6293361186981201,
      1.6092411279678345,
      1.613829255104065,
      1.5988004207611084,
      1.5936046838760376,
      1.6216259002685547
    ],
    "bytes_transferred": [
      27188,
      27188,
      27188,
      27188,
      27188,
      27188,
      27188,
      27188,
      27188,
      27188
    ],
    "epochs": [
      0,
      0,
      0,
      0,
      0,
      0,
      0,
      0,
      0,
      0
    ],
    "steps": [
      0,
      1,
      2,
      3,
      4,
      5,
      6,
      7,
      8,
      9
    ]
  }
}