{
  "rank": 7,
  "world_size": 8,
  "num_steps": 10,
  "statistics": {
    "compute": {
      "count": 10,
      "min": 0.01656649999858928,
      "max": 0.08443660000193631,
      "mean": 0.026570270000229358,
      "std": 0.019430219827590547,
      "p95": 0.023053500000969507,
      "p99": 0.023053500000969507
    },
    "sync": {
      "count": 10,
      "min": 0.009151599999313476,
      "max": 0.3241172000016377,
      "mean": 0.04215680000015709,
      "std": 0.0939953992292348,
      "p95": 0.013568200000008801,
      "p99": 0.013568200000008801
    },
    "optim": {
      "count": 10,
      "min": 0.0006759999996575061,
      "max": 0.0013156999993952923,
      "mean": 0.0008012300000700634,
      "std": 0.00017451597067297524,
      "p95": 0.0008096999990812037,
      "p99": 0.0008096999990812037
    },
    "iter": {
      "count": 10,
      "min": 0.02646919999824604,
      "max": 0.4098695000029693,
      "mean": 0.06952830000045651,
      "std": 0.11349411806581076,
      "p95": 0.03736909999861382,
      "p99": 0.03736909999861382
    },
    "grad_norm": {
      "count": 10,
      "min": 0.15999260544776917,
      "max": 0.44135209918022156,
      "mean": 0.27230107188224795,
      "std": 0.07718378211414578,
      "p95": 0.3397710621356964,
      "p99": 0.3397710621356964
    },
    "loss": {
      "count": 10,
      "min": 1.5346741676330566,
      "max": 1.6995255947113037,
      "mean": 1.6187506556510924,
      "std": 0.04681246075430346,
      "p95": 1.682713508605957,
      "p99": 1.682713508605957
    }
  },
  "trajectories": {
    "compute_times": [
      0.08443660000193631,
      0.01656649999858928,
      0.017022100000758655,
      0.020850499997322913,
      0.023053500000969507,
      0.017813900001783622,
      0.021480799998244038,
      0.018851000000722706,
      0.02304990000266116,
      0.022577899999305373
    ],
    "sync_times": [
      0.3241172000016377,
      0.009151599999313476,
      0.009983800002373755,
      0.009526300000288757,
      0.013568200000008801,
      0.01059019999956945,
      0.01252780000140774,
      0.010768599997390993,
      0.011135000000649597,
      0.010199299998930655
    ],
    "optim_times": [
      0.0013156999993952923,
      0.0007511000003432855,
      0.0007756000013614539,
      0.0007363000004261266,
      0.0007473999976355117,
      0.0007350000014412217,
      0.0008096999990812037,
      0.0007265999993251171,
      0.0007389000020339154,
      0.0006759999996575061
    ],
    "iter_times": [
      0.4098695000029693,
      0.02646919999824604,
      0.027781500004493864,
      0.031113099998037796,
      0.03736909999861382,
      0.029139100002794294,
      0.03481829999873298,
      0.030346199997438816,
      0.034923800005344674,
      0.033453199997893535
    ],
    "grad_norms": [
      0.21865025162696838,
      0.15999260544776917,
      0.281485378742218,
      0.44135209918022156,
      0.2697281837463379,
      0.19138403236865997,
      0.31590893864631653,
      0.3397710621356964,
      0.28079932928085327,
      0.22393883764743805
    ],
    "losses": [
      1.5681264400482178,
      1.608567714691162,
      1.625077724456787,
      1.5976585149765015,
      1.6478078365325928,
      1.6198500394821167,
      1.6995255947113037,
      1.682713508605957,
      1.5346741676330566,
      1.60350501537323
    ],
    "bytes_transferred": [
      27188,
      27188,
      27188,
      27188,
      27188,
      27188,
      27188,
      27188,
      27188,
      27188
    ],
    "epochs": [
      0,
      0,
      0,
      0,
      0,
      0,
      0,
      0,
      0,
      0
    ],
    "steps": [
      0,
      1,
      2,
      3,
      4,
      5,
      6,
      7,
      8,
      9
    ]
  }
}