{
  "rank": 1,
  "world_size": 8,
  "num_steps": 10,
  "statistics": {
    "compute": {
      "count": 10,
      "min": 0.011323999999149237,
      "max": 0.025314499998785323,
      "mean": 0.016388670000014826,
      "std": 0.004270901501734706,
      "p95": 0.022040700001525693,
      "p99": 0.022040700001525693
    },
    "sync": {
      "count": 10,
      "min": 0.020164600002317457,
      "max": 0.16821900000286405,
      "mean": 0.039795550000781076,
      "std": 0.04325242826264642,
      "p95": 0.04198539999924833,
      "p99": 0.04198539999924833
    },
    "optim": {
      "count": 10,
      "min": 0.000964300001214724,
      "max": 0.014236499999242369,
      "mean": 0.002744950000123936,
      "std": 0.0038470090514247848,
      "p95": 0.0020832000009249896,
      "p99": 0.0020832000009249896
    },
    "iter": {
      "count": 10,
      "min": 0.03438359999563545,
      "max": 0.18167360000370536,
      "mean": 0.05892917000091984,
      "std": 0.04190210668448454,
      "p95": 0.06937459999608109,
      "p99": 0.06937459999608109
    },
    "grad_norm": {
      "count": 10,
      "min": 0.1677418202161789,
      "max": 0.1928900182247162,
      "mean": 0.1781605824828148,
      "std": 0.007826382351750077,
      "p95": 0.18653692305088043,
      "p99": 0.18653692305088043
    },
    "loss": {
      "count": 10,
      "min": 2.3039913177490234,
      "max": 2.33132004737854,
      "mean": 2.3130225419998167,
      "std": 0.008311737855093117,
      "p95": 2.325995445251465,
      "p99": 2.325995445251465
    }
  },
  "trajectories": {
    "compute_times": [
      0.012043200000334764,
      0.012607500000740401,
      0.025314499998785323,
      0.022040700001525693,
      0.015406799997435883,
      0.01776830000017071,
      0.016235700000834186,
      0.017539899999974295,
      0.013606100001197774,
      0.011323999999149237
    ],
    "sync_times": [
      0.16821900000286405,
      0.0207062000008591,
      0.04198539999924833,
      0.023525200002040947,
      0.022538499997608596,
      0.02225160000307369,
      0.020164600002317457,
      0.02763310000227648,
      0.029443999999784864,
      0.02148789999773726
    ],
    "optim_times": [
      0.0014114000005065463,
      0.014236499999242369,
      0.0020746999980474357,
      0.0010265000018989667,
      0.000964300001214724,
      0.0020832000009249896,
      0.0012443000014172867,
      0.0014508999993267935,
      0.0013859999999112915,
      0.0015716999987489544
    ],
    "iter_times": [
      0.18167360000370536,
      0.04755020000084187,
      0.06937459999608109,
      0.046592400005465606,
      0.0389095999962592,
      0.04210310000416939,
      0.03764460000456893,
      0.04662390000157757,
      0.04443610000089393,
      0.03438359999563545
    ],
    "grad_norms": [
      0.18039004504680634,
      0.1928900182247162,
      0.1682938039302826,
      0.17190776765346527,
      0.18241509795188904,
      0.1677418202161789,
      0.1831062138080597,
      0.17483091354370117,
      0.17349322140216827,
      0.18653692305088043
    ],
    "losses": [
      2.33132004737854,
      2.325995445251465,
      2.3111395835876465,
      2.310492753982544,
      2.3063771724700928,
      2.311250925064087,
      2.30696702003479,
      2.313169479370117,
      2.3039913177490234,
      2.3095216751098633
    ],
    "bytes_transferred": [
      437544,
      437544,
      437544,
      437544,
      437544,
      437544,
      437544,
      437544,
      437544,
      437544
    ],
    "epochs": [
      0,
      0,
      0,
      0,
      0,
      0,
      0,
      0,
      0,
      0
    ],
    "steps": [
      0,
      1,
      2,
      3,
      4,
      5,
      6,
      7,
      8,
      9
    ]
  }
}