{
  "rank": 0,
  "world_size": 8,
  "num_steps": 10,
  "statistics": {
    "compute": {
      "count": 10,
      "min": 0.013576299999840558,
      "max": 0.028557800000271527,
      "mean": 0.017723040000055333,
      "std": 0.004005470097516505,
      "p95": 0.020532200000161538,
      "p99": 0.020532200000161538
    },
    "sync": {
      "count": 10,
      "min": 0.01541699999870616,
      "max": 0.04899779999686871,
      "mean": 0.026065429999653132,
      "std": 0.010141645525461066,
      "p95": 0.04019709999920451,
      "p99": 0.04019709999920451
    },
    "optim": {
      "count": 10,
      "min": 0.0009376999987580348,
      "max": 0.01191599999947357,
      "mean": 0.0027084899997134927,
      "std": 0.00310524533605166,
      "p95": 0.0024489000024914276,
      "p99": 0.0024489000024914276
    },
    "iter": {
      "count": 10,
      "min": 0.03198379999957979,
      "max": 0.07120380000196747,
      "mean": 0.04649695999942196,
      "std": 0.01249442343648578,
      "p95": 0.06653889999506646,
      "p99": 0.06653889999506646
    },
    "grad_norm": {
      "count": 10,
      "min": 0.1677418202161789,
      "max": 0.1928900182247162,
      "mean": 0.1781605824828148,
      "std": 0.007826382351750077,
      "p95": 0.18653692305088043,
      "p99": 0.18653692305088043
    },
    "loss": {
      "count": 10,
      "min": 2.2946479320526123,
      "max": 2.329397678375244,
      "mean": 2.3110862016677856,
      "std": 0.009144531999808579,
      "p95": 2.319040060043335,
      "p99": 2.319040060043335
    }
  },
  "trajectories": {
    "compute_times": [
      0.01583329999994021,
      0.01654169999892474,
      0.028557800000271527,
      0.020532200000161538,
      0.01539770000090357,
      0.013576299999840558,
      0.016235499999311287,
      0.016833500001666835,
      0.01810529999784194,
      0.015617100001691142
    ],
    "sync_times": [
      0.04899779999686871,
      0.02138319999721716,
      0.04019709999920451,
      0.02421419999882346,
      0.029093500001181383,
      0.016224599999986822,
      0.022519400001328904,
      0.021664300002157688,
      0.02094320000105654,
      0.01541699999870616
    ],
    "optim_times": [
      0.001707799998257542,
      0.01191599999947357,
      0.0024489000024914276,
      0.0019592000026023015,
      0.0013299999991431832,
      0.0022041999982320704,
      0.0019558999993023463,
      0.0009376999987580348,
      0.001675499999691965,
      0.000949699999182485
    ],
    "iter_times": [
      0.06653889999506646,
      0.04984089999561547,
      0.07120380000196747,
      0.0467056000015873,
      0.045821200001228135,
      0.03200509999805945,
      0.04071079999994254,
      0.03943550000258256,
      0.04072399999859044,
      0.03198379999957979
    ],
    "grad_norms": [
      0.18039004504680634,
      0.1928900182247162,
      0.1682938039302826,
      0.17190776765346527,
      0.18241509795188904,
      0.1677418202161789,
      0.1831062138080597,
      0.17483091354370117,
      0.17349322140216827,
      0.18653692305088043
    ],
    "losses": [
      2.329397678375244,
      2.319040060043335,
      2.3151304721832275,
      2.2946479320526123,
      2.3119192123413086,
      2.3026540279388428,
      2.305417537689209,
      2.305286407470703,
      2.313755989074707,
      2.313612699508667
    ],
    "bytes_transferred": [
      437544,
      437544,
      437544,
      437544,
      437544,
      437544,
      437544,
      437544,
      437544,
      437544
    ],
    "epochs": [
      0,
      0,
      0,
      0,
      0,
      0,
      0,
      0,
      0,
      0
    ],
    "steps": [
      0,
      1,
      2,
      3,
      4,
      5,
      6,
      7,
      8,
      9
    ]
  }
}