{
  "rank": 2,
  "world_size": 8,
  "num_steps": 10,
  "statistics": {
    "compute": {
      "count": 10,
      "min": 0.012217900002724491,
      "max": 0.08861780000006547,
      "mean": 0.026082549999773618,
      "std": 0.022038695346081275,
      "p95": 0.03895290000218665,
      "p99": 0.03895290000218665
    },
    "sync": {
      "count": 10,
      "min": 0.012214999998832354,
      "max": 0.4579967999998189,
      "mean": 0.0665072699997836,
      "std": 0.13069674488762675,
      "p95": 0.03690400000050431,
      "p99": 0.03690400000050431
    },
    "optim": {
      "count": 10,
      "min": 0.0009678999995230697,
      "max": 0.0022076999994169455,
      "mean": 0.0014690599997265962,
      "std": 0.000369508347330045,
      "p95": 0.0019637000004877336,
      "p99": 0.0019637000004877336
    },
    "iter": {
      "count": 10,
      "min": 0.02564910000000964,
      "max": 0.5482875000016065,
      "mean": 0.09405887999928382,
      "std": 0.15199244460812314,
      "p95": 0.0778206000031787,
      "p99": 0.0778206000031787
    },
    "grad_norm": {
      "count": 10,
      "min": 0.1677418202161789,
      "max": 0.1928900182247162,
      "mean": 0.1781605824828148,
      "std": 0.007826382351750077,
      "p95": 0.18653692305088043,
      "p99": 0.18653692305088043
    },
    "loss": {
      "count": 10,
      "min": 2.3019473552703857,
      "max": 2.3310511112213135,
      "mean": 2.3156140089035033,
      "std": 0.008793720962961847,
      "p95": 2.3232386112213135,
      "p99": 2.3232386112213135
    }
  },
  "trajectories": {
    "compute_times": [
      0.08861780000006547,
      0.016758799996750895,
      0.03895290000218665,
      0.023306199997023214,
      0.015037999997730367,
      0.015159800001129042,
      0.017665999999735504,
      0.012217900002724491,
      0.01627379999990808,
      0.01683430000048247
    ],
    "sync_times": [
      0.4579967999998189,
      0.01979349999965052,
      0.03690400000050431,
      0.02137829999992391,
      0.028900199999043252,
      0.015028400001028785,
      0.03160819999902742,
      0.012214999998832354,
      0.023514000000432134,
      0.017734299999574432
    ],
    "optim_times": [
      0.0016729000017221551,
      0.0015080999983183574,
      0.0019637000004877336,
      0.0009678999995230697,
      0.001333399999566609,
      0.0022076999994169455,
      0.0012390999982017092,
      0.0012161999984527938,
      0.0010881999987759627,
      0.0014934000028006267
    ],
    "iter_times": [
      0.5482875000016065,
      0.038060399994719774,
      0.0778206000031787,
      0.045652399996470194,
      0.04527159999634023,
      0.03239590000157477,
      0.05051329999696463,
      0.02564910000000964,
      0.040875999999116175,
      0.03606200000285753
    ],
    "grad_norms": [
      0.18039004504680634,
      0.1928900182247162,
      0.1682938039302826,
      0.17190776765346527,
      0.18241509795188904,
      0.1677418202161789,
      0.1831062138080597,
      0.17483091354370117,
      0.17349322140216827,
      0.18653692305088043
    ],
    "losses": [
      2.313377618789673,
      2.3310511112213135,
      2.319350242614746,
      2.3232386112213135,
      2.3019473552703857,
      2.3069519996643066,
      2.322631597518921,
      2.320200204849243,
      2.3048174381256104,
      2.3125739097595215
    ],
    "bytes_transferred": [
      437544,
      437544,
      437544,
      437544,
      437544,
      437544,
      437544,
      437544,
      437544,
      437544
    ],
    "epochs": [
      0,
      0,
      0,
      0,
      0,
      0,
      0,
      0,
      0,
      0
    ],
    "steps": [
      0,
      1,
      2,
      3,
      4,
      5,
      6,
      7,
      8,
      9
    ]
  }
}