{
  "rank": 4,
  "world_size": 8,
  "num_steps": 10,
  "statistics": {
    "compute": {
      "count": 10,
      "min": 0.013989600000059,
      "max": 0.05926250000266009,
      "mean": 0.021732709999923827,
      "std": 0.012804675477274576,
      "p95": 0.023273700000572717,
      "p99": 0.023273700000572717
    },
    "sync": {
      "count": 10,
      "min": 0.015449300000909716,
      "max": 0.471952700001566,
      "mean": 0.06929288000028463,
      "std": 0.13438885198233647,
      "p95": 0.04139220000070054,
      "p99": 0.04139220000070054
    },
    "optim": {
      "count": 10,
      "min": 0.0010950999967462849,
      "max": 0.011634200000116834,
      "mean": 0.0023642199997993885,
      "std": 0.0031005150249940956,
      "p95": 0.0018520999983593356,
      "p99": 0.0018520999983593356
    },
    "iter": {
      "count": 10,
      "min": 0.031230099997628713,
      "max": 0.5328818000052706,
      "mean": 0.09338981000000786,
      "std": 0.1468265488143717,
      "p95": 0.0665179999996326,
      "p99": 0.0665179999996326
    },
    "grad_norm": {
      "count": 10,
      "min": 0.1677418202161789,
      "max": 0.1928900182247162,
      "mean": 0.1781605824828148,
      "std": 0.007826382351750077,
      "p95": 0.18653692305088043,
      "p99": 0.18653692305088043
    },
    "loss": {
      "count": 10,
      "min": 2.2987492084503174,
      "max": 2.329704523086548,
      "mean": 2.308645176887512,
      "std": 0.00948764493540524,
      "p95": 2.3213388919830322,
      "p99": 2.3213388919830322
    }
  },
  "trajectories": {
    "compute_times": [
      0.05926250000266009,
      0.018120599997928366,
      0.023273700000572717,
      0.021376500000769738,
      0.016388100000767736,
      0.013989600000059,
      0.0154435000004014,
      0.014685699999972712,
      0.017684699996607378,
      0.017102199999499135
    ],
    "sync_times": [
      0.471952700001566,
      0.026204400001006434,
      0.04139220000070054,
      0.02691469999990659,
      0.02212349999899743,
      0.027111899998999434,
      0.024196200000005774,
      0.015449300000909716,
      0.018706700000620913,
      0.018877200000133598
    ],
    "optim_times": [
      0.0016666000010445714,
      0.011634200000116834,
      0.0018520999983593356,
      0.001566599999932805,
      0.0012210999993840232,
      0.001133900001150323,
      0.0012569999998959247,
      0.0010950999967462849,
      0.0011138000008941162,
      0.001101800000469666
    ],
    "iter_times": [
      0.5328818000052706,
      0.055959199999051634,
      0.0665179999996326,
      0.04985780000060913,
      0.03973269999914919,
      0.042235400000208756,
      0.0408967000003031,
      0.031230099997628713,
      0.03750519999812241,
      0.0370812000001024
    ],
    "grad_norms": [
      0.18039004504680634,
      0.1928900182247162,
      0.1682938039302826,
      0.17190776765346527,
      0.18241509795188904,
      0.1677418202161789,
      0.1831062138080597,
      0.17483091354370117,
      0.17349322140216827,
      0.18653692305088043
    ],
    "losses": [
      2.304636001586914,
      2.329704523086548,
      2.3031461238861084,
      2.3030202388763428,
      2.3213388919830322,
      2.30551815032959,
      2.3137929439544678,
      2.3068535327911377,
      2.2987492084503174,
      2.299692153930664
    ],
    "bytes_transferred": [
      437544,
      437544,
      437544,
      437544,
      437544,
      437544,
      437544,
      437544,
      437544,
      437544
    ],
    "epochs": [
      0,
      0,
      0,
      0,
      0,
      0,
      0,
      0,
      0,
      0
    ],
    "steps": [
      0,
      1,
      2,
      3,
      4,
      5,
      6,
      7,
      8,
      9
    ]
  }
}