{
  "rank": 4,
  "world_size": 8,
  "num_steps": 10,
  "statistics": {
    "compute": {
      "count": 10,
      "min": 0.02416510000330163,
      "max": 0.08964089999790303,
      "mean": 0.035604009999951815,
      "std": 0.018367511439666036,
      "p95": 0.03514829999767244,
      "p99": 0.03514829999767244
    },
    "sync": {
      "count": 10,
      "min": 0.007973799998580944,
      "max": 0.0682643999971333,
      "mean": 0.018336649999400833,
      "std": 0.01715119512827256,
      "p95": 0.02443199999834178,
      "p99": 0.02443199999834178
    },
    "optim": {
      "count": 10,
      "min": 0.0006909000003361143,
      "max": 0.0013299999991431832,
      "mean": 0.0008394599994062446,
      "std": 0.0001822530722560078,
      "p95": 0.0009876999974949285,
      "p99": 0.0009876999974949285
    },
    "iter": {
      "count": 10,
      "min": 0.03899539999838453,
      "max": 0.1592352999941795,
      "mean": 0.05478011999875889,
      "std": 0.03495056738582032,
      "p95": 0.049365500002750196,
      "p99": 0.049365500002750196
    },
    "grad_norm": {
      "count": 10,
      "min": 0.04415564984083176,
      "max": 0.11560528725385666,
      "mean": 0.08388429656624793,
      "std": 0.02277804990570676,
      "p95": 0.11032011359930038,
      "p99": 0.11032011359930038
    },
    "loss": {
      "count": 10,
      "min": 1.596235990524292,
      "max": 1.625895619392395,
      "mean": 1.615983211994171,
      "std": 0.008597041350157673,
      "p95": 1.6230767965316772,
      "p99": 1.6230767965316772
    }
  },
  "trajectories": {
    "compute_times": [
      0.08964089999790303,
      0.03514829999767244,
      0.02794279999943683,
      0.027041699999244884,
      0.02416510000330163,
      0.033532200002809986,
      0.025715199997648597,
      0.02796160000434611,
      0.034701600001426414,
      0.03019069999572821
    ],
    "sync_times": [
      0.0682643999971333,
      0.01092649999918649,
      0.011343500002112705,
      0.01378639999893494,
      0.02443199999834178,
      0.010890600002312567,
      0.012488799999118783,
      0.01194720000057714,
      0.007973799998580944,
      0.011313299997709692
    ],
    "optim_times": [
      0.0013299999991431832,
      0.0008338999978150241,
      0.0007496000034734607,
      0.0009876999974949285,
      0.0007684000011067837,
      0.0006909000003361143,
      0.0007914000016171485,
      0.0008115000018733554,
      0.0007322999954340048,
      0.0006988999957684427
    ],
    "iter_times": [
      0.1592352999941795,
      0.04690869999467395,
      0.040035900005022995,
      0.04181579999567475,
      0.049365500002750196,
      0.04511370000545867,
      0.03899539999838453,
      0.040720300006796606,
      0.04340769999544136,
      0.042202899989206344
    ],
    "grad_norms": [
      0.10237826406955719,
      0.04415564984083176,
      0.09777824580669403,
      0.08851657807826996,
      0.11032011359930038,
      0.11560528725385666,
      0.09037932008504868,
      0.06020011752843857,
      0.06734514236450195,
      0.062164247035980225
    ],
    "losses": [
      1.6187769174575806,
      1.620599389076233,
      1.625895619392395,
      1.613764762878418,
      1.610353708267212,
      1.6078014373779297,
      1.6230767965316772,
      1.596235990524292,
      1.6229596138000488,
      1.6203678846359253
    ],
    "bytes_transferred": [
      27188,
      27188,
      27188,
      27188,
      27188,
      27188,
      27188,
      27188,
      27188,
      27188
    ],
    "epochs": [
      0,
      0,
      0,
      0,
      0,
      0,
      0,
      0,
      0,
      0
    ],
    "steps": [
      0,
      1,
      2,
      3,
      4,
      5,
      6,
      7,
      8,
      9
    ]
  }
}