{
  "rank": 3,
  "world_size": 4,
  "num_steps": 10,
  "statistics": {
    "compute": {
      "count": 10,
      "min": 0.019761999996262603,
      "max": 0.05892930000118213,
      "mean": 0.025006120000762168,
      "std": 0.011361613380859822,
      "p95": 0.023794900000211783,
      "p99": 0.023794900000211783
    },
    "sync": {
      "count": 10,
      "min": 0.0034222999966004863,
      "max": 0.12200319999828935,
      "mean": 0.015609390000463463,
      "std": 0.035465838506688885,
      "p95": 0.004426600004080683,
      "p99": 0.004426600004080683
    },
    "optim": {
      "count": 10,
      "min": 0.0006232000014279038,
      "max": 0.0011124999946332537,
      "mean": 0.0007326199993258342,
      "std": 0.0001385585983408919,
      "p95": 0.0008234999986598268,
      "p99": 0.0008234999986598268
    },
    "iter": {
      "count": 10,
      "min": 0.024438199994619936,
      "max": 0.18204499999410473,
      "mean": 0.041348130000551465,
      "std": 0.04691091467889236,
      "p95": 0.027933800003665965,
      "p99": 0.027933800003665965
    },
    "grad_norm": {
      "count": 10,
      "min": 0.03566880524158478,
      "max": 0.08148244768381119,
      "mean": 0.061031512543559076,
      "std": 0.013040471607164213,
      "p95": 0.07602803409099579,
      "p99": 0.07602803409099579
    },
    "loss": {
      "count": 10,
      "min": 1.5991765260696411,
      "max": 1.6202212572097778,
      "mean": 1.6120223879814148,
      "std": 0.006116959531953662,
      "p95": 1.6191909313201904,
      "p99": 1.6191909313201904
    }
  },
  "trajectories": {
    "compute_times": [
      0.05892930000118213,
      0.021984200000588316,
      0.019761999996262603,
      0.021504099997400772,
      0.023794900000211783,
      0.02196380000532372,
      0.020315100002335384,
      0.02103490000445163,
      0.020356599998194724,
      0.020416300001670606
    ],
    "sync_times": [
      0.12200319999828935,
      0.003838800002995413,
      0.0038526999996975064,
      0.004124200000660494,
      0.0034222999966004863,
      0.0034604999964358285,
      0.003646099998150021,
      0.004426600004080683,
      0.00382480000553187,
      0.0034947000021929853
    ],
    "optim_times": [
      0.0011124999946332537,
      0.0007444999937433749,
      0.0008234999986598268,
      0.0006866000039735809,
      0.000716600006853696,
      0.0006232000014279038,
      0.0006359999970300123,
      0.0006537000008393079,
      0.0006739000018569641,
      0.0006556999942404218
    ],
    "iter_times": [
      0.18204499999410473,
      0.026567499997327104,
      0.024438199994619936,
      0.026314900002034847,
      0.027933800003665965,
      0.02604750000318745,
      0.024597199997515418,
      0.02611520000937162,
      0.024855300005583558,
      0.024566699998104014
    ],
    "grad_norms": [
      0.06758000701665878,
      0.07162687182426453,
      0.07602803409099579,
      0.08148244768381119,
      0.055389270186424255,
      0.058066222816705704,
      0.05173155665397644,
      0.0630204901099205,
      0.04972141981124878,
      0.03566880524158478
    ],
    "losses": [
      1.6165623664855957,
      1.6113089323043823,
      1.6202212572097778,
      1.6093250513076782,
      1.6139957904815674,
      1.6136562824249268,
      1.6045693159103394,
      1.6191909313201904,
      1.6122174263000488,
      1.5991765260696411
    ],
    "bytes_transferred": [
      27188,
      27188,
      27188,
      27188,
      27188,
      27188,
      27188,
      27188,
      27188,
      27188
    ],
    "epochs": [
      0,
      0,
      0,
      0,
      0,
      0,
      0,
      0,
      0,
      0
    ],
    "steps": [
      0,
      1,
      2,
      3,
      4,
      5,
      6,
      7,
      8,
      9
    ]
  }
}