{
  "rank": 1,
  "world_size": 4,
  "num_steps": 10,
  "statistics": {
    "compute": {
      "count": 10,
      "min": 0.019764199998462573,
      "max": 0.07159930000489112,
      "mean": 0.026122170000599,
      "std": 0.015205825426893138,
      "p95": 0.02375439999741502,
      "p99": 0.02375439999741502
    },
    "sync": {
      "count": 10,
      "min": 0.0031297999958042055,
      "max": 0.01065089999610791,
      "mean": 0.004543809998722281,
      "std": 0.002079515080983038,
      "p95": 0.004479800001718104,
      "p99": 0.004479800001718104
    },
    "optim": {
      "count": 10,
      "min": 0.0006533999985549599,
      "max": 0.0012445000029401854,
      "mean": 0.0007791500007442665,
      "std": 0.00017721698220774616,
      "p95": 0.0009653000015532598,
      "p99": 0.0009653000015532598
    },
    "iter": {
      "count": 10,
      "min": 0.024566799998865463,
      "max": 0.08349470000393922,
      "mean": 0.031445130000065546,
      "std": 0.01738668566063875,
      "p95": 0.028383799995935988,
      "p99": 0.028383799995935988
    },
    "grad_norm": {
      "count": 10,
      "min": 0.03566880524158478,
      "max": 0.08148244768381119,
      "mean": 0.061031512543559076,
      "std": 0.013040471607164213,
      "p95": 0.07602803409099579,
      "p99": 0.07602803409099579
    },
    "loss": {
      "count": 10,
      "min": 1.5968812704086304,
      "max": 1.6201289892196655,
      "mean": 1.6107116222381592,
      "std": 0.007267670907143047,
      "p95": 1.6188209056854248,
      "p99": 1.6188209056854248
    }
  },
  "trajectories": {
    "compute_times": [
      0.07159930000489112,
      0.021577999999863096,
      0.020083200004592072,
      0.021067499998025596,
      0.02375439999741502,
      0.02110079999692971,
      0.020077600005606655,
      0.022338299997500144,
      0.019858400002704002,
      0.019764199998462573
    ],
    "sync_times": [
      0.01065089999610791,
      0.00428259999898728,
      0.003718699997989461,
      0.00313319999986561,
      0.003908799997589085,
      0.0042021999979624525,
      0.0038729000007151626,
      0.0031297999958042055,
      0.004479800001718104,
      0.004059200000483543
    ],
    "optim_times": [
      0.0012445000029401854,
      0.0007479999985662289,
      0.0009653000015532598,
      0.0006533999985549599,
      0.0007206000009318814,
      0.0006558999957633205,
      0.0006807000027038157,
      0.000706200000422541,
      0.0006735000060871243,
      0.0007433999999193475
    ],
    "iter_times": [
      0.08349470000393922,
      0.026608599997416604,
      0.024767200004134793,
      0.024854099996446166,
      0.028383799995935988,
      0.025958899990655482,
      0.024631200009025633,
      0.02617429999372689,
      0.02501170001050923,
      0.024566799998865463
    ],
    "grad_norms": [
      0.06758000701665878,
      0.07162687182426453,
      0.07602803409099579,
      0.08148244768381119,
      0.055389270186424255,
      0.058066222816705704,
      0.05173155665397644,
      0.0630204901099205,
      0.04972141981124878,
      0.03566880524158478
    ],
    "losses": [
      1.6183356046676636,
      1.6188209056854248,
      1.6124716997146606,
      1.6106152534484863,
      1.6201289892196655,
      1.613693356513977,
      1.6023129224777222,
      1.604361653327942,
      1.6094945669174194,
      1.5968812704086304
    ],
    "bytes_transferred": [
      27188,
      27188,
      27188,
      27188,
      27188,
      27188,
      27188,
      27188,
      27188,
      27188
    ],
    "epochs": [
      0,
      0,
      0,
      0,
      0,
      0,
      0,
      0,
      0,
      0
    ],
    "steps": [
      0,
      1,
      2,
      3,
      4,
      5,
      6,
      7,
      8,
      9
    ]
  }
}