{
  "rank": 0,
  "world_size": 4,
  "num_steps": 10,
  "statistics": {
    "compute": {
      "count": 10,
      "min": 0.019451599997410085,
      "max": 0.06201290000171866,
      "mean": 0.025322319999395403,
      "std": 0.012311141081054768,
      "p95": 0.023695099996984936,
      "p99": 0.023695099996984936
    },
    "sync": {
      "count": 10,
      "min": 0.0032848999981069937,
      "max": 0.035961700006737374,
      "mean": 0.007583000000886386,
      "std": 0.009556682092388694,
      "p95": 0.008104500004264992,
      "p99": 0.008104500004264992
    },
    "optim": {
      "count": 10,
      "min": 0.0005947999961790629,
      "max": 0.0014086000010138378,
      "mean": 0.0007418800007144455,
      "std": 0.00023123992718648533,
      "p95": 0.0007910000058473088,
      "p99": 0.0007910000058473088
    },
    "iter": {
      "count": 10,
      "min": 0.024333300003490876,
      "max": 0.09938320000946987,
      "mean": 0.03364720000099623,
      "std": 0.022027771650959906,
      "p95": 0.03228340000350727,
      "p99": 0.03228340000350727
    },
    "grad_norm": {
      "count": 10,
      "min": 0.03566880524158478,
      "max": 0.08148244768381119,
      "mean": 0.061031512543559076,
      "std": 0.013040471607164213,
      "p95": 0.07602803409099579,
      "p99": 0.07602803409099579
    },
    "loss": {
      "count": 10,
      "min": 1.59779953956604,
      "max": 1.6227117776870728,
      "mean": 1.6118605852127075,
      "std": 0.006981142591543501,
      "p95": 1.6178094148635864,
      "p99": 1.6178094148635864
    }
  },
  "trajectories": {
    "compute_times": [
      0.06201290000171866,
      0.023411599999235477,
      0.019850899996527005,
      0.020183600005111657,
      0.023695099996984936,
      0.021584699999948498,
      0.02023229999758769,
      0.022320299998682458,
      0.020480200000747573,
      0.019451599997410085
    ],
    "sync_times": [
      0.035961700006737374,
      0.008104500004264992,
      0.0036914000011165626,
      0.005473299999721348,
      0.0035796999945887364,
      0.0037467000001925044,
      0.003609799998230301,
      0.0032848999981069937,
      0.004044600005727261,
      0.0043334000001777895
    ],
    "optim_times": [
      0.0014086000010138378,
      0.0007673000000067987,
      0.0007910000058473088,
      0.0006197000038810074,
      0.0006971000038902275,
      0.0006235999971977435,
      0.0005947999961790629,
      0.000625900000159163,
      0.0006809000042267144,
      0.0006098999947425909
    ],
    "iter_times": [
      0.09938320000946987,
      0.03228340000350727,
      0.024333300003490876,
      0.026276600008714013,
      0.0279718999954639,
      0.025954999997338746,
      0.024436899991997052,
      0.026231099996948615,
      0.02520570001070155,
      0.024394899992330465
    ],
    "grad_norms": [
      0.06758000701665878,
      0.07162687182426453,
      0.07602803409099579,
      0.08148244768381119,
      0.055389270186424255,
      0.058066222816705704,
      0.05173155665397644,
      0.0630204901099205,
      0.04972141981124878,
      0.03566880524158478
    ],
    "losses": [
      1.6086573600769043,
      1.6227117776870728,
      1.6178094148635864,
      1.6148592233657837,
      1.59779953956604,
      1.6144921779632568,
      1.6018719673156738,
      1.6138564348220825,
      1.6144107580184937,
      1.6121371984481812
    ],
    "bytes_transferred": [
      27188,
      27188,
      27188,
      27188,
      27188,
      27188,
      27188,
      27188,
      27188,
      27188
    ],
    "epochs": [
      0,
      0,
      0,
      0,
      0,
      0,
      0,
      0,
      0,
      0
    ],
    "steps": [
      0,
      1,
      2,
      3,
      4,
      5,
      6,
      7,
      8,
      9
    ]
  }
}