{
  "rank": 2,
  "world_size": 4,
  "num_steps": 10,
  "statistics": {
    "compute": {
      "count": 10,
      "min": 0.019369699999515433,
      "max": 0.07392830000026152,
      "mean": 0.026170819999970264,
      "std": 0.01596693403993617,
      "p95": 0.02369419999740785,
      "p99": 0.02369419999740785
    },
    "sync": {
      "count": 10,
      "min": 0.0036652999988291413,
      "max": 0.05871119999937946,
      "mean": 0.00967339000053471,
      "std": 0.01635155503166858,
      "p95": 0.0052395999955479056,
      "p99": 0.0052395999955479056
    },
    "optim": {
      "count": 10,
      "min": 0.0006464000034611672,
      "max": 0.0009871999936876819,
      "mean": 0.000742720000562258,
      "std": 8.674756037666094e-05,
      "p95": 0.0007610000029671937,
      "p99": 0.0007610000029671937
    },
    "iter": {
      "count": 10,
      "min": 0.02436930000112625,
      "max": 0.13362669999332866,
      "mean": 0.03658693000106723,
      "std": 0.03236613603357276,
      "p95": 0.02806209999107523,
      "p99": 0.02806209999107523
    },
    "grad_norm": {
      "count": 10,
      "min": 0.03566880524158478,
      "max": 0.08148244768381119,
      "mean": 0.061031512543559076,
      "std": 0.013040471607164213,
      "p95": 0.07602803409099579,
      "p99": 0.07602803409099579
    },
    "loss": {
      "count": 10,
      "min": 1.6078910827636719,
      "max": 1.6204614639282227,
      "mean": 1.6135477304458619,
      "std": 0.003846546274877258,
      "p95": 1.6156227588653564,
      "p99": 1.6156227588653564
    }
  },
  "trajectories": {
    "compute_times": [
      0.07392830000026152,
      0.022083199997723568,
      0.019369699999515433,
      0.02042030000302475,
      0.02369419999740785,
      0.02152110000315588,
      0.019554500002413988,
      0.02090880000469042,
      0.020243599996319972,
      0.019984499995189253
    ],
    "sync_times": [
      0.05871119999937946,
      0.0041955999986384995,
      0.004273999998986255,
      0.0052395999955479056,
      0.0036652999988291413,
      0.0038005000023986213,
      0.004392100003315136,
      0.004573000005620997,
      0.0039198000013129786,
      0.003962800001318101
    ],
    "optim_times": [
      0.0009871999936876819,
      0.0007056000031298026,
      0.0007256000026245601,
      0.0007543000028817914,
      0.0007025999948382378,
      0.0007220999978017062,
      0.0007066000034683384,
      0.0007158000007621013,
      0.0006464000034611672,
      0.0007610000029671937
    ],
    "iter_times": [
      0.13362669999332866,
      0.02698439999949187,
      0.02436930000112625,
      0.026414200001454446,
      0.02806209999107523,
      0.026043700003356207,
      0.024653200009197462,
      0.02619760001107352,
      0.024809800001094118,
      0.024708299999474548
    ],
    "grad_norms": [
      0.06758000701665878,
      0.07162687182426453,
      0.07602803409099579,
      0.08148244768381119,
      0.055389270186424255,
      0.058066222816705704,
      0.05173155665397644,
      0.0630204901099205,
      0.04972141981124878,
      0.03566880524158478
    ],
    "losses": [
      1.6086984872817993,
      1.6148319244384766,
      1.6148183345794678,
      1.6078910827636719,
      1.6080448627471924,
      1.6149485111236572,
      1.6156227588653564,
      1.6204614639282227,
      1.6148170232772827,
      1.6153428554534912
    ],
    "bytes_transferred": [
      27188,
      27188,
      27188,
      27188,
      27188,
      27188,
      27188,
      27188,
      27188,
      27188
    ],
    "epochs": [
      0,
      0,
      0,
      0,
      0,
      0,
      0,
      0,
      0,
      0
    ],
    "steps": [
      0,
      1,
      2,
      3,
      4,
      5,
      6,
      7,
      8,
      9
    ]
  }
}