{
  "rank": 0,
  "world_size": 2,
  "num_steps": 60,
  "statistics": {
    "compute": {
      "count": 60,
      "min": 0.008402399998885812,
      "max": 0.12447690000044531,
      "mean": 0.01238116333315702,
      "std": 0.014790375044533895,
      "p95": 0.014126499998383224,
      "p99": 0.026385299999674316
    },
    "sync": {
      "count": 60,
      "min": 0.002265599996462697,
      "max": 0.016313000000081956,
      "mean": 0.002763374999691829,
      "std": 0.001778901228859271,
      "p95": 0.0029847000005247537,
      "p99": 0.0038113999980851077
    },
    "optim": {
      "count": 60,
      "min": 0.0005655999993905425,
      "max": 0.0012936000020999927,
      "mean": 0.0006687149997863646,
      "std": 8.987879980364587e-05,
      "p95": 0.0007110999977157917,
      "p99": 0.0008158000018738676
    },
    "iter": {
      "count": 60,
      "min": 0.011473299993667752,
      "max": 0.14208350000262726,
      "mean": 0.015813253332635214,
      "std": 0.01662207569384545,
      "p95": 0.017310699997324264,
      "p99": 0.029781199995341012
    },
    "grad_norm": {
      "count": 60,
      "min": 0.08581741154193878,
      "max": 0.2489321231842041,
      "mean": 0.1451546931018432,
      "std": 0.04046844358936811,
      "p95": 0.21515709161758423,
      "p99": 0.23637686669826508
    },
    "loss": {
      "count": 60,
      "min": 1.5829979181289673,
      "max": 1.6388145685195923,
      "mean": 1.6092371861139934,
      "std": 0.011852236974199829,
      "p95": 1.623791217803955,
      "p99": 1.6331942081451416
    }
  },
  "trajectories": {
    "compute_times": [
      0.12447690000044531,
      0.026385299999674316,
      0.009901299999910407,
      0.010045200000604382,
      0.009503900000709109,
      0.01163059999817051,
      0.010956099999020807,
      0.010619399999995949,
      0.0095523999989382,
      0.01009419999900274,
      0.010698000001866603,
      0.010987499998009298,
      0.015289599999960046,
      0.00992450000194367,
      0.01042310000048019,
      0.009933299999829615,
      0.011035900002752896,
      0.010563100000581471,
      0.014126499998383224,
      0.010098299997480353,
      0.009630599997763056,
      0.008603300000686431,
      0.01003619999755756,
      0.011227499999222346,
      0.009374199999001576,
      0.009159500001260312,
      0.009923399997205706,
      0.009703100000479026,
      0.008994700001494493,
      0.012344800001301337,
      0.009676099998614518,
      0.010137000001122942,
      0.00882149999961257,
      0.009706100001494633,
      0.010731899998063454,
      0.008943700002419064,
      0.009162100002868101,
      0.010275499997078441,
      0.013622200000099838,
      0.01109340000039083,
      0.009704800002509728,
      0.009413799998583272,
      0.00928090000161319,
      0.009206499998981599,
      0.011045899998862296,
      0.010766999999759719,
      0.009112499999901047,
      0.010134899999684421,
      0.009754299997439375,
      0.010193099999014521,
      0.009866399999737041,
      0.010162300000956748,
      0.008834100000967737,
      0.009159899997030152,
      0.008402399998885812,
      0.009971699997549877,
      0.010018199998739874,
      0.009449000001040986,
      0.010080200001539197,
      0.010900000001129229
    ],
    "sync_times": [
      0.016313000000081956,
      0.0027095999976154417,
      0.0027827000012621284,
      0.002751300002273638,
      0.0026823000007425435,
      0.0025089000009757,
      0.002607999998872401,
      0.002777499998046551,
      0.002474700002494501,
      0.002456700000038836,
      0.0025261999981012195,
      0.0024757999999565072,
      0.0025442000005568843,
      0.0025735999988683034,
      0.0023681000020587817,
      0.0023691000023973174,
      0.0024196999984269496,
      0.0025069000002986286,
      0.0025224999990314245,
      0.0038113999980851077,
      0.002518400000553811,
      0.0024545000014768448,
      0.002265599996462697,
      0.002425299997412367,
      0.0029847000005247537,
      0.002577199997176649,
      0.002415099999780068,
      0.00232779999714694,
      0.002278600000863662,
      0.002429099997243611,
      0.002740700001595542,
      0.0024898999981814995,
      0.002416600000287872,
      0.0025409999980183784,
      0.003109799999947427,
      0.00228889999925741,
      0.0023148000000219326,
      0.00268560000040452,
      0.0027322999994794372,
      0.002658600002177991,
      0.0024841000013111625,
      0.002509399997506989,
      0.0024281999976665247,
      0.002417700001387857,
      0.0025491999986115843,
      0.0025519000009808224,
      0.002456700000038836,
      0.0025489999970886856,
      0.0023909000010462478,
      0.002459100000123726,
      0.002512300001399126,
      0.0024707999982638285,
      0.002398099997662939,
      0.00236130000121193,
      0.002417699997749878,
      0.0024358000009669922,
      0.0024129999983415473,
      0.002410799999779556,
      0.0024038000010477845,
      0.0023460000011255033
    ],
    "optim_times": [
      0.0012936000020999927,
      0.0006862999980512541,
      0.0006693999966955744,
      0.0007379999988188501,
      0.0006929000010131858,
      0.0006796000016038306,
      0.0006915000012668315,
      0.0006472000022768043,
      0.0006729999986418989,
      0.0006712000031257048,
      0.0006176999995659571,
      0.0006380999984685332,
      0.0006499999981315341,
      0.0005823999999847729,
      0.0006603000001632608,
      0.0005655999993905425,
      0.0006088000009185635,
      0.00064820000261534,
      0.0006616999999096151,
      0.0006543999988934956,
      0.0006228999991435558,
      0.0007015999981376808,
      0.0006046000016795006,
      0.0006672999988950323,
      0.0006423999984690454,
      0.000686799998220522,
      0.0006974999996600673,
      0.0006436000003304798,
      0.0006420999998226762,
      0.0006643999986408744,
      0.0006496999994851649,
      0.0006694000003335532,
      0.0006465999977081083,
      0.0006596999992325436,
      0.0006408999979612418,
      0.000588800001423806,
      0.0005969999983790331,
      0.0007110999977157917,
      0.0008158000018738676,
      0.0007088000020303298,
      0.0006826999997429084,
      0.0006285000017669518,
      0.0006281999994826037,
      0.0006524999989778735,
      0.0006694000003335532,
      0.0006652000010944903,
      0.0006293000005825888,
      0.0006475000009231735,
      0.0006677999990643002,
      0.0006386999993992504,
      0.0006821999995736405,
      0.0006814000007580034,
      0.0006305000024440233,
      0.0006390999988070689,
      0.0006531999970320612,
      0.0006523000010929536,
      0.0006389999980456196,
      0.0006557000015163794,
      0.00070189999678405,
      0.0006868999989819713
    ],