{
  "rank": 1,
  "world_size": 2,
  "num_steps": 60,
  "statistics": {
    "compute": {
      "count": 60,
      "min": 0.00882629999978235,
      "max": 0.10362259999965318,
      "mean": 0.012345180000071803,
      "std": 0.012190276252182419,
      "p95": 0.013910200003010686,
      "p99": 0.029933299996628193
    },
    "sync": {
      "count": 60,
      "min": 0.001454500001273118,
      "max": 0.009293899998738198,
      "mean": 0.0023764866664957177,
      "std": 0.0011383580199670034,
      "p95": 0.0038289000003715046,
      "p99": 0.0057243000010203104
    },
    "optim": {
      "count": 60,
      "min": 0.000616599998465972,
      "max": 0.0013292000003275461,
      "mean": 0.000716564999796295,
      "std": 8.74153092969781e-05,
      "p95": 0.0007598999982292298,
      "p99": 0.0008196000017051119
    },
    "iter": {
      "count": 60,
      "min": 0.011456299995188601,
      "max": 0.11424569999871892,
      "mean": 0.015438231666363815,
      "std": 0.013258869380205526,
      "p95": 0.01729969999723835,
      "p99": 0.036424499998247484
    },
    "grad_norm": {
      "count": 60,
      "min": 0.08581741154193878,
      "max": 0.2489321231842041,
      "mean": 0.1451546931018432,
      "std": 0.04046844358936811,
      "p95": 0.21515709161758423,
      "p99": 0.23637686669826508
    },
    "loss": {
      "count": 60,
      "min": 1.5955920219421387,
      "max": 1.6361620426177979,
      "mean": 1.6154985447724661,
      "std": 0.009459874898284653,
      "p95": 1.632383108139038,
      "p99": 1.635504126548767
    }
  },
  "trajectories": {
    "compute_times": [
      0.10362259999965318,
      0.029933299996628193,
      0.01014740000027814,
      0.009713699997519143,
      0.00986900000134483,
      0.01172710000173538,
      0.011079400002927287,
      0.010391800002253149,
      0.010209700001723832,
      0.010548099999141414,
      0.010441499998705694,
      0.010862600000109524,
      0.013910200003010686,
      0.009843200001341756,
      0.010766800001874799,
      0.01075459999992745,
      0.011275199998635799,
      0.010990600003424333,
      0.014861499999824446,
      0.010374400000728201,
      0.009927800001605647,
      0.009154700001090532,
      0.01050079999913578,
      0.011992199997621356,
      0.009748800002853386,
      0.010519600000407081,
      0.010202099998423364,
      0.010152500002732268,
      0.00910949999888544,
      0.01268770000024233,
      0.010500199998205062,
      0.01053410000167787,
      0.009167700001853518,
      0.01065039999957662,
      0.012149600002885563,
      0.00918200000160141,
      0.00936599999840837,
      0.010782499997731065,
      0.012157000001025153,
      0.011106800000561634,
      0.009051500001078239,
      0.009751699999469565,
      0.009767799998371629,
      0.009538999998767395,
      0.010297900000296067,
      0.010912400000961497,
      0.009541399998852285,
      0.01067979999788804,
      0.010279099999024766,
      0.010441200000059325,
      0.010075599999254337,
      0.010497899998881621,
      0.009170799999992596,
      0.009729699999297736,
      0.00882629999978235,
      0.010476899999048328,
      0.009311400001024595,
      0.009723199997097254,
      0.010595200001262128,
      0.01112729999658768
    ],
    "sync_times": [
      0.009293899998738198,
      0.0057243000010203104,
      0.0021997000003466383,
      0.0028990999999223277,
      0.0023313999990932643,
      0.002497199999197619,
      0.002342700001463527,
      0.0028268000023672357,
      0.0018942999995488208,
      0.0019227999982831534,
      0.0026820000020961743,
      0.0025014999991981313,
      0.0038289000003715046,
      0.00256950000039069,
      0.0019254999970144127,
      0.001454500001273118,
      0.0020698999978776556,
      0.001988399999390822,
      0.001719500000035623,
      0.002050700000836514,
      0.0035763999985647388,
      0.001762700001563644,
      0.0018397999992885161,
      0.0016140999978233594,
      0.002023099998041289,
      0.001655100000789389,
      0.0020272000001568813,
      0.001898900001833681,
      0.002088299999741139,
      0.001992599998629885,
      0.00178809999852092,
      0.0020374000014271587,
      0.002004099998885067,
      0.0016378999971493613,
      0.0015566999973088969,
      0.0018768999980238732,
      0.002002500001253793,
      0.0020681000023614615,
      0.004085299999132985,
      0.0028643000005104113,
      0.0030350000015459955,
      0.002161500000511296,
      0.0019117000010737684,
      0.0020145000016782433,
      0.0032119999996211845,
      0.0024067000013019424,
      0.0019901999985449947,
      0.0019074000010732561,
      0.0018643000003066845,
      0.002104200000758283,
      0.0022314999987429474,
      0.002100800000334857,
      0.0019570000004023314,
      0.0017394999995303806,
      0.001954199997271644,
      0.001873399996838998,
      0.003037300000869436,
      0.0020308999992266763,
      0.001836600000387989,
      0.002098400000249967
    ],
    "optim_times": [
      0.0013292000003275461,
      0.0007669000005989801,
      0.0007598999982292298,
      0.0008196000017051119,
      0.0006788000027881935,
      0.0007565000014437828,
      0.0007471999997505918,
      0.0006775000001653098,
      0.0007256999997480307,
      0.0007316000010177959,
      0.0006810000013501849,
      0.000751499999751104,
      0.000709100000676699,
      0.0006781999982194975,
      0.0007143000002542976,
      0.000667800002702279,
      0.0006781999982194975,
      0.0007518999991589226,
      0.0007186999973782804,
      0.0006590999983018264,
      0.0006820000016887207,
      0.0007207999988168012,
      0.0006444999999075662,
      0.0006938000005902722,
      0.0006887000017741229,
      0.0007406000004266389,
      0.0006973000017751474,
      0.0007121000016923063,
      0.0007474000012734905,
      0.0007282999977178406,
      0.0006791000014345627,
      0.0007545999978901818,
      0.0006782999989809468,
      0.000702199999068398,
      0.0007040999989840202,
      0.0007096999979694374,
      0.0006829999983892776,
      0.0006847000004199799,
      0.0007168999982241075,
      0.0007039999982225709,
      0.0007136999993235804,
      0.0006887999988975935,
      0.0007239000005938578,
      0.0007055999994918238,
      0.0006606999995710794,
      0.0006803999967814889,
      0.000616599998465972,
      0.0007017999996605795,
      0.0007174999991548248,
      0.0007134000006772112,
      0.0007350999985646922,
      0.0007312000016099773,
      0.0006759999996575061,
      0.0006731999965268187,
      0.0006757999981346074,
      0.0007396000000881031,
      0.000625900000159163,
      0.0007526000008510891,
      0.0007122000024537556,
      0.0006751000000804197
    ],