{
  "rank": 4,
  "world_size": 8,
  "num_steps": 60,
  "statistics": {
    "compute": {
      "count": 60,
      "min": 0.034139900002628565,
      "max": 0.2724631000019144,
      "mean": 0.12312851999995474,
      "std": 0.060869470958789695,
      "p95": 0.23664519999874756,
      "p99": 0.2650543000017933
    },
    "sync": {
      "count": 60,
      "min": 0.020750199997564778,
      "max": 0.23196050000115065,
      "mean": 0.049885473333233676,
      "std": 0.03969521221916003,
      "p95": 0.11444680000204244,
      "p99": 0.18186150000110501
    },
    "optim": {
      "count": 60,
      "min": 0.0008429999979853164,
      "max": 0.005222899999353103,
      "mean": 0.0013509700000213342,
      "std": 0.0007081807994844364,
      "p95": 0.0022779999999329448,
      "p99": 0.0032159000002138782
    },
    "iter": {
      "count": 60,
      "min": 0.06508319999920786,
      "max": 0.31424880000122357,
      "mean": 0.17436496333320975,
      "std": 0.06195708083646321,
      "p95": 0.2789571000030264,
      "p99": 0.2917911000040476
    },
    "grad_norm": {
      "count": 60,
      "min": 0.178546741604805,
      "max": 0.42565569281578064,
      "mean": 0.2595461909969648,
      "std": 0.05686316692905478,
      "p95": 0.3630068898200989,
      "p99": 0.38520604372024536
    },
    "loss": {
      "count": 60,
      "min": 2.2760839462280273,
      "max": 2.3424365520477295,
      "mean": 2.306874859333038,
      "std": 0.015345139976512516,
      "p95": 2.3343167304992676,
      "p99": 2.3368935585021973
    }
  },
  "trajectories": {
    "compute_times": [
      0.07813729999907082,
      0.07278460000088671,
      0.14921599999797763,
      0.22108959999968647,
      0.13190860000031535,
      0.041052799999306444,
      0.10893809999834048,
      0.039078400001017144,
      0.1367099999988568,
      0.07019749999744818,
      0.2650543000017933,
      0.06951379999736673,
      0.14187569999921834,
      0.03580630000215024,
      0.10027420000187703,
      0.1626128999996581,
      0.2724631000019144,
      0.17084809999869321,
      0.1434317999992345,
      0.16915620000145282,
      0.2543360000017856,
      0.13658740000028047,
      0.16055550000237417,
      0.1005894999980228,
      0.2178280000007362,
      0.1073952000006102,
      0.14008210000247345,
      0.13251089999903343,
      0.10364089999711723,
      0.23664519999874756,
      0.035209699999541044,
      0.10118909999800962,
      0.1650789999985136,
      0.10739669999748003,
      0.06503969999903347,
      0.07059789999766508,
      0.1966437999981281,
      0.1698727000002691,
      0.06463520000033895,
      0.10409750000326312,
      0.11349250000057509,
      0.17834450000009383,
      0.07681120000052033,
      0.10242110000035609,
      0.06586300000344636,
      0.13334519999989425,
      0.10413789999802248,
      0.036084999999729916,
      0.03552499999932479,
      0.1391275999994832,
      0.06655750000209082,
      0.2022343999997247,
      0.16390640000099665,
      0.07849370000258205,
      0.034139900002628565,
      0.06762700000035693,
      0.13512959999934537,
      0.06937029999971855,
      0.12124870000116061,
      0.2137693999975454
    ],
    "sync_times": [
      0.0754914999997709,
      0.042509399998380104,
      0.0735902000014903,
      0.03361389999918174,
      0.02159590000155731,
      0.04883030000200961,
      0.04266549999738345,
      0.027696599998307647,
      0.03421460000026855,
      0.04721559999961755,
      0.0212165000011737,
      0.171885800002201,
      0.02220390000002226,
      0.0409140000010666,
      0.11444680000204244,
      0.03174429999853601,
      0.0395076999993762,
      0.027793699999165256,
      0.04190770000059274,
      0.03460980000090785,
      0.03617149999990943,
      0.03641760000027716,
      0.037778899997647386,
      0.02542179999727523,
      0.05992070000138483,
      0.04346559999976307,
      0.031010800001240568,
      0.0390330999980506,
      0.028041300000040792,
      0.033179100002598716,
      0.0288643999992928,
      0.10259279999809223,
      0.10658500000135973,
      0.04264640000110376,
      0.020859100000961917,
      0.0464812999998685,
      0.04865369999970426,
      0.04068339999867021,
      0.026778299998113653,
      0.036864400000922615,
      0.03995550000036019,
      0.02874829999927897,
      0.10471650000181398,
      0.039932300001964904,
      0.031365200000436744,
      0.0337945999999647,
      0.031401000000187196,
      0.23196050000115065,
      0.03311389999726089,
      0.03223040000011679,
      0.038713199999619974,
      0.03869019999910961,
      0.020750199997564778,
      0.07231309999770019,
      0.18186150000110501,
      0.02418789999865112,
      0.03415129999848432,
      0.0404908999989857,
      0.0392098000011174,
      0.03043919999981881
    ],
    "optim_times": [
      0.0017796000029193237,
      0.001031299998430768,
      0.0031706000008853152,
      0.0008890999997674953,
      0.001077400000212947,
      0.0015916999982437119,
      0.0018113000005541835,
      0.0011178000022482593,
      0.0008663000007800292,
      0.001737999999022577,
      0.0010112999989360105,
      0.0009030000001075678,
      0.0010461999991093762,
      0.00110099999801605,
      0.0032159000002138782,
      0.0009060999982466456,
      0.0022779999999329448,
      0.0010629999997036066,
      0.00196200000209501,
      0.005222899999353103,
      0.001283600002352614,
      0.001077400000212947,
      0.0011713000021700282,
      0.0009886000007099938,
      0.0012084000009053852,
      0.0012633000005735084,
      0.0011216999992029741,
      0.001843199999711942,
      0.0008523000033164863,
      0.0009940999989339616,
      0.0010091000003740191,
      0.0010495000024093315,
      0.0018069999969156925,
      0.0019044000000576489,
      0.0008555999993404839,
      0.0016426000001956709,
      0.0008950000010372605,
      0.0014034999985597096,
      0.0010125999979209155,
      0.0012435999997251201,
      0.0013690000014321413,
      0.0009222999979101587,
      0.0010261000024911482,
      0.0014947000017855316,
      0.0009047000021382701,
      0.0011501000008138362,
      0.001041599996824516,
      0.0008429999979853164,
      0.0008831000013742596,
      0.0008892000005289447,
      0.0021202999996603467,
      0.001344799999060342,
      0.0010443999999552034,
      0.0009487999996053986,
      0.001101800000469666,
      0.0010347999996156432,
      0.0008516999987477902,
      0.0014076999977987725,
      0.0012367999988782685,
      0.001034000000800006
    ],