{
  "rank": 0,
  "world_size": 2,
  "num_steps": 10,
  "statistics": {
    "compute": {
      "count": 10,
      "min": 0.0077342000004136935,
      "max": 0.1520261000005121,
      "mean": 0.02406035999993037,
      "std": 0.042763788824235524,
      "p95": 0.01801030000206083,
      "p99": 0.01801030000206083
    },
    "sync": {
      "count": 10,
      "min": 0.0022744999987480696,
      "max": 0.018834099999367027,
      "mean": 0.0054148599996551635,
      "std": 0.005888464464701638,
      "p95": 0.015313100000639679,
      "p99": 0.015313100000639679
    },
    "optim": {
      "count": 10,
      "min": 0.000608899998042034,
      "max": 0.0011290000002190936,
      "mean": 0.0006890499993460253,
      "std": 0.00014768043406375772,
      "p95": 0.0006716999996569939,
      "p99": 0.0006716999996569939
    },
    "iter": {
      "count": 10,
      "min": 0.010851600000023609,
      "max": 0.16846820000137086,
      "mean": 0.03016426999893156,
      "std": 0.04639982920663342,
      "p95": 0.027239999999437714,
      "p99": 0.027239999999437714
    },
    "grad_norm": {
      "count": 10,
      "min": 0.36427557468414307,
      "max": 0.8137511014938354,
      "mean": 0.5645570427179336,
      "std": 0.1146897565188216,
      "p95": 0.6117755770683289,
      "p99": 0.6117755770683289
    },
    "loss": {
      "count": 10,
      "min": 1.558122992515564,
      "max": 1.7288082838058472,
      "mean": 1.606119656562805,
      "std": 0.046801970386364536,
      "p95": 1.6353087425231934,
      "p99": 1.6353087425231934
    }
  },
  "trajectories": {
    "compute_times": [
      0.1520261000005121,
      0.008497899998474168,
      0.012595199998031603,
      0.008096999998087995,
      0.01801030000206083,
      0.0077342000004136935,
      0.008749900000111666,
      0.009014300001581432,
      0.007971399998496054,
      0.007907300001534168
    ],
    "sync_times": [
      0.015313100000639679,
      0.002593400000478141,
      0.0024032000001170672,
      0.0023680000012973323,
      0.003261699999711709,
      0.018834099999367027,
      0.0022744999987480696,
      0.002384799998253584,
      0.002411099998425925,
      0.0023046999995131046
    ],
    "optim_times": [
      0.0011290000002190936,
      0.0006457999988924712,
      0.000608899998042034,
      0.0006589000004169066,
      0.0006283000002440531,
      0.0006716999996569939,
      0.0006310999997367617,
      0.0006536000000778586,
      0.0006235999971977435,
      0.0006395999989763368
    ],
    "iter_times": [
      0.16846820000137086,
      0.01173709999784478,
      0.015607299996190704,
      0.011123899999802234,
      0.021900300002016593,
      0.027239999999437714,
      0.011655499998596497,
      0.012052699999912875,
      0.011006099994119722,
      0.010851600000023609
    ],
    "grad_norms": [
      0.8137511014938354,
      0.5572115182876587,
      0.5920475125312805,
      0.47001731395721436,
      0.6011295318603516,
      0.6117755770683289,
      0.36427557468414307,
      0.44688358902931213,
      0.5800380110740662,
      0.6084406971931458
    ],
    "losses": [
      1.5989478826522827,
      1.558122992515564,
      1.5667717456817627,
      1.6020376682281494,
      1.7288082838058472,
      1.6225327253341675,
      1.5754647254943848,
      1.5792310237884521,
      1.593970775604248,
      1.6353087425231934
    ],
    "bytes_transferred": [
      27188,
      27188,
      27188,
      27188,
      27188,
      27188,
      27188,
      27188,
      27188,
      27188
    ],
    "epochs": [
      0,
      0,
      0,
      0,
      0,
      0,
      0,
      0,
      0,
      0
    ],
    "steps": [
      0,
      1,
      2,
      3,
      4,
      5,
      6,
      7,
      8,
      9
    ]
  }
}