{
  "rank": 5,
  "world_size": 8,
  "num_steps": 10,
  "statistics": {
    "compute": {
      "count": 10,
      "min": 0.15995059999841033,
      "max": 0.3208611000009114,
      "mean": 0.22503628999984357,
      "std": 0.06549822155359848,
      "p95": 0.3200286999999662,
      "p99": 0.3200286999999662
    },
    "sync": {
      "count": 10,
      "min": 0.027866999997058883,
      "max": 0.17919009999968694,
      "mean": 0.06458420000053593,
      "std": 0.04273066485530872,
      "p95": 0.08898780000163242,
      "p99": 0.08898780000163242
    },
    "optim": {
      "count": 10,
      "min": 0.0008422999999311287,
      "max": 0.0047591000002285,
      "mean": 0.0015539200005150633,
      "std": 0.0010978133948431042,
      "p95": 0.001671000001806533,
      "p99": 0.001671000001806533
    },
    "iter": {
      "count": 10,
      "min": 0.21319869999933871,
      "max": 0.37514150000424706,
      "mean": 0.29117441000089456,
      "std": 0.06336165984806713,
      "p95": 0.37154280000322615,
      "p99": 0.37154280000322615
    },
    "grad_norm": {
      "count": 10,
      "min": 0.1444212943315506,
      "max": 0.25026628375053406,
      "mean": 0.1902051106095314,
      "std": 0.030359738828486443,
      "p95": 0.22816917300224304,
      "p99": 0.22816917300224304
    },
    "loss": {
      "count": 10,
      "min": 2.2941489219665527,
      "max": 2.3180932998657227,
      "mean": 2.305549478530884,
      "std": 0.006886194999803613,
      "p95": 2.3143696784973145,
      "p99": 2.3143696784973145
    }
  },
  "trajectories": {
    "compute_times": [
      0.3208611000009114,
      0.31053260000044247,
      0.17247330000100192,
      0.15995059999841033,
      0.18505960000038613,
      0.2569389999989653,
      0.16299699999945005,
      0.1809849999990547,
      0.18053599999984726,
      0.3200286999999662
    ],
    "sync_times": [
      0.05260940000152914,
      0.05974440000136383,
      0.039600699998118216,
      0.0814079000010679,
      0.03699060000144527,
      0.027866999997058883,
      0.08898780000163242,
      0.0471114000029047,
      0.17919009999968694,
      0.032332700000551995
    ],
    "optim_times": [
      0.001671000001806533,
      0.0012658000014198478,
      0.0011247000002185814,
      0.0012744000014208723,
      0.0047591000002285,
      0.0015694000030634925,
      0.0008422999999311287,
      0.0009993999992730096,
      0.00113489999785088,
      0.0008981999999377877
    ],
    "iter_times": [
      0.37514150000424706,
      0.37154280000322615,
      0.21319869999933871,
      0.2426329000008991,
      0.2268093000020599,
      0.2863753999990877,
      0.2528271000010136,
      0.22909580000123242,
      0.3608609999973851,
      0.353259600000456
    ],
    "grad_norms": [
      0.1747829020023346,
      0.18067538738250732,
      0.1444212943315506,
      0.154531791806221,
      0.20896455645561218,
      0.17949312925338745,
      0.22816917300224304,
      0.25026628375053406,
      0.19185641407966614,
      0.18889017403125763
    ],
    "losses": [
      2.3050053119659424,
      2.3180932998657227,
      2.3062784671783447,
      2.296992301940918,
      2.302175760269165,
      2.309704303741455,
      2.2941489219665527,
      2.3143696784973145,
      2.305699348449707,
      2.303027391433716
    ],
    "bytes_transferred": [
      208552,
      208552,
      208552,
      208552,
      208552,
      208552,
      208552,
      208552,
      208552,
      208552
    ],
    "epochs": [
      0,
      0,
      0,
      0,
      0,
      0,
      0,
      0,
      0,
      0
    ],
    "steps": [
      0,
      1,
      2,
      3,
      4,
      5,
      6,
      7,
      8,
      9
    ]
  }
}