{
  "rank": 6,
  "world_size": 8,
  "num_steps": 10,
  "statistics": {
    "compute": {
      "count": 10,
      "min": 0.06670000000303844,
      "max": 0.31964499999958207,
      "mean": 0.2114451299999928,
      "std": 0.07821201273804737,
      "p95": 0.3056394999985059,
      "p99": 0.3056394999985059
    },
    "sync": {
      "count": 10,
      "min": 0.03064470000026631,
      "max": 1.0622583000003942,
      "mean": 0.15302986999995483,
      "std": 0.30355422957997563,
      "p95": 0.08571630000005825,
      "p99": 0.08571630000005825
    },
    "optim": {
      "count": 10,
      "min": 0.0008487999984936323,
      "max": 0.007523599997512065,
      "mean": 0.002487469999687164,
      "std": 0.0023523336046216083,
      "p95": 0.006536799999594223,
      "p99": 0.006536799999594223
    },
    "iter": {
      "count": 10,
      "min": 0.21327499999824795,
      "max": 1.131937200003449,
      "mean": 0.3669624699996348,
      "std": 0.26133806509613927,
      "p95": 0.3757330999978876,
      "p99": 0.3757330999978876
    },
    "grad_norm": {
      "count": 10,
      "min": 0.1444212943315506,
      "max": 0.25026628375053406,
      "mean": 0.19020511209964752,
      "std": 0.0303597383027215,
      "p95": 0.22816917300224304,
      "p99": 0.22816917300224304
    },
    "loss": {
      "count": 10,
      "min": 2.3032147884368896,
      "max": 2.324418067932129,
      "mean": 2.3125251054763796,
      "std": 0.006968172176747614,
      "p95": 2.3208515644073486,
      "p99": 2.3208515644073486
    }
  },
  "trajectories": {
    "compute_times": [
      0.06670000000303844,
      0.3056394999985059,
      0.16714329999740585,
      0.16092890000072657,
      0.190995799999655,
      0.2576872999998159,
      0.19930720000047586,
      0.14527459999953862,
      0.31964499999958207,
      0.30112970000118366
    ],
    "sync_times": [
      1.0622583000003942,
      0.0600272000010591,
      0.04518409999946016,
      0.07773169999927632,
      0.042987900000298396,
      0.04360559999986435,
      0.032591600000159815,
      0.08571630000005825,
      0.04955129999871133,
      0.03064470000026631
    ],
    "optim_times": [
      0.002978900000016438,
      0.0009735999992699362,
      0.000947600001381943,
      0.0012255000001459848,
      0.0012311999998928513,
      0.007523599997512065,
      0.0012177999997220468,
      0.001390900000842521,
      0.006536799999594223,
      0.0008487999984936323
    ],
    "iter_times": [
      1.131937200003449,
      0.36664029999883496,
      0.21327499999824795,
      0.23988610000014887,
      0.23521489999984624,
      0.3088164999971923,
      0.23311660000035772,
      0.2323818000004394,
      0.3757330999978876,
      0.3326231999999436
    ],
    "grad_norms": [
      0.1747829020023346,
      0.18067538738250732,
      0.1444212943315506,
      0.154531791806221,
      0.20896455645561218,
      0.17949314415454865,
      0.22816917300224304,
      0.25026628375053406,
      0.19185641407966614,
      0.18889017403125763
    ],
    "losses": [
      2.304875373840332,
      2.311357021331787,
      2.309779644012451,
      2.308905601501465,
      2.318608522415161,
      2.3208515644073486,
      2.317491054534912,
      2.324418067932129,
      2.3032147884368896,
      2.3057494163513184
    ],
    "bytes_transferred": [
      208552,
      208552,
      208552,
      208552,
      208552,
      208552,
      208552,
      208552,
      208552,
      208552
    ],
    "epochs": [
      0,
      0,
      0,
      0,
      0,
      0,
      0,
      0,
      0,
      0
    ],
    "steps": [
      0,
      1,
      2,
      3,
      4,
      5,
      6,
      7,
      8,
      9
    ]
  }
}