{
  "rank": 1,
  "world_size": 2,
  "num_steps": 10,
  "statistics": {
    "compute": {
      "count": 10,
      "min": 0.007557599998108344,
      "max": 0.1894971000001533,
      "mean": 0.030123270000694903,
      "std": 0.05339071288340592,
      "p95": 0.024870999997801846,
      "p99": 0.024870999997801846
    },
    "sync": {
      "count": 10,
      "min": 0.0014982000029704068,
      "max": 0.009110999999393243,
      "mean": 0.0029796300001180497,
      "std": 0.0023073474941270886,
      "p95": 0.005320000000210712,
      "p99": 0.005320000000210712
    },
    "optim": {
      "count": 10,
      "min": 0.0005365000033634715,
      "max": 0.0012811000015062746,
      "mean": 0.0007418200009851716,
      "std": 0.0001885921460009626,
      "p95": 0.0007557999997516163,
      "p99": 0.0007557999997516163
    },
    "iter": {
      "count": 10,
      "min": 0.010855300002731383,
      "max": 0.1998892000010528,
      "mean": 0.033844720001798126,
      "std": 0.055588245049189244,
      "p95": 0.02714479999485775,
      "p99": 0.02714479999485775
    },
    "grad_norm": {
      "count": 10,
      "min": 0.36427557468414307,
      "max": 0.8137511014938354,
      "mean": 0.5645570427179336,
      "std": 0.1146897565188216,
      "p95": 0.6117755770683289,
      "p99": 0.6117755770683289
    },
    "loss": {
      "count": 10,
      "min": 1.529118537902832,
      "max": 1.676133394241333,
      "mean": 1.603178858757019,
      "std": 0.041129063692000825,
      "p95": 1.6405508518218994,
      "p99": 1.6405508518218994
    }
  },
  "trajectories": {
    "compute_times": [
      0.1894971000001533,
      0.011295500000414904,
      0.012937900002725655,
      0.008570599999075057,
      0.019620500002929475,
      0.024870999997801846,
      0.009263200001441874,
      0.009328200001618825,
      0.008291100002679741,
      0.007557599998108344
    ],
    "sync_times": [
      0.009110999999393243,
      0.005320000000210712,
      0.001901300001918571,
      0.00176850000207196,
      0.0014982000029704068,
      0.0015538999978161883,
      0.0018386000010650605,
      0.0019393000002310146,
      0.0020276999966881704,
      0.0028377999988151714
    ],
    "optim_times": [
      0.0012811000015062746,
      0.0007284999992407393,
      0.0007024000005912967,
      0.0006827000033808872,
      0.0007003999999142252,
      0.0007198999992397148,
      0.0006467000021075364,
      0.0007557999997516163,
      0.0005365000033634715,
      0.0006642000007559545
    ],
    "iter_times": [
      0.1998892000010528,
      0.017343999999866355,
      0.015541600005235523,
      0.011021800004527904,
      0.021819100005814107,
      0.02714479999485775,
      0.01174850000461447,
      0.012023300001601456,
      0.010855300002731383,
      0.01105959999767947
    ],
    "grad_norms": [
      0.8137511014938354,
      0.5572115182876587,
      0.5920475125312805,
      0.47001731395721436,
      0.6011295318603516,
      0.6117755770683289,
      0.36427557468414307,
      0.44688358902931213,
      0.5800380110740662,
      0.6084406971931458
    ],
    "losses": [
      1.579476237297058,
      1.580283522605896,
      1.676133394241333,
      1.529118537902832,
      1.625550389289856,
      1.5658472776412964,
      1.6402308940887451,
      1.5852594375610352,
      1.6405508518218994,
      1.6093380451202393
    ],
    "bytes_transferred": [
      27188,
      27188,
      27188,
      27188,
      27188,
      27188,
      27188,
      27188,
      27188,
      27188
    ],
    "epochs": [
      0,
      0,
      0,
      0,
      0,
      0,
      0,
      0,
      0,
      0
    ],
    "steps": [
      0,
      1,
      2,
      3,
      4,
      5,
      6,
      7,
      8,
      9
    ]
  }
}