{
  "rank": 3,
  "world_size": 4,
  "num_steps": 60,
  "statistics": {
    "compute": {
      "count": 60,
      "min": 0.006382899999152869,
      "max": 0.13385050000215415,
      "mean": 0.010685448333727738,
      "std": 0.016169777570839153,
      "p95": 0.012374500001897104,
      "p99": 0.01981280000109109
    },
    "sync": {
      "count": 60,
      "min": 0.011288800000329502,
      "max": 0.07008519999726559,
      "mean": 0.022607581666610106,
      "std": 0.010065510680380077,
      "p95": 0.037135399998078356,
      "p99": 0.04636219999883906
    },
    "optim": {
      "count": 60,
      "min": 0.0007361999996646773,
      "max": 0.008758899999520509,
      "mean": 0.0011805333332934728,
      "std": 0.0011006269411851786,
      "p95": 0.0015106000028026756,
      "p99": 0.003901899999618763
    },
    "iter": {
      "count": 60,
      "min": 0.018674899998586625,
      "max": 0.21269459999894025,
      "mean": 0.034473563333631316,
      "std": 0.024709279872590927,
      "p95": 0.04851549999875715,
      "p99": 0.05678199999965727
    },
    "grad_norm": {
      "count": 60,
      "min": 0.44630756974220276,
      "max": 0.4947371184825897,
      "mean": 0.4704527293642362,
      "std": 0.010540830627431313,
      "p95": 0.4877627491950989,
      "p99": 0.491964727640152
    },
    "loss": {
      "count": 60,
      "min": 2.2741029262542725,
      "max": 2.345237970352173,
      "mean": 2.309749495983124,
      "std": 0.0168642410066003,
      "p95": 2.336594581604004,
      "p99": 2.341773509979248
    }
  },
  "trajectories": {
    "compute_times": [
      0.13385050000215415,
      0.010342300000047544,
      0.01155569999900763,
      0.00793089999933727,
      0.009581500002241228,
      0.006573099999513943,
      0.007503300003008917,
      0.012656099999730941,
      0.007849899997381726,
      0.008709599998837803,
      0.0086568000006082,
      0.01981280000109109,
      0.010444300001836382,
      0.009062900000571972,
      0.012374500001897104,
      0.009038399999553803,
      0.00906560000294121,
      0.008124399999360321,
      0.006686299999273615,
      0.011122700001578778,
      0.007811299998138566,
      0.011797999999544118,
      0.007087300000421237,
      0.006824399999459274,
      0.0075246000014885794,
      0.008208100000047125,
      0.008030899996811058,
      0.007446499999787193,
      0.008591800000431249,
      0.007533700001658872,
      0.008147000000462867,
      0.007978599998750724,
      0.0070364999992307276,
      0.007108800000423798,
      0.007025300001259893,
      0.007992100003320957,
      0.007182299999840325,
      0.008863800001563504,
      0.00684220000039204,
      0.008553300001949538,
      0.010583900002529845,
      0.008366199999727542,
      0.006382899999152869,
      0.00840299999981653,
      0.008101999999780674,
      0.008282300001155818,
      0.00943570000163163,
      0.007033699999738019,
      0.00842700000066543,
      0.0070564000016020145,
      0.008588400000007823,
      0.008131200000207173,
      0.006464599999162601,
      0.0072999000003619585,
      0.007955600001878338,
      0.006466599999839673,
      0.009887799998978153,
      0.008130000001983717,
      0.006649200000538258,
      0.010952399999951012
    ],
    "sync_times": [
      0.07008519999726559,
      0.017413999998098006,
      0.02236840000114171,
      0.013010599999688566,
      0.04636219999883906,
      0.01264429999719141,
      0.0345960999984527,
      0.022030000000086147,
      0.016772800001490396,
      0.024177300001611002,
      0.016443599997728597,
      0.01495729999805917,
      0.023949700000230223,
      0.01517990000138525,
      0.01901010000074166,
      0.01308440000138944,
      0.031699099999968894,
      0.025332400000479538,
      0.022291299999778857,
      0.04140750000078697,
      0.01934110000001965,
      0.016600400002062088,
      0.021484400000190362,
      0.016608699999778764,
      0.018565000002126908,
      0.03512109999792301,
      0.020354000000224914,
      0.013376399998378474,
      0.01858150000043679,
      0.013963400000648107,
      0.011971700001595309,
      0.016151299998455215,
      0.02302369999961229,
      0.02483060000304249,
      0.03520520000165561,
      0.023283599999558646,
      0.014440200000535697,
      0.025749400003405754,
      0.016308099999150727,
      0.021266200001264224,
      0.02907520000007935,
      0.015139999999519205,
      0.037135399998078356,
      0.02340080000067246,
      0.015805299997737166,
      0.01704790000076173,
      0.03063579999798094,
      0.014561199997842778,
      0.014244800000597024,
      0.027824500000861008,
      0.014817999999650056,
      0.026980599999660626,
      0.011924200000066776,
      0.027364800000214018,
      0.024378000001888722,
      0.011288800000329502,
      0.030655400001705857,
      0.02354889999696752,
      0.014862199997878633,
      0.03672089999963646
    ],
    "optim_times": [
      0.008758899999520509,
      0.0008348999981535599,
      0.0008472999979858287,
      0.0011064999998779967,
      0.0008382999985769857,
      0.0009422000002814457,
      0.0009948999977495987,
      0.0010474999980942812,
      0.0013966000005893875,
      0.0010373000004619826,
      0.0011472999976831488,
      0.0008273999992525205,
      0.0015106000028026756,
      0.0014396000005945098,
      0.0008498000024701469,
      0.0012652999976126011,
      0.003901899999618763,
      0.0008572000006097369,
      0.0009812999996938743,
      0.0009178000000247266,
      0.0007361999996646773,
      0.0010178999982599635,
      0.0009102000003622379,
      0.0011048000014852732,
      0.0012977000005776063,
      0.0012266999983694404,
      0.0009949000013875775,
      0.000908900001377333,
      0.0010547999991104007,
      0.0009237999984179623,
      0.0010830999999598134,
      0.0010795000016514678,
      0.0009591999987605959,
      0.0008704000028956216,
      0.000913399999262765,
      0.000881299998582108,
      0.000756800000090152,
      0.0009042000019690022,
      0.0007700000023760367,
      0.0009375000008731149,
      0.0030598999983340036,
      0.0008272000013676006,
      0.0009067999999388121,
      0.0010130000009667128,
      0.0009391999992658384,
      0.0008312999998452142,
      0.0007915000023785979,
      0.000835999999253545,
      0.0007733999991614837,
      0.0011131000028399285,
      0.0008531999992555939,
      0.0007416000007651746,
      0.0008560999995097518,
      0.0009647000006225426,
      0.000790699999924982,
      0.0009194999984174501,
      0.0009319999990111683,
      0.0008092999996733852,
      0.0011974000008194707,
      0.0008421999991696794
    ],