{
  "rank": 0,
  "world_size": 4,
  "num_steps": 60,
  "statistics": {
    "compute": {
      "count": 60,
      "min": 0.005846600000950275,
      "max": 0.0962279999985185,
      "mean": 0.009894036666628381,
      "std": 0.011446916715523803,
      "p95": 0.013378700001339894,
      "p99": 0.01870999999664491
    },
    "sync": {
      "count": 60,
      "min": 0.010509599997021724,
      "max": 0.06943740000133403,
      "mean": 0.02272503833337396,
      "std": 0.010104345585417406,
      "p95": 0.03794480000215117,
      "p99": 0.04654030000165221
    },
    "optim": {
      "count": 60,
      "min": 0.0007087000012688804,
      "max": 0.008580499998060986,
      "mean": 0.0012189116664861406,
      "std": 0.0010862635688783067,
      "p95": 0.0026484000009077135,
      "p99": 0.0035475000004225876
    },
    "iter": {
      "count": 60,
      "min": 0.019055100001423853,
      "max": 0.1742458999979135,
      "mean": 0.03383798666648848,
      "std": 0.020094616495808564,
      "p95": 0.04787900000519585,
      "p99": 0.056941100003314205
    },
    "grad_norm": {
      "count": 60,
      "min": 0.44630753993988037,
      "max": 0.4947371482849121,
      "mean": 0.47045272986094155,
      "std": 0.010540832727285655,
      "p95": 0.4877627491950989,
      "p99": 0.491964727640152
    },
    "loss": {
      "count": 60,
      "min": 2.2688159942626953,
      "max": 2.359449625015259,
      "mean": 2.3080132881800335,
      "std": 0.01969640827491417,
      "p95": 2.344005584716797,
      "p99": 2.348041534423828
    }
  },
  "trajectories": {
    "compute_times": [
      0.0962279999985185,
      0.00931019999916316,
      0.013378700001339894,
      0.009038200001668883,
      0.008914699999877485,
      0.006306899998890003,
      0.00663189999977476,
      0.011583300001802854,
      0.008988899997348199,
      0.013802500001474982,
      0.008342799999809358,
      0.01870999999664491,
      0.009760799999639858,
      0.008728000000701286,
      0.008399899998039473,
      0.008820399998512585,
      0.008043400001042755,
      0.00789459999941755,
      0.006175899998197565,
      0.01191359999938868,
      0.007630699998117052,
      0.008155100000294624,
      0.007122200000594603,
      0.006357099999149796,
      0.006908100000146078,
      0.007252300001709955,
      0.007424600000376813,
      0.0073574000016378704,
      0.008106000001134817,
      0.007246000001032371,
      0.009388099999341648,
      0.009909399999742163,
      0.0072892999996838626,
      0.006161199999041855,
      0.0065108999988297,
      0.008549500002118293,
      0.008244799999374663,
      0.01020060000155354,
      0.006877799998619594,
      0.008124399999360321,
      0.01105489999827114,
      0.011619199998676777,
      0.007301300000108313,
      0.0077908999992359895,
      0.00840519999837852,
      0.007412999999360181,
      0.0087853000004543,
      0.006829100002505584,
      0.008571500002290122,
      0.0062356999987969175,
      0.007832800001779106,
      0.0073190999974031,
      0.007052100001601502,
      0.0065353999998478685,
      0.0074507000026642345,
      0.0062813000004098285,
      0.010148400000616675,
      0.007334499998250976,
      0.005846600000950275,
      0.00804700000298908
    ],
    "sync_times": [
      0.06943740000133403,
      0.015045099997223588,
      0.021178200000576908,
      0.011749900000722846,
      0.04654030000165221,
      0.012538400002085837,
      0.03608399999939138,
      0.022894800000358373,
      0.0163462000018626,
      0.018277899998793146,
      0.014694000001327367,
      0.01559810000253492,
      0.024587700001575286,
      0.021241800001007505,
      0.01841250000143191,
      0.013681699998414842,
      0.032393100002082065,
      0.025793299999349983,
      0.024585499999375315,
      0.03842350000195438,
      0.023228099998959806,
      0.016374699996958952,
      0.021209700000326848,
      0.017835399998148205,
      0.020010299998830305,
      0.03495100000145612,
      0.020312000000558328,
      0.013112900000123773,
      0.019129000000248197,
      0.014752300001418917,
      0.01180729999759933,
      0.017788599998311838,
      0.022651700001006247,
      0.026088300000992604,
      0.035504600000422215,
      0.02259770000091521,
      0.012364599999273196,
      0.02422879999721772,
      0.01609630000166362,
      0.02037650000056601,
      0.032079000000521773,
      0.010509599997021724,
      0.03633600000102888,
      0.02351479999924777,
      0.017402199999196455,
      0.016371599998819875,
      0.031103599998459686,
      0.015295599998353282,
      0.013460099999065278,
      0.028526199999760138,
      0.015206899999611778,
      0.02639130000170553,
      0.01206850000016857,
      0.02842660000169417,
      0.024571899997681612,
      0.01204649999999674,
      0.030801199998677475,
      0.02451140000266605,
      0.01701129999855766,
      0.03794480000215117
    ],
    "optim_times": [
      0.008580499998060986,
      0.0008405000007769559,
      0.0023158000003604684,
      0.0012982999978703447,
      0.0014861000017845072,
      0.0009151000012934674,
      0.0011555000019143336,
      0.0010048999974969774,
      0.00102839999817661,
      0.002655399999639485,
      0.00093620000188821,
      0.0007829999995010439,
      0.0008711999980732799,
      0.0013531000004149973,
      0.001153199998952914,
      0.0009567000015522353,
      0.0026484000009077135,
      0.0007826000000932254,
      0.0009110999999393243,
      0.0009050000007846393,
      0.0013569000002462417,
      0.0012067000025126617,
      0.0007990999984031077,
      0.0010300000030838419,
      0.0008186999984900467,
      0.001057800000126008,
      0.0009090999992622528,
      0.0008013000006030779,
      0.0008202000026358292,
      0.0009181999994325452,
      0.0009011000001919456,
      0.0009021000005304813,
      0.0009065999984159134,
      0.0010586999997030944,
      0.0009852999974100385,
      0.0012333999984548427,
      0.0007087000012688804,
      0.0011599999997997656,
      0.0035475000004225876,
      0.0008691999973962083,
      0.001027599999360973,
      0.0010201999975834042,
      0.0009797999991860706,
      0.0008011999998416286,
      0.0009868999986792915,
      0.000748799997381866,
      0.0007358000002568588,
      0.0009613000001991168,
      0.0007991999991645571,
      0.0009277999997721054,
      0.001097799999115523,
      0.000722100001439685,
      0.0008715999974810984,
      0.0008966000023065135,
      0.000743799999327166,
      0.0007273000010172836,
      0.0008172000016202219,
      0.0008596999978180975,
      0.0009511999996902887,
      0.0018872000000556
    ],