{
  "rank": 2,
  "world_size": 4,
  "num_steps": 60,
  "statistics": {
    "compute": {
      "count": 60,
      "min": 0.0060541999991983175,
      "max": 0.11881580000044778,
      "mean": 0.010592803333080762,
      "std": 0.014306340002727427,
      "p95": 0.014292699997895397,
      "p99": 0.019807799999398412
    },
    "sync": {
      "count": 60,
      "min": 0.010589199999230914,
      "max": 0.06927920000089216,
      "mean": 0.022591919999952855,
      "std": 0.010667076626425508,
      "p95": 0.04042620000109309,
      "p99": 0.05323399999906542
    },
    "optim": {
      "count": 60,
      "min": 0.0006940999992366415,
      "max": 0.008471900000586174,
      "mean": 0.0010952916668126515,
      "std": 0.0009970156695714633,
      "p95": 0.0018216999997093808,
      "p99": 0.0021247999975457788
    },
    "iter": {
      "count": 60,
      "min": 0.018594299999676878,
      "max": 0.19656690000192611,
      "mean": 0.034280014999846266,
      "std": 0.02292818384040296,
      "p95": 0.049854899996716995,
      "p99": 0.06129030000374769
    },
    "grad_norm": {
      "count": 60,
      "min": 0.44630756974220276,
      "max": 0.4947371482849121,
      "mean": 0.47045273184776304,
      "std": 0.01054082957339613,
      "p95": 0.4877627193927765,
      "p99": 0.491964727640152
    },
    "loss": {
      "count": 60,
      "min": 2.259831666946411,
      "max": 2.35788631439209,
      "mean": 2.3058672626813252,
      "std": 0.021979559341913316,
      "p95": 2.3349618911743164,
      "p99": 2.3509340286254883
    }
  },
  "trajectories": {
    "compute_times": [
      0.11881580000044778,
      0.011511499997141073,
      0.007766099999571452,
      0.010800899999594549,
      0.01095069999792031,
      0.006713800001307391,
      0.006323999998130603,
      0.01079560000289348,
      0.008307799998874543,
      0.015440899998793611,
      0.008609100001194747,
      0.019807799999398412,
      0.008918800001993077,
      0.010276300003170036,
      0.00857729999916046,
      0.00837889999820618,
      0.012664999998378335,
      0.012239799998496892,
      0.007079000002704561,
      0.0120320999994874,
      0.014292699997895397,
      0.007600199998705648,
      0.007467799998266855,
      0.0076493999986269046,
      0.007043200002954109,
      0.007645199999387842,
      0.006932699998287717,
      0.00810520000231918,
      0.008297500000480795,
      0.008930799998779548,
      0.008814599998004269,
      0.0070573999983025715,
      0.0074931000017386395,
      0.007085199998982716,
      0.006643500000791391,
      0.008519999999407446,
      0.007845799998904113,
      0.006563300001289463,
      0.007418999997753417,
      0.008959899998444598,
      0.010556599998380989,
      0.012206799998239148,
      0.008929800002078991,
      0.007896899998740992,
      0.008063099998253165,
      0.007402899998851353,
      0.006355099998472724,
      0.006831300001067575,
      0.009824900000239722,
      0.007060299998556729,
      0.009545400000206428,
      0.006857300002593547,
      0.0063241999996535014,
      0.007560900001408299,
      0.007624799996847287,
      0.0060541999991983175,
      0.006305900002189446,
      0.007304400001885369,
      0.006756700000551064,
      0.009729000001243548
    ],
    "sync_times": [
      0.06927920000089216,
      0.024936199999501696,
      0.015615899999829708,
      0.02109560000099009,
      0.026620199998433236,
      0.03759900000295602,
      0.025590000001102453,
      0.021183299999393057,
      0.018657500000699656,
      0.01383469999927911,
      0.01831039999888162,
      0.019789699999819277,
      0.01758970000082627,
      0.020984999999200227,
      0.01791909999883501,
      0.01659740000104648,
      0.02281809999840334,
      0.014679900003102375,
      0.05323399999906542,
      0.02015209999808576,
      0.018002400000113994,
      0.012582999999722233,
      0.016567099999519996,
      0.02226590000282158,
      0.02067660000102478,
      0.03727529999741819,
      0.017135300000518328,
      0.013930000000982545,
      0.012284299999009818,
      0.017689500000415137,
      0.016755299999204,
      0.014503400001558475,
      0.013901299997087335,
      0.021628999998938525,
      0.034263899997313274,
      0.028323300000920426,
      0.03250779999871156,
      0.01589109999986249,
      0.016290800002025208,
      0.021914599998126505,
      0.019308200000523357,
      0.03692130000126781,
      0.024738100000831764,
      0.012618000000657048,
      0.028134399999544257,
      0.02500290000170935,
      0.012432700001227204,
      0.023404799998388626,
      0.0248022999985551,
      0.014255199999752222,
      0.01800589999766089,
      0.010963299999275478,
      0.03965049999897019,
      0.01685419999921578,
      0.010589199999230914,
      0.0407134999986738,
      0.017622800001845462,
      0.01096730000062962,
      0.027227500002481975,
      0.04042620000109309
    ],
    "optim_times": [
      0.008471900000586174,
      0.0011020999991160352,
      0.0009095999994315207,
      0.0008665999994263984,
      0.0008859000008669682,
      0.0007562999999208841,
      0.0010302000009687617,
      0.0009757000007084571,
      0.0008683000014571007,
      0.0018216999997093808,
      0.0011932999987038784,
      0.00112749999971129,
      0.0008831999984977301,
      0.0012703000029432587,
      0.0012372000019240659,
      0.0010450999980093911,
      0.0009619999982533045,
      0.0008259999995061662,
      0.00097730000197771,
      0.0008496999980707187,
      0.0021247999975457788,
      0.0010930999997071922,
      0.0007235000011860393,
      0.0010949999996228144,
      0.000867300001118565,
      0.0009295000018028077,
      0.0008749999979045242,
      0.0008118000005197246,
      0.0007122000024537556,
      0.0009308000007877126,
      0.000872299999173265,
      0.0009552000010444317,
      0.0007370000021182932,
      0.0007741000008536503,
      0.000806100000772858,
      0.0007961000010254793,
      0.0009062999997695442,
      0.0009764999995240942,
      0.0010753999995358754,
      0.0008868000004440546,
      0.0007888000000093598,
      0.000726799997210037,
      0.001115600000048289,
      0.0007648999999219086,
      0.001039300001139054,
      0.0009298000004491769,
      0.0006940999992366415,
      0.0009456000007048715,
      0.0007832000010239426,
      0.0019911999988835305,
      0.0008683999985805713,
      0.0007736999978078529,
      0.0008665000023029279,
      0.0009831999996094964,
      0.0009336000002804212,
      0.0007949000028020237,
      0.000919999998586718,
      0.0007304000027943403,
      0.00105489999987185,
      0.0010039000007964205
    ],