{
  "rank": 4,
  "world_size": 8,
  "num_steps": 60,
  "statistics": {
    "compute": {
      "count": 60,
      "min": 0.03395769999769982,
      "max": 0.25912460000108695,
      "mean": 0.11050011166668507,
      "std": 0.061996865813537215,
      "p95": 0.20382400000016787,
      "p99": 0.2452075999972294
    },
    "sync": {
      "count": 60,
      "min": 0.0092545000006794,
      "max": 0.31304399999862653,
      "mean": 0.04855360833347125,
      "std": 0.04982690371477595,
      "p95": 0.1320298000027833,
      "p99": 0.1570142999989912
    },
    "optim": {
      "count": 60,
      "min": 0.0009506999995210208,
      "max": 0.002248200002213707,
      "mean": 0.0014662400001422308,
      "std": 0.000264486592283084,
      "p95": 0.0019208999983675312,
      "p99": 0.0019917999998142477
    },
    "iter": {
      "count": 60,
      "min": 0.04743589999634423,
      "max": 0.40180180000243126,
      "mean": 0.16051996000029856,
      "std": 0.06654340809165671,
      "p95": 0.25863400000162073,
      "p99": 0.2709127999987686
    },
    "grad_norm": {
      "count": 60,
      "min": 0.178546741604805,
      "max": 0.42565569281578064,
      "mean": 0.2595461909969648,
      "std": 0.056863164129608,
      "p95": 0.3630068600177765,
      "p99": 0.38520604372024536
    },
    "loss": {
      "count": 60,
      "min": 2.2760839462280273,
      "max": 2.3424365520477295,
      "mean": 2.306874859333038,
      "std": 0.01534513050726154,
      "p95": 2.3343167304992676,
      "p99": 2.3368935585021973
    }
  },
  "trajectories": {
    "compute_times": [
      0.08650960000159102,
      0.04459850000057486,
      0.07205129999783821,
      0.07308570000168402,
      0.03831740000168793,
      0.03517410000131349,
      0.1602954999980284,
      0.04711970000062138,
      0.03649500000028638,
      0.20382400000016787,
      0.10714390000066487,
      0.1363584000027913,
      0.14253040000039618,
      0.07017560000167578,
      0.10358420000193291,
      0.17009230000257958,
      0.1687197000028391,
      0.16949749999912456,
      0.04040089999762131,
      0.07361549999768613,
      0.10696509999979753,
      0.07253029999992577,
      0.17838169999959064,
      0.03563729999950738,
      0.11171749999994063,
      0.17391480000151205,
      0.03790839999783202,
      0.12620909999895957,
      0.17498150000028545,
      0.079880499997671,
      0.03395769999769982,
      0.1762985999994271,
      0.19982989999698475,
      0.04015559999970719,
      0.03564819999883184,
      0.12132239999846206,
      0.10842950000005658,
      0.03807719999895198,
      0.10441370000262395,
      0.13607150000098045,
      0.10955440000179806,
      0.0708076999981131,
      0.20262730000104057,
      0.06834750000052736,
      0.09367850000126055,
      0.1377503000003344,
      0.03769340000144439,
      0.035529000000678934,
      0.1675543999990623,
      0.1722966000015731,
      0.08832799999800045,
      0.07003450000047451,
      0.237072599997191,
      0.25912460000108695,
      0.03488800000195624,
      0.1741634999998496,
      0.2452075999972294,
      0.03577360000053886,
      0.1791678999979922,
      0.13848760000109905
    ],
    "sync_times": [
      0.31304399999862653,
      0.12140720000024885,
      0.018688899999688147,
      0.12199860000328044,
      0.01274570000168751,
      0.055128700001660036,
      0.05739430000176071,
      0.1320298000027833,
      0.050976800001080846,
      0.009492899996985216,
      0.09267630000249483,
      0.05035149999821442,
      0.01420979999966221,
      0.01753370000005816,
      0.05219769999894197,
      0.04766540000127861,
      0.0092545000006794,
      0.017577299997356022,
      0.016843199999129865,
      0.017987700000958284,
      0.07883149999906891,
      0.09346300000106567,
      0.0460665999999037,
      0.1526004000006651,
      0.05636380000214558,
      0.015332700000726618,
      0.012691500000073574,
      0.044106000001193024,
      0.04167319999760366,
      0.04981390000102692,
      0.011658999999781372,
      0.014769299999898067,
      0.014278599999670405,
      0.05289389999961713,
      0.0575250000001688,
      0.014820899999904213,
      0.018152100001316285,
      0.019021100000827573,
      0.1570142999989912,
      0.05144280000240542,
      0.049670600001263665,
      0.05213589999766555,
      0.014644899998529581,
      0.054579700001340825,
      0.018036299999948824,
      0.01368949999960023,
      0.052407099999982165,
      0.08995660000073258,
      0.0161526000010781,
      0.0604961999997613,
      0.03353839999908814,
      0.046467599997413345,
      0.01710869999806164,
      0.010330099998100195,
      0.05474560000220663,
      0.016779800000222167,
      0.011961200001678662,
      0.011040800000046147,
      0.010484200000064448,
      0.04726709999886225
    ],
    "optim_times": [
      0.002248200002213707,
      0.0019917999998142477,
      0.0013639999997394625,
      0.0014934999999240972,
      0.001654799998505041,
      0.0014036000029591378,
      0.0018658000008144882,
      0.001580100000865059,
      0.0018873000008170493,
      0.001213100000313716,
      0.0010000999973271973,
      0.001845099999627564,
      0.001707799998257542,
      0.0012005999997199979,
      0.0012592999992193654,
      0.0014340000016090926,
      0.0012142999985371716,
      0.001247000000148546,
      0.0014551999993273057,
      0.0013906000021961518,
      0.0011114000008092262,
      0.001953999999386724,
      0.0013108999992255121,
      0.0015514000006078277,
      0.001037699999869801,
      0.0015366000006906688,
      0.0013952000008430332,
      0.001711300003080396,
      0.0015325999993365258,
      0.0015926000014587771,
      0.0018191999988630414,
      0.001234799998201197,
      0.0012311000027693808,
      0.0014656000021204818,
      0.00159200000052806,
      0.0019208999983675312,
      0.0012561000003188383,
      0.0014012999999977183,
      0.001364399999147281,
      0.0013274000011733733,
      0.0009506999995210208,
      0.0014331999991554767,
      0.0013380999989749398,
      0.0011147000004712027,
      0.0016945000024861656,
      0.0014181999977154192,
      0.0014300000002549496,
      0.001442799999495037,
      0.0012452000009943731,
      0.001224699997692369,
      0.0015153000022110064,
      0.001205399999889778,
      0.0017866999987745658,
      0.0014580999995814636,
      0.0014835000001767185,
      0.0014265999998315237,
      0.0014652000027126633,
      0.0011784999987867195,
      0.001868399998784298,
      0.001491900002292823
    ],