{
  "rank": 3,
  "world_size": 4,
  "num_steps": 60,
  "statistics": {
    "compute": {
      "count": 60,
      "min": 0.014559399998688605,
      "max": 0.0868192000016279,
      "mean": 0.02114251333350694,
      "std": 0.011007636874873727,
      "p95": 0.03657229999953415,
      "p99": 0.05714589999843156
    },
    "sync": {
      "count": 60,
      "min": 0.003343000000313623,
      "max": 0.5152013999977498,
      "mean": 0.013866603333068876,
      "std": 0.06536026058039635,
      "p95": 0.008012700000108453,
      "p99": 0.02888810000149533
    },
    "optim": {
      "count": 60,
      "min": 0.0006748000014340505,
      "max": 0.0012974999990547076,
      "mean": 0.0007502083336779227,
      "std": 8.704974291065262e-05,
      "p95": 0.0008507999991707038,
      "p99": 0.000868900002387818
    },
    "iter": {
      "count": 60,
      "min": 0.019659300000057556,
      "max": 0.6033180999984324,
      "mean": 0.035759325000253736,
      "std": 0.07438893967652727,
      "p95": 0.0409323999992921,
      "p99": 0.07040369999958784
    },
    "grad_norm": {
      "count": 60,
      "min": 0.055469758808612823,
      "max": 0.16770526766777039,
      "mean": 0.105338454246521,
      "std": 0.028198734552574965,
      "p95": 0.15591979026794434,
      "p99": 0.15998475253582
    },
    "loss": {
      "count": 60,
      "min": 1.583978295326233,
      "max": 1.6321064233779907,
      "mean": 1.6113452196121216,
      "std": 0.010164756723375567,
      "p95": 1.627611517906189,
      "p99": 1.6302821636199951
    }
  },
  "trajectories": {
    "compute_times": [
      0.0868192000016279,
      0.05714589999843156,
      0.04073399999833782,
      0.01687139999921783,
      0.022390599999198457,
      0.01781689999916125,
      0.018708200001128716,
      0.01793040000120527,
      0.01761090000218246,
      0.01794789999985369,
      0.016775899999629473,
      0.019463399999949615,
      0.01816340000004857,
      0.018970199998875614,
      0.017316700002993457,
      0.01912850000007893,
      0.016676499999448424,
      0.01862030000120285,
      0.017413799996575108,
      0.020740699997986667,
      0.015461200000572717,
      0.01899540000158595,
      0.01514080000197282,
      0.018570100000943057,
      0.01593250000223634,
      0.015631899997970322,
      0.018278399998962414,
      0.02453629999945406,
      0.027794199999334523,
      0.024043500001425855,
      0.02669890000106534,
      0.018161100000725128,
      0.02711499999713851,
      0.015502499998547137,
      0.01622059999863268,
      0.016481600003317,
      0.01731160000053933,
      0.0162415000013425,
      0.01541440000073635,
      0.015458100002433639,
      0.019024999997782288,
      0.0176597000026959,
      0.015920800000458257,
      0.01706980000017211,
      0.016504100000020117,
      0.016230699999141507,
      0.018758500002149958,
      0.01643289999992703,
      0.01789650000137044,
      0.01611390000107349,
      0.014559399998688605,
      0.015394100002595223,
      0.02384399999937159,
      0.02587169999969774,
      0.026039399999717716,
      0.03657229999953415,
      0.02781449999747565,
      0.019236400003137533,
      0.01533689999996568,
      0.016035799999372102
    ],
    "sync_times": [
      0.5152013999977498,
      0.004625100002158433,
      0.02888810000149533,
      0.00591310000163503,
      0.00784909999856609,
      0.007614800000737887,
      0.007955099998071091,
      0.008537699999578763,
      0.008012700000108453,
      0.007407599998259684,
      0.006356800000503426,
      0.006670700000540819,
      0.006073299999115989,
      0.007489399999030866,
      0.006698799999867333,
      0.006481299998995382,
      0.007435399998939829,
      0.006033000001480104,
      0.007552999999461463,
      0.005932899999606889,
      0.006096600001910701,
      0.0036540000000968575,
      0.003803100000368431,
      0.003652799998235423,
      0.003508099998725811,
      0.0033464000007370487,
      0.0034688000014284626,
      0.0037211999988358,
      0.0037307999991753604,
      0.0049605999993218575,
      0.004455599999346305,
      0.003586800001357915,
      0.0033756999982870184,
      0.00389069999800995,
      0.0035219999990658835,
      0.003678699998999946,
      0.00400919999810867,
      0.004121499998291256,
      0.0034965999984706286,
      0.003837199998088181,
      0.006788800001231721,
      0.0035796999982267153,
      0.0034231999998155516,
      0.003570400000171503,
      0.003430699998716591,
      0.0037329000006138813,
      0.003343000000313623,
      0.003410900000744732,
      0.003620199997385498,
      0.0042877999985648785,
      0.007446100000379374,
      0.006411800000932999,
      0.0036029000002599787,
      0.003647500001534354,
      0.0033952999983739574,
      0.0036172000000078697,
      0.0037695000028179493,
      0.0037099000001035165,
      0.004316999998991378,
      0.006245700002182275
    ],
    "optim_times": [
      0.0012974999990547076,
      0.000868900002387818,
      0.0007815999997546896,
      0.0007705999996687751,
      0.0008459000018774532,
      0.0008378999991691671,
      0.0007789000010234304,
      0.0008507999991707038,
      0.0008060000000114087,
      0.0007179999993240926,
      0.0007177000006777234,
      0.0007831000002624933,
      0.0007655999979760963,
      0.0007222000022011343,
      0.0007126000018615741,
      0.0007218999999167863,
      0.0007340000011026859,
      0.0007660000010218937,
      0.0006865000032121316,
      0.0007718000015302096,
      0.0007005000006756745,
      0.0007420000001729932,
      0.0007153999977163039,
      0.0007263000006787479,
      0.0006850000027043279,
      0.0007119999972928781,
      0.0007081000003381632,
      0.0007522999985667411,
      0.0007273000010172836,
      0.0007270000023709144,
      0.0007186999973782804,
      0.000724199999240227,
      0.0007085999968694523,
      0.0008481000004394446,
      0.0006829999983892776,
      0.0008195000009436626,
      0.0006872000012663193,
      0.0006826000026194379,
      0.0007999000008567236,
      0.0007392999978037551,
      0.0007282000005943701,
      0.0007026000021141954,
      0.0006925000016053673,
      0.0006787000020267442,
      0.0006823000003350899,
      0.0007215000005089678,
      0.0006863000016892329,
      0.0007130000012693927,
      0.0006748000014340505,
      0.000736400001187576,
      0.0008655000019643921,
      0.0007377000001724809,
      0.0007765000009385403,
      0.0007316000010177959,
      0.0007148000004235655,
      0.0007428999997500796,
      0.0006872999983897898,
      0.0007301000005099922,
      0.0007660999981453642,
      0.0006991999980527908
    ],