{
  "rank": 2,
  "world_size": 4,
  "num_steps": 60,
  "statistics": {
    "compute": {
      "count": 60,
      "min": 0.013938899999629939,
      "max": 0.07979569999952218,
      "mean": 0.019803648333618185,
      "std": 0.00907237669933187,
      "p95": 0.02674260000276263,
      "p99": 0.035509299999830546
    },
    "sync": {
      "count": 60,
      "min": 0.0031343999980890658,
      "max": 0.04952920000141603,
      "mean": 0.006794581666933179,
      "std": 0.006690114763953309,
      "p95": 0.009601500001735985,
      "p99": 0.03148950000104378
    },
    "optim": {
      "count": 60,
      "min": 0.0006140000004961621,
      "max": 0.001446499998564832,
      "mean": 0.0007226716664566387,
      "std": 0.00011112668004814164,
      "p95": 0.0008171999979822431,
      "p99": 0.0009724000010464806
    },
    "iter": {
      "count": 60,
      "min": 0.019252600002801046,
      "max": 0.13077139999950305,
      "mean": 0.027320901667008003,
      "std": 0.015161042359619117,
      "p95": 0.0350672000022314,
      "p99": 0.0672370000029332
    },
    "grad_norm": {
      "count": 60,
      "min": 0.055469758808612823,
      "max": 0.16770526766777039,
      "mean": 0.105338454246521,
      "std": 0.028198734552574965,
      "p95": 0.15591979026794434,
      "p99": 0.15998475253582
    },
    "loss": {
      "count": 60,
      "min": 1.587941288948059,
      "max": 1.6467465162277222,
      "mean": 1.6132948140303294,
      "std": 0.011958203663902003,
      "p95": 1.6336781978607178,
      "p99": 1.6401067972183228
    }
  },
  "trajectories": {
    "compute_times": [
      0.07979569999952218,
      0.025672000003396533,
      0.034945600000355626,
      0.01566330000059679,
      0.019984000002295943,
      0.01636299999881885,
      0.0162875999994867,
      0.01941140000053565,
      0.017206900000019232,
      0.018522000002121786,
      0.015519399999902816,
      0.01901490000091144,
      0.016425000001618173,
      0.01989569999932428,
      0.017143000000942266,
      0.018072099999699276,
      0.017708400002447888,
      0.018952599999465747,
      0.016625100000965176,
      0.018628300000273157,
      0.015132500000618165,
      0.018713000001298496,
      0.014430200000788318,
      0.017862200002127793,
      0.015580299997964175,
      0.014806499999394873,
      0.0175822999990487,
      0.023657199999433942,
      0.026678599999286234,
      0.023042400000122143,
      0.025923199998942437,
      0.017292799999268027,
      0.026153699996939395,
      0.014735699998709606,
      0.015334800002165139,
      0.015626299998984905,
      0.01722670000162907,
      0.016054899999289773,
      0.014165600001433631,
      0.01435930000297958,
      0.019238299999415176,
      0.017348800000036135,
      0.015287400001398055,
      0.01715219999823603,
      0.016187900000659283,
      0.016823800000565825,
      0.018038599999272265,
      0.015383600002678577,
      0.017554000001837267,
      0.015462499999557622,
      0.013938899999629939,
      0.014561100000719307,
      0.022906599999259925,
      0.025088999998843065,
      0.025171199999022065,
      0.035509299999830546,
      0.02674260000276263,
      0.018571599997812882,
      0.01552550000269548,
      0.015531799999735085
    ],
    "sync_times": [
      0.04952920000141603,
      0.008628999999928055,
      0.03148950000104378,
      0.00694389999989653,
      0.009601500001735985,
      0.010373199998866767,
      0.00836380000328063,
      0.007943799999338808,
      0.007980100002896506,
      0.007472600002074614,
      0.007662900003197137,
      0.007538300000305753,
      0.004555499999696622,
      0.006997699998464668,
      0.006687399996735621,
      0.007429400000546593,
      0.006362399999488844,
      0.005774199998995755,
      0.00811980000071344,
      0.00780049999957555,
      0.006773699999030214,
      0.003998700001830002,
      0.004562999998597661,
      0.004398799999762559,
      0.004410700003063539,
      0.0044177000017953105,
      0.0042868000018643215,
      0.004421800000272924,
      0.004798400001163827,
      0.005977299999358365,
      0.005387600001995452,
      0.0046261999996204395,
      0.004163199999311473,
      0.005091700000775745,
      0.004465400001208764,
      0.004483699998672819,
      0.004250099998898804,
      0.0038194999979168642,
      0.005232899999100482,
      0.004240199999912875,
      0.006556000000273343,
      0.00400160000208416,
      0.004025700000056531,
      0.003545499999745516,
      0.003799400001298636,
      0.0031343999980890658,
      0.004114700001082383,
      0.004476500002056127,
      0.0039121000008890405,
      0.005007399999158224,
      0.00823129999844241,
      0.0072220000001834705,
      0.004627599999366794,
      0.004446599999937462,
      0.004322999997384613,
      0.004973200000677025,
      0.004904400000668829,
      0.004402100003062515,
      0.0041128999982902315,
      0.006796400000894209
    ],
    "optim_times": [
      0.001446499998564832,
      0.0007661999989068136,
      0.0008019000015337951,
      0.0008171999979822431,
      0.0007272000002558343,
      0.0007793000004312489,
      0.0007232999996631406,
      0.0007426999982271809,
      0.0006864999995741528,
      0.0007167999974626582,
      0.0007560999983979855,
      0.0006987999986449722,
      0.0006920000014360994,
      0.0007595999995828606,
      0.0006966000000829808,
      0.0007193000019469764,
      0.000774799998907838,
      0.0006863000016892329,
      0.0007863999999244697,
      0.0006520999995700549,
      0.0006721999998262618,
      0.0006847000004199799,
      0.0006826999997429084,
      0.0007059999988996424,
      0.000656899999739835,
      0.0006520999995700549,
      0.0007511000003432855,
      0.0006708000000799075,
      0.0006790999977965839,
      0.0006431000001612119,
      0.0006596999992325436,
      0.0008415000011154916,
      0.0006513999978778884,
      0.0007126000018615741,
      0.0007614999994984828,
      0.0007805999994161539,
      0.0006140000004961621,
      0.0007002999991527759,
      0.0009724000010464806,
      0.0006530999999085907,
      0.0007464000009349547,
      0.0007046999999147374,
      0.0006565000003320165,
      0.0006651999974565115,
      0.0006668999994872138,
      0.0006768999992345925,
      0.0007581999998365063,
      0.0006696999989799224,
      0.0006395999989763368,
      0.0007301000005099922,
      0.0007421000009344425,
      0.0006623999979638029,
      0.0006729000015184283,
      0.0006824999982200097,
      0.0007058000010147225,
      0.0007003999999142252,
      0.0006815000015194528,
      0.0006745999999111518,
      0.0006855999999970663,
      0.0006629000017710496
    ],