{
  "rank": 0,
  "world_size": 4,
  "num_steps": 60,
  "statistics": {
    "compute": {
      "count": 60,
      "min": 0.014198900000337744,
      "max": 0.07829000000128872,
      "mean": 0.02086802333366601,
      "std": 0.011858620710281374,
      "p95": 0.03617780000058701,
      "p99": 0.06555399999706424
    },
    "sync": {
      "count": 60,
      "min": 0.003136600000289036,
      "max": 0.04180809999888879,
      "mean": 0.005791556666554243,
      "std": 0.00520281382569092,
      "p95": 0.009732200000144076,
      "p99": 0.010517999999137828
    },
    "optim": {
      "count": 60,
      "min": 0.0005862999969394878,
      "max": 0.0033375999992131256,
      "mean": 0.0008594816670059421,
      "std": 0.00038941408252456236,
      "p95": 0.0013589999980467837,
      "p99": 0.0017182999981741887
    },
    "iter": {
      "count": 60,
      "min": 0.018513100003474392,
      "max": 0.12156830000094487,
      "mean": 0.027519061667226195,
      "std": 0.015289428766391161,
      "p95": 0.041158700001687976,
      "p99": 0.07105309999678866
    },
    "grad_norm": {
      "count": 60,
      "min": 0.055469758808612823,
      "max": 0.16770526766777039,
      "mean": 0.105338454246521,
      "std": 0.028198734552574965,
      "p95": 0.15591979026794434,
      "p99": 0.15998475253582
    },
    "loss": {
      "count": 60,
      "min": 1.582873821258545,
      "max": 1.6385711431503296,
      "mean": 1.6092121760050455,
      "std": 0.01181235857822253,
      "p95": 1.623801589012146,
      "p99": 1.6329002380371094
    }
  },
  "trajectories": {
    "compute_times": [
      0.07829000000128872,
      0.06208449999758159,
      0.06555399999706424,
      0.01853520000076969,
      0.019632100000308128,
      0.016514300001290394,
      0.0176887000015995,
      0.016934999999648426,
      0.014698400002089329,
      0.01639390000127605,
      0.01596109999809414,
      0.017010600000503473,
      0.015684800000599353,
      0.017191300001286436,
      0.01514110000061919,
      0.01672600000165403,
      0.01437179999993532,
      0.01614000000336091,
      0.01560809999864432,
      0.01673339999979362,
      0.014441200000874233,
      0.018205500000476604,
      0.01493770000161021,
      0.01844619999974384,
      0.015803000002051704,
      0.014677200000733137,
      0.0182158999996318,
      0.02074910000010277,
      0.02837559999898076,
      0.025643099997978425,
      0.02751889999854029,
      0.01753850000022794,
      0.026126900000235764,
      0.015236999999615364,
      0.01599780000105966,
      0.015896700002485886,
      0.017357900000206428,
      0.015855800000281306,
      0.014963599998736754,
      0.015392400000564521,
      0.021570900000369875,
      0.017905199998494936,
      0.01526440000088769,
      0.017048199999408098,
      0.016272900000330992,
      0.015582200001517776,
      0.017960400000447407,
      0.016063999999460066,
      0.017600700000912184,
      0.017472500003350433,
      0.01568520000000717,
      0.014198900000337744,
      0.022971200000029057,
      0.02619290000075125,
      0.02509529999952065,
      0.03617780000058701,
      0.027450700003100792,
      0.019240499997977167,
      0.016147099999216152,
      0.01790610000171
    ],
    "sync_times": [
      0.04180809999888879,
      0.004713500002253568,
      0.004796900000656024,
      0.010133799998584436,
      0.009426999997231178,
      0.0053030000017315615,
      0.0090779999991355,
      0.010517999999137828,
      0.009344800000690157,
      0.0033016000015777536,
      0.009291099999245489,
      0.0033887999998114537,
      0.00872729999900912,
      0.009304500003054272,
      0.006375500001013279,
      0.00961989999996149,
      0.00835929999811924,
      0.008824699998513097,
      0.009732200000144076,
      0.006498599999758881,
      0.003450599997449899,
      0.0037255999995977618,
      0.004046999998536194,
      0.0038586000009672716,
      0.00445449999824632,
      0.004269400000339374,
      0.0036823000009462703,
      0.00774009999804548,
      0.003162900000461377,
      0.0032291999996232335,
      0.003417699997953605,
      0.0038266999981715344,
      0.004626300000381889,
      0.004122599999391241,
      0.0037837999989278615,
      0.0042155000010097865,
      0.004280499997548759,
      0.004349899998487672,
      0.004559400000289315,
      0.0034718999995675404,
      0.00327839999954449,
      0.003399000001081731,
      0.003573800000594929,
      0.0037761000021419022,
      0.0038141000004543457,
      0.004293199999665376,
      0.004213600001094164,
      0.0038925000008021016,
      0.004009500000393018,
      0.003136600000289036,
      0.004961900001944741,
      0.0033029000005626585,
      0.0040283999987877905,
      0.003214000000298256,
      0.004232399998727487,
      0.004275300001609139,
      0.004316999998991378,
      0.003925900000467664,
      0.00371159999849624,
      0.0033161000028485432
    ],
    "optim_times": [
      0.0014702000007673632,
      0.0007560000012745149,
      0.000702199999068398,
      0.0008764000012888573,
      0.0008439000012003817,
      0.0010676999991119374,
      0.0008693000017956365,
      0.0009200999993481673,
      0.0009664999997767154,
      0.0009117000008700415,
      0.0007296000003407244,
      0.000906000001123175,
      0.0008242000003519934,
      0.0007124000003386755,
      0.0007074000022839755,
      0.0007888000000093598,
      0.000718100000085542,
      0.0010089000024890993,
      0.0008170000000973232,
      0.0013589999980467837,
      0.0010622000008879695,
      0.0007281999969563913,
      0.0006284000010055024,
      0.0006921999993210193,
      0.0006584000002476387,
      0.0006370999981299974,
      0.000620100003288826,
      0.0007070999999996275,
      0.0009009999994304962,
      0.0009415000022272579,
      0.0009343999990960583,
      0.0006074999982956797,
      0.0006390000016835984,
      0.0006946000030438881,
      0.0006487000027846079,
      0.0007016999988991302,
      0.0006328999988909345,
      0.0006883999994897749,
      0.000713100002030842,
      0.001098900000215508,
      0.0007289000022865366,
      0.0009213000012096018,
      0.000602600001002429,
      0.0006868000018585008,
      0.0006609000010939781,
      0.0006912999997439329,
      0.0006203000011737458,
      0.000628800000413321,
      0.0005862999969394878,
      0.0017182999981741887,
      0.0033375999992131256,
      0.0010113000025739893,
      0.0008276000007754192,
      0.0006950999995751772,
      0.0006838000008428935,
      0.0007055999994918238,
      0.0005995999999868218,
      0.0008149999994202517,
      0.0012418000005709473,
      0.0009151999984169379
    ],