{
  "rank": 0,
  "world_size": 8,
  "num_steps": 60,
  "statistics": {
    "compute": {
      "count": 60,
      "min": 0.022686200001771795,
      "max": 0.10255630000028759,
      "mean": 0.030059279999962503,
      "std": 0.010343522335093537,
      "p95": 0.03688080000210903,
      "p99": 0.048964300000079675
    },
    "sync": {
      "count": 60,
      "min": 0.010955900001135888,
      "max": 0.07377609999821289,
      "mean": 0.01887729000033384,
      "std": 0.007927726661980581,
      "p95": 0.02433309999833,
      "p99": 0.027948899998591514
    },
    "optim": {
      "count": 60,
      "min": 0.0006199000017659273,
      "max": 0.0012109999988751952,
      "mean": 0.000729381666436287,
      "std": 0.00010064811393765584,
      "p95": 0.0008378000020456966,
      "p99": 0.0011431999992055353
    },
    "iter": {
      "count": 60,
      "min": 0.03601329999946756,
      "max": 0.177475599997706,
      "mean": 0.04966595166673263,
      "std": 0.017516511153523,
      "p95": 0.05731939999895985,
      "p99": 0.06586919999972451
    },
    "grad_norm": {
      "count": 60,
      "min": 0.04415564984083176,
      "max": 0.12112285941839218,
      "mean": 0.07939859256148338,
      "std": 0.020722513936159714,
      "p95": 0.11560529470443726,
      "p99": 0.11970217525959015
    },
    "loss": {
      "count": 60,
      "min": 1.5828166007995605,
      "max": 1.6387685537338257,
      "mean": 1.609237507979075,
      "std": 0.01189922707833595,
      "p95": 1.6238620281219482,
      "p99": 1.6327623128890991
    }
  },
  "trajectories": {
    "compute_times": [
      0.10255630000028759,
      0.03997460000027786,
      0.027420599999459228,
      0.025407899996935157,
      0.02583059999960824,
      0.03094500000224798,
      0.03374429999894346,
      0.02787289999832865,
      0.02810440000030212,
      0.026473400001123082,
      0.02846520000093733,
      0.03089419999741949,
      0.02750190000006114,
      0.022686200001771795,
      0.028997099998377962,
      0.03158199999961653,
      0.026922299999569077,
      0.034260899999935646,
      0.028211699998792028,
      0.030571399998734705,
      0.028449499997805106,
      0.025526900000841124,
      0.027190799999516457,
      0.02759929999956512,
      0.022716900002706097,
      0.03023399999801768,
      0.02613470000142115,
      0.026122399998712353,
      0.024326999999175314,
      0.028766299998096656,
      0.03137530000094557,
      0.02606039999955101,
      0.03597119999903953,
      0.02948580000156653,
      0.02960499999971944,
      0.028528500002721557,
      0.027837300000101095,
      0.02578170000197133,
      0.026030699998955242,
      0.02714449999984936,
      0.02627579999898444,
      0.026383600001281593,
      0.026049000000057276,
      0.03395509999973001,
      0.029842200001439778,
      0.032209500001044944,
      0.027786099999502767,
      0.03688080000210903,
      0.026503500001126667,
      0.02601209999920684,
      0.026178100000834092,
      0.02740059999996447,
      0.025054900001123315,
      0.024844100000336766,
      0.02582529999926919,
      0.028686300000117626,
      0.028485899998486275,
      0.0281844999990426,
      0.03472400000100606,
      0.048964300000079675
    ],
    "sync_times": [
      0.07377609999821289,
      0.0220195000001695,
      0.021406300002126954,
      0.018302299999049865,
      0.016687999999703607,
      0.018198400000983384,
      0.017467700003180653,
      0.015292000000044936,
      0.019497299999784445,
      0.016773400002421113,
      0.012411499999871012,
      0.01641620000009425,
      0.024003200000151992,
      0.015425600002345163,
      0.016366600000765175,
      0.021201100000325823,
      0.016506899999512825,
      0.016012200001569,
      0.027948899998591514,
      0.012183899998490233,
      0.023496099998737918,
      0.014217400002962677,
      0.020033900000271387,
      0.020181400002911687,
      0.017924899999343324,
      0.016719999999622814,
      0.01932210000086343,
      0.023100700000213692,
      0.010955900001135888,
      0.016139200000907294,
      0.02087279999977909,
      0.01614319999862346,
      0.02072559999942314,
      0.014244400001189206,
      0.013672799999767449,
      0.02433309999833,
      0.018934200001240242,
      0.012016600001516053,
      0.017275999998673797,
      0.01948840000113705,
      0.018507900000258815,
      0.02164229999834788,
      0.01705210000000079,
      0.016054100000474136,
      0.021212499999819556,
      0.01448309999977937,
      0.017556700000568526,
      0.01518729999952484,
      0.025038399999175454,
      0.012421200000972021,
      0.019453200002317317,
      0.018173500000557397,
      0.018159399998694425,
      0.01589600000079372,
      0.0151966999983415,
      0.021848200001841178,
      0.017537800002173753,
      0.017987100000027567,
      0.015345400002843235,
      0.01618869999947492
    ],
    "optim_times": [
      0.0011431999992055353,
      0.0008071999982348643,
      0.0007268999979714863,
      0.0007566999993287027,
      0.0007014999973762315,
      0.0007678000001760665,
      0.0007103999996616039,
      0.0006943000007595401,
      0.0008378000020456966,
      0.0007206000009318814,
      0.000669100001687184,
      0.0006580999979632907,
      0.0007093999993230682,
      0.0006520999995700549,
      0.000714400001015747,
      0.0007006999985605944,
      0.0006964999993215315,
      0.0006857999978819862,
      0.0008106999994197395,
      0.0007363000004261266,
      0.0007105999975465238,
      0.0006351000010909047,
      0.0007269000016094651,
      0.0006953000010980759,
      0.0007251999995787628,
      0.0007007000021985732,
      0.000761799998144852,
      0.0008268999990832526,
      0.0007303999991563614,
      0.0006530999999085907,
      0.0006343999993987381,
      0.0006868000018585008,
      0.0006226000004971866,
      0.0007224000000860542,
      0.0006715999988955446,
      0.0007263999978022184,
      0.0012109999988751952,
      0.0006672999988950323,
      0.000711199998477241,
      0.0007211999982246198,
      0.0009636000031605363,
      0.0007044999983918387,
      0.0006394999982148875,
      0.000702500001352746,
      0.0006589000004169066,
      0.0007221999985631555,
      0.0006310999997367617,
      0.0006996999982220586,
      0.0007609000022057444,
      0.0006199000017659273,
      0.0006782999989809468,
      0.0007628000021213666,
      0.0007279000019480009,
      0.0007512000011047348,
      0.0007399999994959217,
      0.0007146999996621162,
      0.0007019000004220288,
      0.0007173999983933754,
      0.0007092999985616188,
      0.0007162000001699198
    ],