{
  "rank": 3,
  "world_size": 8,
  "num_steps": 60,
  "statistics": {
    "compute": {
      "count": 60,
      "min": 0.02228110000214656,
      "max": 0.09871890000067651,
      "mean": 0.030816305000128826,
      "std": 0.009833152222861062,
      "p95": 0.039545200001157355,
      "p99": 0.04504020000240416
    },
    "sync": {
      "count": 60,
      "min": 0.010308499997336185,
      "max": 0.10338170000250102,
      "mean": 0.018168143333120192,
      "std": 0.011616027894700216,
      "p95": 0.023165800001152093,
      "p99": 0.026744300001155352
    },
    "optim": {
      "count": 60,
      "min": 0.0005811000009998679,
      "max": 0.0012817999995604623,
      "mean": 0.0007395983336512776,
      "std": 0.00010565922165992072,
      "p95": 0.0008579000023019034,
      "p99": 0.0011301999984425493
    },
    "iter": {
      "count": 60,
      "min": 0.03654309999910765,
      "max": 0.203382400002738,
      "mean": 0.0497240466669003,
      "std": 0.020807444489991337,
      "p95": 0.056166900005337084,
      "p99": 0.06565589999809163
    },
    "grad_norm": {
      "count": 60,
      "min": 0.04415564611554146,
      "max": 0.12112286686897278,
      "mean": 0.07939859287192425,
      "std": 0.020722514063665463,
      "p95": 0.11560529470443726,
      "p99": 0.11970217525959015
    },
    "loss": {
      "count": 60,
      "min": 1.5837949514389038,
      "max": 1.6321603059768677,
      "mean": 1.6113746861616771,
      "std": 0.010243293090209821,
      "p95": 1.6277297735214233,
      "p99": 1.6304670572280884
    }
  },
  "trajectories": {
    "compute_times": [
      0.09871890000067651,
      0.04197799999747076,
      0.0348072000015236,
      0.031910899997456,
      0.02577969999765628,
      0.026317200001358287,
      0.039545200001157355,
      0.03234770000199205,
      0.02705480000076932,
      0.025291599999036407,
      0.02228110000214656,
      0.029840499999409076,
      0.025252899999031797,
      0.029095599998981925,
      0.028877399996417807,
      0.02809010000055423,
      0.03182030000243685,
      0.030271799998445204,
      0.026840000002266606,
      0.03295730000172625,
      0.028173200000310317,
      0.026561899998341687,
      0.02501029999984894,
      0.02917909999814583,
      0.02784840000094846,
      0.029540799998358125,
      0.0267907000015839,
      0.031042499998875428,
      0.029015600001002895,
      0.025723499999003252,
      0.028696099998342106,
      0.02733529999750317,
      0.03689940000185743,
      0.03325820000100066,
      0.032523699999728706,
      0.028539700000692392,
      0.03125510000245413,
      0.023644000000786036,
      0.027036399998905836,
      0.022284599999693455,
      0.02515309999944293,
      0.02961890000005951,
      0.024246799999673385,
      0.03322870000192779,
      0.03196089999983087,
      0.03357329999926151,
      0.03077810000104364,
      0.03245560000141268,
      0.030232299999624956,
      0.03373520000241115,
      0.0270784000022104,
      0.027367200000298908,
      0.027272899998934008,
      0.02544139999736217,
      0.02559100000144099,
      0.030835800000204472,
      0.03034010000192211,
      0.03081160000147065,
      0.03478009999889764,
      0.04504020000240416
    ],
    "sync_times": [
      0.10338170000250102,
      0.022892699998919852,
      0.01496209999822895,
      0.01802750000206288,
      0.020781799998076167,
      0.014205499999661697,
      0.014727999998285668,
      0.016383799997129245,
      0.018504700001358287,
      0.0208364000027359,
      0.015133199998672353,
      0.02194980000058422,
      0.013211900000897003,
      0.013129699997080024,
      0.016961499997705687,
      0.015209199998935219,
      0.02359200000137207,
      0.02115609999964363,
      0.011963600001763552,
      0.01817269999810378,
      0.01690029999735998,
      0.026744300001155352,
      0.01085619999867049,
      0.01580879999892204,
      0.019690999997692415,
      0.014696700000058627,
      0.010308499997336185,
      0.01617189999888069,
      0.016327799999999115,
      0.022831999998743413,
      0.015160900002229027,
      0.014093600002524909,
      0.01710300000195275,
      0.015166299999691546,
      0.014174500000081025,
      0.01709339999797521,
      0.02045889999862993,
      0.01844129999881261,
      0.015242099998431513,
      0.017102500001783483,
      0.01340630000049714,
      0.020193699998344528,
      0.018643200000951765,
      0.015107800001715077,
      0.020762399999512127,
      0.012584000000060769,
      0.023165800001152093,
      0.014377600000443636,
      0.010370600000896957,
      0.01536860000123852,
      0.014458300000114832,
      0.015866000001551583,
      0.015587499998218846,
      0.012622099999134662,
      0.013978899998619454,
      0.015662900001188973,
      0.019028200000320794,
      0.019610700001067016,
      0.013841199997841613,
      0.015894899999693735
    ],
    "optim_times": [
      0.0012817999995604623,
      0.0007852000017010141,
      0.0007446000017807819,
      0.0007723000016994774,
      0.0007928000013635028,
      0.0007393999985652044,
      0.0011301999984425493,
      0.000675200000841869,
      0.0007370000021182932,
      0.0007793000004312489,
      0.0008579000023019034,
      0.0007378000009339303,
      0.0006886999981361441,
      0.0007255000018631108,
      0.0006756000002496876,
      0.0007136999993235804,
      0.0007546000015281606,
      0.0008056000006035902,
      0.0006794000000809319,
      0.0007101999981387053,
      0.0008302999995066784,
      0.0007838000019546598,
      0.0006766000005882233,
      0.000732099997549085,
      0.0006864000024506822,
      0.0006740000026184134,
      0.0007513999989896547,
      0.0007432999991578981,
      0.0007325000005948823,
      0.0007329000000027008,
      0.0007943000018713064,
      0.0007251000024552923,
      0.000667500000417931,
      0.0007475999991584104,
      0.0006923000000824686,
      0.0006838000008428935,
      0.0007269999987329356,
      0.0006448000021919142,
      0.0005811000009998679,
      0.0006606999995710794,
      0.0008115999989968259,
      0.0006914999976288527,
      0.0006623999979638029,
      0.0006962999977986328,
      0.0007630000000062864,
      0.0006509999984700698,
      0.0007590999994135927,
      0.0009281999991799239,
      0.0007574000010208692,
      0.0006580000008398201,
      0.0006388000001606997,
      0.0005938000031164847,
      0.0007221999985631555,
      0.0007193000019469764,
      0.0007010000008449424,
      0.0007268000008480158,
      0.0006943000007595401,
      0.0007264000014401972,
      0.0007280999998329207,
      0.000692400000843918
    ],