{
  "rank": 1,
  "world_size": 4,
  "num_steps": 10,
  "statistics": {
    "compute": {
      "count": 10,
      "min": 0.00716390000161482,
      "max": 0.009732000002259156,
      "mean": 0.00811193000045023,
      "std": 0.0008334875352122305,
      "p95": 0.009451099998841528,
      "p99": 0.009451099998841528
    },
    "sync": {
      "count": 10,
      "min": 0.010523599998123245,
      "max": 0.03456870000081835,
      "mean": 0.01834725999942748,
      "std": 0.006193262347323444,
      "p95": 0.022188099999766564,
      "p99": 0.022188099999766564
    },
    "optim": {
      "count": 10,
      "min": 0.0008674000018800143,
      "max": 0.0015106000028026756,
      "mean": 0.0010437900004035328,
      "std": 0.00017176147157288524,
      "p95": 0.0011114000008092262,
      "p99": 0.0011114000008092262
    },
    "iter": {
      "count": 10,
      "min": 0.01895209999929648,
      "max": 0.04553040000246256,
      "mean": 0.02750298000028124,
      "std": 0.006940764281089342,
      "p95": 0.03149209999901359,
      "p99": 0.03149209999901359
    },
    "grad_norm": {
      "count": 10,
      "min": 0.44630756974220276,
      "max": 0.4861167073249817,
      "mean": 0.4737002789974213,
      "std": 0.011354402473467133,
      "p95": 0.4849662184715271,
      "p99": 0.4849662184715271
    },
    "loss": {
      "count": 10,
      "min": 2.270514488220215,
      "max": 2.3362972736358643,
      "mean": 2.2977767467498778,
      "std": 0.017683187127629427,
      "p95": 2.3102316856384277,
      "p99": 2.3102316856384277
    }
  },
  "trajectories": {
    "compute_times": [
      0.009451099998841528,
      0.007563700000901008,
      0.00716390000161482,
      0.007592800000566058,
      0.009732000002259156,
      0.008345499998540618,
      0.0075556000010692514,
      0.008231899999373127,
      0.0081925999984378,
      0.007290200002898928
    ],
    "sync_times": [
      0.03456870000081835,
      0.016054899999289773,
      0.015421199997945223,
      0.014561600000888575,
      0.01768639999863808,
      0.017901399998663692,
      0.010523599998123245,
      0.0198737999999139,
      0.022188099999766564,
      0.014692900000227382
    ],
    "optim_times": [
      0.0015106000028026756,
      0.0010591999998723622,
      0.0010136999990209006,
      0.0008674000018800143,
      0.000998200001049554,
      0.0010210999971604906,
      0.0008729000001039822,
      0.001030800001899479,
      0.0011114000008092262,
      0.000952599999436643
    ],
    "iter_times": [
      0.04553040000246256,
      0.024677800000063144,
      0.023598799998580944,
      0.023021800003334647,
      0.02841660000194679,
      0.0272679999943648,
      0.01895209999929648,
      0.029136500001186505,
      0.03149209999901359,
      0.022935700002562953
    ],
    "grad_norms": [
      0.47446703910827637,
      0.4743352234363556,
      0.46756744384765625,
      0.4827086925506592,
      0.4830756187438965,
      0.4693204164505005,
      0.4849662184715271,
      0.4861167073249817,
      0.44630756974220276,
      0.46813786029815674
    ],
    "losses": [
      2.3102316856384277,
      2.2942745685577393,
      2.3362972736358643,
      2.290440559387207,
      2.2752926349639893,
      2.307643175125122,
      2.304196834564209,
      2.291959524154663,
      2.2969167232513428,
      2.270514488220215
    ],
    "bytes_transferred": [
      437544,
      437544,
      437544,
      437544,
      437544,
      437544,
      437544,
      437544,
      437544,
      437544
    ],
    "epochs": [
      0,
      0,
      0,
      0,
      0,
      0,
      0,
      0,
      0,
      0
    ],
    "steps": [
      0,
      1,
      2,
      3,
      4,
      5,
      6,
      7,
      8,
      9
    ]
  }
}