{
  "rank": 6,
  "world_size": 8,
  "num_steps": 10,
  "statistics": {
    "compute": {
      "count": 10,
      "min": 0.00787040000068373,
      "max": 0.05736850000175764,
      "mean": 0.017144170000392478,
      "std": 0.01356558516745379,
      "p95": 0.01494740000271122,
      "p99": 0.01494740000271122
    },
    "sync": {
      "count": 10,
      "min": 0.04602099999829079,
      "max": 0.08621160000257078,
      "mean": 0.05853158000027179,
      "std": 0.010855159878103314,
      "p95": 0.0670354000030784,
      "p99": 0.0670354000030784
    },
    "optim": {
      "count": 10,
      "min": 0.0009342000012111384,
      "max": 0.004780000002938323,
      "mean": 0.0015125100002478576,
      "std": 0.0011092364457556804,
      "p95": 0.001500599999417318,
      "p99": 0.001500599999417318
    },
    "iter": {
      "count": 10,
      "min": 0.058494500004599104,
      "max": 0.14836010000726674,
      "mean": 0.07718826000091213,
      "std": 0.02471608590354252,
      "p95": 0.08269200000358978,
      "p99": 0.08269200000358978
    },
    "grad_norm": {
      "count": 10,
      "min": 1.2588934898376465,
      "max": 1.416018009185791,
      "mean": 1.343023908138275,
      "std": 0.04272763267104534,
      "p95": 1.383345127105713,
      "p99": 1.383345127105713
    },
    "loss": {
      "count": 10,
      "min": 2.1599655151367188,
      "max": 2.464938163757324,
      "mean": 2.3259440660476685,
      "std": 0.10001270552274319,
      "p95": 2.452725887298584,
      "p99": 2.452725887298584
    }
  },
  "trajectories": {
    "compute_times": [
      0.05736850000175764,
      0.013733600000705337,
      0.0123539999985951,
      0.014345700001285877,
      0.014668199997686315,
      0.00787040000068373,
      0.013876100001652958,
      0.011338000000250759,
      0.01494740000271122,
      0.010939799998595845
    ],
    "sync_times": [
      0.08621160000257078,
      0.056563699999969685,
      0.05541789999915636,
      0.058344599998235935,
      0.0670354000030784,
      0.04961580000235699,
      0.04602099999829079,
      0.0601913999998942,
      0.05651639999996405,
      0.04939799999920069
    ],
    "optim_times": [
      0.004780000002938323,
      0.0009408999976585619,
      0.001500599999417318,
      0.0014741999984835275,
      0.000988400002825074,
      0.001008300001558382,
      0.0009342000012111384,
      0.00102839999817661,
      0.0013891999988118187,
      0.001080900001397822
    ],
    "iter_times": [
      0.14836010000726674,
      0.07123819999833358,
      0.06927249999716878,
      0.07416449999800534,
      0.08269200000358978,
      0.058494500004599104,
      0.06083130000115489,
      0.07255779999832157,
      0.07285300000148709,
      0.06141869999919436
    ],
    "grad_norms": [
      1.2588934898376465,
      1.3248056173324585,
      1.2865118980407715,
      1.3486250638961792,
      1.3659701347351074,
      1.3524179458618164,
      1.3502947092056274,
      1.3433570861816406,
      1.383345127105713,
      1.416018009185791
    ],
    "losses": [
      2.2794103622436523,
      2.1845147609710693,
      2.287621021270752,
      2.3015613555908203,
      2.1599655151367188,
      2.3170063495635986,
      2.4071483612060547,
      2.452725887298584,
      2.464938163757324,
      2.4045488834381104
    ],
    "bytes_transferred": [
      437544,
      437544,
      437544,
      437544,
      437544,
      437544,
      437544,
      437544,
      437544,
      437544
    ],
    "epochs": [
      0,
      0,
      0,
      0,
      0,
      0,
      0,
      0,
      0,
      0
    ],
    "steps": [
      0,
      1,
      2,
      3,
      4,
      5,
      6,
      7,
      8,
      9
    ]
  }
}