{
  "rank": 3,
  "world_size": 4,
  "num_steps": 10,
  "statistics": {
    "compute": {
      "count": 10,
      "min": 0.007165799997892464,
      "max": 0.04855210000096122,
      "mean": 0.012104480000198236,
      "std": 0.012163449635227645,
      "p95": 0.008912400000554044,
      "p99": 0.008912400000554044
    },
    "sync": {
      "count": 10,
      "min": 0.012583399999130052,
      "max": 0.451246299999184,
      "mean": 0.059933479999381235,
      "std": 0.13047359216596377,
      "p95": 0.022088400000939146,
      "p99": 0.022088400000939146
    },
    "optim": {
      "count": 10,
      "min": 0.0008980000020528678,
      "max": 0.0013569000002462417,
      "mean": 0.0010614700011501554,
      "std": 0.0001460265246633035,
      "p95": 0.0012375999976939056,
      "p99": 0.0012375999976939056
    },
    "iter": {
      "count": 10,
      "min": 0.020954499999788823,
      "max": 0.5011553000003914,
      "mean": 0.07309943000072963,
      "std": 0.1427282889022943,
      "p95": 0.03184950000286335,
      "p99": 0.03184950000286335
    },
    "grad_norm": {
      "count": 10,
      "min": 0.44630756974220276,
      "max": 0.4861167073249817,
      "mean": 0.4737002730369568,
      "std": 0.011354403881926971,
      "p95": 0.4849662184715271,
      "p99": 0.4849662184715271
    },
    "loss": {
      "count": 10,
      "min": 2.2806551456451416,
      "max": 2.336768865585327,
      "mean": 2.3110187292099,
      "std": 0.018169119508725285,
      "p95": 2.3321847915649414,
      "p99": 2.3321847915649414
    }
  },
  "trajectories": {
    "compute_times": [
      0.04855210000096122,
      0.007165799997892464,
      0.008438600001682062,
      0.008596900002885377,
      0.007234400000015739,
      0.007905899998149835,
      0.008912400000554044,
      0.007949099999677856,
      0.0075230000002193265,
      0.008766599999944447
    ],
    "sync_times": [
      0.451246299999184,
      0.012583399999130052,
      0.013936600000306498,
      0.021050999999715714,
      0.01654440000129398,
      0.013401099997281563,
      0.018706999999267282,
      0.01444939999782946,
      0.015327199998864671,
      0.022088400000939146
    ],
    "optim_times": [
      0.0013569000002462417,
      0.0012053000027663074,
      0.001028700000460958,
      0.0010570000013103709,
      0.0009721000024001114,
      0.0009151000012934674,
      0.0012375999976939056,
      0.0009495000012975652,
      0.0008980000020528678,
      0.000994500001979759
    ],
    "iter_times": [
      0.5011553000003914,
      0.020954499999788823,
      0.023403900002449518,
      0.03070490000391146,
      0.02475090000370983,
      0.022222099996724864,
      0.02885699999751523,
      0.02334799999880488,
      0.023748200001136865,
      0.03184950000286335
    ],
    "grad_norms": [
      0.474467009305954,
      0.4743352234363556,
      0.46756741404533386,
      0.4827086925506592,
      0.4830756187438965,
      0.4693204164505005,
      0.4849662184715271,
      0.4861167073249817,
      0.44630756974220276,
      0.46813786029815674
    ],
    "losses": [
      2.3316915035247803,
      2.291149854660034,
      2.292478322982788,
      2.336768865585327,
      2.3321847915649414,
      2.3073527812957764,
      2.3052902221679688,
      2.2806551456451416,
      2.316131830215454,
      2.316483974456787
    ],
    "bytes_transferred": [
      437544,
      437544,
      437544,
      437544,
      437544,
      437544,
      437544,
      437544,
      437544,
      437544
    ],
    "epochs": [
      0,
      0,
      0,
      0,
      0,
      0,
      0,
      0,
      0,
      0
    ],
    "steps": [
      0,
      1,
      2,
      3,
      4,
      5,
      6,
      7,
      8,
      9
    ]
  }
}