{
  "rank": 0,
  "world_size": 4,
  "num_steps": 10,
  "statistics": {
    "compute": {
      "count": 10,
      "min": 0.007157100000767969,
      "max": 0.04745340000226861,
      "mean": 0.01179275000031339,
      "std": 0.011895080831356335,
      "p95": 0.008452500002022134,
      "p99": 0.008452500002022134
    },
    "sync": {
      "count": 10,
      "min": 0.013280999999551568,
      "max": 0.4527159000026586,
      "mean": 0.06043002000114939,
      "std": 0.13080158344695159,
      "p95": 0.023307900002691895,
      "p99": 0.023307900002691895
    },
    "optim": {
      "count": 10,
      "min": 0.0007126000018615741,
      "max": 0.0013862999985576607,
      "mean": 0.0010345000002416783,
      "std": 0.00016580900967649083,
      "p95": 0.0011620000004768372,
      "p99": 0.0011620000004768372
    },
    "iter": {
      "count": 10,
      "min": 0.021658299996488495,
      "max": 0.5015556000034849,
      "mean": 0.07325727000170446,
      "std": 0.1428078378786821,
      "p95": 0.032746600001701154,
      "p99": 0.032746600001701154
    },
    "grad_norm": {
      "count": 10,
      "min": 0.44630753993988037,
      "max": 0.4861167073249817,
      "mean": 0.4737002670764923,
      "std": 0.011354412221391072,
      "p95": 0.4849662184715271,
      "p99": 0.4849662184715271
    },
    "loss": {
      "count": 10,
      "min": 2.2688159942626953,
      "max": 2.329972505569458,
      "mean": 2.303069806098938,
      "std": 0.018427797575979548,
      "p95": 2.324084997177124,
      "p99": 2.324084997177124
    }
  },
  "trajectories": {
    "compute_times": [
      0.04745340000226861,
      0.007298699998500524,
      0.007787300000927644,
      0.007773099998303223,
      0.007157100000767969,
      0.007555000000138534,
      0.008452500002022134,
      0.007609799999045208,
      0.008441100002528401,
      0.008399499998631654
    ],
    "sync_times": [
      0.4527159000026586,
      0.013280999999551568,
      0.014713600001414306,
      0.021560600001976127,
      0.016594000000623055,
      0.013888299999962328,
      0.01883770000131335,
      0.015157099998759804,
      0.014244100002542837,
      0.023307900002691895
    ],
    "optim_times": [
      0.0013862999985576607,
      0.0010785999984364025,
      0.0010575999986031093,
      0.0010078000013891142,
      0.0009196000028168783,
      0.0011620000004768372,
      0.0010648999996192288,
      0.0009164000002783723,
      0.0007126000018615741,
      0.0010392000003776047
    ],
    "iter_times": [
      0.5015556000034849,
      0.021658299996488495,
      0.02355850000094506,
      0.030341500001668464,
      0.0246707000042079,
      0.0226053000005777,
      0.028355100002954714,
      0.023683299998083385,
      0.023397800006932812,
      0.032746600001701154
    ],
    "grad_norms": [
      0.474467009305954,
      0.4743352234363556,
      0.46756741404533386,
      0.4827086925506592,
      0.4830756187438965,
      0.4693203866481781,
      0.4849662184715271,
      0.4861167073249817,
      0.44630753993988037,
      0.46813786029815674
    ],
    "losses": [
      2.306931495666504,
      2.2966363430023193,
      2.313337564468384,
      2.2688159942626953,
      2.324084997177124,
      2.2997918128967285,
      2.307612180709839,
      2.309194326400757,
      2.2743208408355713,
      2.329972505569458
    ],
    "bytes_transferred": [
      437544,
      437544,
      437544,
      437544,
      437544,
      437544,
      437544,
      437544,
      437544,
      437544
    ],
    "epochs": [
      0,
      0,
      0,
      0,
      0,
      0,
      0,
      0,
      0,
      0
    ],
    "steps": [
      0,
      1,
      2,
      3,
      4,
      5,
      6,
      7,
      8,
      9
    ]
  }
}