{
  "rank": 5,
  "world_size": 8,
  "num_steps": 10,
  "statistics": {
    "compute": {
      "count": 10,
      "min": 0.0068448999991232995,
      "max": 0.059592900001007365,
      "mean": 0.016349370000534692,
      "std": 0.014593857078927954,
      "p95": 0.014389700001629535,
      "p99": 0.014389700001629535
    },
    "sync": {
      "count": 10,
      "min": 0.044926399998075794,
      "max": 0.08638640000208397,
      "mean": 0.059106369999062734,
      "std": 0.012011232680935457,
      "p95": 0.07014599999820348,
      "p99": 0.07014599999820348
    },
    "optim": {
      "count": 10,
      "min": 0.0009777000013855286,
      "max": 0.004736300001241034,
      "mean": 0.0017215700001543155,
      "std": 0.0011420022508854153,
      "p95": 0.0027251999999862164,
      "p99": 0.0027251999999862164
    },
    "iter": {
      "count": 10,
      "min": 0.056207800000265706,
      "max": 0.15071560000433237,
      "mean": 0.07717730999975174,
      "std": 0.0257974333181663,
      "p95": 0.08391289999781293,
      "p99": 0.08391289999781293
    },
    "grad_norm": {
      "count": 10,
      "min": 1.2588934898376465,
      "max": 1.416018009185791,
      "mean": 1.3430238962173462,
      "std": 0.04272763210542498,
      "p95": 1.3833450078964233,
      "p99": 1.3833450078964233
    },
    "loss": {
      "count": 10,
      "min": 2.090085506439209,
      "max": 2.457670211791992,
      "mean": 2.305450463294983,
      "std": 0.10155437362782702,
      "p95": 2.39313006401062,
      "p99": 2.39313006401062
    }
  },
  "trajectories": {
    "compute_times": [
      0.059592900001007365,
      0.012603499999386258,
      0.01220630000170786,
      0.013253400000394322,
      0.014389700001629535,
      0.0068448999991232995,
      0.01147320000018226,
      0.00797930000044289,
      0.013698599999770522,
      0.011451900001702597
    ],
    "sync_times": [
      0.08638640000208397,
      0.05716209999809507,
      0.059111700000357814,
      0.055670999998255866,
      0.06839969999782625,
      0.04827809999915189,
      0.04850259999875561,
      0.07014599999820348,
      0.044926399998075794,
      0.052479699999821605
    ],
    "optim_times": [
      0.004736300001241034,
      0.0009777000013855286,
      0.0011142000003019348,
      0.0020967000018572435,
      0.001123499998357147,
      0.0010848000019905157,
      0.0010168000007979572,
      0.0010833999986061826,
      0.0027251999999862164,
      0.0012570999970193952
    ],
    "iter_times": [
      0.15071560000433237,
      0.07074329999886686,
      0.07243220000236761,
      0.07102110000050743,
      0.08391289999781293,
      0.056207800000265706,
      0.06099259999973583,
      0.07920869999725255,
      0.06135019999783253,
      0.0651886999985436
    ],
    "grad_norms": [
      1.2588934898376465,
      1.324805736541748,
      1.286511778831482,
      1.3486250638961792,
      1.3659701347351074,
      1.3524179458618164,
      1.3502947092056274,
      1.3433570861816406,
      1.3833450078964233,
      1.416018009185791
    ],
    "losses": [
      2.3135194778442383,
      2.3756556510925293,
      2.238921880722046,
      2.3605170249938965,
      2.457670211791992,
      2.248657703399658,
      2.090085506439209,
      2.39313006401062,
      2.218827962875366,
      2.3575191497802734
    ],
    "bytes_transferred": [
      437544,
      437544,
      437544,
      437544,
      437544,
      437544,
      437544,
      437544,
      437544,
      437544
    ],
    "epochs": [
      0,
      0,
      0,
      0,
      0,
      0,
      0,
      0,
      0,
      0
    ],
    "steps": [
      0,
      1,
      2,
      3,
      4,
      5,
      6,
      7,
      8,
      9
    ]
  }
}