{
  "rank": 0,
  "world_size": 2,
  "num_steps": 10,
  "statistics": {
    "compute": {
      "count": 10,
      "min": 0.02894640000158688,
      "max": 0.1402035999999498,
      "mean": 0.054932350001035954,
      "std": 0.03239445134735609,
      "p95": 0.07371039999998175,
      "p99": 0.07371039999998175
    },
    "sync": {
      "count": 10,
      "min": 0.0021980999990773853,
      "max": 0.02070330000060494,
      "mean": 0.005723170000419486,
      "std": 0.0053228174565704235,
      "p95": 0.008320100001583342,
      "p99": 0.008320100001583342
    },
    "optim": {
      "count": 10,
      "min": 0.0007456999992427882,
      "max": 0.002045400000497466,
      "mean": 0.0010364399997342844,
      "std": 0.00037869308529102656,
      "p95": 0.0013900000012654345,
      "p99": 0.0013900000012654345
    },
    "iter": {
      "count": 10,
      "min": 0.033827900002506794,
      "max": 0.16229690000182018,
      "mean": 0.061691960001189726,
      "std": 0.03716088139455257,
      "p95": 0.08019140000396874,
      "p99": 0.08019140000396874
    },
    "grad_norm": {
      "count": 10,
      "min": 0.187590554356575,
      "max": 0.3251088857650757,
      "mean": 0.2610494539141655,
      "std": 0.04466554497953226,
      "p95": 0.30971938371658325,
      "p99": 0.30971938371658325
    },
    "loss": {
      "count": 10,
      "min": 2.2970056533813477,
      "max": 2.324129104614258,
      "mean": 2.308301091194153,
      "std": 0.006662150582732076,
      "p95": 2.3120694160461426,
      "p99": 2.3120694160461426
    }
  },
  "trajectories": {
    "compute_times": [
      0.1402035999999498,
      0.07089730000006966,
      0.02894640000158688,
      0.034416000002238434,
      0.030525300000590505,
      0.05803840000226046,
      0.07371039999998175,
      0.03729410000232747,
      0.036058800000319025,
      0.039233200001035584
    ],
    "sync_times": [
      0.02070330000060494,
      0.008320100001583342,
      0.0040699999990465585,
      0.0024121999995259102,
      0.003668400000606198,
      0.0035435000027064234,
      0.0021980999990773853,
      0.002341700001124991,
      0.006497700000181794,
      0.0034766999997373205
    ],
    "optim_times": [
      0.0013900000012654345,
      0.0009740000023157336,
      0.0008115000018733554,
      0.0009389000006194692,
      0.0009648999985074624,
      0.0007486999966204166,
      0.0007456999992427882,
      0.0008946999987529125,
      0.002045400000497466,
      0.0008505999976478051
    ],
    "iter_times": [
      0.16229690000182018,
      0.08019140000396874,
      0.033827900002506794,
      0.03776710000238381,
      0.035158599999704165,
      0.0623306000015873,
      0.07665419999830192,
      0.04053050000220537,
      0.044601900000998285,
      0.04356049999842071
    ],
    "grad_norms": [
      0.2242436408996582,
      0.2506162226200104,
      0.187590554356575,
      0.30971938371658325,
      0.2947540283203125,
      0.2125404328107834,
      0.3251088857650757,
      0.2957877516746521,
      0.22464849054813385,
      0.2854851484298706
    ],
    "losses": [
      2.306812047958374,
      2.3049495220184326,
      2.3120694160461426,
      2.309098243713379,
      2.310894250869751,
      2.2970056533813477,
      2.324129104614258,
      2.309185743331909,
      2.304334878921509,
      2.304532051086426
    ],
    "bytes_transferred": [
      208552,
      208552,
      208552,
      208552,
      208552,
      208552,
      208552,
      208552,
      208552,
      208552
    ],
    "epochs": [
      0,
      0,
      0,
      0,
      0,
      0,
      0,
      0,
      0,
      0
    ],
    "steps": [
      0,
      1,
      2,
      3,
      4,
      5,
      6,
      7,
      8,
      9
    ]
  }
}