{
  "rank": 4,
  "world_size": 8,
  "num_steps": 10,
  "statistics": {
    "compute": {
      "count": 10,
      "min": 0.034406099999614526,
      "max": 0.10956399999849964,
      "mean": 0.07636234999990847,
      "std": 0.02186507252957251,
      "p95": 0.10258120000071358,
      "p99": 0.10258120000071358
    },
    "sync": {
      "count": 10,
      "min": 0.009209100000589387,
      "max": 0.1226970000025176,
      "mean": 0.040191920000143,
      "std": 0.0325104900111312,
      "p95": 0.05798240000149235,
      "p99": 0.05798240000149235
    },
    "optim": {
      "count": 10,
      "min": 0.0009550000031595118,
      "max": 0.007742599998891819,
      "mean": 0.001858860000356799,
      "std": 0.0020071763300105205,
      "p95": 0.0024268999986816198,
      "p99": 0.0024268999986816198
    },
    "iter": {
      "count": 10,
      "min": 0.08176469999671099,
      "max": 0.233020800002123,
      "mean": 0.11841313000040828,
      "std": 0.04163537118385227,
      "p95": 0.13172730000587762,
      "p99": 0.13172730000587762
    },
    "grad_norm": {
      "count": 10,
      "min": 0.178546741604805,
      "max": 0.42565569281578064,
      "mean": 0.2816349849104881,
      "std": 0.07806672811913203,
      "p95": 0.38520607352256775,
      "p99": 0.38520607352256775
    },
    "loss": {
      "count": 10,
      "min": 2.286137819290161,
      "max": 2.334462881088257,
      "mean": 2.3073862552642823,
      "std": 0.016127004195521523,
      "p95": 2.331739902496338,
      "p99": 2.331739902496338
    }
  },
  "trajectories": {
    "compute_times": [
      0.05491759999858914,
      0.07020449999981793,
      0.07346630000029108,
      0.0727236000020639,
      0.10258120000071358,
      0.07689680000112276,
      0.034406099999614526,
      0.06739099999686005,
      0.10147240000151214,
      0.10956399999849964
    ],
    "sync_times": [
      0.05013370000233408,
      0.03460400000039954,
      0.019811800000752555,
      0.05798240000149235,
      0.1226970000025176,
      0.009209100000589387,
      0.05687539999780711,
      0.013406099998974241,
      0.016137299997353693,
      0.021062399999209447
    ],
    "optim_times": [
      0.0024268999986816198,
      0.0009634999987611081,
      0.0009550000031595118,
      0.001021300002321368,
      0.007742599998891819,
      0.001030499999615131,
      0.0013904999977967236,
      0.0009676000008767005,
      0.001083300001482712,
      0.0010074000019812956
    ],
    "iter_times": [
      0.10747819999960484,
      0.10577199999897857,
      0.09423310000420315,
      0.13172730000587762,
      0.233020800002123,
      0.08713640000132727,
      0.09267199999521836,
      0.08176469999671099,
      0.11869300000034855,
      0.13163379999969038
    ],
    "grad_norms": [
      0.33937934041023254,
      0.2863592803478241,
      0.22397910058498383,
      0.42565569281578064,
      0.178546741604805,
      0.2989473044872284,
      0.20952743291854858,
      0.38520607352256775,
      0.2675463855266571,
      0.20120249688625336
    ],
    "losses": [
      2.316336154937744,
      2.3131661415100098,
      2.296619176864624,
      2.286137819290161,
      2.2957496643066406,
      2.331739902496338,
      2.2903826236724854,
      2.295860767364502,
      2.3134074211120605,
      2.334462881088257
    ],
    "bytes_transferred": [
      208552,
      208552,
      208552,
      208552,
      208552,
      208552,
      208552,
      208552,
      208552,
      208552
    ],
    "epochs": [
      0,
      0,
      0,
      0,
      0,
      0,
      0,
      0,
      0,
      0
    ],
    "steps": [
      0,
      1,
      2,
      3,
      4,
      5,
      6,
      7,
      8,
      9
    ]
  }
}