{
  "rank": 5,
  "world_size": 8,
  "num_steps": 10,
  "statistics": {
    "compute": {
      "count": 10,
      "min": 0.03564449999976205,
      "max": 0.17973290000009,
      "mean": 0.08849857999994129,
      "std": 0.037561247743650106,
      "p95": 0.11070660000041244,
      "p99": 0.11070660000041244
    },
    "sync": {
      "count": 10,
      "min": 0.013691399999515852,
      "max": 0.6909197000022687,
      "mean": 0.10414442000037524,
      "std": 0.1976943165438547,
      "p95": 0.11208260000057635,
      "p99": 0.11208260000057635
    },
    "optim": {
      "count": 10,
      "min": 0.0010173999980906956,
      "max": 0.002167299997381633,
      "mean": 0.0013991799991345034,
      "std": 0.0003920175138326423,
      "p95": 0.0020404999995662365,
      "p99": 0.0020404999995662365
    },
    "iter": {
      "count": 10,
      "min": 0.08271249999961583,
      "max": 0.8728198999997403,
      "mean": 0.19404217999945103,
      "std": 0.2291977121036682,
      "p95": 0.21455930000229273,
      "p99": 0.21455930000229273
    },
    "grad_norm": {
      "count": 10,
      "min": 0.178546741604805,
      "max": 0.42565569281578064,
      "mean": 0.2816349849104881,
      "std": 0.07806672811913203,
      "p95": 0.38520607352256775,
      "p99": 0.38520607352256775
    },
    "loss": {
      "count": 10,
      "min": 2.283747434616089,
      "max": 2.3324880599975586,
      "mean": 2.3035888195037844,
      "std": 0.016264189974684623,
      "p95": 2.319918155670166,
      "p99": 2.319918155670166
    }
  },
  "trajectories": {
    "compute_times": [
      0.17973290000009,
      0.05851459999757935,
      0.06504359999962617,
      0.1046055000006163,
      0.10138680000090972,
      0.08763489999910234,
      0.03564449999976205,
      0.07117130000187899,
      0.07054509999943548,
      0.11070660000041244
    ],
    "sync_times": [
      0.6909197000022687,
      0.042511899999226443,
      0.01622710000083316,
      0.021698599997762358,
      0.11208260000057635,
      0.014668400002847193,
      0.05100010000023758,
      0.013691399999515852,
      0.05830880000212346,
      0.02033559999836143
    ],
    "optim_times": [
      0.002167299997381633,
      0.0020404999995662365,
      0.0014417999991565011,
      0.001069199999619741,
      0.001089900000806665,
      0.0011916000003111549,
      0.0010173999980906956,
      0.0012080999986210372,
      0.0016101999972306658,
      0.0011558000005607028
    ],
    "iter_times": [
      0.8728198999997403,
      0.10306699999637203,
      0.08271249999961583,
      0.1273732999979984,
      0.21455930000229273,
      0.10349490000226069,
      0.08766199999809032,
      0.08607080000001588,
      0.1304640999987896,
      0.13219799999933457
    ],
    "grad_norms": [
      0.33937934041023254,
      0.2863592803478241,
      0.22397910058498383,
      0.42565569281578064,
      0.178546741604805,
      0.2989473044872284,
      0.20952743291854858,
      0.38520607352256775,
      0.2675463855266571,
      0.20120249688625336
    ],
    "losses": [
      2.318423271179199,
      2.291963577270508,
      2.2864792346954346,
      2.3324880599975586,
      2.319918155670166,
      2.308619260787964,
      2.2986018657684326,
      2.2839465141296387,
      2.283747434616089,
      2.3117008209228516
    ],
    "bytes_transferred": [
      208552,
      208552,
      208552,
      208552,
      208552,
      208552,
      208552,
      208552,
      208552,
      208552
    ],
    "epochs": [
      0,
      0,
      0,
      0,
      0,
      0,
      0,
      0,
      0,
      0
    ],
    "steps": [
      0,
      1,
      2,
      3,
      4,
      5,
      6,
      7,
      8,
      9
    ]
  }
}