{
  "rank": 1,
  "world_size": 2,
  "num_steps": 10,
  "statistics": {
    "compute": {
      "count": 10,
      "min": 0.028075199999875622,
      "max": 0.1283532000015839,
      "mean": 0.048726770000575924,
      "std": 0.029552184369862924,
      "p95": 0.07056740000189166,
      "p99": 0.07056740000189166
    },
    "sync": {
      "count": 10,
      "min": 0.0038922000021557324,
      "max": 0.024201299998821924,
      "mean": 0.006598529999246238,
      "std": 0.005904456623477462,
      "p95": 0.006023799996910384,
      "p99": 0.006023799996910384
    },
    "optim": {
      "count": 10,
      "min": 0.00064340000244556,
      "max": 0.039579299998877104,
      "mean": 0.004712470000959002,
      "std": 0.011622922605699727,
      "p95": 0.0010156000025745016,
      "p99": 0.0010156000025745016
    },
    "iter": {
      "count": 10,
      "min": 0.033692200002406025,
      "max": 0.19213379999928293,
      "mean": 0.060037770000781164,
      "std": 0.04596649025219888,
      "p95": 0.07680149999941932,
      "p99": 0.07680149999941932
    },
    "grad_norm": {
      "count": 10,
      "min": 0.187590554356575,
      "max": 0.3251088857650757,
      "mean": 0.2610494539141655,
      "std": 0.04466554497953226,
      "p95": 0.30971938371658325,
      "p99": 0.30971938371658325
    },
    "loss": {
      "count": 10,
      "min": 2.291783094406128,
      "max": 2.319734573364258,
      "mean": 2.3081905364990236,
      "std": 0.008049810522826186,
      "p95": 2.3186113834381104,
      "p99": 2.3186113834381104
    }
  },
  "trajectories": {
    "compute_times": [
      0.1283532000015839,
      0.028075199999875622,
      0.029166100001020823,
      0.03056769999966491,
      0.030282800002169097,
      0.05697199999849545,
      0.07056740000189166,
      0.0355515999981435,
      0.03821349999998347,
      0.039518200002930826
    ],
    "sync_times": [
      0.024201299998821924,
      0.004601399999955902,
      0.0038922000021557324,
      0.006023799996910384,
      0.003993000002083136,
      0.004818099998374237,
      0.005561399997532135,
      0.004323299999668961,
      0.004611999996996019,
      0.003958799999963958
    ],
    "optim_times": [
      0.039579299998877104,
      0.0010156000025745016,
      0.0009409000012965407,
      0.0007568999972136226,
      0.0007618000017828308,
      0.00064340000244556,
      0.0006726999999955297,
      0.0008321000022988301,
      0.0009523000007902738,
      0.0009697000023152214
    ],
    "iter_times": [
      0.19213379999928293,
      0.033692200002406025,
      0.033999200004473096,
      0.03734839999378892,
      0.03503760000603506,
      0.062433499999315245,
      0.07680149999941932,
      0.04070700000011129,
      0.04377779999776976,
      0.044446700005210005
    ],
    "grad_norms": [
      0.2242436408996582,
      0.2506162226200104,
      0.187590554356575,
      0.30971938371658325,
      0.2947540283203125,
      0.2125404328107834,
      0.3251088857650757,
      0.2957877516746521,
      0.22464849054813385,
      0.2854851484298706
    ],
    "losses": [
      2.3041484355926514,
      2.291783094406128,
      2.3041374683380127,
      2.3085227012634277,
      2.3186113834381104,
      2.3058841228485107,
      2.319734573364258,
      2.314422130584717,
      2.3127355575561523,
      2.3019258975982666
    ],
    "bytes_transferred": [
      208552,
      208552,
      208552,
      208552,
      208552,
      208552,
      208552,
      208552,
      208552,
      208552
    ],
    "epochs": [
      0,
      0,
      0,
      0,
      0,
      0,
      0,
      0,
      0,
      0
    ],
    "steps": [
      0,
      1,
      2,
      3,
      4,
      5,
      6,
      7,
      8,
      9
    ]
  }
}