{
  "rank": 2,
  "world_size": 4,
  "num_steps": 10,
  "statistics": {
    "compute": {
      "count": 10,
      "min": 0.005727299998397939,
      "max": 0.017748300000675954,
      "mean": 0.009125480000511743,
      "std": 0.004718960322010924,
      "p95": 0.017537699997774325,
      "p99": 0.017537699997774325
    },
    "sync": {
      "count": 10,
      "min": 0.0057214000007661525,
      "max": 0.5007702999973844,
      "mean": 0.07465016999994986,
      "std": 0.1444605445093973,
      "p95": 0.10028310000052443,
      "p99": 0.10028310000052443
    },
    "optim": {
      "count": 10,
      "min": 0.0007346000020334031,
      "max": 0.005218199999944773,
      "mean": 0.001309890000266023,
      "std": 0.0013070436842376242,
      "p95": 0.0011532999997143634,
      "p99": 0.0011532999997143634
    },
    "iter": {
      "count": 10,
      "min": 0.012299999998504063,
      "max": 0.5189492999998038,
      "mean": 0.08508554000072763,
      "std": 0.14710900337874588,
      "p95": 0.1074427999992622,
      "p99": 0.1074427999992622
    },
    "grad_norm": {
      "count": 10,
      "min": 1.803264856338501,
      "max": 2.1061205863952637,
      "mean": 1.892639172077179,
      "std": 0.08600125855154939,
      "p95": 1.9767972230911255,
      "p99": 1.9767972230911255
    },
    "loss": {
      "count": 10,
      "min": 2.173360824584961,
      "max": 2.4908037185668945,
      "mean": 2.356124234199524,
      "std": 0.12023352073197739,
      "p95": 2.485429286956787,
      "p99": 2.485429286956787
    }
  },
  "trajectories": {
    "compute_times": [
      0.01296080000247457,
      0.017537699997774325,
      0.006213500000740169,
      0.017748300000675954,
      0.00622529999964172,
      0.005916400001297006,
      0.006709700002829777,
      0.005916000001889188,
      0.006299799999396782,
      0.005727299998397939
    ],
    "sync_times": [
      0.5007702999973844,
      0.03642920000129379,
      0.02715600000010454,
      0.021969800000078976,
      0.10028310000052443,
      0.006164900001749629,
      0.007044899997708853,
      0.014123000000836328,
      0.02683909999905154,
      0.0057214000007661525
    ],
    "optim_times": [
      0.005218199999944773,
      0.0008699999998498242,
      0.0008104000007733703,
      0.0008315000013681129,
      0.0009343999990960583,
      0.0008109000009426381,
      0.0007346000020334031,
      0.0011532999997143634,
      0.0008842999995977152,
      0.0008512999993399717
    ],
    "iter_times": [
      0.5189492999998038,
      0.05483689999891794,
      0.03417990000161808,
      0.04054960000212304,
      0.1074427999992622,
      0.012892200003989274,
      0.014489200002572034,
      0.02119230000243988,
      0.03402319999804604,
      0.012299999998504063
    ],
    "grad_norms": [
      1.803264856338501,
      1.8176648616790771,
      1.8830275535583496,
      1.8894096612930298,
      1.9767972230911255,
      1.8428977727890015,
      1.8212772607803345,
      1.8893189430236816,
      1.8966130018234253,
      2.1061205863952637
    ],
    "losses": [
      2.382622718811035,
      2.173360824584961,
      2.483430862426758,
      2.485429286956787,
      2.370845079421997,
      2.193329334259033,
      2.3389053344726562,
      2.4436182975769043,
      2.198896884918213,
      2.4908037185668945
    ],
    "bytes_transferred": [
      437544,
      437544,
      437544,
      437544,
      437544,
      437544,
      437544,
      437544,
      437544,
      437544
    ],
    "epochs": [
      0,
      0,
      0,
      0,
      0,
      0,
      0,
      0,
      0,
      0
    ],
    "steps": [
      0,
      1,
      2,
      3,
      4,
      5,
      6,
      7,
      8,
      9
    ]
  }
}