{
  "rank": 0,
  "world_size": 4,
  "num_steps": 10,
  "statistics": {
    "compute": {
      "count": 10,
      "min": 0.005753299999923911,
      "max": 0.0263215000013588,
      "mean": 0.010153690000151983,
      "std": 0.006420957896378035,
      "p95": 0.01696799999990617,
      "p99": 0.01696799999990617
    },
    "sync": {
      "count": 10,
      "min": 0.0068791000012424774,
      "max": 0.09176409999781754,
      "mean": 0.030275900000196997,
      "std": 0.024663280835351367,
      "p95": 0.05596819999846048,
      "p99": 0.05596819999846048
    },
    "optim": {
      "count": 10,
      "min": 0.0007442999994964339,
      "max": 0.0015730000013718382,
      "mean": 0.0009762599998794031,
      "std": 0.0002607465867407225,
      "p95": 0.0013805999988107942,
      "p99": 0.0013805999988107942
    },
    "iter": {
      "count": 10,
      "min": 0.014691899999888847,
      "max": 0.0990890999964904,
      "mean": 0.04140585000022838,
      "std": 0.02652641773453748,
      "p95": 0.07052269999985583,
      "p99": 0.07052269999985583
    },
    "grad_norm": {
      "count": 10,
      "min": 1.803264856338501,
      "max": 2.1061205863952637,
      "mean": 1.892639172077179,
      "std": 0.08600125855154939,
      "p95": 1.9767972230911255,
      "p99": 1.9767972230911255
    },
    "loss": {
      "count": 10,
      "min": 2.128903388977051,
      "max": 2.520207405090332,
      "mean": 2.341624617576599,
      "std": 0.1161269723520804,
      "p95": 2.459601879119873,
      "p99": 2.459601879119873
    }
  },
  "trajectories": {
    "compute_times": [
      0.012981500000023516,
      0.0263215000013588,
      0.006559900000866037,
      0.01696799999990617,
      0.006507800000690622,
      0.0069280999996408354,
      0.007068499999149935,
      0.005753299999923911,
      0.006425300001865253,
      0.006022999998094747
    ],
    "sync_times": [
      0.05596819999846048,
      0.038882500000909204,
      0.02692630000092322,
      0.022738800002116477,
      0.09176409999781754,
      0.013130100000125822,
      0.0068791000012424774,
      0.014293600001110462,
      0.01651990000027581,
      0.01565639999898849
    ],
    "optim_times": [
      0.0015730000013718382,
      0.0009207000002788845,
      0.0009204999987559859,
      0.0009011000001919456,
      0.0008171999979822431,
      0.0008911000004445668,
      0.0007442999994964339,
      0.0013805999988107942,
      0.0007579000011901371,
      0.0008562000002712011
    ],
    "iter_times": [
      0.07052269999985583,
      0.06612470000254689,
      0.03440670000054524,
      0.04060790000221459,
      0.0990890999964904,
      0.020949300000211224,
      0.014691899999888847,
      0.021427499999845168,
      0.0237031000033312,
      0.02253559999735444
    ],
    "grad_norms": [
      1.803264856338501,
      1.8176648616790771,
      1.8830275535583496,
      1.8894096612930298,
      1.9767972230911255,
      1.8428977727890015,
      1.8212772607803345,
      1.8893189430236816,
      1.8966130018234253,
      2.1061205863952637
    ],
    "losses": [
      2.16265869140625,
      2.4265499114990234,
      2.3712449073791504,
      2.3443245887756348,
      2.128903388977051,
      2.3817999362945557,
      2.459601879119873,
      2.318024158477783,
      2.520207405090332,
      2.302931308746338
    ],
    "bytes_transferred": [
      437544,
      437544,
      437544,
      437544,
      437544,
      437544,
      437544,
      437544,
      437544,
      437544
    ],
    "epochs": [
      0,
      0,
      0,
      0,
      0,
      0,
      0,
      0,
      0,
      0
    ],
    "steps": [
      0,
      1,
      2,
      3,
      4,
      5,
      6,
      7,
      8,
      9
    ]
  }
}