{
  "rank": 3,
  "world_size": 4,
  "num_steps": 10,
  "statistics": {
    "compute": {
      "count": 10,
      "min": 0.005889100000786129,
      "max": 0.0763150000020687,
      "mean": 0.015330160000667092,
      "std": 0.02058156252394511,
      "p95": 0.01670360000207438,
      "p99": 0.01670360000207438
    },
    "sync": {
      "count": 10,
      "min": 0.005804000000352971,
      "max": 0.04063680000035674,
      "mean": 0.019500110000444694,
      "std": 0.010582151082396327,
      "p95": 0.03563840000060736,
      "p99": 0.03563840000060736
    },
    "optim": {
      "count": 10,
      "min": 0.0007177000006777234,
      "max": 0.0033106000009865966,
      "mean": 0.001533660000495729,
      "std": 0.0010200591548707122,
      "p95": 0.0032675999973434955,
      "p99": 0.0032675999973434955
    },
    "iter": {
      "count": 10,
      "min": 0.01256390000344254,
      "max": 0.08564280000791769,
      "mean": 0.036363930001607515,
      "std": 0.021294757590427312,
      "p95": 0.05995020000409568,
      "p99": 0.05995020000409568
    },
    "grad_norm": {
      "count": 10,
      "min": 1.803264856338501,
      "max": 2.1061205863952637,
      "mean": 1.892639172077179,
      "std": 0.08600125855154939,
      "p95": 1.9767972230911255,
      "p99": 1.9767972230911255
    },
    "loss": {
      "count": 10,
      "min": 2.2366034984588623,
      "max": 2.4405343532562256,
      "mean": 2.3250348806381225,
      "std": 0.04861287249371484,
      "p95": 2.351701259613037,
      "p99": 2.351701259613037
    }
  },
  "trajectories": {
    "compute_times": [
      0.011358600000676233,
      0.01670360000207438,
      0.009956400001101429,
      0.006496099998912541,
      0.0763150000020687,
      0.007465599999704864,
      0.006950200000574114,
      0.005889100000786129,
      0.006269000001339009,
      0.005897999999433523
    ],
    "sync_times": [
      0.02325609999752487,
      0.04063680000035674,
      0.03563840000060736,
      0.020726700000523124,
      0.00838580000345246,
      0.01259129999743891,
      0.015530100001342362,
      0.005804000000352971,
      0.016859300001669908,
      0.015572600001178216
    ],
    "optim_times": [
      0.0032675999973434955,
      0.002609800001664553,
      0.0033106000009865966,
      0.0007177000006777234,
      0.0009420000023965258,
      0.000939599998673657,
      0.0007641000011062715,
      0.0008708000023034401,
      0.0008621000015409663,
      0.0010522999982640613
    ],
    "iter_times": [
      0.0378822999955446,
      0.05995020000409568,
      0.04890540000269539,
      0.02794050000011339,
      0.08564280000791769,
      0.02099649999581743,
      0.023244400003022747,
      0.01256390000344254,
      0.023990400004549883,
      0.0225228999988758
    ],
    "grad_norms": [
      1.803264856338501,
      1.8176648616790771,
      1.8830275535583496,
      1.8894096612930298,
      1.9767972230911255,
      1.8428977727890015,
      1.8212772607803345,
      1.8893189430236816,
      1.8966130018234253,
      2.1061205863952637
    ],
    "losses": [
      2.3202450275421143,
      2.336153030395508,
      2.2366034984588623,
      2.351701259613037,
      2.3333699703216553,
      2.309329032897949,
      2.2926788330078125,
      2.319577932357788,
      2.3101558685302734,
      2.4405343532562256
    ],
    "bytes_transferred": [
      437544,
      437544,
      437544,
      437544,
      437544,
      437544,
      437544,
      437544,
      437544,
      437544
    ],
    "epochs": [
      0,
      0,
      0,
      0,
      0,
      0,
      0,
      0,
      0,
      0
    ],
    "steps": [
      0,
      1,
      2,
      3,
      4,
      5,
      6,
      7,
      8,
      9
    ]
  }
}