{
  "rank": 1,
  "world_size": 4,
  "num_steps": 10,
  "statistics": {
    "compute": {
      "count": 10,
      "min": 0.005602999997790903,
      "max": 0.07602749999932712,
      "mean": 0.014585230000011506,
      "std": 0.02055268707339723,
      "p95": 0.011581400001887232,
      "p99": 0.011581400001887232
    },
    "sync": {
      "count": 10,
      "min": 0.005995999999868218,
      "max": 0.5301555000005465,
      "mean": 0.06946228000051632,
      "std": 0.15393856614644774,
      "p95": 0.03773910000018077,
      "p99": 0.03773910000018077
    },
    "optim": {
      "count": 10,
      "min": 0.0008659999984956812,
      "max": 0.003383299997949507,
      "mean": 0.0013154399995983113,
      "std": 0.0007325092486994003,
      "p95": 0.0017344999978377018,
      "p99": 0.0017344999978377018
    },
    "iter": {
      "count": 10,
      "min": 0.012548699996841606,
      "max": 0.5417623999965144,
      "mean": 0.08536295000012614,
      "std": 0.15346843736995597,
      "p95": 0.08404369999698247,
      "p99": 0.08404369999698247
    },
    "grad_norm": {
      "count": 10,
      "min": 1.803264856338501,
      "max": 2.1061205863952637,
      "mean": 1.892639172077179,
      "std": 0.08600125855154939,
      "p95": 1.9767972230911255,
      "p99": 1.9767972230911255
    },
    "loss": {
      "count": 10,
      "min": 2.2034668922424316,
      "max": 2.500105142593384,
      "mean": 2.32538104057312,
      "std": 0.0989283814237983,
      "p95": 2.4753060340881348,
      "p99": 2.4753060340881348
    }
  },
  "trajectories": {
    "compute_times": [
      0.009872399998130277,
      0.011581400001887232,
      0.008679600003233645,
      0.006998199998633936,
      0.07602749999932712,
      0.006916999998793472,
      0.007020799999736482,
      0.0061814000000595115,
      0.005602999997790903,
      0.006971000002522487
    ],
    "sync_times": [
      0.5301555000005465,
      0.03773910000018077,
      0.020114000002649846,
      0.03405610000118031,
      0.006866199997602962,
      0.013547099999414058,
      0.006073399999877438,
      0.025555600001098355,
      0.005995999999868218,
      0.014519800002744887
    ],
    "optim_times": [
      0.0017344999978377018,
      0.003383299997949507,
      0.0012901000009151176,
      0.0008659999984956812,
      0.001150000000052387,
      0.0009123000018007588,
      0.000974599999608472,
      0.0009482999994361307,
      0.000949699999182485,
      0.0009456000007048715
    ],
    "iter_times": [
      0.5417623999965144,
      0.05270380000001751,
      0.030083700006798608,
      0.04192029999830993,
      0.08404369999698247,
      0.02137640000000829,
      0.014068799999222392,
      0.032685300000594,
      0.012548699996841606,
      0.022436400005972246
    ],
    "grad_norms": [
      1.803264856338501,
      1.8176648616790771,
      1.8830275535583496,
      1.8894096612930298,
      1.9767972230911255,
      1.8428977727890015,
      1.8212772607803345,
      1.8893189430236816,
      1.8966130018234253,
      2.1061205863952637
    ],
    "losses": [
      2.2264418601989746,
      2.4753060340881348,
      2.2034668922424316,
      2.286500930786133,
      2.405768394470215,
      2.22573184967041,
      2.299717426300049,
      2.500105142593384,
      2.3422935009002686,
      2.288478374481201
    ],
    "bytes_transferred": [
      437544,
      437544,
      437544,
      437544,
      437544,
      437544,
      437544,
      437544,
      437544,
      437544
    ],
    "epochs": [
      0,
      0,
      0,
      0,
      0,
      0,
      0,
      0,
      0,
      0
    ],
    "steps": [
      0,
      1,
      2,
      3,
      4,
      5,
      6,
      7,
      8,
      9
    ]
  }
}