{
  "rank": 3,
  "world_size": 4,
  "num_steps": 10,
  "statistics": {
    "compute": {
      "count": 10,
      "min": 0.009490599997661775,
      "max": 0.06491070000265609,
      "mean": 0.015945210000063527,
      "std": 0.016336941847490072,
      "p95": 0.011527100003149826,
      "p99": 0.011527100003149826
    },
    "sync": {
      "count": 10,
      "min": 0.0049230000004172325,
      "max": 0.02407870000024559,
      "mean": 0.006999819999691681,
      "std": 0.005694794660380674,
      "p95": 0.005366699999285629,
      "p99": 0.005366699999285629
    },
    "optim": {
      "count": 10,
      "min": 0.0006256000015127938,
      "max": 0.0010976999983540736,
      "mean": 0.00073523000064597,
      "std": 0.000125152322788244,
      "p95": 0.0007538999998359941,
      "p99": 0.0007538999998359941
    },
    "iter": {
      "count": 10,
      "min": 0.01518709999800194,
      "max": 0.09008710000125575,
      "mean": 0.023680260000401177,
      "std": 0.0221455199669015,
      "p95": 0.017143300003226614,
      "p99": 0.017143300003226614
    },
    "grad_norm": {
      "count": 10,
      "min": 0.32355108857154846,
      "max": 0.5495621562004089,
      "mean": 0.43245814442634584,
      "std": 0.06762332192616903,
      "p95": 0.5013737082481384,
      "p99": 0.5013737082481384
    },
    "loss": {
      "count": 10,
      "min": 1.5502164363861084,
      "max": 1.66505765914917,
      "mean": 1.5950982093811035,
      "std": 0.03150619707190006,
      "p95": 1.6246058940887451,
      "p99": 1.6246058940887451
    }
  },
  "trajectories": {
    "compute_times": [
      0.06491070000265609,
      0.010862499999348074,
      0.009830799997871509,
      0.010798499999509659,
      0.011527100003149826,
      0.009863700001005782,
      0.010987199999362929,
      0.009714499999972759,
      0.009490599997661775,
      0.011466500000096858
    ],
    "sync_times": [
      0.02407870000024559,
      0.005341300002328353,
      0.0049838999984785914,
      0.00507840000136639,
      0.0049230000004172325,
      0.005366699999285629,
      0.0050339999979769345,
      0.005195800000365125,
      0.005004499998904066,
      0.004991899997548899
    ],
    "optim_times": [
      0.0010976999983540736,
      0.0007112000021152198,
      0.0006739000018569641,
      0.0006716999996569939,
      0.000693199999659555,
      0.0007538999998359941,
      0.0007073000015225261,
      0.00072580000050948,
      0.0006920000014360994,
      0.0006256000015127938
    ],
    "iter_times": [
      0.09008710000125575,
      0.016915000003791647,
      0.015488599998207064,
      0.016548600000533042,
      0.017143300003226614,
      0.015984300000127405,
      0.01672849999886239,
      0.015636100000847364,
      0.01518709999800194,
      0.01708399999915855
    ],
    "grad_norms": [
      0.5495621562004089,
      0.3987118899822235,
      0.41697457432746887,
      0.5013737082481384,
      0.440504789352417,
      0.379516065120697,
      0.32355108857154846,
      0.3550504446029663,
      0.4985092878341675,
      0.46082744002342224
    ],
    "losses": [
      1.5502164363861084,
      1.558894395828247,
      1.59566330909729,
      1.569557785987854,
      1.6246058940887451,
      1.608069658279419,
      1.66505765914917,
      1.5931320190429688,
      1.5919439792633057,
      1.5938409566879272
    ],
    "bytes_transferred": [
      27188,
      27188,
      27188,
      27188,
      27188,
      27188,
      27188,
      27188,
      27188,
      27188
    ],
    "epochs": [
      0,
      0,
      0,
      0,
      0,
      0,
      0,
      0,
      0,
      0
    ],
    "steps": [
      0,
      1,
      2,
      3,
      4,
      5,
      6,
      7,
      8,
      9
    ]
  }
}