{
  "rank": 2,
  "world_size": 4,
  "num_steps": 10,
  "statistics": {
    "compute": {
      "count": 10,
      "min": 0.009429800000361865,
      "max": 0.13883780000105617,
      "mean": 0.023415700000259675,
      "std": 0.03848065549240957,
      "p95": 0.01186010000310489,
      "p99": 0.01186010000310489
    },
    "sync": {
      "count": 10,
      "min": 0.004336000001785578,
      "max": 0.4935291000001598,
      "mean": 0.05382057999959215,
      "std": 0.14657000854335328,
      "p95": 0.0057610999974713195,
      "p99": 0.0057610999974713195
    },
    "optim": {
      "count": 10,
      "min": 0.0006596999992325436,
      "max": 0.0011616000010690186,
      "mean": 0.00076409999965108,
      "std": 0.00013765703086084213,
      "p95": 0.0008147000007738825,
      "p99": 0.0008147000007738825
    },
    "iter": {
      "count": 10,
      "min": 0.014979600000515347,
      "max": 0.633528500002285,
      "mean": 0.0780003799995029,
      "std": 0.18517754046165594,
      "p95": 0.017286300000705523,
      "p99": 0.017286300000705523
    },
    "grad_norm": {
      "count": 10,
      "min": 0.32355108857154846,
      "max": 0.5495621562004089,
      "mean": 0.43245814442634584,
      "std": 0.06762332192616903,
      "p95": 0.5013737082481384,
      "p99": 0.5013737082481384
    },
    "loss": {
      "count": 10,
      "min": 1.5407912731170654,
      "max": 1.6935832500457764,
      "mean": 1.6189051628112794,
      "std": 0.05091289585250527,
      "p95": 1.6890227794647217,
      "p99": 1.6890227794647217
    }
  },
  "trajectories": {
    "compute_times": [
      0.13883780000105617,
      0.011268099999142578,
      0.010136199998669326,
      0.01086579999901005,
      0.011127600002510007,
      0.00956439999936265,
      0.010688200000004144,
      0.010378999999375083,
      0.009429800000361865,
      0.01186010000310489
    ],
    "sync_times": [
      0.4935291000001598,
      0.004776300000230549,
      0.004558699998597149,
      0.005097699999168981,
      0.005267600001388928,
      0.0057610999974713195,
      0.005251099999441067,
      0.004336000001785578,
      0.004861699999310076,
      0.00476649999836809
    ],
    "optim_times": [
      0.0011616000010690186,
      0.000734799999918323,
      0.0007196999977168161,
      0.0007131999991543125,
      0.0007175999999162741,
      0.0007171999968704768,
      0.0008147000007738825,
      0.000714400001015747,
      0.0006881000008434057,
      0.0006596999992325436
    ],
    "iter_times": [
      0.633528500002285,
      0.01677919999929145,
      0.015414599994983291,
      0.016676699997333344,
      0.01711280000381521,
      0.016042699993704446,
      0.016754000000219094,
      0.015429400002176408,
      0.014979600000515347,
      0.017286300000705523
    ],
    "grad_norms": [
      0.5495621562004089,
      0.3987118899822235,
      0.41697457432746887,
      0.5013737082481384,
      0.440504789352417,
      0.379516065120697,
      0.32355108857154846,
      0.3550504446029663,
      0.4985092878341675,
      0.46082744002342224
    ],
    "losses": [
      1.5676941871643066,
      1.6935832500457764,
      1.5643651485443115,
      1.6092708110809326,
      1.6647446155548096,
      1.5407912731170654,
      1.6517579555511475,
      1.6021885871887207,
      1.605633020401001,
      1.6890227794647217
    ],
    "bytes_transferred": [
      27188,
      27188,
      27188,
      27188,
      27188,
      27188,
      27188,
      27188,
      27188,
      27188
    ],
    "epochs": [
      0,
      0,
      0,
      0,
      0,
      0,
      0,
      0,
      0,
      0
    ],
    "steps": [
      0,
      1,
      2,
      3,
      4,
      5,
      6,
      7,
      8,
      9
    ]
  }
}