{
  "rank": 5,
  "world_size": 8,
  "num_steps": 10,
  "statistics": {
    "compute": {
      "count": 10,
      "min": 0.20467890000145417,
      "max": 0.32550719999926514,
      "mean": 0.25019315000026837,
      "std": 0.0462781266667613,
      "p95": 0.32195800000044983,
      "p99": 0.32195800000044983
    },
    "sync": {
      "count": 10,
      "min": 0.009925199999997858,
      "max": 0.08568809999997029,
      "mean": 0.0359970900000917,
      "std": 0.025933043931844677,
      "p95": 0.07855949999793665,
      "p99": 0.07855949999793665
    },
    "optim": {
      "count": 10,
      "min": 0.0009304000013798941,
      "max": 0.009495400001469534,
      "mean": 0.002380300000368152,
      "std": 0.00255034545513836,
      "p95": 0.003823700000793906,
      "p99": 0.003823700000793906
    },
    "iter": {
      "count": 10,
      "min": 0.21568570000090403,
      "max": 0.3673677000006137,
      "mean": 0.28857054000072824,
      "std": 0.052751015697646265,
      "p95": 0.3465539000026183,
      "p99": 0.3465539000026183
    },
    "grad_norm": {
      "count": 10,
      "min": 0.1444212943315506,
      "max": 0.25026628375053406,
      "mean": 0.1902051106095314,
      "std": 0.030359738828486443,
      "p95": 0.22816917300224304,
      "p99": 0.22816917300224304
    },
    "loss": {
      "count": 10,
      "min": 2.2941489219665527,
      "max": 2.3180932998657227,
      "mean": 2.305549478530884,
      "std": 0.006886194999803613,
      "p95": 2.3143696784973145,
      "p99": 2.3143696784973145
    }
  },
  "trajectories": {
    "compute_times": [
      0.26203520000126446,
      0.22193369999877177,
      0.20853369999895222,
      0.32195800000044983,
      0.22974909999902593,
      0.21912150000207475,
      0.32550719999926514,
      0.3012854000007792,
      0.20467890000145417,
      0.20712880000064615
    ],
    "sync_times": [
      0.07855949999793665,
      0.01279670000076294,
      0.025216699999873526,
      0.020772200001374586,
      0.015845900001295377,
      0.08568809999997029,
      0.03236509999987902,
      0.02463549999811221,
      0.009925199999997858,
      0.054166000001714565
    ],
    "optim_times": [
      0.0029559999966295436,
      0.0010371000025770627,
      0.001137600000220118,
      0.003823700000793906,
      0.000980200002231868,
      0.0010653999997884966,
      0.009495400001469534,
      0.0012955999991390854,
      0.0010815999994520098,
      0.0009304000013798941
    ],
    "iter_times": [
      0.34355069999583066,
      0.23576750000211177,
      0.23488799999904586,
      0.3465539000026183,
      0.24657520000255317,
      0.30587500000183354,
      0.3673677000006137,
      0.3272164999980305,
      0.21568570000090403,
      0.2622252000037406
    ],
    "grad_norms": [
      0.1747829020023346,
      0.18067538738250732,
      0.1444212943315506,
      0.154531791806221,
      0.20896455645561218,
      0.17949312925338745,
      0.22816917300224304,
      0.25026628375053406,
      0.19185641407966614,
      0.18889017403125763
    ],
    "losses": [
      2.3050053119659424,
      2.3180932998657227,
      2.3062784671783447,
      2.296992301940918,
      2.302175760269165,
      2.309704303741455,
      2.2941489219665527,
      2.3143696784973145,
      2.305699348449707,
      2.303027391433716
    ],
    "bytes_transferred": [
      208552,
      208552,
      208552,
      208552,
      208552,
      208552,
      208552,
      208552,
      208552,
      208552
    ],
    "epochs": [
      0,
      0,
      0,
      0,
      0,
      0,
      0,
      0,
      0,
      0
    ],
    "steps": [
      0,
      1,
      2,
      3,
      4,
      5,
      6,
      7,
      8,
      9
    ]
  }
}