{
  "rank": 1,
  "world_size": 2,
  "num_steps": 10,
  "statistics": {
    "compute": {
      "count": 10,
      "min": 0.006480500000179745,
      "max": 0.014933300000848249,
      "mean": 0.008252529999663239,
      "std": 0.0023497701283140475,
      "p95": 0.00920609999957378,
      "p99": 0.00920609999957378
    },
    "sync": {
      "count": 10,
      "min": 0.0032300000020768493,
      "max": 0.07504690000132541,
      "mean": 0.014604170001257443,
      "std": 0.020873958223376874,
      "p95": 0.018394700000499142,
      "p99": 0.018394700000499142
    },
    "optim": {
      "count": 10,
      "min": 0.0007267000000865664,
      "max": 0.0017989999978453852,
      "mean": 0.0011516699993080691,
      "std": 0.00037633232664798156,
      "p95": 0.0017282000007980969,
      "p99": 0.0017282000007980969
    },
    "iter": {
      "count": 10,
      "min": 0.01110549999793875,
      "max": 0.09146809999947436,
      "mean": 0.024008370000228752,
      "std": 0.023221879797565646,
      "p95": 0.027932599998166552,
      "p99": 0.027932599998166552
    },
    "grad_norm": {
      "count": 10,
      "min": 0.6403612494468689,
      "max": 0.6927463412284851,
      "mean": 0.6645904660224915,
      "std": 0.015105227727771783,
      "p95": 0.6885051131248474,
      "p99": 0.6885051131248474
    },
    "loss": {
      "count": 10,
      "min": 2.2704553604125977,
      "max": 2.3361332416534424,
      "mean": 2.297705149650574,
      "std": 0.017588592533021214,
      "p95": 2.3102316856384277,
      "p99": 2.3102316856384277
    }
  },
  "trajectories": {
    "compute_times": [
      0.014933300000848249,
      0.008347700000740588,
      0.0074047999987669755,
      0.007520799998019356,
      0.007738899999822024,
      0.00920609999957378,
      0.0069941000001563225,
      0.007063599998218706,
      0.006835500000306638,
      0.006480500000179745
    ],
    "sync_times": [
      0.07504690000132541,
      0.012276900000870228,
      0.016538000003492925,
      0.0036525000032270327,
      0.018394700000499142,
      0.00408400000014808,
      0.004034400000819005,
      0.0032300000020768493,
      0.004613699999026721,
      0.004170600001089042
    ],
    "optim_times": [
      0.0014878999973007012,
      0.001060200000210898,
      0.0008950000010372605,
      0.0017282000007980969,
      0.0017989999978453852,
      0.0009261999985028524,
      0.0012711000017588958,
      0.0008118999976431951,
      0.0007267000000865664,
      0.0008104999978968408
    ],
    "iter_times": [
      0.09146809999947436,
      0.021684800001821714,
      0.02483780000329716,
      0.012901500002044486,
      0.027932599998166552,
      0.014216299998224713,
      0.012299600002734223,
      0.01110549999793875,
      0.012175899999419926,
      0.011461599999165628
    ],
    "grad_norms": [
      0.6565757393836975,
      0.6606143712997437,
      0.668342113494873,
      0.6670703887939453,
      0.6638910174369812,
      0.6927463412284851,
      0.6885051131248474,
      0.6544438004493713,
      0.6403612494468689,
      0.6533545255661011
    ],
    "losses": [
      2.3102316856384277,
      2.2941718101501465,
      2.3361332416534424,
      2.2912962436676025,
      2.2752609252929688,
      2.306962728500366,
      2.3038055896759033,
      2.291637897491455,
      2.297096014022827,
      2.2704553604125977
    ],
    "bytes_transferred": [
      437544,
      437544,
      437544,
      437544,
      437544,
      437544,
      437544,
      437544,
      437544,
      437544
    ],
    "epochs": [
      0,
      0,
      0,
      0,
      0,
      0,
      0,
      0,
      0,
      0
    ],
    "steps": [
      0,
      1,
      2,
      3,
      4,
      5,
      6,
      7,
      8,
      9
    ]
  }
}