{
  "rank": 0,
  "world_size": 2,
  "num_steps": 10,
  "statistics": {
    "compute": {
      "count": 10,
      "min": 0.0061287000025913585,
      "max": 0.019432600001891842,
      "mean": 0.008464780000576867,
      "std": 0.003781616683705624,
      "p95": 0.009415799999260344,
      "p99": 0.009415799999260344
    },
    "sync": {
      "count": 10,
      "min": 0.004147499999817228,
      "max": 0.04549889999907464,
      "mean": 0.011978590000944677,
      "std": 0.012454284746583963,
      "p95": 0.01957820000097854,
      "p99": 0.01957820000097854
    },
    "optim": {
      "count": 10,
      "min": 0.0007334000001719687,
      "max": 0.0015256000006047543,
      "mean": 0.0009480599994276418,
      "std": 0.00020949681287118813,
      "p95": 0.0010447000022395514,
      "p99": 0.0010447000022395514
    },
    "iter": {
      "count": 10,
      "min": 0.011460100002295803,
      "max": 0.06645710000157123,
      "mean": 0.021391430000949185,
      "std": 0.016117371315156555,
      "p95": 0.027878499997314066,
      "p99": 0.027878499997314066
    },
    "grad_norm": {
      "count": 10,
      "min": 0.6403612494468689,
      "max": 0.6927463412284851,
      "mean": 0.6645904660224915,
      "std": 0.015105227727771783,
      "p95": 0.6885051131248474,
      "p99": 0.6885051131248474
    },
    "loss": {
      "count": 10,
      "min": 2.2690787315368652,
      "max": 2.3298451900482178,
      "mean": 2.3031163930892946,
      "std": 0.018360737314575083,
      "p95": 2.3242106437683105,
      "p99": 2.3242106437683105
    }
  },
  "trajectories": {
    "compute_times": [
      0.019432600001891842,
      0.009415799999260344,
      0.007323000001633773,
      0.006663600001047598,
      0.007371899999270681,
      0.008476000002701767,
      0.0061287000025913585,
      0.006564699997397838,
      0.007028199997876072,
      0.006243300002097385
    ],
    "sync_times": [
      0.04549889999907464,
      0.008593000002292683,
      0.018028300000878517,
      0.004233300001942553,
      0.01957820000097854,
      0.005930400002398528,
      0.0047897000004013535,
      0.004147499999817228,
      0.00461630000063451,
      0.004370300001028227
    ],
    "optim_times": [
      0.0015256000006047543,
      0.0010447000022395514,
      0.0008105999986582901,
      0.0009734999985084869,
      0.0009283999970648438,
      0.0009062999997695442,
      0.0008770999993430451,
      0.0008344999987457413,
      0.0007334000001719687,
      0.0008464999991701916
    ],
    "iter_times": [
      0.06645710000157123,
      0.01905350000379258,
      0.02616190000117058,
      0.011870400001498638,
      0.027878499997314066,
      0.01531270000486984,
      0.011795500002335757,
      0.011546699995960807,
      0.012377899998682551,
      0.011460100002295803
    ],
    "grad_norms": [
      0.6565757393836975,
      0.6606143712997437,
      0.668342113494873,
      0.6670703887939453,
      0.6638910174369812,
      0.6927463412284851,
      0.6885051131248474,
      0.6544438004493713,
      0.6403612494468689,
      0.6533545255661011
    ],
    "losses": [
      2.306931495666504,
      2.2966153621673584,
      2.3129711151123047,
      2.2690787315368652,
      2.3242106437683105,
      2.3002896308898926,
      2.3073885440826416,
      2.309554100036621,
      2.2742791175842285,
      2.3298451900482178
    ],
    "bytes_transferred": [
      437544,
      437544,
      437544,
      437544,
      437544,
      437544,
      437544,
      437544,
      437544,
      437544
    ],
    "epochs": [
      0,
      0,
      0,
      0,
      0,
      0,
      0,
      0,
      0,
      0
    ],
    "steps": [
      0,
      1,
      2,
      3,
      4,
      5,
      6,
      7,
      8,
      9
    ]
  }
}