{
  "rank": 0,
  "world_size": 1,
  "num_steps": 10,
  "statistics": {
    "compute": {
      "count": 10,
      "min": 0.004575899998599198,
      "max": 0.02623969999694964,
      "mean": 0.008050669999283855,
      "std": 0.0061494364712926354,
      "p95": 0.008584899998822948,
      "p99": 0.008584899998822948
    },
    "sync": {
      "count": 10,
      "min": 0.00026249999791616574,
      "max": 0.0004119000004720874,
      "mean": 0.0003168900002492592,
      "std": 5.113870359399197e-05,
      "p95": 0.00038050000148359686,
      "p99": 0.00038050000148359686
    },
    "optim": {
      "count": 10,
      "min": 0.0005299000004015397,
      "max": 0.0010691000024962705,
      "mean": 0.0007690099999308586,
      "std": 0.00016077042297058496,
      "p95": 0.0009561999977449887,
      "p99": 0.0009561999977449887
    },
    "iter": {
      "count": 10,
      "min": 0.005563499995332677,
      "max": 0.027501399999891873,
      "mean": 0.009136569999463972,
      "std": 0.006210927087807514,
      "p95": 0.009695200002170168,
      "p99": 0.009695200002170168
    },
    "grad_norm": {
      "count": 10,
      "min": 0.9118325114250183,
      "max": 1.0056116580963135,
      "mean": 0.9408554911613465,
      "std": 0.027371824998981286,
      "p95": 0.9641762375831604,
      "p99": 0.9641762375831604
    },
    "loss": {
      "count": 10,
      "min": 2.2683298587799072,
      "max": 2.3297274112701416,
      "mean": 2.303033876419067,
      "std": 0.018620101292960416,
      "p95": 2.3251190185546875,
      "p99": 2.3251190185546875
    }
  },
  "trajectories": {
    "compute_times": [
      0.02623969999694964,
      0.004575899998599198,
      0.006298899999819696,
      0.005662999999913154,
      0.006016600000293693,
      0.006158499996672617,
      0.006573800001206109,
      0.005261000002064975,
      0.005134399998496519,
      0.008584899998822948
    ],
    "sync_times": [
      0.0003645000033429824,
      0.00029179999910411425,
      0.00027380000028642826,
      0.0002822999995260034,
      0.00038050000148359686,
      0.00026249999791616574,
      0.0004119000004720874,
      0.00027159999808645807,
      0.00028250000104890205,
      0.00034750000122585334
    ],
    "optim_times": [
      0.0008971999995992519,
      0.000695799997629365,
      0.0007748999996692874,
      0.0009561999977449887,
      0.0005299000004015397,
      0.0006165000013425015,
      0.0007932999978947919,
      0.0005944000004092231,
      0.0010691000024962705,
      0.0007628000021213666
    ],
    "iter_times": [
      0.027501399999891873,
      0.005563499995332677,
      0.0073475999997754116,
      0.006901499997184146,
      0.006927000002178829,
      0.0070374999959312845,
      0.007778999999572989,
      0.006127000000560656,
      0.006486000002041692,
      0.009695200002170168
    ],
    "grad_norms": [
      1.0056116580963135,
      0.9442993998527527,
      0.9246631264686584,
      0.9283533096313477,
      0.9600938558578491,
      0.9315199851989746,
      0.9641762375831604,
      0.9130914807319641,
      0.9118325114250183,
      0.9249133467674255
    ],
    "losses": [
      2.306931495666504,
      2.2965433597564697,
      2.3131392002105713,
      2.2683298587799072,
      2.3251190185546875,
      2.3000521659851074,
      2.3079075813293457,
      2.3085381984710693,
      2.27405047416687,
      2.3297274112701416
    ],
    "bytes_transferred": [
      437544,
      437544,
      437544,
      437544,
      437544,
      437544,
      437544,
      437544,
      437544,
      437544
    ],
    "epochs": [
      0,
      0,
      0,
      0,
      0,
      0,
      0,
      0,
      0,
      0
    ],
    "steps": [
      0,
      1,
      2,
      3,
      4,
      5,
      6,
      7,
      8,
      9
    ]
  }
}