{
  "rank": 1,
  "world_size": 4,
  "num_steps": 10,
  "statistics": {
    "compute": {
      "count": 10,
      "min": 0.0072595999990880955,
      "max": 0.01708869999856688,
      "mean": 0.0097880699999223,
      "std": 0.002648770109922348,
      "p95": 0.010393299999122974,
      "p99": 0.010393299999122974
    },
    "sync": {
      "count": 10,
      "min": 0.01134489999822108,
      "max": 0.032630699999572244,
      "mean": 0.0234048399994208,
      "std": 0.006276531631245033,
      "p95": 0.029927100000350038,
      "p99": 0.029927100000350038
    },
    "optim": {
      "count": 10,
      "min": 0.0008342000000993721,
      "max": 0.0018137000006390736,
      "mean": 0.0010784799993416526,
      "std": 0.00025971450803225106,
      "p95": 0.0011428999969211873,
      "p99": 0.0011428999969211873
    },
    "iter": {
      "count": 10,
      "min": 0.02162049999969895,
      "max": 0.04882949999955599,
      "mean": 0.03427138999868475,
      "std": 0.007536463666119665,
      "p95": 0.04409039999882225,
      "p99": 0.04409039999882225
    },
    "grad_norm": {
      "count": 10,
      "min": 0.44630756974220276,
      "max": 0.4861167073249817,
      "mean": 0.4737002789974213,
      "std": 0.011354402473467133,
      "p95": 0.4849662184715271,
      "p99": 0.4849662184715271
    },
    "loss": {
      "count": 10,
      "min": 2.270514488220215,
      "max": 2.3362972736358643,
      "mean": 2.2977767467498778,
      "std": 0.017683187127629427,
      "p95": 2.3102316856384277,
      "p99": 2.3102316856384277
    }
  },
  "trajectories": {
    "compute_times": [
      0.01708869999856688,
      0.00940940000145929,
      0.010049799999251263,
      0.010393299999122974,
      0.00794300000052317,
      0.010036900002887705,
      0.009441400001378497,
      0.007496899997931905,
      0.008761699999013217,
      0.0072595999990880955
    ],
    "sync_times": [
      0.029927100000350038,
      0.01969009999811533,
      0.018642800001543947,
      0.032630699999572244,
      0.02421459999823128,
      0.017288200000621146,
      0.01134489999822108,
      0.024573099999543047,
      0.02946410000004107,
      0.026272799997968832
    ],
    "optim_times": [
      0.0018137000006390736,
      0.0011428999969211873,
      0.0010350000011385418,
      0.0010664000001270324,
      0.0010812999971676618,
      0.0009246000008715782,
      0.0008342000000993721,
      0.0010130999980901834,
      0.0009374000001116656,
      0.0009361999982502311
    ],
    "iter_times": [
      0.04882949999955599,
      0.030242399996495806,
      0.02972760000193375,
      0.04409039999882225,
      0.03323889999592211,
      0.02824970000438043,
      0.02162049999969895,
      0.033083099995565135,
      0.039163199999165954,
      0.03446859999530716
    ],
    "grad_norms": [
      0.47446703910827637,
      0.4743352234363556,
      0.46756744384765625,
      0.4827086925506592,
      0.4830756187438965,
      0.4693204164505005,
      0.4849662184715271,
      0.4861167073249817,
      0.44630756974220276,
      0.46813786029815674
    ],
    "losses": [
      2.3102316856384277,
      2.2942745685577393,
      2.3362972736358643,
      2.290440559387207,
      2.2752926349639893,
      2.307643175125122,
      2.304196834564209,
      2.291959524154663,
      2.2969167232513428,
      2.270514488220215
    ],
    "bytes_transferred": [
      437544,
      437544,
      437544,
      437544,
      437544,
      437544,
      437544,
      437544,
      437544,
      437544
    ],
    "epochs": [
      0,
      0,
      0,
      0,
      0,
      0,
      0,
      0,
      0,
      0
    ],
    "steps": [
      0,
      1,
      2,
      3,
      4,
      5,
      6,
      7,
      8,
      9
    ]
  }
}