{
  "rank": 1,
  "world_size": 2,
  "num_steps": 60,
  "statistics": {
    "compute": {
      "count": 60,
      "min": 0.008241200001066318,
      "max": 0.143533499998739,
      "mean": 0.011868548333222862,
      "std": 0.0171681450021827,
      "p95": 0.011032499998691492,
      "p99": 0.01325169999836362
    },
    "sync": {
      "count": 60,
      "min": 0.0021090999980515335,
      "max": 0.015971400000125868,
      "mean": 0.0026639700003215695,
      "std": 0.0017482849157602115,
      "p95": 0.002785799999401206,
      "p99": 0.00340900000082911
    },
    "optim": {
      "count": 60,
      "min": 0.0005175000005692709,
      "max": 0.001114000002417015,
      "mean": 0.0006360816666832155,
      "std": 6.833195111092099e-05,
      "p95": 0.0006701999991491903,
      "p99": 0.0006941999999980908
    },
    "iter": {
      "count": 60,
      "min": 0.010867799999687122,
      "max": 0.16061890000128187,
      "mean": 0.015168600000227647,
      "std": 0.0189631208342316,
      "p95": 0.014266499998484505,
      "p99": 0.016463100000692066
    },
    "grad_norm": {
      "count": 60,
      "min": 0.08581741154193878,
      "max": 0.2489321231842041,
      "mean": 0.1451546931018432,
      "std": 0.04046844358936811,
      "p95": 0.21515709161758423,
      "p99": 0.23637686669826508
    },
    "loss": {
      "count": 60,
      "min": 1.5955920219421387,
      "max": 1.6361620426177979,
      "mean": 1.6154985447724661,
      "std": 0.009459874898284653,
      "p95": 1.632383108139038,
      "p99": 1.635504126548767
    }
  },
  "trajectories": {
    "compute_times": [
      0.143533499998739,
      0.009624900001654169,
      0.009282999999413732,
      0.008424899999226909,
      0.009163200000330107,
      0.009418499997991603,
      0.008713900002476294,
      0.010192699999606702,
      0.008739799999602837,
      0.009726799999043578,
      0.0102270999996108,
      0.009028699998452794,
      0.008241200001066318,
      0.010138199999346398,
      0.01325169999836362,
      0.010689799997635419,
      0.009168399999907706,
      0.00837860000319779,
      0.008680000002641464,
      0.009249399998225272,
      0.010191599998506717,
      0.009938200000760844,
      0.009507999999186723,
      0.009157399999821791,
      0.009260300001187716,
      0.009847999997873558,
      0.010698699999920791,
      0.009135100001003593,
      0.00921100000050501,
      0.010231000000203494,
      0.010839700000360608,
      0.009239099999831524,
      0.010838199999852804,
      0.01082940000196686,
      0.009821700001339195,
      0.00910210000074585,
      0.00885779999953229,
      0.010618899999826681,
      0.008586500000092201,
      0.00914560000092024,
      0.009613800000806805,
      0.00942130000112229,
      0.012987399997655302,
      0.008826799999951618,
      0.008781199998338707,
      0.010020799996709684,
      0.008893899997929111,
      0.009844500000326661,
      0.008738100001210114,
      0.010093600001710001,
      0.008859899997332832,
      0.010474800001247786,
      0.009753900001669535,
      0.010544400000071619,
      0.008926399998017587,
      0.009759299999132054,
      0.00891090000004624,
      0.011032499998691492,
      0.008553800002118805,
      0.009142999999312451
    ],
    "sync_times": [
      0.015971400000125868,
      0.0026983999996446073,
      0.002672400001756614,
      0.002671800000825897,
      0.0026149999976041727,
      0.002488999998604413,
      0.0023745999969833065,
      0.0024350999992748257,
      0.0023306000002776273,
      0.0023806999997759704,
      0.0023951000002853107,
      0.0023032999997667503,
      0.0021090999980515335,
      0.003355699998792261,
      0.002555000002757879,
      0.0022998999993433245,
      0.002785799999401206,
      0.0022190999989106786,
      0.0025859000015771016,
      0.002266399998916313,
      0.0023600999993504956,
      0.0022457999984908383,
      0.0023103000021365006,
      0.0024513000025763176,
      0.0024157000007107854,
      0.0023327999988396186,
      0.002301100001204759,
      0.0022568000022147316,
      0.0022437000006902963,
      0.002627100002428051,
      0.002352499999688007,
      0.0023901999993540812,
      0.0027770999986387324,
      0.0023610999996890314,
      0.0026673000029404648,
      0.0023330000003625173,
      0.0023627000009582844,
      0.0023820999995223247,
      0.002408700001979014,
      0.002189900002122158,
      0.00241690000257222,
      0.0023279999986698385,
      0.0024558000004617497,
      0.00340900000082911,
      0.002336900000955211,
      0.0027508999992278405,
      0.002352800001972355,
      0.0022440000029746443,
      0.0022658000016235746,
      0.0024204999972425867,
      0.0023173999979917426,
      0.0024688999983482063,
      0.002435500002320623,
      0.002359699999942677,
      0.0023209000028145965,
      0.0022300000018731225,
      0.0022829000008641742,
      0.002307499999005813,
      0.0026778000028571114,
      0.002173400000174297
    ],
    "optim_times": [
      0.001114000002417015,
      0.0006941999999980908,
      0.0006639000021095853,
      0.0006701999991491903,
      0.000662200000078883,
      0.000625900000159163,
      0.0006762000011804048,
      0.0006547999983013142,
      0.0006080999992263969,
      0.0006248999998206273,
      0.0006080999992263969,
      0.0005710999976145104,
      0.0005175000005692709,
      0.0006304000016825739,
      0.0006563999995705672,
      0.0006307000003289431,
      0.0006057999999029562,
      0.0005913999993936159,
      0.0006186000027810223,
      0.000638900000922149,
      0.0006211999971128535,
      0.0006357999991450924,
      0.0006432999980461318,
      0.0006081999999878462,
      0.0006180000018503051,
      0.0006372999996528961,
      0.000598599999648286,
      0.0006396000026143156,
      0.0006225999968592077,
      0.0006443999991461169,
      0.0006259999972826336,
      0.0006112000010034535,
      0.0006511999999929685,
      0.0006060999985493254,
      0.0006329999996523838,
      0.0006232999985513743,
      0.0006502000032924116,
      0.0006546000004163943,
      0.0006174999980430584,
      0.0006461000011768192,
      0.0006286999996518716,
      0.0006107000008341856,
      0.0006478000032075215,
      0.0006400999991456047,
      0.0006010000033711549,
      0.0006404999985534232,
      0.0006032999990566168,
      0.0006470000007539056,
      0.0006481000018538907,
      0.000559899999643676,
      0.0006339999999909196,
      0.0006609999982174486,
      0.0006470999978773762,
      0.0006250000005820766,
      0.0006530999999085907,
      0.000611600000411272,
      0.0005951999992248602,
      0.0006110000031185336,
      0.0006106000000727363,
      0.0006376999990607146
    ],