{
  "rank": 5,
  "world_size": 8,
  "num_steps": 60,
  "statistics": {
    "compute": {
      "count": 60,
      "min": 0.03115579999939655,
      "max": 0.25178779999987455,
      "mean": 0.1268115199996828,
      "std": 0.05859991761926089,
      "p95": 0.20919259999936912,
      "p99": 0.24001149999821791
    },
    "sync": {
      "count": 60,
      "min": 0.008109599999443162,
      "max": 0.16151439999885042,
      "mean": 0.027923546666776624,
      "std": 0.02665597519490702,
      "p95": 0.0898047000009683,
      "p99": 0.09466700000120909
    },
    "optim": {
      "count": 60,
      "min": 0.0007979999973031227,
      "max": 0.0033258999974350445,
      "mean": 0.0013178583332167668,
      "std": 0.0005290954647531243,
      "p95": 0.002440500000375323,
      "p99": 0.0028644000012718607
    },
    "iter": {
      "count": 60,
      "min": 0.04322210000100313,
      "max": 0.26803490000384045,
      "mean": 0.15605292499967618,
      "std": 0.05942789854946569,
      "p95": 0.2512970999996469,
      "p99": 0.2645211000017298
    },
    "grad_norm": {
      "count": 60,
      "min": 0.178546741604805,
      "max": 0.42565569281578064,
      "mean": 0.2595461909969648,
      "std": 0.056863164129608,
      "p95": 0.3630068600177765,
      "p99": 0.38520604372024536
    },
    "loss": {
      "count": 60,
      "min": 2.266118049621582,
      "max": 2.3351857662200928,
      "mean": 2.3044584155082704,
      "std": 0.013373029380636801,
      "p95": 2.3244788646698,
      "p99": 2.3324880599975586
    }
  },
  "trajectories": {
    "compute_times": [
      0.07870499999989988,
      0.14450379999834695,
      0.06790030000047409,
      0.16536790000100154,
      0.03337660000033793,
      0.036031800002092496,
      0.19355050000012852,
      0.14538069999980507,
      0.07355309999911697,
      0.20849200000156998,
      0.1762906000003568,
      0.16098710000005667,
      0.13805909999791766,
      0.06562140000096406,
      0.13719530000162194,
      0.19813729999805219,
      0.1699495000029856,
      0.16931269999986398,
      0.036312899999757065,
      0.06763439999849652,
      0.16741909999836935,
      0.14618930000142427,
      0.13881670000046142,
      0.1668177999999898,
      0.14451699999699485,
      0.16672309999921708,
      0.032693599998310674,
      0.15517090000139433,
      0.17334269999992102,
      0.10875089999899501,
      0.03458659999887459,
      0.1403122000010626,
      0.19857849999971222,
      0.04021859999920707,
      0.06669480000346084,
      0.11761109999861219,
      0.10581910000109929,
      0.03115579999939655,
      0.10188019999986864,
      0.16803509999954258,
      0.14147809999849414,
      0.10232990000076825,
      0.19912719999774708,
      0.10085099999923841,
      0.08897019999858458,
      0.072252900001331,
      0.06931119999717339,
      0.1006993999981205,
      0.16435359999741195,
      0.20919259999936912,
      0.08942150000075344,
      0.07178019999992102,
      0.23866389999966486,
      0.25178779999987455,
      0.06827999999950407,
      0.17033839999930933,
      0.24001149999821791,
      0.040339099999982864,
      0.17912539999815635,
      0.1386821999985841
    ],
    "sync_times": [
      0.09074239999972633,
      0.02929280000171275,
      0.02227630000197678,
      0.028303999999479856,
      0.00880440000037197,
      0.0613048000013805,
      0.02511199999935343,
      0.016991699998470722,
      0.0157945999999356,
      0.01913599999897997,
      0.02702119999958086,
      0.01620069999989937,
      0.027830399998492794,
      0.008109599999443162,
      0.017183400002977578,
      0.011591200000111712,
      0.019804700001259334,
      0.015654599999834318,
      0.024121200000081444,
      0.02563670000017737,
      0.013925299997936236,
      0.017186999997647945,
      0.0898047000009683,
      0.02046850000260747,
      0.02439070000036736,
      0.01568520000000717,
      0.01816519999920274,
      0.010923400001047412,
      0.05773910000061733,
      0.013139299997419585,
      0.010140599999431288,
      0.05486100000052829,
      0.01221100000111619,
      0.0688330999983009,
      0.02503459999934421,
      0.014833000001090113,
      0.030309800000395626,
      0.01123590000133845,
      0.16151439999885042,
      0.019107399999484187,
      0.01047630000175559,
      0.012759199998981785,
      0.020586700000421843,
      0.0209766000007221,
      0.013066899999103043,
      0.09466700000120909,
      0.016538800002308562,
      0.010743200000433717,
      0.01842390000092564,
      0.014949799999158131,
      0.021833999999216758,
      0.05386709999947925,
      0.011755800001992611,
      0.015126600002986379,
      0.022636199999396922,
      0.009481000000960194,
      0.015435399996931665,
      0.020731699998577824,
      0.01742530000046827,
      0.0535094000006211
    ],
    "optim_times": [
      0.0017961999983526766,
      0.0013811999997415114,
      0.0016696000020601787,
      0.0018123000008927193,
      0.0010627000010572374,
      0.001459800001612166,
      0.0022160999978950713,
      0.0010022999995271675,
      0.0008938999999372754,
      0.000919000001886161,
      0.0013485999988915864,
      0.0015676000002713408,
      0.0012797999988833908,
      0.0008248000012827106,
      0.0008708999994269107,
      0.0009563999992678873,
      0.0008955000012065284,
      0.0007979999973031227,
      0.0012540999996417668,
      0.0018209000008937437,
      0.0012308000004850328,
      0.0009198999978252687,
      0.0014540999982273206,
      0.000982600002316758,
      0.0014675999991595745,
      0.0015918999997666106,
      0.0017833999991125893,
      0.0009271000017179176,
      0.001953499999217456,
      0.0010114000033354387,
      0.0009895000002870802,
      0.0010296000000380445,
      0.0009246999979950488,
      0.0015764999989187345,
      0.0013610999994853046,
      0.0021562999972957186,
      0.0011331999994581565,
      0.0008304000002681278,
      0.001126500003010733,
      0.0033258999974350445,
      0.0008343000008608215,
      0.0009454999999434222,
      0.0012544999990495853,
      0.002470700001140358,
      0.0009361000011267606,
      0.002440500000375323,
      0.0013492999969457742,
      0.0008309000004373956,
      0.0009831999996094964,
      0.0011186999981873669,
      0.0013034999974479433,
      0.0010709999987739138,
      0.0008773999979894143,
      0.0011205000009795185,
      0.0028644000012718607,
      0.0013465000010910444,
      0.0009547000008751638,
      0.0008932000018830877,
      0.0010008999997808132,
      0.0008699999998498242
    ],