{
  "rank": 0,
  "world_size": 2,
  "num_steps": 60,
  "statistics": {
    "compute": {
      "count": 60,
      "min": 0.00812949999817647,
      "max": 0.14456050000080722,
      "mean": 0.012182446666520264,
      "std": 0.017259702307537157,
      "p95": 0.01131330000134767,
      "p99": 0.013489400000253227
    },
    "sync": {
      "count": 60,
      "min": 0.0012621999994735233,
      "max": 0.008813700002065161,
      "mean": 0.0022828150000350433,
      "std": 0.0012098836491288424,
      "p95": 0.0029983999993419275,
      "p99": 0.007961799998156494
    },
    "optim": {
      "count": 60,
      "min": 0.0005670999998983461,
      "max": 0.001232399998116307,
      "mean": 0.0006919616666588506,
      "std": 8.490600881473638e-05,
      "p95": 0.0008015999992494471,
      "p99": 0.0008478000017930754
    },
    "iter": {
      "count": 60,
      "min": 0.011134199998195982,
      "max": 0.1546066000009887,
      "mean": 0.015157223333214157,
      "std": 0.018201378484819834,
      "p95": 0.015913999999611406,
      "p99": 0.019502099996316247
    },
    "grad_norm": {
      "count": 60,
      "min": 0.08581741154193878,
      "max": 0.2489321231842041,
      "mean": 0.1451546931018432,
      "std": 0.04046844358936811,
      "p95": 0.21515709161758423,
      "p99": 0.23637686669826508
    },
    "loss": {
      "count": 60,
      "min": 1.5829979181289673,
      "max": 1.6388145685195923,
      "mean": 1.6092371861139934,
      "std": 0.011852236974199829,
      "p95": 1.623791217803955,
      "p99": 1.6331942081451416
    }
  },
  "trajectories": {
    "compute_times": [
      0.14456050000080722,
      0.010779699998238357,
      0.009715200001664925,
      0.009037499999976717,
      0.009746700001414865,
      0.009872399998130277,
      0.008188199997675838,
      0.00958859999809647,
      0.008829400001559407,
      0.010092700002132915,
      0.010236599999188911,
      0.009653199998865603,
      0.00861319999967236,
      0.01131330000134767,
      0.013489400000253227,
      0.010300400001142407,
      0.01059480000185431,
      0.008709800000360701,
      0.00904159999845433,
      0.0096293999995396,
      0.010180400000535883,
      0.00920879999830504,
      0.009560999998939224,
      0.009129300000495277,
      0.009640500000386965,
      0.010235099998681108,
      0.010889799999858951,
      0.00963699999920209,
      0.009722299997520167,
      0.010884600000281353,
      0.010646499998983927,
      0.008573600000090664,
      0.011241700001846766,
      0.010799899999256013,
      0.010130700000445358,
      0.009524400000373134,
      0.009277299999666866,
      0.01050759999998263,
      0.00925700000152574,
      0.009315400002378738,
      0.009404799999174429,
      0.009683100000984268,
      0.012410299998009577,
      0.010966300000291085,
      0.00812949999817647,
      0.011053900001570582,
      0.00938020000103279,
      0.01029009999911068,
      0.009224199999152916,
      0.010105800000019372,
      0.009544399999867892,
      0.010655699999915669,
      0.009772600002179388,
      0.011035600000468548,
      0.009307099997386103,
      0.010319400000298629,
      0.009262199997465359,
      0.010963699998683296,
      0.009647099999710917,
      0.009435299998585833
    ],
    "sync_times": [
      0.008813700002065161,
      0.007961799998156494,
      0.00214350000169361,
      0.0019390999987081159,
      0.001982599998882506,
      0.0019373000031919219,
      0.002902899999753572,
      0.002947400000266498,
      0.0022246999978960957,
      0.0019094000017503276,
      0.00217980000161333,
      0.0016763999992690515,
      0.0019482999996398576,
      0.001725100002659019,
      0.0020157999970251694,
      0.0027721000005840324,
      0.0012621999994735233,
      0.00178329999835114,
      0.0020941000002494548,
      0.0018240000026708003,
      0.0022175000012794044,
      0.0029974000026413705,
      0.002148200001101941,
      0.0024811000002955552,
      0.001965600000403356,
      0.0018816999981936533,
      0.0020497999976214487,
      0.0016654999999445863,
      0.0016668999996909406,
      0.0017797000000427943,
      0.002612500000395812,
      0.0029983999993419275,
      0.0022040000003471505,
      0.0023322999986703508,
      0.0022169999974721577,
      0.001895200002763886,
      0.0019224999996367842,
      0.0024386999975831714,
      0.0017054999989341013,
      0.0019395000017539132,
      0.0024045999998634215,
      0.0020934999993187375,
      0.0029155000011087395,
      0.0013306000000739004,
      0.0030210000004444737,
      0.0015486999982385896,
      0.0019406999999773689,
      0.0017111000015574973,
      0.0017036999997799285,
      0.002329200000531273,
      0.0015364999999292195,
      0.0022114000021247193,
      0.0023612999975739513,
      0.0018086999989463948,
      0.0018458999984432012,
      0.0016643999988446012,
      0.0018644999981916044,
      0.002229300000180956,
      0.0014388000017788727,
      0.001847000003181165
    ],
    "optim_times": [
      0.001232399998116307,
      0.0007605999999213964,
      0.0007493000011891127,
      0.0007106000011845026,
      0.0007321000011870638,
      0.0006979999998293351,
      0.0006873000020277686,
      0.0007007999993220437,
      0.0006897999992361292,
      0.0008478000017930754,
      0.000625599997874815,
      0.0006372999996528961,
      0.0006122000013419893,
      0.0007248999972944148,
      0.000644200001261197,
      0.0006646000001637731,
      0.0007106000011845026,
      0.0006410999994841404,
      0.000716499998816289,
      0.0006683999999950174,
      0.0006720999990648124,
      0.0006887999988975935,
      0.0006032000019331463,
      0.0006719999983033631,
      0.0006647000009252224,
      0.0006976000004215166,
      0.0006696999989799224,
      0.0006910999982210342,
      0.0006663000021944754,
      0.0006881000008434057,
      0.0006500999988929834,
      0.0006446999977924861,
      0.000815100000181701,
      0.0006817000030423515,
      0.0006978000019444153,
      0.0006455999973695725,
      0.0006682000021100976,
      0.0006823000003350899,
      0.0006692999995721038,
      0.0008015999992494471,
      0.0005670999998983461,
      0.000705099999322556,
      0.0005882000004930887,
      0.0006621000029554125,
      0.0006427000007533934,
      0.0006370000010065269,
      0.0006677999990643002,
      0.0006961999970371835,
      0.0007019999975454994,
      0.0006847999975434504,
      0.0006681999984721188,
      0.0006676000011793803,
      0.000729800001863623,
      0.0006843000010121614,
      0.0006849999990663491,
      0.0006954999989829957,
      0.0006840999994892627,
      0.0007030000015220139,
      0.0006457000017690007,
      0.0006773999994038604
    ],