{
  "rank": 2,
  "world_size": 8,
  "num_steps": 60,
  "statistics": {
    "compute": {
      "count": 60,
      "min": 0.03275650000068708,
      "max": 0.24023999999917578,
      "mean": 0.1250818983334587,
      "std": 0.05692252509184938,
      "p95": 0.2006370999988576,
      "p99": 0.23972850000063772
    },
    "sync": {
      "count": 60,
      "min": 0.008878600001480663,
      "max": 0.1158982000015385,
      "mean": 0.028205381666763667,
      "std": 0.021786570089046157,
      "p95": 0.06565570000020671,
      "p99": 0.08820550000018557
    },
    "optim": {
      "count": 60,
      "min": 0.0008507000020472333,
      "max": 0.0031262000011338387,
      "mean": 0.0014400683331890227,
      "std": 0.0005531396600872365,
      "p95": 0.0024216000019805506,
      "p99": 0.003078800000366755
    },
    "iter": {
      "count": 60,
      "min": 0.049482200000056764,
      "max": 0.27246369999920717,
      "mean": 0.1547273483334114,
      "std": 0.05795646582179154,
      "p95": 0.25013449999823933,
      "p99": 0.26744830000097863
    },
    "grad_norm": {
      "count": 60,
      "min": 0.178546741604805,
      "max": 0.42565569281578064,
      "mean": 0.2595461909969648,
      "std": 0.056863164129608,
      "p95": 0.3630068600177765,
      "p99": 0.38520604372024536
    },
    "loss": {
      "count": 60,
      "min": 2.284414052963257,
      "max": 2.334015369415283,
      "mean": 2.3048824429512025,
      "std": 0.01122594721905996,
      "p95": 2.320977210998535,
      "p99": 2.332192897796631
    }
  },
  "trajectories": {
    "compute_times": [
      0.042489999999816064,
      0.134774500002095,
      0.06772840000121505,
      0.13776380000126665,
      0.042041700002300786,
      0.06625310000163154,
      0.19352209999851766,
      0.1506054999990738,
      0.06581400000141002,
      0.2006370999988576,
      0.17590139999811072,
      0.1341790000005858,
      0.1374525999999605,
      0.06601980000050389,
      0.13468680000005406,
      0.16921039999942877,
      0.1706097000023874,
      0.1729851999989478,
      0.039781800001946976,
      0.07177990000127465,
      0.16621260000101756,
      0.14190840000082972,
      0.17335649999949965,
      0.07331400000111898,
      0.15263729999787756,
      0.1677860999989207,
      0.036216199998307275,
      0.15231470000071567,
      0.20279600000139908,
      0.07557749999978114,
      0.03275650000068708,
      0.1713186000015412,
      0.19456699999864213,
      0.04010229999767034,
      0.035998100000142585,
      0.11550890000216896,
      0.10655290000067907,
      0.03690149999965797,
      0.24023999999917578,
      0.16611900000134483,
      0.1394246000018029,
      0.07298889999947278,
      0.19634660000156146,
      0.10550569999759318,
      0.0938190000015311,
      0.13176359999852139,
      0.06885170000168728,
      0.10276039999735076,
      0.16292600000087987,
      0.17359789999682107,
      0.08655129999897326,
      0.09413619999759248,
      0.23972850000063772,
      0.18750700000236975,
      0.06735370000023977,
      0.1705498000010266,
      0.17822589999923366,
      0.038952200000494486,
      0.17107620000024326,
      0.1664277999989281
    ],
    "sync_times": [
      0.049806400002125883,
      0.024130300000251736,
      0.008878600001480663,
      0.05846389999715029,
      0.02843639999991865,
      0.022192099997482728,
      0.01578990000052727,
      0.02644499999951222,
      0.017515299998194678,
      0.016482000002724817,
      0.016038199999456992,
      0.053652900001907256,
      0.0256757999995898,
      0.013098499999614432,
      0.013047899999946821,
      0.04748040000049514,
      0.016409899999416666,
      0.016404599999077618,
      0.020100400000956142,
      0.032785499999590684,
      0.013295400000060908,
      0.02131030000236933,
      0.048659299998689676,
      0.1158982000015385,
      0.025238199999876088,
      0.011514099998748861,
      0.021204999997280538,
      0.016607600002316758,
      0.009985700002289377,
      0.054248699998424854,
      0.015367100000730716,
      0.024554700001317542,
      0.009090899999137037,
      0.051831100001436425,
      0.06151480000335141,
      0.015500999998039333,
      0.017944200000783894,
      0.017767200002708705,
      0.023576299998239847,
      0.019668700002512196,
      0.012429300000803778,
      0.059709299999667564,
      0.013489599998138146,
      0.018238500000734348,
      0.03559079999831738,
      0.011957999999140156,
      0.015164000000368105,
      0.021331500000087544,
      0.012316300002567004,
      0.06565570000020671,
      0.015258899999025743,
      0.024609000000054948,
      0.009214499998051906,
      0.08390529999815044,
      0.01629040000261739,
      0.01317650000055437,
      0.08820550000018557,
      0.02849699999933364,
      0.01290579999840702,
      0.01676450000013574
    ],
    "optim_times": [
      0.0020772999996552244,
      0.0012843000004068017,
      0.0011722999988705851,
      0.001122999998187879,
      0.0024062000011326745,
      0.0031262000011338387,
      0.0020036999994772486,
      0.0014340000016090926,
      0.0017585999994480517,
      0.0018336000030103605,
      0.0015249000025505666,
      0.0013419999995676335,
      0.0020459999977902044,
      0.001070800000888994,
      0.0008507000020472333,
      0.0009054000001924578,
      0.000901699997484684,
      0.0008577999979024753,
      0.0011177999986102805,
      0.003078800000366755,
      0.0010658999999577645,
      0.0011100999981863424,
      0.001058100002410356,
      0.0009485000009590294,
      0.002418699998088414,
      0.0010623000016494188,
      0.0020726000002468936,
      0.002378799999860348,
      0.0009638999981689267,
      0.0010069999989354983,
      0.0013585999986389652,
      0.001332400002866052,
      0.0009101999967242591,
      0.0010431000009702984,
      0.0017012999996950384,
      0.0010382999971625395,
      0.0011230999989493284,
      0.001053299998602597,
      0.0010407000008854084,
      0.0024216000019805506,
      0.0009157999993476551,
      0.0016164999979082495,
      0.0011642999998002779,
      0.0009136000007856637,
      0.0013963999990664888,
      0.0011868999972648453,
      0.001668100001552375,
      0.0026145000010728836,
      0.0008559999987483025,
      0.0011594999996304978,
      0.0013842000007571187,
      0.0018761999999696855,
      0.0011914999995497055,
      0.0010513999986869749,
      0.0017957000018213876,
      0.001253899998118868,
      0.0010169000015594065,
      0.0014340000016090926,
      0.001346099998045247,
      0.0015390000007755589
    ],