{
  "rank": 5,
  "world_size": 8,
  "num_steps": 10,
  "statistics": {
    "compute": {
      "count": 10,
      "min": 0.023680400001467206,
      "max": 0.09051600000020699,
      "mean": 0.03551625999971293,
      "std": 0.01869245164624926,
      "p95": 0.03428499999790802,
      "p99": 0.03428499999790802
    },
    "sync": {
      "count": 10,
      "min": 0.014322299997729715,
      "max": 0.0515395999973407,
      "mean": 0.02221829999871261,
      "std": 0.010217435756817694,
      "p95": 0.02383659999759402,
      "p99": 0.02383659999759402
    },
    "optim": {
      "count": 10,
      "min": 0.0007022000027063768,
      "max": 0.0011995999993814621,
      "mean": 0.0008162200003425824,
      "std": 0.00014068738915645165,
      "p95": 0.0009030000001075678,
      "p99": 0.0009030000001075678
    },
    "iter": {
      "count": 10,
      "min": 0.038744299999962095,
      "max": 0.14325519999692915,
      "mean": 0.05855077999876812,
      "std": 0.028655039008183638,
      "p95": 0.05593859999862616,
      "p99": 0.05593859999862616
    },
    "grad_norm": {
      "count": 10,
      "min": 0.04415564611554146,
      "max": 0.11560528725385666,
      "mean": 0.08388429544866086,
      "std": 0.02277805129803262,
      "p95": 0.11032011359930038,
      "p99": 0.11032011359930038
    },
    "loss": {
      "count": 10,
      "min": 1.5953388214111328,
      "max": 1.6417174339294434,
      "mean": 1.6150344967842103,
      "std": 0.01423050832563552,
      "p95": 1.632115125656128,
      "p99": 1.632115125656128
    }
  },
  "trajectories": {
    "compute_times": [
      0.09051600000020699,
      0.033273799999733455,
      0.023680400001467206,
      0.024797999998554587,
      0.03428499999790802,
      0.032833799999934854,
      0.03127880000101868,
      0.026412799998070113,
      0.03184699999837903,
      0.02623700000185636
    ],
    "sync_times": [
      0.0515395999973407,
      0.019562400000722846,
      0.014322299997729715,
      0.02383659999759402,
      0.020920099999784725,
      0.017797099997551413,
      0.014649099997768644,
      0.016518899999937275,
      0.021191399999224814,
      0.02184549999947194
    ],
    "optim_times": [
      0.0011995999993814621,
      0.0009030000001075678,
      0.0007416000007651746,
      0.0007022000027063768,
      0.000733500000933418,
      0.0008457000003545545,
      0.0007603999983984977,
      0.0007086000005074311,
      0.0007708000011916738,
      0.000796799999079667
    ],
    "iter_times": [
      0.14325519999692915,
      0.05373920000056387,
      0.038744299999962095,
      0.049336799998854985,
      0.05593859999862616,
      0.05147659999784082,
      0.04668829999718582,
      0.04364029999851482,
      0.05380919999879552,
      0.048879300000407966
    ],
    "grad_norms": [
      0.10237826406955719,
      0.04415564611554146,
      0.09777824580669403,
      0.08851657807826996,
      0.11032011359930038,
      0.11560528725385666,
      0.09037932008504868,
      0.06020011380314827,
      0.06734514236450195,
      0.062164243310689926
    ],
    "losses": [
      1.604401707649231,
      1.5953388214111328,
      1.6211152076721191,
      1.605303168296814,
      1.632115125656128,
      1.6026787757873535,
      1.61472749710083,
      1.6272392272949219,
      1.6057080030441284,
      1.6417174339294434
    ],
    "bytes_transferred": [
      27188,
      27188,
      27188,
      27188,
      27188,
      27188,
      27188,
      27188,
      27188,
      27188
    ],
    "epochs": [
      0,
      0,
      0,
      0,
      0,
      0,
      0,
      0,
      0,
      0
    ],
    "steps": [
      0,
      1,
      2,
      3,
      4,
      5,
      6,
      7,
      8,
      9
    ]
  }
}