{
  "rank": 0,
  "world_size": 8,
  "num_steps": 10,
  "statistics": {
    "compute": {
      "count": 10,
      "min": 0.0248485999982222,
      "max": 0.0827060999981768,
      "mean": 0.035891159999664524,
      "std": 0.016072687774266528,
      "p95": 0.03774559999874327,
      "p99": 0.03774559999874327
    },
    "sync": {
      "count": 10,
      "min": 0.013452900002448587,
      "max": 0.7901438999979291,
      "mean": 0.09762673000077485,
      "std": 0.2308548955618113,
      "p95": 0.024048900002526352,
      "p99": 0.024048900002526352
    },
    "optim": {
      "count": 10,
      "min": 0.0006224999997357372,
      "max": 0.0013598000005003996,
      "mean": 0.0008052900004258845,
      "std": 0.00019656715144798138,
      "p95": 0.0008698000019649044,
      "p99": 0.0008698000019649044
    },
    "iter": {
      "count": 10,
      "min": 0.04284220000045025,
      "max": 0.8742097999966063,
      "mean": 0.13432318000086524,
      "std": 0.24667977748603498,
      "p95": 0.06010930000047665,
      "p99": 0.06010930000047665
    },
    "grad_norm": {
      "count": 10,
      "min": 0.04415564984083176,
      "max": 0.11560529470443726,
      "mean": 0.08388429693877697,
      "std": 0.022778051298509537,
      "p95": 0.11032011359930038,
      "p99": 0.11032011359930038
    },
    "loss": {
      "count": 10,
      "min": 1.6037960052490234,
      "max": 1.6286011934280396,
      "mean": 1.6171233654022217,
      "std": 0.007122462023210108,
      "p95": 1.62375807762146,
      "p99": 1.62375807762146
    }
  },
  "trajectories": {
    "compute_times": [
      0.0827060999981768,
      0.03656119999868679,
      0.026109200000064448,
      0.0248485999982222,
      0.03774559999874327,
      0.03208540000196081,
      0.028766799998265924,
      0.030952800003433367,
      0.03010079999876325,
      0.029035100000328384
    ],
    "sync_times": [
      0.7901438999979291,
      0.020946200002072146,
      0.02163279999876977,
      0.02111010000226088,
      0.021592799999780254,
      0.021958099998300895,
      0.013452900002448587,
      0.022410700003092643,
      0.01897090000056778,
      0.024048900002526352
    ],
    "optim_times": [
      0.0013598000005003996,
      0.0008698000019649044,
      0.0007660000010218937,
      0.000718100000085542,
      0.0007709000019531231,
      0.0008195000009436626,
      0.0006224999997357372,
      0.0007218999999167863,
      0.0007382000003417488,
      0.0006661999977950472
    ],
    "iter_times": [
      0.8742097999966063,
      0.05837720000272384,
      0.04850799999985611,
      0.04667680000056862,
      0.06010930000047665,
      0.054863000001205364,
      0.04284220000045025,
      0.054085400006442796,
      0.04980989999967278,
      0.053750200000649784
    ],
    "grad_norms": [
      0.10237826406955719,
      0.04415564984083176,
      0.09777824580669403,
      0.08851657807826996,
      0.11032011359930038,
      0.11560529470443726,
      0.09037932008504868,
      0.06020011752843857,
      0.06734514236450195,
      0.062164243310689926
    ],
    "losses": [
      1.6216069459915161,
      1.6200978755950928,
      1.6037960052490234,
      1.6128170490264893,
      1.6101316213607788,
      1.622724175453186,
      1.6123104095458984,
      1.6286011934280396,
      1.6153903007507324,
      1.62375807762146
    ],
    "bytes_transferred": [
      27188,
      27188,
      27188,
      27188,
      27188,
      27188,
      27188,
      27188,
      27188,
      27188
    ],
    "epochs": [
      0,
      0,
      0,
      0,
      0,
      0,
      0,
      0,
      0,
      0
    ],
    "steps": [
      0,
      1,
      2,
      3,
      4,
      5,
      6,
      7,
      8,
      9
    ]
  }
}