{
  "rank": 1,
  "world_size": 8,
  "num_steps": 10,
  "statistics": {
    "compute": {
      "count": 10,
      "min": 0.009016500000143424,
      "max": 0.025149000000965316,
      "mean": 0.0157294800003001,
      "std": 0.004307566331246374,
      "p95": 0.019356700002390426,
      "p99": 0.019356700002390426
    },
    "sync": {
      "count": 10,
      "min": 0.037217599998257356,
      "max": 0.10007899999982328,
      "mean": 0.05883563000024879,
      "std": 0.017332459836135565,
      "p95": 0.07940589999998338,
      "p99": 0.07940589999998338
    },
    "optim": {
      "count": 10,
      "min": 0.0009439999994356185,
      "max": 0.0016121999979077373,
      "mean": 0.001192099999389029,
      "std": 0.00021753100850248664,
      "p95": 0.0015462999981536996,
      "p99": 0.0015462999981536996
    },
    "iter": {
      "count": 10,
      "min": 0.04784629999630852,
      "max": 0.1267742999989423,
      "mean": 0.07575720999993792,
      "std": 0.02044115923631312,
      "p95": 0.09412249999877531,
      "p99": 0.09412249999877531
    },
    "grad_norm": {
      "count": 10,
      "min": 0.1677418202161789,
      "max": 0.1928900182247162,
      "mean": 0.1781605824828148,
      "std": 0.007826382351750077,
      "p95": 0.18653692305088043,
      "p99": 0.18653692305088043
    },
    "loss": {
      "count": 10,
      "min": 2.3039913177490234,
      "max": 2.33132004737854,
      "mean": 2.313022518157959,
      "std": 0.008311742937205309,
      "p95": 2.325995445251465,
      "p99": 2.325995445251465
    }
  },
  "trajectories": {
    "compute_times": [
      0.025149000000965316,
      0.016954000002442626,
      0.019356700002390426,
      0.017523200000141514,
      0.012429799997335067,
      0.015434600001754006,
      0.013431799998215865,
      0.009016500000143424,
      0.016412799999670824,
      0.011586399999941932
    ],
    "sync_times": [
      0.10007899999982328,
      0.049665900001855334,
      0.05230120000123861,
      0.05363500000021304,
      0.06161000000065542,
      0.04766209999797866,
      0.07940589999998338,
      0.037217599998257356,
      0.05917609999960405,
      0.04760350000287872
    ],
    "optim_times": [
      0.0015462999981536996,
      0.0010304000024916604,
      0.001034000000800006,
      0.0009439999994356185,
      0.001100199999200413,
      0.0010330000004614703,
      0.0012848000005760696,
      0.0016121999979077373,
      0.0010812999971676618,
      0.0012547999976959545
    ],
    "iter_times": [
      0.1267742999989423,
      0.06765030000678962,
      0.07269190000442904,
      0.07210219999979017,
      0.0751399999971909,
      0.06412970000019413,
      0.09412249999877531,
      0.04784629999630852,
      0.07667019999644253,
      0.060444700000516605
    ],
    "grad_norms": [
      0.18039004504680634,
      0.1928900182247162,
      0.1682938039302826,
      0.17190776765346527,
      0.18241509795188904,
      0.1677418202161789,
      0.1831062138080597,
      0.17483091354370117,
      0.17349322140216827,
      0.18653692305088043
    ],
    "losses": [
      2.33132004737854,
      2.325995445251465,
      2.3111395835876465,
      2.310492753982544,
      2.3063771724700928,
      2.311250686645508,
      2.30696702003479,
      2.313169479370117,
      2.3039913177490234,
      2.3095216751098633
    ],
    "bytes_transferred": [
      437544,
      437544,
      437544,
      437544,
      437544,
      437544,
      437544,
      437544,
      437544,
      437544
    ],
    "epochs": [
      0,
      0,
      0,
      0,
      0,
      0,
      0,
      0,
      0,
      0
    ],
    "steps": [
      0,
      1,
      2,
      3,
      4,
      5,
      6,
      7,
      8,
      9
    ]
  }
}