{
  "rank": 0,
  "world_size": 8,
  "num_steps": 10,
  "statistics": {
    "compute": {
      "count": 10,
      "min": 0.01032169999962207,
      "max": 0.028822399999626214,
      "mean": 0.01502647999986948,
      "std": 0.005062071204263276,
      "p95": 0.018134999998437706,
      "p99": 0.018134999998437706
    },
    "sync": {
      "count": 10,
      "min": 0.042157899999438087,
      "max": 0.10127009999996517,
      "mean": 0.06045029000015347,
      "std": 0.016754207829482722,
      "p95": 0.0722200000018347,
      "p99": 0.0722200000018347
    },
    "optim": {
      "count": 10,
      "min": 0.0007975000007718336,
      "max": 0.0015956000024743844,
      "mean": 0.0011822599994047779,
      "std": 0.00027835146204180996,
      "p95": 0.0014979999978095293,
      "p99": 0.0014979999978095293
    },
    "iter": {
      "count": 10,
      "min": 0.05520469999828492,
      "max": 0.13168810000206577,
      "mean": 0.07665902999942772,
      "std": 0.021042233377248833,
      "p95": 0.08623960000113584,
      "p99": 0.08623960000113584
    },
    "grad_norm": {
      "count": 10,
      "min": 0.1677418202161789,
      "max": 0.1928900182247162,
      "mean": 0.17816058099269866,
      "std": 0.007826384230351622,
      "p95": 0.18653692305088043,
      "p99": 0.18653692305088043
    },
    "loss": {
      "count": 10,
      "min": 2.2946479320526123,
      "max": 2.329397678375244,
      "mean": 2.3110862016677856,
      "std": 0.009144531999808579,
      "p95": 2.319040060043335,
      "p99": 2.319040060043335
    }
  },
  "trajectories": {
    "compute_times": [
      0.028822399999626214,
      0.013492999998561572,
      0.012187799999082927,
      0.018134999998437706,
      0.013260499999887543,
      0.012116300000343472,
      0.01032169999962207,
      0.01258149999921443,
      0.012956400001712609,
      0.016390200002206257
    ],
    "sync_times": [
      0.10127009999996517,
      0.06626560000222526,
      0.042157899999438087,
      0.05117269999755081,
      0.06756769999992684,
      0.04703230000086478,
      0.05440360000284272,
      0.0722200000018347,
      0.0438040999979421,
      0.05860889999894425
    ],
    "optim_times": [
      0.0015956000024743844,
      0.0014979999978095293,
      0.0008589999997639097,
      0.0009314999988419004,
      0.0012231000000610948,
      0.0008937999991758261,
      0.0012093999976059422,
      0.0014381000000867061,
      0.0007975000007718336,
      0.0013765999974566512
    ],
    "iter_times": [
      0.13168810000206577,
      0.08125659999859636,
      0.05520469999828492,
      0.07023919999483041,
      0.08205129999987548,
      0.06004240000038408,
      0.06593470000007073,
      0.08623960000113584,
      0.057558000000426546,
      0.07637569999860716
    ],
    "grad_norms": [
      0.18039004504680634,
      0.1928900182247162,
      0.1682937890291214,
      0.17190776765346527,
      0.18241509795188904,
      0.1677418202161789,
      0.1831062138080597,
      0.17483091354370117,
      0.17349322140216827,
      0.18653692305088043
    ],
    "losses": [
      2.329397678375244,
      2.319040060043335,
      2.3151304721832275,
      2.2946479320526123,
      2.3119192123413086,
      2.3026540279388428,
      2.305417537689209,
      2.305286407470703,
      2.313755989074707,
      2.313612699508667
    ],
    "bytes_transferred": [
      437544,
      437544,
      437544,
      437544,
      437544,
      437544,
      437544,
      437544,
      437544,
      437544
    ],
    "epochs": [
      0,
      0,
      0,
      0,
      0,
      0,
      0,
      0,
      0,
      0
    ],
    "steps": [
      0,
      1,
      2,
      3,
      4,
      5,
      6,
      7,
      8,
      9
    ]
  }
}