{
  "rank": 4,
  "world_size": 8,
  "num_steps": 10,
  "statistics": {
    "compute": {
      "count": 10,
      "min": 0.018747300000541145,
      "max": 0.038580099997489015,
      "mean": 0.026949129999775324,
      "std": 0.006368250423969222,
      "p95": 0.03841130000000703,
      "p99": 0.03841130000000703
    },
    "sync": {
      "count": 10,
      "min": 0.011077799998020055,
      "max": 0.1003314000008686,
      "mean": 0.02253508999965561,
      "std": 0.02617674844452952,
      "p95": 0.022459499999968102,
      "p99": 0.022459499999968102
    },
    "optim": {
      "count": 10,
      "min": 0.0009362999990116805,
      "max": 0.0026612999972712714,
      "mean": 0.0012902399987069658,
      "std": 0.00048267967638264956,
      "p95": 0.001444699999410659,
      "p99": 0.001444699999410659
    },
    "iter": {
      "count": 10,
      "min": 0.032230700002401136,
      "max": 0.1414039999981469,
      "mean": 0.0507744599981379,
      "std": 0.03082110259809644,
      "p95": 0.051502299997082446,
      "p99": 0.051502299997082446
    },
    "grad_norm": {
      "count": 10,
      "min": 0.7961502075195312,
      "max": 1.3927916288375854,
      "mean": 1.110623300075531,
      "std": 0.1824041635482243,
      "p95": 1.3240500688552856,
      "p99": 1.3240500688552856
    },
    "loss": {
      "count": 10,
      "min": 2.1834206581115723,
      "max": 2.3983752727508545,
      "mean": 2.282544708251953,
      "std": 0.06092195125205409,
      "p95": 2.362133502960205,
      "p99": 2.362133502960205
    }
  },
  "trajectories": {
    "compute_times": [
      0.03841130000000703,
      0.038580099997489015,
      0.020742700002301717,
      0.02570449999984703,
      0.027246599998761667,
      0.027827699999761535,
      0.022362100000464125,
      0.018747300000541145,
      0.02580849999867496,
      0.024060499999905005
    ],
    "sync_times": [
      0.1003314000008686,
      0.011714699998265132,
      0.012131799998314818,
      0.011819800001831027,
      0.011077799998020055,
      0.022459499999968102,
      0.018986699997185497,
      0.012158100002125138,
      0.012666900001931936,
      0.012004199998045806
    ],
    "optim_times": [
      0.0026612999972712714,
      0.001033699998515658,
      0.0010294999992765952,
      0.001032599997415673,
      0.0012348999989626464,
      0.0012150999973528087,
      0.001444699999410659,
      0.0013252999997348525,
      0.0009890000001178123,
      0.0009362999990116805
    ],
    "iter_times": [
      0.1414039999981469,
      0.051328499994269805,
      0.03390399999989313,
      0.03855689999909373,
      0.03955929999574437,
      0.051502299997082446,
      0.04279349999706028,
      0.032230700002401136,
      0.03946440000072471,
      0.03700099999696249
    ],
    "grad_norms": [
      0.8591600656509399,
      1.0087898969650269,
      0.7961502075195312,
      1.1317408084869385,
      1.3927916288375854,
      1.196945071220398,
      1.0489228963851929,
      1.2614436149597168,
      1.0862387418746948,
      1.3240500688552856
    ],
    "losses": [
      2.1834206581115723,
      2.362133502960205,
      2.2389636039733887,
      2.279611587524414,
      2.2579660415649414,
      2.2445287704467773,
      2.3261280059814453,
      2.2425830364227295,
      2.291736602783203,
      2.3983752727508545
    ],
    "bytes_transferred": [
      208552,
      208552,
      208552,
      208552,
      208552,
      208552,
      208552,
      208552,
      208552,
      208552
    ],
    "epochs": [
      0,
      0,
      0,
      0,
      0,
      0,
      0,
      0,
      0,
      0
    ],
    "steps": [
      0,
      1,
      2,
      3,
      4,
      5,
      6,
      7,
      8,
      9
    ]
  }
}