{
  "rank": 0,
  "world_size": 2,
  "num_steps": 10,
  "statistics": {
    "compute": {
      "count": 10,
      "min": 0.012474600000132341,
      "max": 0.11361580000084359,
      "mean": 0.03537964999995893,
      "std": 0.033246992266468024,
      "p95": 0.08526060000076541,
      "p99": 0.08526060000076541
    },
    "sync": {
      "count": 10,
      "min": 0.0020700000022770837,
      "max": 0.014331899998069275,
      "mean": 0.00447753999978886,
      "std": 0.003400545850295483,
      "p95": 0.005113299997901777,
      "p99": 0.005113299997901777
    },
    "optim": {
      "count": 10,
      "min": 0.000796799999079667,
      "max": 0.0014669000011053868,
      "mean": 0.0009373399996547959,
      "std": 0.00019175032862316465,
      "p95": 0.0010640000000421423,
      "p99": 0.0010640000000421423
    },
    "iter": {
      "count": 10,
      "min": 0.016741299998102477,
      "max": 0.12941460000001825,
      "mean": 0.040794529999402585,
      "std": 0.03636374445280366,
      "p95": 0.09129189999657683,
      "p99": 0.09129189999657683
    },
    "grad_norm": {
      "count": 10,
      "min": 0.359684556722641,
      "max": 0.8380337953567505,
      "mean": 0.5351368606090545,
      "std": 0.14839055375575486,
      "p95": 0.7166218757629395,
      "p99": 0.7166218757629395
    },
    "loss": {
      "count": 10,
      "min": 2.2901928424835205,
      "max": 2.352078676223755,
      "mean": 2.3193420648574827,
      "std": 0.01859738214315299,
      "p95": 2.339360475540161,
      "p99": 2.339360475540161
    }
  },
  "trajectories": {
    "compute_times": [
      0.11361580000084359,
      0.08526060000076541,
      0.032881999999517575,
      0.028018299999530427,
      0.012474600000132341,
      0.01760419999845908,
      0.020143900001130532,
      0.01786039999933564,
      0.012966599999344908,
      0.012970100000529783
    ],
    "sync_times": [
      0.014331899998069275,
      0.005113299997901777,
      0.003883599998516729,
      0.00281149999864283,
      0.003990100001828978,
      0.00406700000166893,
      0.0020700000022770837,
      0.0021933999996690545,
      0.003369800000655232,
      0.0029447999986587092
    ],
    "optim_times": [
      0.0014669000011053868,
      0.0009179999979096465,
      0.0009123999989242293,
      0.0008933999997680075,
      0.0008748999971430749,
      0.0010640000000421423,
      0.0008149000022967812,
      0.0008057000013650395,
      0.000796799999079667,
      0.0008263999989139847
    ],
    "iter_times": [
      0.12941460000001825,
      0.09129189999657683,
      0.03767799999695853,
      0.031723199997941265,
      0.017339599999104394,
      0.022735200000170153,
      0.023028800005704397,
      0.020859500000369735,
      0.017133199999079807,
      0.016741299998102477
    ],
    "grad_norms": [
      0.5195390582084656,
      0.4267789125442505,
      0.37565818428993225,
      0.8380337953567505,
      0.5301119089126587,
      0.6616708636283875,
      0.359684556722641,
      0.7166218757629395,
      0.4462842643260956,
      0.4769851863384247
    ],
    "losses": [
      2.3051133155822754,
      2.352078676223755,
      2.330724000930786,
      2.339360475540161,
      2.3059022426605225,
      2.2901928424835205,
      2.3114233016967773,
      2.3381869792938232,
      2.305769205093384,
      2.314669609069824
    ],
    "bytes_transferred": [
      208552,
      208552,
      208552,
      208552,
      208552,
      208552,
      208552,
      208552,
      208552,
      208552
    ],
    "epochs": [
      0,
      0,
      0,
      0,
      0,
      0,
      0,
      0,
      0,
      0
    ],
    "steps": [
      0,
      1,
      2,
      3,
      4,
      5,
      6,
      7,
      8,
      9
    ]
  }
}