{
  "rank": 6,
  "world_size": 8,
  "num_steps": 10,
  "statistics": {
    "compute": {
      "count": 10,
      "min": 0.016424900000856724,
      "max": 0.03266470000016852,
      "mean": 0.021015990000523743,
      "std": 0.005036937119083,
      "p95": 0.028850899998360546,
      "p99": 0.028850899998360546
    },
    "sync": {
      "count": 10,
      "min": 0.013903099999879487,
      "max": 0.08136519999970915,
      "mean": 0.023998209999626853,
      "std": 0.01925723998544411,
      "p95": 0.021715599999879487,
      "p99": 0.021715599999879487
    },
    "optim": {
      "count": 10,
      "min": 0.000974599999608472,
      "max": 0.002074300002277596,
      "mean": 0.0012924000002385583,
      "std": 0.00030523865496526794,
      "p95": 0.0014408999995794147,
      "p99": 0.0014408999995794147
    },
    "iter": {
      "count": 10,
      "min": 0.03331560000151512,
      "max": 0.11610420000215527,
      "mean": 0.04630660000038915,
      "std": 0.023695627304766383,
      "p95": 0.04866599999877508,
      "p99": 0.04866599999877508
    },
    "grad_norm": {
      "count": 10,
      "min": 0.7961502075195312,
      "max": 1.3927916288375854,
      "mean": 1.110623300075531,
      "std": 0.1824041635482243,
      "p95": 1.3240500688552856,
      "p99": 1.3240500688552856
    },
    "loss": {
      "count": 10,
      "min": 2.2037243843078613,
      "max": 2.36820125579834,
      "mean": 2.289510941505432,
      "std": 0.05698087433939186,
      "p95": 2.3602566719055176,
      "p99": 2.3602566719055176
    }
  },
  "trajectories": {
    "compute_times": [
      0.03266470000016852,
      0.028850899998360546,
      0.01756770000065444,
      0.01917909999974654,
      0.016424900000856724,
      0.01908739999998943,
      0.018437900002027163,
      0.019542900001397356,
      0.019967200001701713,
      0.018437200000334997
    ],
    "sync_times": [
      0.08136519999970915,
      0.018483500000002095,
      0.015562900000077207,
      0.01638449999882141,
      0.016042299997934606,
      0.021715599999879487,
      0.013903099999879487,
      0.02101330000004964,
      0.018323500000406057,
      0.01718819999950938
    ],
    "optim_times": [
      0.002074300002277596,
      0.0013316000004124362,
      0.0014408999995794147,
      0.0012055000006512273,
      0.0011452999970060773,
      0.0014398000021174084,
      0.000974599999608472,
      0.0012542000004032161,
      0.0010763999998744112,
      0.0009814000004553236
    ],
    "iter_times": [
      0.11610420000215527,
      0.04866599999877508,
      0.03457150000031106,
      0.03676909999921918,
      0.03361249999579741,
      0.042242800001986325,
      0.03331560000151512,
      0.04181040000185021,
      0.03936710000198218,
      0.0366068000002997
    ],
    "grad_norms": [
      0.8591600656509399,
      1.0087898969650269,
      0.7961502075195312,
      1.1317408084869385,
      1.3927916288375854,
      1.196945071220398,
      1.0489228963851929,
      1.2614436149597168,
      1.0862387418746948,
      1.3240500688552856
    ],
    "losses": [
      2.2037243843078613,
      2.309870958328247,
      2.36820125579834,
      2.228722095489502,
      2.3602566719055176,
      2.3350119590759277,
      2.333773136138916,
      2.220792293548584,
      2.261441707611084,
      2.273314952850342
    ],
    "bytes_transferred": [
      208552,
      208552,
      208552,
      208552,
      208552,
      208552,
      208552,
      208552,
      208552,
      208552
    ],
    "epochs": [
      0,
      0,
      0,
      0,
      0,
      0,
      0,
      0,
      0,
      0
    ],
    "steps": [
      0,
      1,
      2,
      3,
      4,
      5,
      6,
      7,
      8,
      9
    ]
  }
}