{
  "rank": 1,
  "world_size": 2,
  "num_steps": 10,
  "statistics": {
    "compute": {
      "count": 10,
      "min": 0.011128900001494912,
      "max": 0.11525430000256165,
      "mean": 0.03371470000092813,
      "std": 0.03356124500677215,
      "p95": 0.08006430000023101,
      "p99": 0.08006430000023101
    },
    "sync": {
      "count": 10,
      "min": 0.0032317999975930434,
      "max": 0.016768800000136252,
      "mean": 0.006004119999488466,
      "std": 0.0040074881617890605,
      "p95": 0.00905369999964023,
      "p99": 0.00905369999964023
    },
    "optim": {
      "count": 10,
      "min": 0.0006933000004210044,
      "max": 0.001349300000583753,
      "mean": 0.0008346700000402052,
      "std": 0.0001816559940575102,
      "p95": 0.0008897000006982125,
      "p99": 0.0008897000006982125
    },
    "iter": {
      "count": 10,
      "min": 0.01668049999716459,
      "max": 0.13337240000328165,
      "mean": 0.040553490000456806,
      "std": 0.03652902197698116,
      "p95": 0.08496720000039204,
      "p99": 0.08496720000039204
    },
    "grad_norm": {
      "count": 10,
      "min": 0.359684556722641,
      "max": 0.8380337953567505,
      "mean": 0.5351368606090545,
      "std": 0.14839055375575486,
      "p95": 0.7166218757629395,
      "p99": 0.7166218757629395
    },
    "loss": {
      "count": 10,
      "min": 2.2727787494659424,
      "max": 2.349543333053589,
      "mean": 2.3105486392974854,
      "std": 0.0237870984544113,
      "p95": 2.3362889289855957,
      "p99": 2.3362889289855957
    }
  },
  "trajectories": {
    "compute_times": [
      0.11525430000256165,
      0.08006430000023101,
      0.032306400000379654,
      0.026866700001846766,
      0.012928500000271015,
      0.018278200001077494,
      0.015077600000950042,
      0.011128900001494912,
      0.012567099998705089,
      0.012675000001763692
    ],
    "sync_times": [
      0.016768800000136252,
      0.004161900000326568,
      0.004584799997246591,
      0.003979200002504513,
      0.003693599999678554,
      0.003569900000002235,
      0.00729489999866928,
      0.00905369999964023,
      0.003702599999087397,
      0.0032317999975930434
    ],
    "optim_times": [
      0.001349300000583753,
      0.0007409999998344574,
      0.0008873000006133225,
      0.0006933000004210044,
      0.0007429000033880584,
      0.0008897000006982125,
      0.0007525000000896398,
      0.0007516999976360239,
      0.0007652999993297271,
      0.0007736999978078529
    ],
    "iter_times": [
      0.13337240000328165,
      0.08496720000039204,
      0.03777849999823957,
      0.03153920000477228,
      0.017365000003337627,
      0.02273780000177794,
      0.02312499999970896,
      0.020934299998771166,
      0.017034999997122213,
      0.01668049999716459
    ],
    "grad_norms": [
      0.5195390582084656,
      0.4267789125442505,
      0.37565818428993225,
      0.8380337953567505,
      0.5301119089126587,
      0.6616708636283875,
      0.359684556722641,
      0.7166218757629395,
      0.4462842643260956,
      0.4769851863384247
    ],
    "losses": [
      2.29946231842041,
      2.2945668697357178,
      2.2727787494659424,
      2.349543333053589,
      2.3362889289855957,
      2.3275067806243896,
      2.292433500289917,
      2.3333873748779297,
      2.287510633468628,
      2.3120079040527344
    ],
    "bytes_transferred": [
      208552,
      208552,
      208552,
      208552,
      208552,
      208552,
      208552,
      208552,
      208552,
      208552
    ],
    "epochs": [
      0,
      0,
      0,
      0,
      0,
      0,
      0,
      0,
      0,
      0
    ],
    "steps": [
      0,
      1,
      2,
      3,
      4,
      5,
      6,
      7,
      8,
      9
    ]
  }
}