{
  "rank": 6,
  "world_size": 8,
  "num_steps": 10,
  "statistics": {
    "compute": {
      "count": 10,
      "min": 0.020008200001029763,
      "max": 0.08494829999835929,
      "mean": 0.039765799999804584,
      "std": 0.021104134607693514,
      "p95": 0.057996200001070974,
      "p99": 0.057996200001070974
    },
    "sync": {
      "count": 10,
      "min": 0.03540419999990263,
      "max": 0.06982090000019525,
      "mean": 0.04811919999992824,
      "std": 0.011622159957694295,
      "p95": 0.061591100002260646,
      "p99": 0.061591100002260646
    },
    "optim": {
      "count": 10,
      "min": 0.0008189000000129454,
      "max": 0.0017584999986866023,
      "mean": 0.0011479199998575495,
      "std": 0.0003022891487033446,
      "p95": 0.001570799999171868,
      "p99": 0.001570799999171868
    },
    "iter": {
      "count": 10,
      "min": 0.05717770000046585,
      "max": 0.1263144000004104,
      "mean": 0.08903291999959037,
      "std": 0.026629437220679775,
      "p95": 0.12211979999847244,
      "p99": 0.12211979999847244
    },
    "grad_norm": {
      "count": 10,
      "min": 0.7961502075195312,
      "max": 1.3927916288375854,
      "mean": 1.1106233239173888,
      "std": 0.18240419144502645,
      "p95": 1.3240503072738647,
      "p99": 1.3240503072738647
    },
    "loss": {
      "count": 10,
      "min": 2.2037243843078613,
      "max": 2.36820125579834,
      "mean": 2.2895109176635744,
      "std": 0.056980855300961315,
      "p95": 2.3602566719055176,
      "p99": 2.3602566719055176
    }
  },
  "trajectories": {
    "compute_times": [
      0.05473500000152853,
      0.026717999997345032,
      0.025534200001857243,
      0.02614950000133831,
      0.020008200001029763,
      0.057996200001070974,
      0.021101499998621875,
      0.023520999999163905,
      0.056946099997730926,
      0.08494829999835929
    ],
    "sync_times": [
      0.06982090000019525,
      0.05417139999917708,
      0.03709249999883468,
      0.05614710000008927,
      0.036235399998986395,
      0.05109950000041863,
      0.03540419999990263,
      0.04341539999950328,
      0.061591100002260646,
      0.03621449999991455
    ],
    "optim_times": [
      0.0017584999986866023,
      0.001203799998620525,
      0.0008349999989150092,
      0.0013494000013452023,
      0.0009341000004496891,
      0.0010379000013926998,
      0.0008189000000129454,
      0.00101379999978235,
      0.001570799999171868,
      0.0009570000001986045
    ],
    "iter_times": [
      0.1263144000004104,
      0.08209319999514264,
      0.06346169999960694,
      0.08364600000277278,
      0.05717770000046585,
      0.1101336000028823,
      0.05732459999853745,
      0.06795019999844953,
      0.12010799999916344,
      0.12211979999847244
    ],
    "grad_norms": [
      0.8591600656509399,
      1.0087898969650269,
      0.7961502075195312,
      1.1317408084869385,
      1.3927916288375854,
      1.196945071220398,
      1.0489228963851929,
      1.2614436149597168,
      1.0862387418746948,
      1.3240503072738647
    ],
    "losses": [
      2.2037243843078613,
      2.309870958328247,
      2.36820125579834,
      2.228722095489502,
      2.3602566719055176,
      2.3350117206573486,
      2.333773136138916,
      2.220792293548584,
      2.261441707611084,
      2.273314952850342
    ],
    "bytes_transferred": [
      208552,
      208552,
      208552,
      208552,
      208552,
      208552,
      208552,
      208552,
      208552,
      208552
    ],
    "epochs": [
      0,
      0,
      0,
      0,
      0,
      0,
      0,
      0,
      0,
      0
    ],
    "steps": [
      0,
      1,
      2,
      3,
      4,
      5,
      6,
      7,
      8,
      9
    ]
  }
}