{
  "rank": 2,
  "world_size": 4,
  "num_steps": 10,
  "statistics": {
    "compute": {
      "count": 10,
      "min": 0.019213600000512088,
      "max": 0.056738399998721434,
      "mean": 0.030129529999976513,
      "std": 0.013736095362911817,
      "p95": 0.05607790000067325,
      "p99": 0.05607790000067325
    },
    "sync": {
      "count": 10,
      "min": 0.008428199998888886,
      "max": 0.03725090000079945,
      "mean": 0.013074109999433859,
      "std": 0.008174736825687048,
      "p95": 0.01289320000068983,
      "p99": 0.01289320000068983
    },
    "optim": {
      "count": 10,
      "min": 0.0008788000013737474,
      "max": 0.0036600999992515426,
      "mean": 0.0014711499996337806,
      "std": 0.0008572591941249018,
      "p95": 0.0024593999987700954,
      "p99": 0.0024593999987700954
    },
    "iter": {
      "count": 10,
      "min": 0.028866299999208422,
      "max": 0.07528099999763072,
      "mean": 0.04467478999904415,
      "std": 0.017405672721012466,
      "p95": 0.06988840000121854,
      "p99": 0.06988840000121854
    },
    "grad_norm": {
      "count": 10,
      "min": 0.280991792678833,
      "max": 0.6101589798927307,
      "mean": 0.3968037813901901,
      "std": 0.09567644786908518,
      "p95": 0.509867250919342,
      "p99": 0.509867250919342
    },
    "loss": {
      "count": 10,
      "min": 2.2886126041412354,
      "max": 2.3339128494262695,
      "mean": 2.3081885099411013,
      "std": 0.011949553906884718,
      "p95": 2.320129871368408,
      "p99": 2.320129871368408
    }
  },
  "trajectories": {
    "compute_times": [
      0.034369999997579725,
      0.023692700000538025,
      0.05607790000067325,
      0.01940420000028098,
      0.019213600000512088,
      0.056738399998721434,
      0.024445799997920403,
      0.022601200002100086,
      0.023521600000094622,
      0.021229900001344504
    ],
    "sync_times": [
      0.03725090000079945,
      0.00889409999945201,
      0.01289320000068983,
      0.008428199998888886,
      0.011703399999532849,
      0.008573399998567766,
      0.010834099997737212,
      0.01014009999926202,
      0.01057070000024396,
      0.011452999999164604
    ],
    "optim_times": [
      0.0036600999992515426,
      0.001560199998493772,
      0.0009172999998554587,
      0.0010339000000385568,
      0.0011219000007258728,
      0.0024593999987700954,
      0.0008788000013737474,
      0.0010064000016427599,
      0.001102599999285303,
      0.0009708999969006982
    ],
    "iter_times": [
      0.07528099999763072,
      0.03414699999848381,
      0.06988840000121854,
      0.028866299999208422,
      0.03203890000077081,
      0.0677711999960593,
      0.03615869999703136,
      0.033747700003004866,
      0.035194899999623885,
      0.033653799997409806
    ],
    "grad_norms": [
      0.4376555383205414,
      0.30987992882728577,
      0.3232015371322632,
      0.509867250919342,
      0.3904513716697693,
      0.3446432948112488,
      0.34981152415275574,
      0.6101589798927307,
      0.41137659549713135,
      0.280991792678833
    ],
    "losses": [
      2.302269458770752,
      2.306753396987915,
      2.309922218322754,
      2.314140796661377,
      2.2886126041412354,
      2.296786308288574,
      2.320129871368408,
      2.3069357872009277,
      2.3339128494262695,
      2.302421808242798
    ],
    "bytes_transferred": [
      208552,
      208552,
      208552,
      208552,
      208552,
      208552,
      208552,
      208552,
      208552,
      208552
    ],
    "epochs": [
      0,
      0,
      0,
      0,
      0,
      0,
      0,
      0,
      0,
      0
    ],
    "steps": [
      0,
      1,
      2,
      3,
      4,
      5,
      6,
      7,
      8,
      9
    ]
  }
}