{
  "rank": 0,
  "world_size": 4,
  "num_steps": 10,
  "statistics": {
    "compute": {
      "count": 10,
      "min": 0.017019899998558685,
      "max": 0.057829199999105185,
      "mean": 0.029567640000095707,
      "std": 0.01487143428101081,
      "p95": 0.05614599999898928,
      "p99": 0.05614599999898928
    },
    "sync": {
      "count": 10,
      "min": 0.008056499998929212,
      "max": 0.08149060000141617,
      "mean": 0.019248719999814055,
      "std": 0.0208727009805284,
      "p95": 0.016208999997616047,
      "p99": 0.016208999997616047
    },
    "optim": {
      "count": 10,
      "min": 0.0007944999997562263,
      "max": 0.001386700001603458,
      "mean": 0.0010916300001554192,
      "std": 0.000215342226046802,
      "p95": 0.0013619000019389205,
      "p99": 0.0013619000019389205
    },
    "iter": {
      "count": 10,
      "min": 0.028465800001868047,
      "max": 0.12126840000564698,
      "mean": 0.04990799000006518,
      "std": 0.02759777555363384,
      "p95": 0.07092919999558944,
      "p99": 0.07092919999558944
    },
    "grad_norm": {
      "count": 10,
      "min": 0.280991792678833,
      "max": 0.6101589798927307,
      "mean": 0.3968037784099579,
      "std": 0.09567645305897249,
      "p95": 0.509867250919342,
      "p99": 0.509867250919342
    },
    "loss": {
      "count": 10,
      "min": 2.288759708404541,
      "max": 2.3519093990325928,
      "mean": 2.3193994760513306,
      "std": 0.018467891660808505,
      "p95": 2.3377585411071777,
      "p99": 2.3377585411071777
    }
  },
  "trajectories": {
    "compute_times": [
      0.038391100002627354,
      0.025418400000489783,
      0.05614599999898928,
      0.01837389999855077,
      0.01961480000318261,
      0.057829199999105185,
      0.02316910000081407,
      0.0200330000006943,
      0.019680999997945037,
      0.017019899998558685
    ],
    "sync_times": [
      0.08149060000141617,
      0.016208999997616047,
      0.009125700002186932,
      0.012839600000006612,
      0.008056499998929212,
      0.012176599997474113,
      0.011817299997346709,
      0.012487800002418226,
      0.015002200001617894,
      0.013281899999128655
    ],
    "optim_times": [
      0.001386700001603458,
      0.001172799999039853,
      0.0009585000007064082,
      0.0009008999986690469,
      0.0007944999997562263,
      0.0009233999990101438,
      0.0012615000014193356,
      0.0013619000019389205,
      0.001298399998631794,
      0.0008577000007790048
    ],
    "iter_times": [
      0.12126840000564698,
      0.04280019999714568,
      0.06623020000188262,
      0.03211439999722643,
      0.028465800001868047,
      0.07092919999558944,
      0.03624789999958011,
      0.03388270000505145,
      0.035981599998194724,
      0.031159499998466345
    ],
    "grad_norms": [
      0.43765556812286377,
      0.30987992882728577,
      0.3232015073299408,
      0.509867250919342,
      0.3904513716697693,
      0.3446432650089264,
      0.34981152415275574,
      0.6101589798927307,
      0.41137659549713135,
      0.280991792678833
    ],
    "losses": [
      2.3051133155822754,
      2.3519093990325928,
      2.3318443298339844,
      2.3371269702911377,
      2.3053507804870605,
      2.288759708404541,
      2.313152313232422,
      2.3377585411071777,
      2.3068459033966064,
      2.316133499145508
    ],
    "bytes_transferred": [
      208552,
      208552,
      208552,
      208552,
      208552,
      208552,
      208552,
      208552,
      208552,
      208552
    ],
    "epochs": [
      0,
      0,
      0,
      0,
      0,
      0,
      0,
      0,
      0,
      0
    ],
    "steps": [
      0,
      1,
      2,
      3,
      4,
      5,
      6,
      7,
      8,
      9
    ]
  }
}