{
  "rank": 3,
  "world_size": 4,
  "num_steps": 10,
  "statistics": {
    "compute": {
      "count": 10,
      "min": 0.019843499998387415,
      "max": 0.05779509999774746,
      "mean": 0.030711589999555144,
      "std": 0.013811122828361977,
      "p95": 0.05687749999924563,
      "p99": 0.05687749999924563
    },
    "sync": {
      "count": 10,
      "min": 0.008288600001833402,
      "max": 0.022063999997044448,
      "mean": 0.011491590000878205,
      "std": 0.003695504058397666,
      "p95": 0.01173180000114371,
      "p99": 0.01173180000114371
    },
    "optim": {
      "count": 10,
      "min": 0.0008727999993425328,
      "max": 0.0015180000009422656,
      "mean": 0.0011350000004313188,
      "std": 0.00021203658261430847,
      "p95": 0.0014929000026313588,
      "p99": 0.0014929000026313588
    },
    "iter": {
      "count": 10,
      "min": 0.029318300003069453,
      "max": 0.06947799999761628,
      "mean": 0.043338180000864666,
      "std": 0.014323523048551822,
      "p95": 0.06673500000397325,
      "p99": 0.06673500000397325
    },
    "grad_norm": {
      "count": 10,
      "min": 0.2809918224811554,
      "max": 0.6101589798927307,
      "mean": 0.3968037784099579,
      "std": 0.09567644817904288,
      "p95": 0.509867250919342,
      "p99": 0.509867250919342
    },
    "loss": {
      "count": 10,
      "min": 2.2736005783081055,
      "max": 2.347264051437378,
      "mean": 2.3159912109375,
      "std": 0.02106962475791396,
      "p95": 2.338479995727539,
      "p99": 2.338479995727539
    }
  },
  "trajectories": {
    "compute_times": [
      0.03310029999920516,
      0.02770539999983157,
      0.05687749999924563,
      0.02081720000205678,
      0.019843499998387415,
      0.05779509999774746,
      0.024154300001100637,
      0.023411699999996927,
      0.021573599999101134,
      0.021837299998878734
    ],
    "sync_times": [
      0.022063999997044448,
      0.01173180000114371,
      0.008808400001726113,
      0.010467100000823848,
      0.008288600001833402,
      0.010164899998926558,
      0.0110134000024118,
      0.011645300000964198,
      0.011282800001936266,
      0.009449600001971703
    ],
    "optim_times": [
      0.0014929000026313588,
      0.001105199997255113,
      0.001049100003001513,
      0.0010651000011421274,
      0.0011862000028486364,
      0.0015180000009422656,
      0.0008727999993425328,
      0.0012005999997199979,
      0.0009614999980840366,
      0.0008985999993456062
    ],
    "iter_times": [
      0.05665719999888097,
      0.040542399998230394,
      0.06673500000397325,
      0.032349400004022755,
      0.029318300003069453,
      0.06947799999761628,
      0.03604050000285497,
      0.03625760000068112,
      0.03381789999912144,
      0.03218550000019604
    ],
    "grad_norms": [
      0.4376555383205414,
      0.30987992882728577,
      0.3232015073299408,
      0.509867250919342,
      0.3904513716697693,
      0.3446432650089264,
      0.34981152415275574,
      0.6101589798927307,
      0.41137659549713135,
      0.2809918224811554
    ],
    "losses": [
      2.3087685108184814,
      2.314664602279663,
      2.347264051437378,
      2.2736005783081055,
      2.3231637477874756,
      2.314375162124634,
      2.2923665046691895,
      2.3373303413391113,
      2.338479995727539,
      2.309898614883423
    ],
    "bytes_transferred": [
      208552,
      208552,
      208552,
      208552,
      208552,
      208552,
      208552,
      208552,
      208552,
      208552
    ],
    "epochs": [
      0,
      0,
      0,
      0,
      0,
      0,
      0,
      0,
      0,
      0
    ],
    "steps": [
      0,
      1,
      2,
      3,
      4,
      5,
      6,
      7,
      8,
      9
    ]
  }
}