{
  "rank": 1,
  "world_size": 4,
  "num_steps": 10,
  "statistics": {
    "compute": {
      "count": 10,
      "min": 0.019425099999352824,
      "max": 0.05713399999876856,
      "mean": 0.03023261000016646,
      "std": 0.013759227583188679,
      "p95": 0.05573710000317078,
      "p99": 0.05573710000317078
    },
    "sync": {
      "count": 10,
      "min": 0.008564299998397473,
      "max": 0.11410480000267853,
      "mean": 0.020883689999755005,
      "std": 0.031109032922845815,
      "p95": 0.012906199997814838,
      "p99": 0.012906199997814838
    },
    "optim": {
      "count": 10,
      "min": 0.0009427999975741841,
      "max": 0.0015075999981490895,
      "mean": 0.0010856799995963228,
      "std": 0.00016450610171838494,
      "p95": 0.0012741999998979736,
      "p99": 0.0012741999998979736
    },
    "iter": {
      "count": 10,
      "min": 0.029047199994238326,
      "max": 0.150685100001283,
      "mean": 0.05220197999951779,
      "std": 0.03568541809432556,
      "p95": 0.07047509999756585,
      "p99": 0.07047509999756585
    },
    "grad_norm": {
      "count": 10,
      "min": 0.280991792678833,
      "max": 0.6101589798927307,
      "mean": 0.3968037784099579,
      "std": 0.09567645016172693,
      "p95": 0.509867250919342,
      "p99": 0.509867250919342
    },
    "loss": {
      "count": 10,
      "min": 2.2736074924468994,
      "max": 2.3450276851654053,
      "mean": 2.3108177185058594,
      "std": 0.023248059145515244,
      "p95": 2.3365883827209473,
      "p99": 2.3365883827209473
    }
  },
  "trajectories": {
    "compute_times": [
      0.03507270000045537,
      0.023730799999611918,
      0.05713399999876856,
      0.019425099999352824,
      0.01982029999999213,
      0.05573710000317078,
      0.024139900000591297,
      0.022691699999995762,
      0.024266799999168143,
      0.020307700000557816
    ],
    "sync_times": [
      0.11410480000267853,
      0.008564299998397473,
      0.012352599998848746,
      0.008573199997044867,
      0.01056830000015907,
      0.009644499998103129,
      0.012906199997814838,
      0.009548699999868404,
      0.010188800002651988,
      0.012385500001983019
    ],
    "optim_times": [
      0.0015075999981490895,
      0.0010519000024942216,
      0.0009884999999485444,
      0.0010488999978406355,
      0.0009944000012183096,
      0.0010359999978390988,
      0.0010317000014765654,
      0.0012741999998979736,
      0.0009807999995246064,
      0.0009427999975741841
    ],
    "iter_times": [
      0.150685100001283,
      0.03334700000050361,
      0.07047509999756585,
      0.029047199994238326,
      0.03138300000136951,
      0.06641759999911301,
      0.0380777999998827,
      0.03351459999976214,
      0.03543640000134474,
      0.03363600000011502
    ],
    "grad_norms": [
      0.4376555383205414,
      0.30987992882728577,
      0.3232015073299408,
      0.509867250919342,
      0.3904513716697693,
      0.3446432948112488,
      0.34981152415275574,
      0.6101589798927307,
      0.41137659549713135,
      0.280991792678833
    ],
    "losses": [
      2.29946231842041,
      2.2947347164154053,
      2.2736074924468994,
      2.3450276851654053,
      2.3365883827209473,
      2.33133602142334,
      2.2937495708465576,
      2.3339948654174805,
      2.2874393463134766,
      2.312236785888672
    ],
    "bytes_transferred": [
      208552,
      208552,
      208552,
      208552,
      208552,
      208552,
      208552,
      208552,
      208552,
      208552
    ],
    "epochs": [
      0,
      0,
      0,
      0,
      0,
      0,
      0,
      0,
      0,
      0
    ],
    "steps": [
      0,
      1,
      2,
      3,
      4,
      5,
      6,
      7,
      8,
      9
    ]
  }
}