{
  "rank": 0,
  "world_size": 4,
  "num_steps": 60,
  "statistics": {
    "compute": {
      "count": 60,
      "min": 0.016822099998535123,
      "max": 0.0980777999975544,
      "mean": 0.027125900000100955,
      "std": 0.017417816202714598,
      "p95": 0.0571672000005492,
      "p99": 0.08415010000317125
    },
    "sync": {
      "count": 60,
      "min": 0.005097099998238264,
      "max": 0.05864830000064103,
      "mean": 0.008772946666613279,
      "std": 0.008092195777058145,
      "p95": 0.013982600001327228,
      "p99": 0.039951400001882575
    },
    "optim": {
      "count": 60,
      "min": 0.0007052999972074758,
      "max": 0.01340130000244244,
      "mean": 0.0011829499998687728,
      "std": 0.001673542638000828,
      "p95": 0.0011341999997966923,
      "p99": 0.004892799999652198
    },
    "iter": {
      "count": 60,
      "min": 0.0233070999966003,
      "max": 0.11005250000016531,
      "mean": 0.037081796666583004,
      "std": 0.019896517199941545,
      "p95": 0.07844810000096913,
      "p99": 0.10419560000445927
    },
    "grad_norm": {
      "count": 60,
      "min": 0.2339596003293991,
      "max": 0.6101589798927307,
      "mean": 0.3451497755944729,
      "std": 0.07443529853374835,
      "p95": 0.4949391782283783,
      "p99": 0.5112363696098328
    },
    "loss": {
      "count": 60,
      "min": 2.276470899581909,
      "max": 2.3519093990325928,
      "mean": 2.3081560492515565,
      "std": 0.01416259669420286,
      "p95": 2.3318443298339844,
      "p99": 2.3377585411071777
    }
  },
  "trajectories": {
    "compute_times": [
      0.0316010999995342,
      0.02252529999896069,
      0.06369859999904293,
      0.024626000002172077,
      0.02084110000214423,
      0.01772540000092704,
      0.01749000000199885,
      0.01854979999916395,
      0.020971099998860154,
      0.018028400001639966,
      0.017937200002052123,
      0.01775640000050771,
      0.08415010000317125,
      0.0980777999975544,
      0.02113679999820306,
      0.024466500002745306,
      0.05712330000096699,
      0.023126399999455316,
      0.05324639999889769,
      0.0223175999999512,
      0.049864099997648736,
      0.054161199997906806,
      0.017459400001825998,
      0.01863980000052834,
      0.01699430000007851,
      0.020882000000710832,
      0.04927549999774783,
      0.019052499999816064,
      0.018440200001350604,
      0.017803099999582628,
      0.01685879999786266,
      0.01826950000031502,
      0.018264099999214523,
      0.02117050000015297,
      0.019083300001511816,
      0.021974700001010206,
      0.017815100000007078,
      0.01797679999799584,
      0.01847559999805526,
      0.017412900000636,
      0.016871600000740727,
      0.018524499999330146,
      0.018681300000025658,
      0.02231699999902048,
      0.04969110000092769,
      0.022545300002093427,
      0.017213800001627533,
      0.01908460000049672,
      0.016822099998535123,
      0.02061110000067856,
      0.020220099999278318,
      0.018429799998557428,
      0.01841010000134702,
      0.018732399999862537,
      0.01874610000231769,
      0.0571672000005492,
      0.053304999997635605,
      0.017483600000559818,
      0.01950379999834695,
      0.017924800002219854
    ],
    "sync_times": [
      0.013982600001327228,
      0.007351599997491576,
      0.005495400000654627,
      0.008024000002478715,
      0.05864830000064103,
      0.007884899998316541,
      0.007043300000077579,
      0.006229899998288602,
      0.006425600000511622,
      0.006727699998009484,
      0.008038300002226606,
      0.0076436000017565675,
      0.006644199998845579,
      0.01111730000047828,
      0.00653020000027027,
      0.007865299998229602,
      0.02040879999913159,
      0.005424799997854279,
      0.0076431000015873,
      0.00932470000043395,
      0.007619100000738399,
      0.005445999999210471,
      0.007245000000693835,
      0.006321599998045713,
      0.008023900001717266,
      0.007300499997654697,
      0.008192000001145061,
      0.005727600000682287,
      0.005097099998238264,
      0.006126500000391388,
      0.006915300000400748,
      0.007599799999297829,
      0.00616979999904288,
      0.005356900001061149,
      0.006448899999668356,
      0.005205400000704685,
      0.005326700000296114,
      0.006954299999051727,
      0.013857599999028025,
      0.006394399999408051,
      0.00843429999804357,
      0.005202299998927629,
      0.009669199997006217,
      0.009364400000777096,
      0.008212400000047637,
      0.006424499999411637,
      0.039951400001882575,
      0.00823320000199601,
      0.005476099999214057,
      0.008040100001380779,
      0.005586300001596101,
      0.005741900000430178,
      0.006350299998302944,
      0.006996100000833394,
      0.006379099999321625,
      0.006248400000913534,
      0.006083200001739897,
      0.00632200000109151,
      0.005742800000007264,
      0.006136799998785136
    ],
    "optim_times": [
      0.004892799999652198,
      0.0009678000023995992,
      0.0009384000004502013,
      0.0009447999982512556,
      0.0009658999988459982,
      0.0008209000006900169,
      0.0007886999992479105,
      0.000921599999855971,
      0.0010221999982604757,
      0.0010285000025760382,
      0.0009647999977460131,
      0.0008981999999377877,
      0.01340130000244244,
      0.0008574000021326356,
      0.0009190999990096316,
      0.001202800001919968,
      0.0009160000008705538,
      0.0009099999988393392,
      0.0009475000006204937,
      0.0009127999983320478,
      0.0007746000010229181,
      0.0008944000001065433,
      0.001004600002488587,
      0.0008063999994192272,
      0.0009671000007074326,
      0.0009934999980032444,
      0.0008920000000216532,
      0.0007796999998390675,
      0.0007828000016161241,
      0.0007619999996677507,
      0.000986800001555821,
      0.001005299996904796,
      0.0007052999972074758,
      0.000939900000958005,
      0.0007918999981484376,
      0.000750700000935467,
      0.0007063000011839904,
      0.0009446000003663357,
      0.0008901999972295016,
      0.0008670999995956663,
      0.0008488999992550816,
      0.0009967999976652209,
      0.0009000000027299393,
      0.0009361000011267606,
      0.0009376000016345643,
      0.000999500000034459,
      0.0008773000008659437,
      0.0010714999989431817,
      0.0010088999988511205,
      0.0009390999985043891,
      0.0008305999981530476,
      0.0010820999996212777,
      0.0011341999997966923,
      0.0009030999972310383,
      0.0008768999978201464,
      0.0007322000019485131,
      0.0007297999982256442,
      0.0008515000008628704,
      0.0008618000028945971,
      0.0009923999969032593
    ],