{
  "rank": 7,
  "world_size": 8,
  "num_steps": 60,
  "statistics": {
    "compute": {
      "count": 60,
      "min": 0.0074104000013903715,
      "max": 0.4388613000010082,
      "mean": 0.02052643166668228,
      "std": 0.05450422444802499,
      "p95": 0.016613599997072015,
      "p99": 0.022947000001295237
    },
    "sync": {
      "count": 60,
      "min": 0.012322500002483139,
      "max": 0.13238920000003418,
      "mean": 0.022950646666868125,
      "std": 0.016165595422031245,
      "p95": 0.03421109999908367,
      "p99": 0.062392499999987194
    },
    "optim": {
      "count": 60,
      "min": 0.0008272999984910712,
      "max": 0.0064758000007714145,
      "mean": 0.0013779316665022633,
      "std": 0.0009143510171832586,
      "p95": 0.0030361000026459806,
      "p99": 0.004261300000507617
    },
    "iter": {
      "count": 60,
      "min": 0.021677700002328493,
      "max": 0.5777263000018138,
      "mean": 0.04485501000005267,
      "std": 0.06990324427473998,
      "p95": 0.04833619999772054,
      "p99": 0.08220219999930123
    },
    "grad_norm": {
      "count": 60,
      "min": 0.32315173745155334,
      "max": 0.3546542227268219,
      "mean": 0.3355727622906367,
      "std": 0.007821476467545172,
      "p95": 0.3504560589790344,
      "p99": 0.35186511278152466
    },
    "loss": {
      "count": 60,
      "min": 2.266094923019409,
      "max": 2.3587985038757324,
      "mean": 2.3107425212860107,
      "std": 0.01890902905115848,
      "p95": 2.3388121128082275,
      "p99": 2.347642660140991
    }
  },
  "trajectories": {
    "compute_times": [
      0.4388613000010082,
      0.015548399998806417,
      0.022947000001295237,
      0.015253500001563225,
      0.01244090000182041,
      0.01097509999817703,
      0.012372799999866402,
      0.013611099999252474,
      0.013442999999824679,
      0.013864100001228508,
      0.009860900001513073,
      0.016613599997072015,
      0.01119999999718857,
      0.010832400002982467,
      0.012357100000372157,
      0.013224099999206373,
      0.013947899999038782,
      0.010591999998723622,
      0.015165099997830112,
      0.012383400000544498,
      0.015459599999303464,
      0.013235999998869374,
      0.011424399999668822,
      0.013367200001084711,
      0.01292720000128611,
      0.013139800001226831,
      0.015513099999225233,
      0.01417560000118101,
      0.013552599997638026,
      0.01384699999834993,
      0.013702299998840317,
      0.014561800002411474,
      0.012345700000878423,
      0.012094499998056563,
      0.011520000000018626,
      0.01220600000306149,
      0.01480729999821051,
      0.012149700000009034,
      0.0112068000016734,
      0.01118299999870942,
      0.013603299998067087,
      0.015718800001195632,
      0.011006999997334788,
      0.01336760000049253,
      0.012958100000105333,
      0.012999399998079753,
      0.016877699999895412,
      0.013103200002660742,
      0.0074104000013903715,
      0.014958100000512786,
      0.013063400001556147,
      0.014808500000071945,
      0.01578230000086478,
      0.013970600000902778,
      0.01400130000183708,
      0.013067899999441579,
      0.014426900001126342,
      0.014702600001328392,
      0.015836799997487105,
      0.012008699999569217
    ],
    "sync_times": [
      0.13238920000003418,
      0.062392499999987194,
      0.018433099998219404,
      0.025962200001231395,
      0.030521000000589993,
      0.023005800001556054,
      0.016136100002768217,
      0.026838699999643723,
      0.019211200000427198,
      0.022179999999934807,
      0.012322500002483139,
      0.02665020000131335,
      0.017994500001805136,
      0.019759200000407873,
      0.024677900000824593,
      0.013552399999753106,
      0.020695499999419553,
      0.01283040000271285,
      0.01869749999968917,
      0.01860570000280859,
      0.019812200000160374,
      0.01678139999785344,
      0.01734059999944293,
      0.016758800000388874,
      0.02276480000000447,
      0.017160700001113582,
      0.01812939999945229,
      0.02311550000013085,
      0.01984950000041863,
      0.01892769999903976,
      0.028685799999948358,
      0.024611699998786207,
      0.015198199998849304,
      0.02229029999944032,
      0.021832200000062585,
      0.0196170000017446,
      0.01981050000176765,
      0.021974600000248756,
      0.015701799999078503,
      0.021232300001429394,
      0.015043999999761581,
      0.02376619999995455,
      0.018577700000605546,
      0.019253300000855234,
      0.03421109999908367,
      0.013182300001062686,
      0.019404500002565328,
      0.04545729999881587,
      0.013241399999969872,
      0.016269499999907566,
      0.01934819999951287,
      0.017985099999350496,
      0.019870799998898292,
      0.01667230000020936,
      0.018841799999790965,
      0.025859099998342572,
      0.02038660000107484,
      0.024178899999242276,
      0.01712749999933294,
      0.013910599998780526
    ],
    "optim_times": [
      0.0064758000007714145,
      0.004261300000507617,
      0.0017005000008794013,
      0.0009583999999449588,
      0.0031974000012269244,
      0.0009622999968996737,
      0.0008804000026430003,
      0.0014341999994940124,
      0.0011011999995389488,
      0.0009711999991850462,
      0.0030361000026459806,
      0.001233499999216292,
      0.0009567000015522353,
      0.001477300000260584,
      0.0009874999996100087,
      0.0010049999982584268,
      0.0015242000008584,
      0.0010249999977531843,
      0.0011138000008941162,
      0.0019284000009065494,
      0.0018340999995416496,
      0.0008894999991753139,
      0.0009471999983361457,
      0.0011279999998805579,
      0.0008331999997608364,
      0.0009018000018841121,
      0.0009543000014673453,
      0.0009379000002809335,
      0.0010872000020754058,
      0.0008272999984910712,
      0.001017600003251573,
      0.0009104999990086071,
      0.0009372000022267457,
      0.0016075999992608558,
      0.0010278999980073422,
      0.0008806000005279202,
      0.0017870999981823843,
      0.00087839999832795,
      0.0009127999983320478,
      0.0014454999982262962,
      0.0025545999997120816,
      0.0010075999998662155,
      0.0016022999989218079,
      0.0008892999976524152,
      0.0011669999985315371,
      0.0012499000004027039,
      0.000881299998582108,
      0.0010970999974233564,
      0.0010259000009682495,
      0.001089100001991028,
      0.0008361000000149943,
      0.0016154000004462432,
      0.0009618000003683846,
      0.002231099999335129,
      0.0011966999991273042,
      0.0009329000022262335,
      0.0009372000022267457,
      0.0011965999983658548,
      0.001140999997005565,
      0.0010870999976759776
    ],