{
  "rank": 1,
  "world_size": 4,
  "num_steps": 60,
  "statistics": {
    "compute": {
      "count": 60,
      "min": 0.017525800001749303,
      "max": 0.09396629999901052,
      "mean": 0.02978183333331496,
      "std": 0.01767191056178592,
      "p95": 0.0572130999971705,
      "p99": 0.0854650999972364
    },
    "sync": {
      "count": 60,
      "min": 0.004551900001388276,
      "max": 0.1331378000031691,
      "mean": 0.008279901666962056,
      "std": 0.01653947008018016,
      "p95": 0.016575000001466833,
      "p99": 0.022603700002946425
    },
    "optim": {
      "count": 60,
      "min": 0.0007574000010208692,
      "max": 0.003294300000561634,
      "mean": 0.001011413333011054,
      "std": 0.0003484663261847591,
      "p95": 0.0013728000012633856,
      "p99": 0.0019383999970159493
    },
    "iter": {
      "count": 60,
      "min": 0.023528600002464373,
      "max": 0.18471880000288365,
      "mean": 0.03907314833328807,
      "std": 0.027001594927192545,
      "p95": 0.08086680000269553,
      "p99": 0.10425139999279054
    },
    "grad_norm": {
      "count": 60,
      "min": 0.2339596003293991,
      "max": 0.6101589798927307,
      "mean": 0.3451497755944729,
      "std": 0.07443529853374835,
      "p95": 0.4949391782283783,
      "p99": 0.5112363696098328
    },
    "loss": {
      "count": 60,
      "min": 2.2736074924468994,
      "max": 2.3450276851654053,
      "mean": 2.303970245520274,
      "std": 0.014000344469785268,
      "p95": 2.33133602142334,
      "p99": 2.3365883827209473
    }
  },
  "trajectories": {
    "compute_times": [
      0.048286699999152916,
      0.020083200000954093,
      0.061295800001971656,
      0.025986500000726664,
      0.0572130999971705,
      0.019858699997712392,
      0.019964000002801185,
      0.01980120000007446,
      0.02196879999974044,
      0.01855520000026445,
      0.02004049999959534,
      0.02027989999987767,
      0.0854650999972364,
      0.09396629999901052,
      0.022257999997236766,
      0.02485739999974612,
      0.056578199997602496,
      0.022323099998175167,
      0.05559750000247732,
      0.026666999998269603,
      0.052489400000922615,
      0.054476000001159264,
      0.018776999997498933,
      0.019876599999406608,
      0.020274099999369355,
      0.020630200000596233,
      0.052872000000206754,
      0.01908240000193473,
      0.018301700001757126,
      0.01882610000029672,
      0.0190416000004916,
      0.020980400000553345,
      0.018826899999112356,
      0.020322500000474975,
      0.019686700001329882,
      0.0218892999982927,
      0.017915400003403192,
      0.01990509999814094,
      0.026759000000311062,
      0.019512099999701604,
      0.02009870000256342,
      0.01885059999767691,
      0.022144200000184355,
      0.026016299998445902,
      0.05195850000018254,
      0.023736400002235314,
      0.05244890000176383,
      0.02141720000145142,
      0.018599299997731578,
      0.023871499997767387,
      0.02079779999985476,
      0.017525800001749303,
      0.0199627000001783,
      0.019656500000564847,
      0.01951060000283178,
      0.057127999996737344,
      0.054323000000294996,
      0.0182141999976011,
      0.020111200003157137,
      0.019047900001169182
    ],
    "sync_times": [
      0.1331378000031691,
      0.006896999999298714,
      0.007890100001532119,
      0.006728099997417303,
      0.022603700002946425,
      0.004968100001860876,
      0.004880899999989197,
      0.004919299997709459,
      0.005789400001958711,
      0.006716600000800099,
      0.005464800000481773,
      0.005412800001067808,
      0.016847899998538196,
      0.007114500000170665,
      0.004999799999495735,
      0.009136500000749948,
      0.016575000001466833,
      0.006147299998701783,
      0.0052847000006295275,
      0.0048491000015928876,
      0.005107600001792889,
      0.004732499997771811,
      0.005572999998548767,
      0.005050899999332614,
      0.005381599999964237,
      0.0049767000018619,
      0.004873199999565259,
      0.005341000000044005,
      0.004975800002284814,
      0.005045799996878486,
      0.004819800000404939,
      0.005754300000262447,
      0.005223599997407291,
      0.0067115999991074204,
      0.005028300001868047,
      0.004900700001599034,
      0.004750100000819657,
      0.004551900001388276,
      0.0055661000005784445,
      0.005117200002132449,
      0.004768599999806611,
      0.005143300000781892,
      0.006167499999719439,
      0.006028299998433795,
      0.005063300002802862,
      0.005109699999593431,
      0.0050799000018741935,
      0.005635599998640828,
      0.00503480000043055,
      0.004821400001674192,
      0.005064600001787767,
      0.006654299999354407,
      0.00475929999811342,
      0.006247500001336448,
      0.005322500001057051,
      0.005773799999587936,
      0.004770999999891501,
      0.005526500000996748,
      0.005103499999677297,
      0.004873599998973077
    ],
    "optim_times": [
      0.003294300000561634,
      0.0010474000009708107,
      0.0008199000003514811,
      0.0011063999991165474,
      0.0010500000025785994,
      0.0008749999979045242,
      0.0008908000017981976,
      0.0009033000023919158,
      0.0007574000010208692,
      0.0010928999981842935,
      0.0008577999979024753,
      0.000873099997988902,
      0.0019383999970159493,
      0.0008786999969743192,
      0.0009068999970622826,
      0.0013728000012633856,
      0.0010924000016530044,
      0.0009810999981709756,
      0.00101859999995213,
      0.0008554999985790346,
      0.0009023999991768505,
      0.0008593999991717283,
      0.0009518000006210059,
      0.0008537000030628406,
      0.0012410999988787808,
      0.0008687000008649193,
      0.001058799996826565,
      0.0010030999983428046,
      0.0009943000004568603,
      0.0008631999990029726,
      0.0008574999992561061,
      0.0009342000012111384,
      0.0008720000005268957,
      0.0009261999985028524,
      0.0010411999974166974,
      0.0008702999984961934,
      0.0008630999982415233,
      0.0008041000000957865,
      0.000820400000520749,
      0.0010261000024911482,
      0.0008818000023893546,
      0.0011298000026727095,
      0.0009659999996074475,
      0.0011969999977736734,
      0.0008831999984977301,
      0.0009979999995266553,
      0.0010526000005484093,
      0.0011336999996274244,
      0.0008583999988331925,
      0.00075970000034431,
      0.0009038000025611836,
      0.0008412999995925929,
      0.0009702999996079598,
      0.0010168999979214277,
      0.0013956000002508517,
      0.0009090999992622528,
      0.0008426999993389472,
      0.0009831999996094964,
      0.0009662999982538167,
      0.000771099999838043
    ],