{
  "rank": 6,
  "world_size": 8,
  "num_steps": 60,
  "statistics": {
    "compute": {
      "count": 60,
      "min": 0.0072958999990078155,
      "max": 0.06471009999950184,
      "mean": 0.012803030000031867,
      "std": 0.007163803892620823,
      "p95": 0.015600499998981832,
      "p99": 0.022216199999093078
    },
    "sync": {
      "count": 60,
      "min": 0.01134480000109761,
      "max": 0.23572779999813065,
      "mean": 0.028784533333540214,
      "std": 0.030469394685589634,
      "p95": 0.04152379999868572,
      "p99": 0.11594269999841345
    },
    "optim": {
      "count": 60,
      "min": 0.000827799998660339,
      "max": 0.009884499999316176,
      "mean": 0.001503026666493194,
      "std": 0.0014825377667545894,
      "p95": 0.0034857000027841423,
      "p99": 0.006390599999576807
    },
    "iter": {
      "count": 60,
      "min": 0.020850699998845812,
      "max": 0.25256330000047456,
      "mean": 0.04309059000006528,
      "std": 0.03489799246108549,
      "p95": 0.06095569999888539,
      "p99": 0.19053729999723146
    },
    "grad_norm": {
      "count": 60,
      "min": 0.32315173745155334,
      "max": 0.3546542227268219,
      "mean": 0.3355727622906367,
      "std": 0.007821476467545172,
      "p95": 0.3504560589790344,
      "p99": 0.35186511278152466
    },
    "loss": {
      "count": 60,
      "min": 2.2636287212371826,
      "max": 2.3628828525543213,
      "mean": 2.3113456924756366,
      "std": 0.02048386625486144,
      "p95": 2.3400769233703613,
      "p99": 2.3552496433258057
    }
  },
  "trajectories": {
    "compute_times": [
      0.06471009999950184,
      0.014824800000496907,
      0.022216199999093078,
      0.014017199999216245,
      0.012246099999174476,
      0.012615300001925789,
      0.011019999998097774,
      0.010680999999749474,
      0.011050500001147157,
      0.011582600000110688,
      0.01427999999941676,
      0.010776899998745648,
      0.014201899997715373,
      0.011428400001022965,
      0.009393600001203595,
      0.012216700000863057,
      0.011378299997886643,
      0.013388200000918005,
      0.009260200000426266,
      0.010970500003168127,
      0.013580099999671802,
      0.013107400001899805,
      0.010306799998943461,
      0.008131599999614991,
      0.0072958999990078155,
      0.009945400001015514,
      0.009814699998969445,
      0.012537300000985852,
      0.014111899999988964,
      0.012387200000375742,
      0.00997780000034254,
      0.013080599997920217,
      0.013170100002753315,
      0.011246199999732198,
      0.01711980000254698,
      0.01151689999824157,
      0.00822139999945648,
      0.011002699997334275,
      0.009111000003031222,
      0.008483199999318458,
      0.013006799999857321,
      0.010348600000725128,
      0.01173449999987497,
      0.010077999999339227,
      0.014817799998127157,
      0.013848200000211364,
      0.01259579999896232,
      0.01019780000206083,
      0.011185499999555759,
      0.010384900000644848,
      0.014893999999912921,
      0.014266099999076687,
      0.009950200001185294,
      0.011587699998926837,
      0.010564000000158558,
      0.01222079999934067,
      0.012776499999745283,
      0.015600499998981832,
      0.011184500002855202,
      0.010533100001339335
    ],
    "sync_times": [
      0.11594269999841345,
      0.06692649999968125,
      0.03234890000021551,
      0.02206789999763714,
      0.030072900000959635,
      0.02333340000041062,
      0.02316399999835994,
      0.029134899999917252,
      0.02141190000111237,
      0.01802520000273944,
      0.023283900001842994,
      0.015408900002512382,
      0.025098900001466973,
      0.026646600003005005,
      0.02624869999999646,
      0.011894899998878827,
      0.017630199999985052,
      0.02699629999915487,
      0.01929030000246712,
      0.024651299998367904,
      0.017433400000300026,
      0.018155300000216812,
      0.031103199999051867,
      0.028587700002390193,
      0.021124999999301508,
      0.02506609999909415,
      0.015377300002000993,
      0.019442199998593424,
      0.021926800000073854,
      0.026242899999488145,
      0.024249499998404644,
      0.020356700002594152,
      0.024072699998214375,
      0.013947999999800231,
      0.029759000000922242,
      0.029455699997924967,
      0.01421180000033928,
      0.029982899999595247,
      0.030978200000390643,
      0.01134480000109761,
      0.02723340000011376,
      0.019705499998963205,
      0.024339100000361213,
      0.014035100000910461,
      0.04152379999868572,
      0.020020300002215663,
      0.023293900001590373,
      0.030032000002393033,
      0.02344470000025467,
      0.016763999999966472,
      0.021140000000741566,
      0.025282499998866115,
      0.01865370000086841,
      0.0197401000004902,
      0.020585500002198387,
      0.02479200000016135,
      0.01927879999857396,
      0.029656300001079217,
      0.01942599999892991,
      0.23572779999813065
    ],
    "optim_times": [
      0.009884499999316176,
      0.0019375999982003123,
      0.006390599999576807,
      0.0011210000011487864,
      0.001267399999051122,
      0.0010417999983474147,
      0.0017269999989366625,
      0.001511200000095414,
      0.0008907000010367483,
      0.0009408000005350914,
      0.0009424999989278149,
      0.0009062999997695442,
      0.0010038000000349712,
      0.0012691999982052948,
      0.0009112000007007737,
      0.0012394000004860573,
      0.000827799998660339,
      0.0011169999997946434,
      0.000992599998426158,
      0.0034857000027841423,
      0.0012772999980370514,
      0.0011740000009012874,
      0.0014868000034766737,
      0.0010302000009687617,
      0.0014144999986456241,
      0.0013789000004180707,
      0.0009485000009590294,
      0.0008869000012055039,
      0.0016305999997712206,
      0.0010652999990270473,
      0.0008937000020523556,
      0.0008331999997608364,
      0.0011549999981070869,
      0.0010656999984348658,
      0.001311899999564048,
      0.000992599998426158,
      0.001103099999454571,
      0.0013954999994894024,
      0.001355899999907706,
      0.0010226999984297436,
      0.0011273000018263701,
      0.0008768000006966759,
      0.0010903000002144836,
      0.0009405999990121927,
      0.0013410000028670765,
      0.0012251999978616368,
      0.000989699998172,
      0.0012489000000641681,
      0.0012373999998089857,
      0.0009479999971517827,
      0.0008736000017961487,
      0.0010199999996984843,
      0.0018681000001379289,
      0.001131199998781085,
      0.0009600999983376823,
      0.001160899999376852,
      0.0008320999986608513,
      0.0008912000012060162,
      0.0012864000018453225,
      0.006302400001004571
    ],