{
  "rank": 2,
  "world_size": 4,
  "num_steps": 60,
  "statistics": {
    "compute": {
      "count": 60,
      "min": 0.016738700000132667,
      "max": 0.08541229999900679,
      "mean": 0.028358471666251717,
      "std": 0.01738415303299304,
      "p95": 0.06220659999962663,
      "p99": 0.08491420000063954
    },
    "sync": {
      "count": 60,
      "min": 0.004726000002847286,
      "max": 0.031466599997656886,
      "mean": 0.007966196667014931,
      "std": 0.005194746189437741,
      "p95": 0.021732799999881536,
      "p99": 0.028362700002617203
    },
    "optim": {
      "count": 60,
      "min": 0.0007912000000942498,
      "max": 0.0023794000007910654,
      "mean": 0.00101843500015093,
      "std": 0.0002805616740493294,
      "p95": 0.0015949999979056884,
      "p99": 0.001958000000740867
    },
    "iter": {
      "count": 60,
      "min": 0.022547600001416868,
      "max": 0.11615440000241506,
      "mean": 0.03734310333341758,
      "std": 0.020368610773417815,
      "p95": 0.08155659999829368,
      "p99": 0.095926199999667
    },
    "grad_norm": {
      "count": 60,
      "min": 0.2339596003293991,
      "max": 0.6101589798927307,
      "mean": 0.3451497755944729,
      "std": 0.07443529853374835,
      "p95": 0.4949391782283783,
      "p99": 0.5112363696098328
    },
    "loss": {
      "count": 60,
      "min": 2.2831902503967285,
      "max": 2.3339128494262695,
      "mean": 2.304723902543386,
      "std": 0.011248928359235928,
      "p95": 2.320230722427368,
      "p99": 2.3324296474456787
    }
  },
  "trajectories": {
    "compute_times": [
      0.030551800002285745,
      0.022054400000342866,
      0.06410959999993793,
      0.025835799999185838,
      0.056208399997558445,
      0.018023700002231635,
      0.01726290000078734,
      0.016889300000912044,
      0.020523700000921963,
      0.0174418999995396,
      0.017520499997772276,
      0.017697200000839075,
      0.08541229999900679,
      0.08491420000063954,
      0.019289399999252055,
      0.02207029999772203,
      0.06220659999962663,
      0.02245989999937592,
      0.05289229999834788,
      0.02609619999930146,
      0.051509400000213645,
      0.05256329999974696,
      0.016857200000231387,
      0.018662299997231457,
      0.017898299996886635,
      0.019684300001244992,
      0.05028379999930621,
      0.018093599999701837,
      0.018284899997524917,
      0.017240400000446243,
      0.016908999998122454,
      0.019983199999842327,
      0.018004800000198884,
      0.020507099998212652,
      0.019218900000851136,
      0.02110979999997653,
      0.016739800001232652,
      0.017439299997931812,
      0.025693999999930384,
      0.018964799997775117,
      0.018430399999488145,
      0.018819299999449868,
      0.01837300000261166,
      0.023750899999868125,
      0.04990019999968354,
      0.020537299998977687,
      0.051553199999034405,
      0.02148959999976796,
      0.016738700000132667,
      0.02245029999903636,
      0.020734300000185613,
      0.018796000000293134,
      0.01981789999990724,
      0.01976949999880162,
      0.018745299999864073,
      0.05830059999789228,
      0.05161880000014207,
      0.017515399998956127,
      0.02038669999819831,
      0.018672300000616815
    ],
    "sync_times": [
      0.031466599997656886,
      0.00816080000004149,
      0.004784600001585204,
      0.0068412000000535045,
      0.024423700000625104,
      0.006241299997782335,
      0.007571099999040598,
      0.007999900000868365,
      0.006682899998850189,
      0.007441199999448145,
      0.008195500002329936,
      0.007961300001625204,
      0.028362700002617203,
      0.010158599998248974,
      0.008453999998891959,
      0.008852200000546873,
      0.021732799999881536,
      0.00552840000091237,
      0.008042500001465669,
      0.005769700001110323,
      0.006386200002452824,
      0.006083699998271186,
      0.007569000001240056,
      0.006223500000487547,
      0.007903600002464373,
      0.007606499999383232,
      0.007672499999898719,
      0.006378699999913806,
      0.005157200001121964,
      0.0062230000003182795,
      0.007034800000838004,
      0.0065361999986635055,
      0.006266700002015568,
      0.005764900000940543,
      0.006288399999903049,
      0.005823499999678461,
      0.006027700001141056,
      0.007086000001436332,
      0.00681310000072699,
      0.004793200001586229,
      0.00682520000191289,
      0.005052500000601867,
      0.009867699998721946,
      0.008091700001386926,
      0.0059779000002890825,
      0.008667599999171216,
      0.005837799999426352,
      0.006321500000922242,
      0.004818299999897135,
      0.006258699999307282,
      0.004875800001173047,
      0.0053752999992866535,
      0.004726000002847286,
      0.005971899998257868,
      0.006349200000840938,
      0.005385100001149112,
      0.007526599998527672,
      0.005466099999466678,
      0.0050571000028867275,
      0.005210399998759385
    ],
    "optim_times": [
      0.0017297000013059005,
      0.0012236000002303626,
      0.000890900002559647,
      0.0010813000008056406,
      0.0009245000001101289,
      0.0010519000024942216,
      0.0008439000012003817,
      0.0009957000002032146,
      0.0008538000001863111,
      0.0009069000007002614,
      0.0008635000012873206,
      0.000833099998999387,
      0.0023794000007910654,
      0.0008534000007784925,
      0.0009114999993471429,
      0.001958000000740867,
      0.0013983999997435603,
      0.0008496000009472482,
      0.000920600003155414,
      0.0009877999982563779,
      0.001173900000139838,
      0.0009253000025637448,
      0.0010261000024911482,
      0.0008740000012039673,
      0.0011353000008966774,
      0.0008531999992555939,
      0.0010059999985969625,
      0.000849000000016531,
      0.000981500001216773,
      0.0008248999984061811,
      0.0008310999983223155,
      0.0008780999996815808,
      0.0008880999994289596,
      0.0008892000005289447,
      0.0008773999979894143,
      0.0009066000020538922,
      0.0009927999999490567,
      0.0009235000034095719,
      0.0011339999982737936,
      0.0008424999978160486,
      0.0009934999980032444,
      0.0008821000010357238,
      0.0009621999997762032,
      0.0015949999979056884,
      0.0008154999995895196,
      0.0009853000010480173,
      0.000854799996886868,
      0.0009587000022293068,
      0.0009906000013870653,
      0.0010698999976739287,
      0.001299999999901047,
      0.0008572000006097369,
      0.0010460999983479269,
      0.0008711000009498093,
      0.001240899997355882,
      0.0009104000018851366,
      0.0009503000001132023,
      0.0008192999994207639,
      0.000941999998758547,
      0.0007912000000942498
    ],