{
  "rank": 0,
  "world_size": 4,
  "num_steps": 60,
  "statistics": {
    "compute": {
      "count": 60,
      "min": 0.012130300001444994,
      "max": 0.06234039999981178,
      "mean": 0.01566405500016117,
      "std": 0.006298880019399904,
      "p95": 0.018606800000270596,
      "p99": 0.01977239999905578
    },
    "sync": {
      "count": 60,
      "min": 0.004822599999897648,
      "max": 0.11048410000148579,
      "mean": 0.007867338333380759,
      "std": 0.013390767614055917,
      "p95": 0.007858000000851462,
      "p99": 0.00904889999947045
    },
    "optim": {
      "count": 60,
      "min": 0.0005869999986316543,
      "max": 0.001399599997967016,
      "mean": 0.000700351666273491,
      "std": 0.00011020124523444433,
      "p95": 0.0007689999983995222,
      "p99": 0.0009677999987616204
    },
    "iter": {
      "count": 60,
      "min": 0.01838280000447412,
      "max": 0.17422409999926458,
      "mean": 0.024231744999815417,
      "std": 0.019618227303024507,
      "p95": 0.025601599998481106,
      "p99": 0.02623180000227876
    },
    "grad_norm": {
      "count": 60,
      "min": 0.05546976253390312,
      "max": 0.16770526766777039,
      "mean": 0.10533845368772746,
      "std": 0.028198735140842226,
      "p95": 0.15591979026794434,
      "p99": 0.15998475253582
    },
    "loss": {
      "count": 60,
      "min": 1.582873821258545,
      "max": 1.6385711431503296,
      "mean": 1.6092121680577596,
      "std": 0.011812362530087826,
      "p95": 1.623801589012146,
      "p99": 1.6329002380371094
    }
  },
  "trajectories": {
    "compute_times": [
      0.06234039999981178,
      0.018606800000270596,
      0.017890200000692857,
      0.014757600001757964,
      0.014247600000089733,
      0.014568200000212528,
      0.013378800002101343,
      0.015864000000874512,
      0.012986800000362564,
      0.014481499998510117,
      0.014815399998042267,
      0.013498699998308439,
      0.012470700003177626,
      0.01358310000068741,
      0.014815799997450085,
      0.014728299996932037,
      0.013530600001104176,
      0.017942000002221903,
      0.013537100003304658,
      0.015262900000379886,
      0.012130300001444994,
      0.01402339999913238,
      0.013470000001689186,
      0.012851999999838881,
      0.014217299998563249,
      0.012424200001987629,
      0.01392420000047423,
      0.0154967000016768,
      0.014921399997547269,
      0.016596000001300126,
      0.015304100001230836,
      0.01795200000196928,
      0.015831500000786036,
      0.018616000001202337,
      0.01454580000063288,
      0.014210600002115825,
      0.012746600001264596,
      0.015132700002141064,
      0.0165584000023955,
      0.01667249999809428,
      0.013886999997339444,
      0.01409790000252542,
      0.0132614999965881,
      0.015541100001428276,
      0.01559129999805009,
      0.014098899999225978,
      0.015071199999511009,
      0.01762840000083088,
      0.015418699997098884,
      0.012920900000608526,
      0.013414499997452367,
      0.014796100000239676,
      0.014665899998362875,
      0.01453879999826313,
      0.01389980000021751,
      0.0143233999988297,
      0.014299300000857329,
      0.014435400000365917,
      0.01977239999905578,
      0.01724860000103945
    ],
    "sync_times": [
      0.11048410000148579,
      0.005632799999148119,
      0.007044800000585383,
      0.004989699998986907,
      0.006386400000337744,
      0.005750699998316122,
      0.006160400000226218,
      0.004827400000067428,
      0.00904889999947045,
      0.00551160000031814,
      0.005370100003347034,
      0.005451799999718787,
      0.006931699997949181,
      0.005557399999815971,
      0.005707699998311,
      0.004822599999897648,
      0.006867399999464396,
      0.007556799999292707,
      0.004864200000156416,
      0.006529800000862451,
      0.005657100002281368,
      0.005895599999348633,
      0.006365799999912269,
      0.005658199999743374,
      0.006468399998993846,
      0.006001300000207266,
      0.006606800001463853,
      0.005825700001878431,
      0.005350999999791384,
      0.0055436000002373476,
      0.005798599999252474,
      0.005767600003309781,
      0.007858000000851462,
      0.005424800001492258,
      0.006311900000582682,
      0.0065007000011974014,
      0.005977199998596916,
      0.00604380000004312,
      0.007354499997745734,
      0.005326599999534665,
      0.006867600000987295,
      0.005170100001123501,
      0.007410300000628922,
      0.004934000000503147,
      0.00770619999821065,
      0.00503010000102222,
      0.006432700000004843,
      0.006227300000318792,
      0.007042599998385413,
      0.0069748000023537315,
      0.004904900000838097,
      0.006367099998897174,
      0.004941399998642737,
      0.007570300000224961,
      0.004939300000842195,
      0.007978199999342905,
      0.00664169999799924,
      0.00557449999905657,
      0.005670999998983461,
      0.006422700000257464
    ],
    "optim_times": [
      0.001399599997967016,
      0.0007632999986526556,
      0.0006665999972028658,
      0.0006966000000829808,
      0.0006941999999980908,
      0.0006590999983018264,
      0.0006308000010903925,
      0.0006388999972841702,
      0.0007272000002558343,
      0.0006409999987226911,
      0.0005869999986316543,
      0.000631200000498211,
      0.0007184999994933605,
      0.000616599998465972,
      0.0006716000025335234,
      0.0006876999977976084,
      0.0006450000000768341,
      0.0007330000007641502,
      0.0006941000028746203,
      0.0007079000024532434,
      0.0005954000007477589,
      0.0005931999985477887,
      0.0006389999980456196,
      0.0006501999996544328,
      0.0006925999987288378,
      0.000640199999907054,
      0.0007274999989022035,
      0.0006579000000783708,
      0.0006647000009252224,
      0.0006589000004169066,
      0.0006510999992315192,
      0.0006515999994007871,
      0.0009677999987616204,
      0.0007230000010167714,
      0.0006995000003371388,
      0.0006394000010914169,
      0.0006600999986403622,
      0.0006886000010126736,
      0.0007689999983995222,
      0.0006720999990648124,
      0.0007211000011011492,
      0.0006818999972892925,
      0.0007130000012693927,
      0.0007095000000845175,
      0.0007592000001750421,
      0.0006843999981356319,
      0.0007358999973803293,
      0.0006890000004204921,
      0.0007626999977219384,
      0.0007236999990709592,
      0.0008605000002717134,
      0.0006608000003325287,
      0.000680199998896569,
      0.000727400001778733,
      0.0007231999989016913,
      0.000705099999322556,
      0.0006474000001617242,
      0.000623999996605562,
      0.0005933000029472169,
      0.0007670999984839
    ],