{
  "rank": 1,
  "world_size": 4,
  "num_steps": 60,
  "statistics": {
    "compute": {
      "count": 60,
      "min": 0.012753300001349999,
      "max": 0.06747829999949317,
      "mean": 0.015824351666742585,
      "std": 0.006896627885375284,
      "p95": 0.018357100001594517,
      "p99": 0.020005700000183424
    },
    "sync": {
      "count": 60,
      "min": 0.004856899999140296,
      "max": 0.09505640000134008,
      "mean": 0.007532050000008894,
      "std": 0.01143264389542702,
      "p95": 0.007361600000876933,
      "p99": 0.010242599997582147
    },
    "optim": {
      "count": 60,
      "min": 0.0005913999993936159,
      "max": 0.0016142999993462581,
      "mean": 0.0007068949997725819,
      "std": 0.00012767582309960798,
      "p95": 0.0007896999995864462,
      "p99": 0.0008415000011154916
    },
    "iter": {
      "count": 60,
      "min": 0.019248799995693844,
      "max": 0.1641490000001795,
      "mean": 0.024063296666524063,
      "std": 0.018326993009258406,
      "p95": 0.026042200002848404,
      "p99": 0.02747339999405085
    },
    "grad_norm": {
      "count": 60,
      "min": 0.05546976253390312,
      "max": 0.16770526766777039,
      "mean": 0.10533845418443283,
      "std": 0.028198734039982888,
      "p95": 0.15591979026794434,
      "p99": 0.15998475253582
    },
    "loss": {
      "count": 60,
      "min": 1.5955290794372559,
      "max": 1.6362898349761963,
      "mean": 1.6154941240946452,
      "std": 0.009425163147790839,
      "p95": 1.6323497295379639,
      "p99": 1.6355618238449097
    }
  },
  "trajectories": {
    "compute_times": [
      0.06747829999949317,
      0.016852699998707976,
      0.01736180000079912,
      0.013830400002916576,
      0.014014600001246436,
      0.014784599999984493,
      0.014763399998628302,
      0.015168300000368617,
      0.013637199997901917,
      0.014624200000980636,
      0.01481910000075004,
      0.013994900000398047,
      0.013213799997174647,
      0.014730099999724189,
      0.014655099999799859,
      0.013996900001075119,
      0.013964900001155911,
      0.018357100001594517,
      0.015578500002447981,
      0.015004100001533516,
      0.012980999999854248,
      0.014365300001372816,
      0.013750899997830857,
      0.012753300001349999,
      0.014792099998885533,
      0.01318820000233245,
      0.014360199998918688,
      0.015836200000194367,
      0.014696600002935156,
      0.016136299997015158,
      0.015204300001641968,
      0.018143099998269463,
      0.015965100003086263,
      0.01657119999799761,
      0.014298699999926612,
      0.01474669999879552,
      0.013574299999163486,
      0.016790999998193,
      0.015865299999859417,
      0.01680820000183303,
      0.013257999999041203,
      0.013777500000287546,
      0.01278929999898537,
      0.01565350000237231,
      0.015316200002416736,
      0.01437909999731346,
      0.014403500001208158,
      0.019381400001293514,
      0.015677700001106132,
      0.01380300000164425,
      0.013080299999273848,
      0.014929400000255555,
      0.013813499997922918,
      0.0143283999968844,
      0.01344039999821689,
      0.013664800000697142,
      0.014738999998371582,
      0.014846800000668736,
      0.020005700000183424,
      0.0165156000002753
    ],
    "sync_times": [
      0.09505640000134008,
      0.009319400000094902,
      0.005763799999840558,
      0.0073166000001947396,
      0.0055835999992268626,
      0.0058042999989993405,
      0.0049796999992395286,
      0.006163699999888195,
      0.006672600000456441,
      0.006282300000748364,
      0.0051811000012094155,
      0.005162199999176664,
      0.005279799999698298,
      0.0053263000008882955,
      0.005643099997541867,
      0.006357100002787774,
      0.004856899999140296,
      0.0056423999994876795,
      0.007105500000761822,
      0.005256200001895195,
      0.0057226999997510575,
      0.005552499998884741,
      0.006045099999028025,
      0.005940600000030827,
      0.005003099999157712,
      0.005656400000589201,
      0.00585970000247471,
      0.006019099997502053,
      0.005940799997915747,
      0.006024899998010369,
      0.005439500000647968,
      0.005689500001608394,
      0.005923400000028778,
      0.010242599997582147,
      0.005225200002314523,
      0.005713900001865113,
      0.005663300002197502,
      0.005208000002312474,
      0.005851300000358606,
      0.007361600000876933,
      0.005741500001022359,
      0.007179199998063268,
      0.006309500000497792,
      0.006485099998826627,
      0.006298399999650428,
      0.006494299999758368,
      0.006433999998989748,
      0.0050812000008590985,
      0.005178399998840177,
      0.005995199997414602,
      0.006844800001999829,
      0.005138100001204293,
      0.007077900001604576,
      0.00615769999785698,
      0.006923099997948157,
      0.006393399999069516,
      0.006306600000243634,
      0.005317099999956554,
      0.0053808000011486,
      0.006350499999825843
    ],
    "optim_times": [
      0.0016142999993462581,
      0.0007556999989901669,
      0.0007321000011870638,
      0.0006763000019418541,
      0.0007843000021239277,
      0.0006762000011804048,
      0.0006566999982169364,
      0.0007174999991548248,
      0.0007521000006818213,
      0.0006697999997413717,
      0.0006145999977889005,
      0.0006318000014289282,
      0.0007551999988208991,
      0.0006760999967809767,
      0.0006990000001678709,
      0.0006357000020216219,
      0.0006866999974590726,
      0.0006861000001663342,
      0.0006646000001637731,
      0.0007052000000840053,
      0.00061450000066543,
      0.0006542000010085758,
      0.0006195999994815793,
      0.0006831999999121763,
      0.0007446999989042524,
      0.0007029999978840351,
      0.0007512000011047348,
      0.0006457999988924712,
      0.0006347999988065567,
      0.0006934999983059242,
      0.0007070999999996275,
      0.0005913999993936159,
      0.0007141999994928483,
      0.0006595999984710943,
      0.0008239999988290947,
      0.0006887999988975935,
      0.000700100001267856,
      0.0006959999991522636,
      0.0007125000011001248,
      0.000690799999574665,
      0.0006756000002496876,
      0.0006582000023627188,
      0.000734799999918323,
      0.0006530999999085907,
      0.0007081000003381632,
      0.0006787999991502147,
      0.0007896999995864462,
      0.0006880000000819564,
      0.0007149000011850148,
      0.0008415000011154916,
      0.0006592999998247251,
      0.000699799998983508,
      0.0006653999989794102,
      0.0006715999988955446,
      0.0006959999991522636,
      0.0006966000000829808,
      0.000708799998392351,
      0.0006143999999039806,
      0.0006557000015163794,
      0.0006843999981356319
    ],