{
  "rank": 7,
  "world_size": 8,
  "num_steps": 60,
  "statistics": {
    "compute": {
      "count": 60,
      "min": 0.030109100000117905,
      "max": 0.26629160000084084,
      "mean": 0.12171975000001112,
      "std": 0.06391439948742314,
      "p95": 0.22816400000010617,
      "p99": 0.26564090000101714
    },
    "sync": {
      "count": 60,
      "min": 0.02311079999708454,
      "max": 0.18012390000149026,
      "mean": 0.05102257500008515,
      "std": 0.034614493228716584,
      "p95": 0.11032960000011371,
      "p99": 0.14777170000161277
    },
    "optim": {
      "count": 60,
      "min": 0.0008350999996764585,
      "max": 0.002941300001111813,
      "mean": 0.001219893333351744,
      "std": 0.00040277705820098916,
      "p95": 0.0019266000017523766,
      "p99": 0.002480000002833549
    },
    "iter": {
      "count": 60,
      "min": 0.06240350000007311,
      "max": 0.30503040000257897,
      "mean": 0.17396221833344802,
      "std": 0.06051998283162058,
      "p95": 0.26662880000003497,
      "p99": 0.29867120000199066
    },
    "grad_norm": {
      "count": 60,
      "min": 0.178546741604805,
      "max": 0.42565569281578064,
      "mean": 0.25954619199037554,
      "std": 0.05686316548493158,
      "p95": 0.3630068898200989,
      "p99": 0.38520604372024536
    },
    "loss": {
      "count": 60,
      "min": 2.2704594135284424,
      "max": 2.3319318294525146,
      "mean": 2.3038248777389527,
      "std": 0.01147064551753682,
      "p95": 2.323244571685791,
      "p99": 2.329299211502075
    }
  },
  "trajectories": {
    "compute_times": [
      0.08669329999975162,
      0.072840200002247,
      0.17563909999807947,
      0.22615199999927427,
      0.10452790000272216,
      0.04100489999837009,
      0.10810839999976452,
      0.04254880000007688,
      0.13384840000071563,
      0.07021539999914239,
      0.26564090000101714,
      0.19971069999883184,
      0.13700629999948433,
      0.030109100000117905,
      0.06741110000075423,
      0.18739100000311737,
      0.26629160000084084,
      0.14267829999880632,
      0.07013629999710247,
      0.10298270000203047,
      0.25736780000079307,
      0.1359065999968152,
      0.16277199999967706,
      0.1016700000000128,
      0.2237920999978087,
      0.07434600000124192,
      0.07526149999830523,
      0.09885519999807002,
      0.10058040000149049,
      0.22816400000010617,
      0.038248199998633936,
      0.16401639999821782,
      0.16747419999956037,
      0.10788850000244565,
      0.06981590000214055,
      0.06548839999959455,
      0.10484290000022156,
      0.17167129999870667,
      0.0662847999992664,
      0.10366530000101193,
      0.10870099999738159,
      0.18410270000094897,
      0.07427629999801866,
      0.10260099999868544,
      0.03460510000149952,
      0.13642199999958393,
      0.07079780000276514,
      0.2106629999980214,
      0.03372180000224034,
      0.14312100000097416,
      0.06450870000116993,
      0.20901440000307048,
      0.16988599999967846,
      0.10316480000255979,
      0.036687600000732346,
      0.034140100000513485,
      0.1297630000008212,
      0.06793139999717823,
      0.12301659999866388,
      0.21701279999979306
    ],
    "sync_times": [
      0.11032960000011371,
      0.04470439999931841,
      0.028542700001708,
      0.03106149999803165,
      0.06287800000063726,
      0.03359749999799533,
      0.04230210000241641,
      0.03504360000079032,
      0.027346700000634883,
      0.03361370000129682,
      0.037541800000326475,
      0.027241700001468416,
      0.031207399999402696,
      0.03099339999971562,
      0.1347455000031914,
      0.03593200000250363,
      0.024517599998944206,
      0.06674810000185971,
      0.10817099999985658,
      0.10763889999725507,
      0.04028910000124597,
      0.03033549999963725,
      0.026531499999691732,
      0.04168360000039684,
      0.03436359999977867,
      0.08301700000083656,
      0.09960320000027423,
      0.0740710999998555,
      0.029968800001370255,
      0.029233700002805563,
      0.03442899999936344,
      0.02633829999831505,
      0.09793300000092131,
      0.0324112000016612,
      0.04284199999892735,
      0.024876499999663793,
      0.14777170000161277,
      0.030477500000415603,
      0.029400700001133373,
      0.03869390000181738,
      0.03160070000012638,
      0.028473899998061825,
      0.10583699999915552,
      0.03942349999852013,
      0.07274209999741288,
      0.031127499998547137,
      0.09646820000125444,
      0.03814739999870653,
      0.04113839999990887,
      0.03470779999770457,
      0.02311079999708454,
      0.027232299999013776,
      0.03902070000185631,
      0.027052900000853697,
      0.18012390000149026,
      0.07573530000081519,
      0.026770599997689715,
      0.0386651000007987,
      0.03047549999973853,
      0.02507279999917955
    ],
    "optim_times": [
      0.002480000002833549,
      0.001896000001579523,
      0.0012626000025193207,
      0.0009314000017184298,
      0.0012190999987069517,
      0.0012638999978662468,
      0.0010316999978385866,
      0.0009897999989334494,
      0.0009167999996861909,
      0.0008350999996764585,
      0.0018477000012353528,
      0.0009192000034090597,
      0.001188399997772649,
      0.0013010000002395827,
      0.0013168999976187479,
      0.0008654999983264133,
      0.001181799998448696,
      0.0009618000003683846,
      0.0012153000025136862,
      0.0015074000002641696,
      0.0010142999999516178,
      0.0011421999988669995,
      0.001019899998937035,
      0.0019266000017523766,
      0.0009565000000293367,
      0.0009544999993522651,
      0.0009037999989232048,
      0.0013499999986379407,
      0.0009112000007007737,
      0.000918699999601813,
      0.0008485999969707336,
      0.0015020999999251217,
      0.0012215999995532911,
      0.0012715000011667144,
      0.0012945999988005497,
      0.000937000000703847,
      0.0010281000031682197,
      0.0009021000005304813,
      0.0009140000001934823,
      0.0011671000029309653,
      0.0009400999988429248,
      0.0009639000018069055,
      0.0009834999982558656,
      0.001502999999502208,
      0.000918699999601813,
      0.0012095000020053703,
      0.0017721000003803056,
      0.0008890999997674953,
      0.0009984999996959232,
      0.0010285999996995088,
      0.0010958999991999008,
      0.001338399997621309,
      0.0021052000010968186,
      0.0009719000008772127,
      0.0014727999987371732,
      0.002941300001111813,
      0.0010832000007212628,
      0.0010325000002922025,
      0.0011135999993712176,
      0.001516000000265194
    ],