{
  "rank": 2,
  "world_size": 4,
  "num_steps": 60,
  "statistics": {
    "compute": {
      "count": 60,
      "min": 0.012568599999212893,
      "max": 0.09795680000024731,
      "mean": 0.01627806499994525,
      "std": 0.010747020269274097,
      "p95": 0.018026399997324916,
      "p99": 0.019649600002594525
    },
    "sync": {
      "count": 60,
      "min": 0.004867500003456371,
      "max": 0.018648999997822102,
      "mean": 0.006366558333320426,
      "std": 0.0018566259079950424,
      "p95": 0.007816699999239063,
      "p99": 0.009444300001632655
    },
    "optim": {
      "count": 60,
      "min": 0.0005887999977858271,
      "max": 0.0013056999996479135,
      "mean": 0.0006954416666606751,
      "std": 0.00011387992860397475,
      "p95": 0.0007822000006854068,
      "p99": 0.0011775000020861626
    },
    "iter": {
      "count": 60,
      "min": 0.01914809999652789,
      "max": 0.11778330000015558,
      "mean": 0.02334006499992635,
      "std": 0.012435386015066807,
      "p95": 0.025928300001396565,
      "p99": 0.027703500003553927
    },
    "grad_norm": {
      "count": 60,
      "min": 0.05546976253390312,
      "max": 0.16770526766777039,
      "mean": 0.10533845474322637,
      "std": 0.028198735358366228,
      "p95": 0.15591979026794434,
      "p99": 0.15998475253582
    },
    "loss": {
      "count": 60,
      "min": 1.587941288948059,
      "max": 1.6467465162277222,
      "mean": 1.613294812043508,
      "std": 0.011958203525362492,
      "p95": 1.6336781978607178,
      "p99": 1.6401067972183228
    }
  },
  "trajectories": {
    "compute_times": [
      0.09795680000024731,
      0.01698450000185403,
      0.01795730000230833,
      0.013550000003306195,
      0.013623599999846192,
      0.014622999999119202,
      0.013860899998690002,
      0.014988099999754922,
      0.014368599997396814,
      0.01456789999792818,
      0.014464399999269517,
      0.013821399999869755,
      0.01337960000091698,
      0.014399100000446197,
      0.01459439999962342,
      0.013856699999450939,
      0.013901899998018052,
      0.01931709999917075,
      0.015459599999303464,
      0.015180900001723785,
      0.012895299998490373,
      0.014119399998890003,
      0.013581299997895258,
      0.012568599999212893,
      0.014101699998718686,
      0.013156400000298163,
      0.014200399997207569,
      0.015979200001311256,
      0.014525200000207406,
      0.014789000000746455,
      0.014965400001528906,
      0.018026399997324916,
      0.015571900003124028,
      0.017944000002898974,
      0.014082400000916095,
      0.014747699999134056,
      0.013225300001067808,
      0.015142500000365544,
      0.016841299999214243,
      0.016175000000657747,
      0.014203200000338256,
      0.01337960000091698,
      0.013609499997983221,
      0.01515099999960512,
      0.01663619999817456,
      0.013981199997942895,
      0.014329699999507284,
      0.017519099998025922,
      0.015551500000583474,
      0.013878500001737848,
      0.012720599999738624,
      0.014688900002511218,
      0.013501899997208966,
      0.015570800002024043,
      0.013151999999536201,
      0.014807600000494858,
      0.015161600000283215,
      0.014571499999874504,
      0.019649600002594525,
      0.017125700000178767
    ],
    "sync_times": [
      0.018648999997822102,
      0.009444300001632655,
      0.0052268999970692676,
      0.007816699999239063,
      0.005799800001113908,
      0.005987699998513563,
      0.005805199998576427,
      0.006534399999509333,
      0.005873699999938253,
      0.006388199999491917,
      0.005507699999725446,
      0.00535449999733828,
      0.005341000000044005,
      0.005674899999576155,
      0.005676400000083959,
      0.006700800000544405,
      0.005506099998456193,
      0.004904400000668829,
      0.0075310000029276125,
      0.005060700001195073,
      0.00563749999855645,
      0.005829200003063306,
      0.006258700002945261,
      0.006062199998268625,
      0.005892100001801737,
      0.005887899998924695,
      0.006212899999809451,
      0.005756799997470807,
      0.0064228000010189135,
      0.006774100002076011,
      0.005699599998479243,
      0.005917599999520462,
      0.0063869999976304825,
      0.0090901000003214,
      0.005506499997864012,
      0.0059705000021494925,
      0.005973699997412041,
      0.006937900001503294,
      0.0054722999993828125,
      0.007463500001904322,
      0.004867500003456371,
      0.007525100001657847,
      0.005235800002992619,
      0.007070600000588456,
      0.004989299999579089,
      0.00676970000131405,
      0.006595800001377938,
      0.007152100002713269,
      0.005192399999941699,
      0.004890499996690778,
      0.007298900000023423,
      0.005423399998107925,
      0.00738429999910295,
      0.004931799998303177,
      0.007273400002304697,
      0.005854200000612764,
      0.006354699999064906,
      0.005624299999908544,
      0.00561569999990752,
      0.00600769999800832
    ],
    "optim_times": [
      0.0011775000020861626,
      0.0007822000006854068,
      0.0007274999989022035,
      0.0007685999989917036,
      0.0006119999998190906,
      0.0006898999999975786,
      0.0006369999973685481,
      0.0006855999999970663,
      0.0006983999992371537,
      0.0007073000015225261,
      0.0006428000015148427,
      0.0005928999999014195,
      0.000729499999579275,
      0.0006500999988929834,
      0.000647100001515355,
      0.0006587000025319867,
      0.0006742000005033333,
      0.0006411000031221192,
      0.0007168999982241075,
      0.0006984000028751325,
      0.0006152999994810671,
      0.0006135000003268942,
      0.0006184000012581237,
      0.0005888999985472765,
      0.000695100003213156,
      0.0006705000014335383,
      0.0006905000009282958,
      0.0006307000003289431,
      0.0007330999978876207,
      0.0006475000009231735,
      0.0006307000003289431,
      0.0005887999977858271,
      0.0006943000007595401,
      0.0006694000003335532,
      0.000646799999231007,
      0.0006382999999914318,
      0.0006198999981279485,
      0.000715199999831384,
      0.0006004999995639082,
      0.0007268000008480158,
      0.0007001999983913265,
      0.0007395000029646326,
      0.0006885000002512243,
      0.0007685999989917036,
      0.0007023999969533179,
      0.0006410999994841404,
      0.0008052000011957716,
      0.0007306000006792601,
      0.0013056999996479135,
      0.0006729999986418989,
      0.0006619000014325138,
      0.0006646999972872436,
      0.0007499999992433004,
      0.000678899999911664,
      0.0007530000002589077,
      0.0007246999994094949,
      0.0006474999972851947,
      0.0005990999998175539,
      0.0006629999988945201,
      0.0006570000005012844
    ],