{
  "rank": 3,
  "world_size": 4,
  "num_steps": 60,
  "statistics": {
    "compute": {
      "count": 60,
      "min": 0.012490400000388036,
      "max": 0.10415419999844744,
      "mean": 0.01653694999980265,
      "std": 0.011519983312769431,
      "p95": 0.018070300000545103,
      "p99": 0.019976999999926193
    },
    "sync": {
      "count": 60,
      "min": 0.0047623999998904765,
      "max": 0.029180300000007264,
      "mean": 0.006304644999969847,
      "std": 0.003086578766530844,
      "p95": 0.007663000000320608,
      "p99": 0.0085986000012781
    },
    "optim": {
      "count": 60,
      "min": 0.0005734000005759299,
      "max": 0.0012611999991349876,
      "mean": 0.000701646666796781,
      "std": 9.341677110260633e-05,
      "p95": 0.0008091999989119358,
      "p99": 0.0008491999979014508
    },
    "iter": {
      "count": 60,
      "min": 0.018234800001664553,
      "max": 0.1345956999975897,
      "mean": 0.02354324166656928,
      "std": 0.014573565869166973,
      "p95": 0.02580820000002859,
      "p99": 0.026116499997442588
    },
    "grad_norm": {
      "count": 60,
      "min": 0.05546976253390312,
      "max": 0.16770526766777039,
      "mean": 0.10533845374981562,
      "std": 0.028198734308992442,
      "p95": 0.15591979026794434,
      "p99": 0.15998475253582
    },
    "loss": {
      "count": 60,
      "min": 1.583978295326233,
      "max": 1.6321064233779907,
      "mean": 1.6113452176253,
      "std": 0.010164754124627737,
      "p95": 1.627611517906189,
      "p99": 1.6302821636199951
    }
  },
  "trajectories": {
    "compute_times": [
      0.10415419999844744,
      0.016911099999560975,
      0.01830369999879622,
      0.014719100003276253,
      0.014973899997130502,
      0.014647099997091573,
      0.013738700003159465,
      0.01582350000171573,
      0.01329989999794634,
      0.014985099998739315,
      0.014588699999876553,
      0.013968100000056438,
      0.012955099999089725,
      0.01428499999747146,
      0.015245499998854939,
      0.013904499999625841,
      0.013825400001223898,
      0.017925100000866223,
      0.013322100003279047,
      0.015227199997752905,
      0.012490400000388036,
      0.014441499999520602,
      0.014060899997275556,
      0.012833499997213949,
      0.015582500000164146,
      0.013399899999058107,
      0.015185499996732688,
      0.01598290000038105,
      0.014761999998881947,
      0.016908800000237534,
      0.01551370000015595,
      0.0177860999974655,
      0.017651399997703265,
      0.018070300000545103,
      0.014857000001939014,
      0.015667399999074405,
      0.013095900001644623,
      0.015235200000461191,
      0.016883899999811547,
      0.016141700001753634,
      0.014130100000329548,
      0.01330220000090776,
      0.01342359999762266,
      0.015475399999559158,
      0.01629039999897941,
      0.013803200003167149,
      0.01526920000105747,
      0.01794289999816101,
      0.015940299999783747,
      0.01312809999944875,
      0.012615900002856506,
      0.014912999999069143,
      0.013438299996778369,
      0.014876199998980155,
      0.013196200001402758,
      0.014474100000370527,
      0.015033500003482914,
      0.01473940000141738,
      0.019976999999926193,
      0.016894500000489643
    ],
    "sync_times": [
      0.029180300000007264,
      0.007668800000828924,
      0.006809099999372847,
      0.004947199999151053,
      0.005592800000158604,
      0.0057276999978057574,
      0.00593269999808399,
      0.0047623999998904765,
      0.0085986000012781,
      0.0050229000007675495,
      0.005651299998135073,
      0.005220300001383293,
      0.006424499999411637,
      0.004934100001264596,
      0.005301500001223758,
      0.005341299998690374,
      0.00686649999988731,
      0.005174800000531832,
      0.004832000002352288,
      0.006594300000870135,
      0.005130000001372537,
      0.005570199999056058,
      0.005760099997132784,
      0.0056321000010939315,
      0.005077599998912774,
      0.005078099999082042,
      0.005310800002916949,
      0.005295599999953993,
      0.005474199999298435,
      0.005116000000271015,
      0.00575350000144681,
      0.00590590000138036,
      0.005319600000802893,
      0.0069680999986303505,
      0.005866700001206482,
      0.005091900002298644,
      0.005772099997557234,
      0.005739600001106737,
      0.0064591000009386335,
      0.006477000002632849,
      0.006545099997310899,
      0.0059338999999454245,
      0.007289899996976601,
      0.004974800001946278,
      0.007068700000672834,
      0.005250299996987451,
      0.006316700000752462,
      0.005900499996641884,
      0.006589500000700355,
      0.006759399999282323,
      0.005648799997288734,
      0.006527300000016112,
      0.006211899999470916,
      0.007293900001968723,
      0.005500300001585856,
      0.007663000000320608,
      0.006051699998351978,
      0.005263300001388416,
      0.005536799999390496,
      0.006571599999006139
    ],
    "optim_times": [
      0.0012611999991349876,
      0.0008091999989119358,
      0.0007036000024527311,
      0.000736400001187576,
      0.000635200001852354,
      0.000740100000257371,
      0.0006637999977101572,
      0.0007216000012704171,
      0.0007222999993246049,
      0.0007231000017782208,
      0.0006037999992258847,
      0.0005734000005759299,
      0.0007127000026230235,
      0.0006668000023637433,
      0.0007243999971251469,
      0.0007487000002583954,
      0.0007555000011052471,
      0.0006819999980507419,
      0.0007296000003407244,
      0.0006629999988945201,
      0.0006143999999039806,
      0.000647900000330992,
      0.0006137000018497929,
      0.0007167000003391877,
      0.0006566000010934658,
      0.0007304999999178108,
      0.0008437999968009535,
      0.0006627000002481509,
      0.0007057000002532732,
      0.0007272000002558343,
      0.0006092999974498525,
      0.0006485999983851798,
      0.0007070999999996275,
      0.000769800000853138,
      0.000672800000756979,
      0.0006649000024481211,
      0.0006603000001632608,
      0.0007570999987365212,
      0.000636199998552911,
      0.0007369000013568439,
      0.0006603000001632608,
      0.0007202999986475334,
      0.0007207000016933307,
      0.0006959999991522636,
      0.0006888000025355723,
      0.0007241000021167565,
      0.0008491999979014508,
      0.0007476999999198597,
      0.0006004999995639082,
      0.0006738000010955147,
      0.0007000999976298772,
      0.0005780999999842606,
      0.0007044000012683682,
      0.0006939000013517216,
      0.0006850999998277985,
      0.0007607000006828457,
      0.0006982000013522338,
      0.0006290999990596902,
      0.0006026999981258996,
      0.0006065000015951227
    ],