{
  "rank": 3,
  "world_size": 8,
  "num_steps": 10,
  "statistics": {
    "compute": {
      "count": 10,
      "min": 0.009608000000298489,
      "max": 0.015672600002289983,
      "mean": 0.01264123000073596,
      "std": 0.0017579783059775147,
      "p95": 0.015026000000943895,
      "p99": 0.015026000000943895
    },
    "sync": {
      "count": 10,
      "min": 0.01371590000053402,
      "max": 0.09294779999981984,
      "mean": 0.030056930000137073,
      "std": 0.022542989529163105,
      "p95": 0.04375870000149007,
      "p99": 0.04375870000149007
    },
    "optim": {
      "count": 10,
      "min": 0.000869700001203455,
      "max": 0.01056590000007418,
      "mean": 0.002168620000520605,
      "std": 0.002828494010458477,
      "p95": 0.002362900002481183,
      "p99": 0.002362900002481183
    },
    "iter": {
      "count": 10,
      "min": 0.024220499999501044,
      "max": 0.10899760000393144,
      "mean": 0.04486678000139364,
      "std": 0.023723404082497068,
      "p95": 0.05992610000248533,
      "p99": 0.05992610000248533
    },
    "grad_norm": {
      "count": 10,
      "min": 1.2588934898376465,
      "max": 1.416018009185791,
      "mean": 1.3430238962173462,
      "std": 0.04272763210542498,
      "p95": 1.3833450078964233,
      "p99": 1.3833450078964233
    },
    "loss": {
      "count": 10,
      "min": 2.2354989051818848,
      "max": 2.4548568725585938,
      "mean": 2.326220965385437,
      "std": 0.052211588933689546,
      "p95": 2.3501012325286865,
      "p99": 2.3501012325286865
    }
  },
  "trajectories": {
    "compute_times": [
      0.01368690000163042,
      0.015672600002289983,
      0.011401299998397008,
      0.015026000000943895,
      0.009608000000298489,
      0.011301099999400321,
      0.011420900002121925,
      0.012630499997612787,
      0.012184900002466748,
      0.013480100002198014
    ],
    "sync_times": [
      0.09294779999981984,
      0.022538400000485126,
      0.024183999998058425,
      0.04375870000149007,
      0.01371590000053402,
      0.0219667000019399,
      0.03032619999794406,
      0.01753910000115866,
      0.014938399999664398,
      0.01865410000027623
    ],
    "optim_times": [
      0.002362900002481183,
      0.0011163999988639262,
      0.0012507999999797903,
      0.0011414000000513624,
      0.0008965999986685347,
      0.0013926999999966938,
      0.01056590000007418,
      0.0011292000017419923,
      0.000869700001203455,
      0.000960600002144929
    ],
    "iter_times": [
      0.10899760000393144,
      0.039327400001639035,
      0.03683609999643522,
      0.05992610000248533,
      0.024220499999501044,
      0.034660500001336914,
      0.052313000000140164,
      0.03129880000051344,
      0.0279930000033346,
      0.033094800004619174
    ],
    "grad_norms": [
      1.2588934898376465,
      1.324805736541748,
      1.286511778831482,
      1.3486250638961792,
      1.3659701347351074,
      1.3524179458618164,
      1.3502947092056274,
      1.3433570861816406,
      1.3833450078964233,
      1.416018009185791
    ],
    "losses": [
      2.3202450275421143,
      2.336732864379883,
      2.2354989051818848,
      2.3501012325286865,
      2.333057403564453,
      2.3091537952423096,
      2.2925500869750977,
      2.3196468353271484,
      2.310366630554199,
      2.4548568725585938
    ],
    "bytes_transferred": [
      437544,
      437544,
      437544,
      437544,
      437544,
      437544,
      437544,
      437544,
      437544,
      437544
    ],
    "epochs": [
      0,
      0,
      0,
      0,
      0,
      0,
      0,
      0,
      0,
      0
    ],
    "steps": [
      0,
      1,
      2,
      3,
      4,
      5,
      6,
      7,
      8,
      9
    ]
  }
}