{
  "rank": 2,
  "world_size": 8,
  "num_steps": 10,
  "statistics": {
    "compute": {
      "count": 10,
      "min": 0.00844189999770606,
      "max": 0.023573599999508588,
      "mean": 0.0130338999988453,
      "std": 0.004358026377263329,
      "p95": 0.017990099997405196,
      "p99": 0.017990099997405196
    },
    "sync": {
      "count": 10,
      "min": 0.011630000000877772,
      "max": 0.047062599998753285,
      "mean": 0.02530628999993496,
      "std": 0.01140113242617391,
      "p95": 0.0383244000004197,
      "p99": 0.0383244000004197
    },
    "optim": {
      "count": 10,
      "min": 0.0008280000001832377,
      "max": 0.006731899997248547,
      "mean": 0.0018529100005252985,
      "std": 0.0016497036586310173,
      "p95": 0.0017360999991069548,
      "p99": 0.0017360999991069548
    },
    "iter": {
      "count": 10,
      "min": 0.02368150000256719,
      "max": 0.06650499999523163,
      "mean": 0.04019309999930556,
      "std": 0.015013083018384084,
      "p95": 0.05639289999817265,
      "p99": 0.05639289999817265
    },
    "grad_norm": {
      "count": 10,
      "min": 1.2588934898376465,
      "max": 1.416018009185791,
      "mean": 1.3430238962173462,
      "std": 0.04272763210542498,
      "p95": 1.3833450078964233,
      "p99": 1.3833450078964233
    },
    "loss": {
      "count": 10,
      "min": 2.1733155250549316,
      "max": 2.4877805709838867,
      "mean": 2.356734037399292,
      "std": 0.12030915151702055,
      "p95": 2.485816717147827,
      "p99": 2.485816717147827
    }
  },
  "trajectories": {
    "compute_times": [
      0.017990099997405196,
      0.013668599996890407,
      0.00844189999770606,
      0.023573599999508588,
      0.009419900001375936,
      0.009338699997897493,
      0.012710499999229796,
      0.01149009999789996,
      0.011223500001506181,
      0.01248209999903338
    ],
    "sync_times": [
      0.0366667000016605,
      0.0383244000004197,
      0.013984900000650669,
      0.030075200000283075,
      0.019340099999681115,
      0.020486400000663707,
      0.047062599998753285,
      0.014839399998891167,
      0.011630000000877772,
      0.02065319999746862
    ],
    "optim_times": [
      0.0017360999991069548,
      0.0010820000024978071,
      0.001677400003245566,
      0.0014101000015216414,
      0.0014460000020335428,
      0.0013646999977936503,
      0.006731899997248547,
      0.0009448000018892344,
      0.0008280000001832377,
      0.0013080999997328036
    ],
    "iter_times": [
      0.05639289999817265,
      0.053074999999807915,
      0.024104200001602294,
      0.055058900001313305,
      0.030206000003090594,
      0.03118979999635485,
      0.06650499999523163,
      0.027274299998680362,
      0.02368150000256719,
      0.0344433999962348
    ],
    "grad_norms": [
      1.2588934898376465,
      1.324805736541748,
      1.286511778831482,
      1.3486250638961792,
      1.3659701347351074,
      1.3524179458618164,
      1.3502947092056274,
      1.3433570861816406,
      1.3833450078964233,
      1.416018009185791
    ],
    "losses": [
      2.382622718811035,
      2.1733155250549316,
      2.4825010299682617,
      2.4877805709838867,
      2.368978977203369,
      2.190835475921631,
      2.3393211364746094,
      2.45290470123291,
      2.203263521194458,
      2.485816717147827
    ],
    "bytes_transferred": [
      437544,
      437544,
      437544,
      437544,
      437544,
      437544,
      437544,
      437544,
      437544,
      437544
    ],
    "epochs": [
      0,
      0,
      0,
      0,
      0,
      0,
      0,
      0,
      0,
      0
    ],
    "steps": [
      0,
      1,
      2,
      3,
      4,
      5,
      6,
      7,
      8,
      9
    ]
  }
}