{
  "rank": 0,
  "world_size": 2,
  "num_steps": 10,
  "statistics": {
    "compute": {
      "count": 10,
      "min": 0.005811099999846192,
      "max": 0.016508600001543527,
      "mean": 0.007920990000638995,
      "std": 0.003071189303565227,
      "p95": 0.00989550000304007,
      "p99": 0.00989550000304007
    },
    "sync": {
      "count": 10,
      "min": 0.0034186999982921407,
      "max": 0.028365099999064114,
      "mean": 0.011784319999424041,
      "std": 0.009116331975674566,
      "p95": 0.02138340000237804,
      "p99": 0.02138340000237804
    },
    "optim": {
      "count": 10,
      "min": 0.0006460000004153699,
      "max": 0.0023433999995177146,
      "mean": 0.0010387600003014085,
      "std": 0.000492234541954044,
      "p95": 0.0014458000005106442,
      "p99": 0.0014458000005106442
    },
    "iter": {
      "count": 10,
      "min": 0.011349799995514331,
      "max": 0.046319500001118286,
      "mean": 0.020744070000364444,
      "std": 0.01163110572992026,
      "p95": 0.03345360000093933,
      "p99": 0.03345360000093933
    },
    "grad_norm": {
      "count": 10,
      "min": 0.6403612494468689,
      "max": 0.6927463412284851,
      "mean": 0.6645904660224915,
      "std": 0.015105227727771783,
      "p95": 0.6885051131248474,
      "p99": 0.6885051131248474
    },
    "loss": {
      "count": 10,
      "min": 2.2690787315368652,
      "max": 2.3298451900482178,
      "mean": 2.3031163930892946,
      "std": 0.018360737314575083,
      "p95": 2.3242106437683105,
      "p99": 2.3242106437683105
    }
  },
  "trajectories": {
    "compute_times": [
      0.016508600001543527,
      0.00989550000304007,
      0.007055800000671297,
      0.006108900000981521,
      0.006615900001634145,
      0.005811099999846192,
      0.007668099999136757,
      0.006318100000498816,
      0.007082600001012906,
      0.006145299998024711
    ],
    "sync_times": [
      0.028365099999064114,
      0.021214699998381548,
      0.004522899998846697,
      0.019506500000716187,
      0.004708099997515092,
      0.02138340000237804,
      0.0034186999982921407,
      0.005613400000584079,
      0.004729899999802001,
      0.004380499998660525
    ],
    "optim_times": [
      0.0014458000005106442,
      0.0023433999995177146,
      0.0008109000009426381,
      0.0008673999982420355,
      0.0006713000002491754,
      0.0011818000020866748,
      0.0007626000005984679,
      0.0008344000016222708,
      0.0006460000004153699,
      0.0008239999988290947
    ],
    "iter_times": [
      0.046319500001118286,
      0.03345360000093933,
      0.012389600000460632,
      0.026482799999939743,
      0.011995299999398412,
      0.028376300004310906,
      0.011849399998027366,
      0.012765900002705166,
      0.012458500001230277,
      0.011349799995514331
    ],
    "grad_norms": [
      0.6565757393836975,
      0.6606143712997437,
      0.668342113494873,
      0.6670703887939453,
      0.6638910174369812,
      0.6927463412284851,
      0.6885051131248474,
      0.6544438004493713,
      0.6403612494468689,
      0.6533545255661011
    ],
    "losses": [
      2.306931495666504,
      2.2966153621673584,
      2.3129711151123047,
      2.2690787315368652,
      2.3242106437683105,
      2.3002896308898926,
      2.3073885440826416,
      2.309554100036621,
      2.2742791175842285,
      2.3298451900482178
    ],
    "bytes_transferred": [
      437544,
      437544,
      437544,
      437544,
      437544,
      437544,
      437544,
      437544,
      437544,
      437544
    ],
    "epochs": [
      0,
      0,
      0,
      0,
      0,
      0,
      0,
      0,
      0,
      0
    ],
    "steps": [
      0,
      1,
      2,
      3,
      4,
      5,
      6,
      7,
      8,
      9
    ]
  }
}