{
  "rank": 4,
  "world_size": 8,
  "num_steps": 10,
  "statistics": {
    "compute": {
      "count": 10,
      "min": 0.04772440000306233,
      "max": 0.1550518000003649,
      "mean": 0.09174558000049729,
      "std": 0.03482163892221707,
      "p95": 0.11991109999871696,
      "p99": 0.11991109999871696
    },
    "sync": {
      "count": 10,
      "min": 0.006311099998129066,
      "max": 0.13652079999883426,
      "mean": 0.022824529999343212,
      "std": 0.0380554022491635,
      "p95": 0.018604400000185706,
      "p99": 0.018604400000185706
    },
    "optim": {
      "count": 10,
      "min": 0.0006767999984731432,
      "max": 0.0012491999987105373,
      "mean": 0.0007821099996363045,
      "std": 0.0001622854855610565,
      "p95": 0.0008080000006884802,
      "p99": 0.0008080000006884802
    },
    "iter": {
      "count": 10,
      "min": 0.059137600004760316,
      "max": 0.23623459999726037,
      "mean": 0.1153522199994768,
      "std": 0.05313051543349458,
      "p95": 0.16314209999836748,
      "p99": 0.16314209999836748
    },
    "grad_norm": {
      "count": 10,
      "min": 0.020968575030565262,
      "max": 0.07141382247209549,
      "mean": 0.04842514432966709,
      "std": 0.01605949237245818,
      "p95": 0.06955880671739578,
      "p99": 0.06955880671739578
    },
    "loss": {
      "count": 10,
      "min": 1.5994503498077393,
      "max": 1.6185320615768433,
      "mean": 1.610058844089508,
      "std": 0.0065207291157465055,
      "p95": 1.6178631782531738,
      "p99": 1.6178631782531738
    }
  },
  "trajectories": {
    "compute_times": [
      0.09846459999971557,
      0.11941460000161896,
      0.11864939999941271,
      0.07465589999992517,
      0.0836836000016774,
      0.04913429999942309,
      0.04772440000306233,
      0.05076610000105575,
      0.11991109999871696,
      0.1550518000003649
    ],
    "sync_times": [
      0.13652079999883426,
      0.006311099998129066,
      0.018604400000185706,
      0.009763999998540385,
      0.013498799999069888,
      0.010224599998764461,
      0.010712899998907233,
      0.00813919999927748,
      0.0070707000013499055,
      0.00739880000037374
    ],
    "optim_times": [
      0.0012491999987105373,
      0.0008080000006884802,
      0.0007933999986562412,
      0.0007736000006843824,
      0.0007499999992433004,
      0.0006863999988127034,
      0.0007003000027907547,
      0.0006919000006746501,
      0.0006767999984731432,
      0.0006914999976288527
    ],
    "iter_times": [
      0.23623459999726037,
      0.1265337000004365,
      0.13804719999825465,
      0.08519349999914994,
      0.0979323999999906,
      0.06004529999700026,
      0.059137600004760316,
      0.05959720000100788,
      0.12765859999854,
      0.16314209999836748
    ],
    "grad_norms": [
      0.06955880671739578,
      0.07141382247209549,
      0.051299627870321274,
      0.05896369367837906,
      0.04386894404888153,
      0.05538027733564377,
      0.05140511319041252,
      0.020968575030565262,
      0.027222275733947754,
      0.03417030721902847
    ],
    "losses": [
      1.6097321510314941,
      1.6119171380996704,
      1.6185320615768433,
      1.6178631782531738,
      1.606907606124878,
      1.6119297742843628,
      1.6172362565994263,
      1.5994503498077393,
      1.6070928573608398,
      1.5999270677566528
    ],
    "bytes_transferred": [
      27188,
      27188,
      27188,
      27188,
      27188,
      27188,
      27188,
      27188,
      27188,
      27188
    ],
    "epochs": [
      0,
      0,
      0,
      0,
      0,
      0,
      0,
      0,
      0,
      0
    ],
    "steps": [
      0,
      1,
      2,
      3,
      4,
      5,
      6,
      7,
      8,
      9
    ]
  }
}