{
  "rank": 0,
  "world_size": 8,
  "num_steps": 10,
  "statistics": {
    "compute": {
      "count": 10,
      "min": 0.04244549999930314,
      "max": 0.15020519999961834,
      "mean": 0.08878487000038149,
      "std": 0.034189189014862544,
      "p95": 0.11826800000199,
      "p99": 0.11826800000199
    },
    "sync": {
      "count": 10,
      "min": 0.005848400000104448,
      "max": 0.04446550000284333,
      "mean": 0.011396729999978561,
      "std": 0.011170101799409093,
      "p95": 0.011573199997656047,
      "p99": 0.011573199997656047
    },
    "optim": {
      "count": 10,
      "min": 0.0007227999994938727,
      "max": 0.001353799998469185,
      "mean": 0.0008492499990097712,
      "std": 0.00018839087659051714,
      "p95": 0.0010273999978380743,
      "p99": 0.0010273999978380743
    },
    "iter": {
      "count": 10,
      "min": 0.05476729999645613,
      "max": 0.1584337999993295,
      "mean": 0.10103084999936982,
      "std": 0.03424308835409255,
      "p95": 0.12683689999903436,
      "p99": 0.12683689999903436
    },
    "grad_norm": {
      "count": 10,
      "min": 0.020968575030565262,
      "max": 0.07141382247209549,
      "mean": 0.04842514432966709,
      "std": 0.01605949237245818,
      "p95": 0.06955880671739578,
      "p99": 0.06955880671739578
    },
    "loss": {
      "count": 10,
      "min": 1.5977959632873535,
      "max": 1.62272047996521,
      "mean": 1.6118711233139038,
      "std": 0.006989526886953046,
      "p95": 1.6178091764450073,
      "p99": 1.6178091764450073
    }
  },
  "trajectories": {
    "compute_times": [
      0.08101759999772185,
      0.11826800000199,
      0.11632409999947413,
      0.08175480000136304,
      0.08979790000012144,
      0.04651230000308715,
      0.04244549999930314,
      0.04824200000075507,
      0.11328130000038072,
      0.15020519999961834
    ],
    "sync_times": [
      0.04446550000284333,
      0.0066584000014699996,
      0.007022800000413554,
      0.005848400000104448,
      0.007625799997185823,
      0.010654300000169314,
      0.011573199997656047,
      0.006447499999922002,
      0.006165599999803817,
      0.0075058000002172776
    ],
    "optim_times": [
      0.001353799998469185,
      0.0008361000000149943,
      0.0010273999978380743,
      0.00072580000050948,
      0.0007741000008536503,
      0.0007678999972995371,
      0.0007485999994969461,
      0.0007962999989103992,
      0.0007396999972115736,
      0.0007227999994938727
    ],
    "iter_times": [
      0.12683689999903436,
      0.125762500003475,
      0.12437429999772576,
      0.08832900000197696,
      0.09819779999816092,
      0.057934500000556,
      0.05476729999645613,
      0.05548579999958747,
      0.12018659999739612,
      0.1584337999993295
    ],
    "grad_norms": [
      0.06955880671739578,
      0.07141382247209549,
      0.051299627870321274,
      0.05896369367837906,
      0.04386894404888153,
      0.05538027733564377,
      0.05140511319041252,
      0.020968575030565262,
      0.027222275733947754,
      0.03417030721902847
    ],
    "losses": [
      1.6086573600769043,
      1.62272047996521,
      1.6178091764450073,
      1.614903211593628,
      1.5977959632873535,
      1.614594578742981,
      1.6018635034561157,
      1.6137957572937012,
      1.614438533782959,
      1.6121326684951782
    ],
    "bytes_transferred": [
      27188,
      27188,
      27188,
      27188,
      27188,
      27188,
      27188,
      27188,
      27188,
      27188
    ],
    "epochs": [
      0,
      0,
      0,
      0,
      0,
      0,
      0,
      0,
      0,
      0
    ],
    "steps": [
      0,
      1,
      2,
      3,
      4,
      5,
      6,
      7,
      8,
      9
    ]
  }
}