{
  "rank": 1,
  "world_size": 8,
  "num_steps": 10,
  "statistics": {
    "compute": {
      "count": 10,
      "min": 0.04080910000266158,
      "max": 0.14928100000179256,
      "mean": 0.08342634000036923,
      "std": 0.0330148295397258,
      "p95": 0.11658519999764394,
      "p99": 0.11658519999764394
    },
    "sync": {
      "count": 10,
      "min": 0.007364500001131091,
      "max": 0.0530776000014157,
      "mean": 0.016941510000106064,
      "std": 0.012458112272492803,
      "p95": 0.01824759999726666,
      "p99": 0.01824759999726666
    },
    "optim": {
      "count": 10,
      "min": 0.0006676999983028509,
      "max": 0.001156099999207072,
      "mean": 0.0008092599993688055,
      "std": 0.0001283263821832503,
      "p95": 0.0008672000003571156,
      "p99": 0.0008672000003571156
    },
    "iter": {
      "count": 10,
      "min": 0.05451770000581746,
      "max": 0.15850520000094548,
      "mean": 0.10117710999984411,
      "std": 0.03528364247283217,
      "p95": 0.14032770000267192,
      "p99": 0.14032770000267192
    },
    "grad_norm": {
      "count": 10,
      "min": 0.020968575030565262,
      "max": 0.07141382247209549,
      "mean": 0.04842514432966709,
      "std": 0.01605949237245818,
      "p95": 0.06955880671739578,
      "p99": 0.06955880671739578
    },
    "loss": {
      "count": 10,
      "min": 1.5968595743179321,
      "max": 1.6201881170272827,
      "mean": 1.6107209086418153,
      "std": 0.007282076856353038,
      "p95": 1.6188348531723022,
      "p99": 1.6188348531723022
    }
  },
  "trajectories": {
    "compute_times": [
      0.07628829999885056,
      0.0863829000008991,
      0.11658519999764394,
      0.07132230000206619,
      0.08302719999846886,
      0.04080910000266158,
      0.0464248000025691,
      0.049914899998839246,
      0.11422769999990123,
      0.14928100000179256
    ],
    "sync_times": [
      0.013528600000427105,
      0.0530776000014157,
      0.01678820000233827,
      0.01824759999726666,
      0.013409899998805486,
      0.015004200002294965,
      0.007364500001131091,
      0.011875699998199707,
      0.011562299998331582,
      0.008556500000850065
    ],
    "optim_times": [
      0.001156099999207072,
      0.0008672000003571156,
      0.000851099997817073,
      0.0007971999984874856,
      0.00072580000050948,
      0.0007717999978922307,
      0.0007284000021172687,
      0.0007666999990760814,
      0.0007605999999213964,
      0.0006676999983028509
    ],
    "iter_times": [
      0.09097299999848474,
      0.14032770000267192,
      0.13422449999779928,
      0.09036709999782033,
      0.09716289999778382,
      0.056585100002848776,
      0.05451770000581746,
      0.06255729999611503,
      0.1265505999981542,
      0.15850520000094548
    ],
    "grad_norms": [
      0.06955880671739578,
      0.07141382247209549,
      0.051299627870321274,
      0.05896369367837906,
      0.04386894404888153,
      0.05538027733564377,
      0.05140511319041252,
      0.020968575030565262,
      0.027222275733947754,
      0.03417030721902847
    ],
    "losses": [
      1.6183356046676636,
      1.6188348531723022,
      1.6124693155288696,
      1.610647201538086,
      1.6201881170272827,
      1.613701581954956,
      1.6023114919662476,
      1.6043514013290405,
      1.6095099449157715,
      1.5968595743179321
    ],
    "bytes_transferred": [
      27188,
      27188,
      27188,
      27188,
      27188,
      27188,
      27188,
      27188,
      27188,
      27188
    ],
    "epochs": [
      0,
      0,
      0,
      0,
      0,
      0,
      0,
      0,
      0,
      0
    ],
    "steps": [
      0,
      1,
      2,
      3,
      4,
      5,
      6,
      7,
      8,
      9
    ]
  }
}