{
  "rank": 1,
  "world_size": 2,
  "num_steps": 10,
  "statistics": {
    "compute": {
      "count": 10,
      "min": 0.01082710000264342,
      "max": 0.24341719999938505,
      "mean": 0.03585747000106494,
      "std": 0.06921842045291587,
      "p95": 0.017586000001756474,
      "p99": 0.017586000001756474
    },
    "sync": {
      "count": 10,
      "min": 0.0032621000027575064,
      "max": 0.015666899998905137,
      "mean": 0.004829719999906956,
      "std": 0.0036171598108182546,
      "p95": 0.0039647999983571935,
      "p99": 0.0039647999983571935
    },
    "optim": {
      "count": 10,
      "min": 0.000738800001272466,
      "max": 0.0017000000007101335,
      "mean": 0.0009203599998727441,
      "std": 0.0003164978454573838,
      "p95": 0.0013678999966941774,
      "p99": 0.0013678999966941774
    },
    "iter": {
      "count": 10,
      "min": 0.015126400005101459,
      "max": 0.2607840999990003,
      "mean": 0.04160755000084464,
      "std": 0.07309048928702103,
      "p95": 0.021827499997016275,
      "p99": 0.021827499997016275
    },
    "grad_norm": {
      "count": 10,
      "min": 0.359684556722641,
      "max": 0.8380337953567505,
      "mean": 0.5351368606090545,
      "std": 0.14839055375575486,
      "p95": 0.7166218757629395,
      "p99": 0.7166218757629395
    },
    "loss": {
      "count": 10,
      "min": 2.2727787494659424,
      "max": 2.349543333053589,
      "mean": 2.3105486392974854,
      "std": 0.0237870984544113,
      "p95": 2.3362889289855957,
      "p99": 2.3362889289855957
    }
  },
  "trajectories": {
    "compute_times": [
      0.24341719999938505,
      0.015935200000967598,
      0.017586000001756474,
      0.011913800000911579,
      0.01082710000264342,
      0.012156900000263704,
      0.012467200001992751,
      0.011973399999988033,
      0.011125500001071487,
      0.011172400001669303
    ],
    "sync_times": [
      0.015666899998905137,
      0.0039647999983571935,
      0.003485499997623265,
      0.0035238999989815056,
      0.003551499998138752,
      0.00366550000035204,
      0.0035966000032203738,
      0.0038418000003730413,
      0.0032621000027575064,
      0.003738600000360748
    ],
    "optim_times": [
      0.0017000000007101335,
      0.0008295000006910414,
      0.0007559999976365361,
      0.0007733999991614837,
      0.000765799999498995,
      0.0013678999966941774,
      0.0007528999994974583,
      0.0007686000026296824,
      0.000738800001272466,
      0.000750700000935467
    ],
    "iter_times": [
      0.2607840999990003,
      0.020729500000015832,
      0.021827499997016275,
      0.016211099999054568,
      0.015144400000281166,
      0.01719029999730992,
      0.016816700004710583,
      0.016583800002990756,
      0.015126400005101459,
      0.015661700002965517
    ],
    "grad_norms": [
      0.5195390582084656,
      0.4267789125442505,
      0.37565818428993225,
      0.8380337953567505,
      0.5301119089126587,
      0.6616708636283875,
      0.359684556722641,
      0.7166218757629395,
      0.4462842643260956,
      0.4769851863384247
    ],
    "losses": [
      2.29946231842041,
      2.2945668697357178,
      2.2727787494659424,
      2.349543333053589,
      2.3362889289855957,
      2.3275067806243896,
      2.292433500289917,
      2.3333873748779297,
      2.287510633468628,
      2.3120079040527344
    ],
    "bytes_transferred": [
      208552,
      208552,
      208552,
      208552,
      208552,
      208552,
      208552,
      208552,
      208552,
      208552
    ],
    "epochs": [
      0,
      0,
      0,
      0,
      0,
      0,
      0,
      0,
      0,
      0
    ],
    "steps": [
      0,
      1,
      2,
      3,
      4,
      5,
      6,
      7,
      8,
      9
    ]
  }
}