{
  "rank": 1,
  "world_size": 8,
  "num_steps": 10,
  "statistics": {
    "compute": {
      "count": 10,
      "min": 0.1540837000029569,
      "max": 0.31990119999682065,
      "mean": 0.22961890000005952,
      "std": 0.0596260795920787,
      "p95": 0.3019655000025523,
      "p99": 0.3019655000025523
    },
    "sync": {
      "count": 10,
      "min": 0.02856660000179545,
      "max": 0.13362340000094264,
      "mean": 0.05877471999992849,
      "std": 0.03165047468267377,
      "p95": 0.09052979999978561,
      "p99": 0.09052979999978561
    },
    "optim": {
      "count": 10,
      "min": 0.0009262000021408312,
      "max": 0.004393399998662062,
      "mean": 0.001587909999943804,
      "std": 0.0010854474073692792,
      "p95": 0.0028514000005088747,
      "p99": 0.0028514000005088747
    },
    "iter": {
      "count": 10,
      "min": 0.18357650000689318,
      "max": 0.403035400002409,
      "mean": 0.2899815299999318,
      "std": 0.07102226326792008,
      "p95": 0.3688819999952102,
      "p99": 0.3688819999952102
    },
    "grad_norm": {
      "count": 10,
      "min": 0.1444212943315506,
      "max": 0.25026628375053406,
      "mean": 0.1902051106095314,
      "std": 0.030359738828486443,
      "p95": 0.22816917300224304,
      "p99": 0.22816917300224304
    },
    "loss": {
      "count": 10,
      "min": 2.2918267250061035,
      "max": 2.319871664047241,
      "mean": 2.308141088485718,
      "std": 0.008163380347642477,
      "p95": 2.3192780017852783,
      "p99": 2.3192780017852783
    }
  },
  "trajectories": {
    "compute_times": [
      0.2665606000009575,
      0.30009639999843785,
      0.1540837000029569,
      0.19275870000274153,
      0.19322659999670577,
      0.22965629999816883,
      0.16223270000045886,
      0.17570730000079493,
      0.31990119999682065,
      0.3019655000025523
    ],
    "sync_times": [
      0.13362340000094264,
      0.0643921999981103,
      0.02856660000179545,
      0.030554000000847736,
      0.043360800002119504,
      0.07650379999904544,
      0.09052979999978561,
      0.046549799997592345,
      0.03786269999909564,
      0.03580409999995027
    ],
    "optim_times": [
      0.0028514000005088747,
      0.004393399998662062,
      0.0009262000021408312,
      0.0012300000016693957,
      0.0013580999984696973,
      0.000945200001297053,
      0.0009422000002814457,
      0.001311899999564048,
      0.0009930999985954259,
      0.0009275999982492067
    ],
    "iter_times": [
      0.403035400002409,
      0.3688819999952102,
      0.18357650000689318,
      0.22454270000525867,
      0.23794549999729497,
      0.3071052999985113,
      0.2537047000005259,
      0.22356899999795132,
      0.3587569999945117,
      0.33869720000075176
    ],
    "grad_norms": [
      0.1747829020023346,
      0.18067538738250732,
      0.1444212943315506,
      0.154531791806221,
      0.20896455645561218,
      0.17949312925338745,
      0.22816917300224304,
      0.25026628375053406,
      0.19185641407966614,
      0.18889017403125763
    ],
    "losses": [
      2.3041484355926514,
      2.2918267250061035,
      2.304109573364258,
      2.3082189559936523,
      2.3192780017852783,
      2.3058807849884033,
      2.319871664047241,
      2.314202070236206,
      2.312490224838257,
      2.301384449005127
    ],
    "bytes_transferred": [
      208552,
      208552,
      208552,
      208552,
      208552,
      208552,
      208552,
      208552,
      208552,
      208552
    ],
    "epochs": [
      0,
      0,
      0,
      0,
      0,
      0,
      0,
      0,
      0,
      0
    ],
    "steps": [
      0,
      1,
      2,
      3,
      4,
      5,
      6,
      7,
      8,
      9
    ]
  }
}