{
  "rank": 7,
  "world_size": 8,
  "num_steps": 10,
  "statistics": {
    "compute": {
      "count": 10,
      "min": 0.1540067000023555,
      "max": 0.31304249999811873,
      "mean": 0.22685319000083837,
      "std": 0.06207415987243125,
      "p95": 0.31298180000158027,
      "p99": 0.31298180000158027
    },
    "sync": {
      "count": 10,
      "min": 0.0238757999977679,
      "max": 0.8236213000018324,
      "mean": 0.12472994000054313,
      "std": 0.2338124538773249,
      "p95": 0.08597800000279676,
      "p99": 0.08597800000279676
    },
    "optim": {
      "count": 10,
      "min": 0.0008834999971440993,
      "max": 0.0033555999980308115,
      "mean": 0.0014520599994284566,
      "std": 0.0007519836048415226,
      "p95": 0.0022812999995949212,
      "p99": 0.0022812999995949212
    },
    "iter": {
      "count": 10,
      "min": 0.2135569999954896,
      "max": 1.02672000000166,
      "mean": 0.35303519000080996,
      "std": 0.2302918581376851,
      "p95": 0.36136379999879864,
      "p99": 0.36136379999879864
    },
    "grad_norm": {
      "count": 10,
      "min": 0.1444212943315506,
      "max": 0.25026628375053406,
      "mean": 0.19020511209964752,
      "std": 0.030359738763947076,
      "p95": 0.22816917300224304,
      "p99": 0.22816917300224304
    },
    "loss": {
      "count": 10,
      "min": 2.2944819927215576,
      "max": 2.3265373706817627,
      "mean": 2.3096487283706666,
      "std": 0.01006997513753454,
      "p95": 2.3258092403411865,
      "p99": 2.3258092403411865
    }
  },
  "trajectories": {
    "compute_times": [
      0.20081740000023274,
      0.31304249999811873,
      0.1725667999999132,
      0.19760950000272715,
      0.1875815000021248,
      0.2547002999999677,
      0.16228229999978794,
      0.1540067000023555,
      0.31294310000157566,
      0.31298180000158027
    ],
    "sync_times": [
      0.8236213000018324,
      0.04700580000280752,
      0.040106699998432305,
      0.03857900000002701,
      0.045243000000482425,
      0.0238757999977679,
      0.08597800000279676,
      0.08154550000108429,
      0.03611770000134129,
      0.025226599998859456
    ],
    "optim_times": [
      0.0022812999995949212,
      0.0013154999978723936,
      0.0008834999971440993,
      0.0009761000001162756,
      0.0033555999980308115,
      0.0009599000004527625,
      0.0009405999990121927,
      0.001266600000235485,
      0.001563400001032278,
      0.0009781000007933471
    ],
    "iter_times": [
      1.02672000000166,
      0.36136379999879864,
      0.2135569999954896,
      0.23716460000287043,
      0.23618010000063805,
      0.27953599999818834,
      0.2492009000015969,
      0.23681880000367528,
      0.3506242000039492,
      0.33918650000123307
    ],
    "grad_norms": [
      0.1747829020023346,
      0.18067538738250732,
      0.1444212943315506,
      0.154531791806221,
      0.20896455645561218,
      0.17949312925338745,
      0.22816917300224304,
      0.25026628375053406,
      0.19185641407966614,
      0.18889018893241882
    ],
    "losses": [
      2.312924861907959,
      2.2996201515197754,
      2.3032846450805664,
      2.3117847442626953,
      2.3258092403411865,
      2.3130710124969482,
      2.301636219024658,
      2.3265373706817627,
      2.3073370456695557,
      2.2944819927215576
    ],
    "bytes_transferred": [
      208552,
      208552,
      208552,
      208552,
      208552,
      208552,
      208552,
      208552,
      208552,
      208552
    ],
    "epochs": [
      0,
      0,
      0,
      0,
      0,
      0,
      0,
      0,
      0,
      0
    ],
    "steps": [
      0,
      1,
      2,
      3,
      4,
      5,
      6,
      7,
      8,
      9
    ]
  }
}