{
  "rank": 0,
  "world_size": 8,
  "num_steps": 10,
  "statistics": {
    "compute": {
      "count": 10,
      "min": 0.16793279999910737,
      "max": 0.31649579999793787,
      "mean": 0.2319218999997247,
      "std": 0.053011429990409704,
      "p95": 0.31075309999869205,
      "p99": 0.31075309999869205
    },
    "sync": {
      "count": 10,
      "min": 0.033034300002327655,
      "max": 0.12041759999920032,
      "mean": 0.05193491999925755,
      "std": 0.029442466806366863,
      "p95": 0.09818169999925885,
      "p99": 0.09818169999925885
    },
    "optim": {
      "count": 10,
      "min": 0.000983599999017315,
      "max": 0.0026503000008233357,
      "mean": 0.0014346199997817167,
      "std": 0.0005132028682923902,
      "p95": 0.0021568000011029653,
      "p99": 0.0021568000011029653
    },
    "iter": {
      "count": 10,
      "min": 0.20801029999711318,
      "max": 0.376755499997671,
      "mean": 0.28529143999876394,
      "std": 0.06680378156255776,
      "p95": 0.36825510000198847,
      "p99": 0.36825510000198847
    },
    "grad_norm": {
      "count": 10,
      "min": 0.1444212943315506,
      "max": 0.25026628375053406,
      "mean": 0.19020511209964752,
      "std": 0.030359740691838097,
      "p95": 0.22816918790340424,
      "p99": 0.22816918790340424
    },
    "loss": {
      "count": 10,
      "min": 2.2962489128112793,
      "max": 2.323232889175415,
      "mean": 2.307887887954712,
      "std": 0.006590971115443048,
      "p95": 2.311790704727173,
      "p99": 2.311790704727173
    }
  },
  "trajectories": {
    "compute_times": [
      0.31649579999793787,
      0.25535429999945336,
      0.16793279999910737,
      0.1862169999985781,
      0.19597330000033253,
      0.2714759000009508,
      0.19454440000117756,
      0.17276649999985239,
      0.31075309999869205,
      0.247705900001165
    ],
    "sync_times": [
      0.049602500002947636,
      0.12041759999920032,
      0.03887119999853894,
      0.033298299997113645,
      0.033034300002327655,
      0.03512829999817768,
      0.037735400001110975,
      0.03731109999716864,
      0.035768799996731104,
      0.09818169999925885
    ],
    "optim_times": [
      0.0021568000011029653,
      0.000983599999017315,
      0.0012062999994668644,
      0.001338399997621309,
      0.0010040000015578698,
      0.0011808999988716096,
      0.0026503000008233357,
      0.0014436999990721233,
      0.0011682000003929716,
      0.0012139999998908024
    ],
    "iter_times": [
      0.36825510000198847,
      0.376755499997671,
      0.20801029999711318,
      0.22085369999331306,
      0.23001160000421805,
      0.3077850999980001,
      0.23493010000311187,
      0.21152129999609315,
      0.3476900999958161,
      0.34710160000031465
    ],
    "grad_norms": [
      0.1747829020023346,
      0.18067538738250732,
      0.1444212943315506,
      0.154531791806221,
      0.20896455645561218,
      0.17949312925338745,
      0.22816918790340424,
      0.25026628375053406,
      0.19185641407966614,
      0.18889017403125763
    ],
    "losses": [
      2.306812047958374,
      2.304776668548584,
      2.311790704727173,
      2.3090131282806396,
      2.3105976581573486,
      2.2962489128112793,
      2.323232889175415,
      2.308206558227539,
      2.304081439971924,
      2.3041188716888428
    ],
    "bytes_transferred": [
      208552,
      208552,
      208552,
      208552,
      208552,
      208552,
      208552,
      208552,
      208552,
      208552
    ],
    "epochs": [
      0,
      0,
      0,
      0,
      0,
      0,
      0,
      0,
      0,
      0
    ],
    "steps": [
      0,
      1,
      2,
      3,
      4,
      5,
      6,
      7,
      8,
      9
    ]
  }
}