{
  "rank": 4,
  "world_size": 8,
  "num_steps": 10,
  "statistics": {
    "compute": {
      "count": 10,
      "min": 0.1512323999995715,
      "max": 0.3206032000016421,
      "mean": 0.20454067999962716,
      "std": 0.04731304962397412,
      "p95": 0.23717179999948712,
      "p99": 0.23717179999948712
    },
    "sync": {
      "count": 10,
      "min": 0.029869300000427756,
      "max": 0.2440786000006483,
      "mean": 0.09104533000027004,
      "std": 0.07183934352801384,
      "p95": 0.1806813000002876,
      "p99": 0.1806813000002876
    },
    "optim": {
      "count": 10,
      "min": 0.0008242000003519934,
      "max": 0.0039770000003045425,
      "mean": 0.0015267900002072566,
      "std": 0.0008680058656432496,
      "p95": 0.0017369999986840412,
      "p99": 0.0017369999986840412
    },
    "iter": {
      "count": 10,
      "min": 0.2019908000002033,
      "max": 0.41959009999845875,
      "mean": 0.2971128000001045,
      "std": 0.07657592973309048,
      "p95": 0.39928800000052433,
      "p99": 0.39928800000052433
    },
    "grad_norm": {
      "count": 10,
      "min": 0.1444212943315506,
      "max": 0.25026628375053406,
      "mean": 0.19020511209964752,
      "std": 0.0303597383027215,
      "p95": 0.22816917300224304,
      "p99": 0.22816917300224304
    },
    "loss": {
      "count": 10,
      "min": 2.297706127166748,
      "max": 2.3281660079956055,
      "mean": 2.3109015941619875,
      "std": 0.008858116056111856,
      "p95": 2.3229804039001465,
      "p99": 2.3229804039001465
    }
  },
  "trajectories": {
    "compute_times": [
      0.23717179999948712,
      0.1512323999995715,
      0.17043940000075963,
      0.15373990000080084,
      0.19474949999857927,
      0.2309821999988344,
      0.1961094999969646,
      0.18461680000109482,
      0.3206032000016421,
      0.20576209999853745
    ],
    "sync_times": [
      0.1806813000002876,
      0.2440786000006483,
      0.030445399999734946,
      0.08613789999799337,
      0.03871499999877415,
      0.08202760000131093,
      0.029869300000427756,
      0.038258200002019294,
      0.030503699999826495,
      0.1497363000016776
    ],
    "optim_times": [
      0.0017369999986840412,
      0.0039770000003045425,
      0.0011059999997087289,
      0.0010861000009754207,
      0.001060200000210898,
      0.001678399999946123,
      0.0009554999996908009,
      0.0015493999999307562,
      0.0012941000022692606,
      0.0008242000003519934
    ],
    "iter_times": [
      0.41959009999845875,
      0.39928800000052433,
      0.2019908000002033,
      0.24096389999976964,
      0.2345246999975643,
      0.31468820000009146,
      0.22693429999708314,
      0.22442440000304487,
      0.35240100000373786,
      0.35632260000056704
    ],
    "grad_norms": [
      0.1747829020023346,
      0.18067538738250732,
      0.1444212943315506,
      0.154531791806221,
      0.20896455645561218,
      0.17949314415454865,
      0.22816917300224304,
      0.25026628375053406,
      0.19185641407966614,
      0.18889017403125763
    ],
    "losses": [
      2.3281660079956055,
      2.3042755126953125,
      2.3053627014160156,
      2.3120458126068115,
      2.302656412124634,
      2.314347505569458,
      2.297706127166748,
      2.3084161281585693,
      2.3130593299865723,
      2.3229804039001465
    ],
    "bytes_transferred": [
      208552,
      208552,
      208552,
      208552,
      208552,
      208552,
      208552,
      208552,
      208552,
      208552
    ],
    "epochs": [
      0,
      0,
      0,
      0,
      0,
      0,
      0,
      0,
      0,
      0
    ],
    "steps": [
      0,
      1,
      2,
      3,
      4,
      5,
      6,
      7,
      8,
      9
    ]
  }
}