{
  "rank": 3,
  "world_size": 8,
  "num_steps": 10,
  "statistics": {
    "compute": {
      "count": 10,
      "min": 0.13238930000079563,
      "max": 0.2725384999976086,
      "mean": 0.19597512999935135,
      "std": 0.0477672559052919,
      "p95": 0.2544201000018802,
      "p99": 0.2544201000018802
    },
    "sync": {
      "count": 10,
      "min": 0.024803700001939433,
      "max": 0.240667800000665,
      "mean": 0.10070405000042229,
      "std": 0.06424523272659545,
      "p95": 0.16146389999994426,
      "p99": 0.16146389999994426
    },
    "optim": {
      "count": 10,
      "min": 0.0009103000011236873,
      "max": 0.002165500001865439,
      "mean": 0.0011986300007265527,
      "std": 0.00035403197671003613,
      "p95": 0.001323100001172861,
      "p99": 0.001323100001172861
    },
    "iter": {
      "count": 10,
      "min": 0.2111103000024741,
      "max": 0.41386689999853843,
      "mean": 0.2978778100005002,
      "std": 0.07218030393013894,
      "p95": 0.3907515999999305,
      "p99": 0.3907515999999305
    },
    "grad_norm": {
      "count": 10,
      "min": 0.1444212943315506,
      "max": 0.25026628375053406,
      "mean": 0.1902051106095314,
      "std": 0.030359740506190433,
      "p95": 0.22816917300224304,
      "p99": 0.22816917300224304
    },
    "loss": {
      "count": 10,
      "min": 2.291003942489624,
      "max": 2.320089817047119,
      "mean": 2.3069737911224366,
      "std": 0.00870098644572748,
      "p95": 2.3136324882507324,
      "p99": 2.3136324882507324
    }
  },
  "trajectories": {
    "compute_times": [
      0.25023749999672873,
      0.1491344999994908,
      0.13238930000079563,
      0.1990256999997655,
      0.19817300000067917,
      0.2725384999976086,
      0.15702629999941564,
      0.1433398999979545,
      0.2544201000018802,
      0.20346649999919464
    ],
    "sync_times": [
      0.16146389999994426,
      0.240667800000665,
      0.0774983000010252,
      0.03911109999899054,
      0.024803700001939433,
      0.030133700001897523,
      0.0913646000008157,
      0.08797770000091987,
      0.10164769999755663,
      0.1523720000004687
    ],
    "optim_times": [
      0.002165500001865439,
      0.0009492999997746665,
      0.0012227000006532762,
      0.001323100001172861,
      0.001092499998776475,
      0.0009282999999413732,
      0.0013219000029494055,
      0.000986499999271473,
      0.00108620000173687,
      0.0009103000011236873
    ],
    "iter_times": [
      0.41386689999853843,
      0.3907515999999305,
      0.2111103000024741,
      0.2394598999999289,
      0.22406920000139507,
      0.3036004999994475,
      0.24971280000318075,
      0.23230409999814583,
      0.3571540000011737,
      0.356748800000787
    ],
    "grad_norms": [
      0.1747828871011734,
      0.18067538738250732,
      0.1444212943315506,
      0.154531791806221,
      0.20896457135677338,
      0.17949312925338745,
      0.22816917300224304,
      0.25026628375053406,
      0.19185641407966614,
      0.18889017403125763
    ],
    "losses": [
      2.291003942489624,
      2.320089817047119,
      2.311528205871582,
      2.3042314052581787,
      2.308947801589966,
      2.3136324882507324,
      2.311159372329712,
      2.307846784591675,
      2.3094587326049805,
      2.291839361190796
    ],
    "bytes_transferred": [
      208552,
      208552,
      208552,
      208552,
      208552,
      208552,
      208552,
      208552,
      208552,
      208552
    ],
    "epochs": [
      0,
      0,
      0,
      0,
      0,
      0,
      0,
      0,
      0,
      0
    ],
    "steps": [
      0,
      1,
      2,
      3,
      4,
      5,
      6,
      7,
      8,
      9
    ]
  }
}