{
  "rank": 4,
  "world_size": 8,
  "num_steps": 60,
  "statistics": {
    "compute": {
      "count": 60,
      "min": 0.008495800000673626,
      "max": 0.05007169999953476,
      "mean": 0.014577821666595507,
      "std": 0.00707493667344608,
      "p95": 0.02499339999849326,
      "p99": 0.03726739999910933
    },
    "sync": {
      "count": 60,
      "min": 0.04016539999793167,
      "max": 0.15694969999822206,
      "mean": 0.060715961666634635,
      "std": 0.021160468029707745,
      "p95": 0.08456959999966784,
      "p99": 0.1558035000016389
    },
    "optim": {
      "count": 60,
      "min": 0.0007815999997546896,
      "max": 0.009309600001870422,
      "mean": 0.0015464700001151263,
      "std": 0.001502941389178194,
      "p95": 0.003737099999852944,
      "p99": 0.007258900001033908
    },
    "iter": {
      "count": 60,
      "min": 0.05173869999634917,
      "max": 0.20676640000237967,
      "mean": 0.07684025333334527,
      "std": 0.02732242386780014,
      "p95": 0.11800159999984317,
      "p99": 0.18753409999771975
    },
    "grad_norm": {
      "count": 60,
      "min": 0.32315173745155334,
      "max": 0.3546542525291443,
      "mean": 0.3355727622906367,
      "std": 0.007821479036117757,
      "p95": 0.3504560887813568,
      "p99": 0.35186511278152466
    },
    "loss": {
      "count": 60,
      "min": 2.254037380218506,
      "max": 2.3782687187194824,
      "mean": 2.3117229183514914,
      "std": 0.02354095744013727,
      "p95": 2.348191738128662,
      "p99": 2.350559711456299
    }
  },
  "trajectories": {
    "compute_times": [
      0.024321299999428447,
      0.016485599997395184,
      0.01154089999909047,
      0.01120699999955832,
      0.02499339999849326,
      0.01002650000009453,
      0.05007169999953476,
      0.03186860000278102,
      0.02158689999851049,
      0.021016200000303797,
      0.022935900000447873,
      0.02170750000004773,
      0.03726739999910933,
      0.012830100000428502,
      0.008495800000673626,
      0.012400600000546547,
      0.0106021999999939,
      0.012160900001617847,
      0.014882999999827007,
      0.012570599999889964,
      0.014392799999768613,
      0.011472800000774441,
      0.012276199999178061,
      0.009762999998201849,
      0.010304599996743491,
      0.014207899999746587,
      0.011921500001335517,
      0.013475799998559523,
      0.008664799999678507,
      0.009652100001403596,
      0.01017869999850518,
      0.012645899998460663,
      0.01224010000078124,
      0.013959100000647595,
      0.009896499999740627,
      0.016030399998271605,
      0.012492199999542208,
      0.01034060000165482,
      0.012679100000241306,
      0.009667400001490023,
      0.01124089999939315,
      0.012130200000683544,
      0.016901999999390682,
      0.009939499999745749,
      0.011288699999568053,
      0.01090430000112974,
      0.009869900000921916,
      0.013272000000142725,
      0.01290299999891431,
      0.009146400003373856,
      0.010759000000689412,
      0.012526200000138488,
      0.012539600000309292,
      0.010760400000435766,
      0.014261600001191255,
      0.013915699997596676,
      0.01587450000079116,
      0.011737299999367679,
      0.014528499999869382,
      0.014935999999579508
    ],
    "sync_times": [
      0.15694969999822206,
      0.06610980000186828,
      0.04987089999849559,
      0.04016539999793167,
      0.06565520000003744,
      0.07175599999754922,
      0.1558035000016389,
      0.08456959999966784,
      0.07175639999695704,
      0.1001620000024559,
      0.07381040000109351,
      0.07627330000104848,
      0.07915700000012293,
      0.06918330000189599,
      0.052255099999456434,
      0.05562379999901168,
      0.04831980000017211,
      0.04785939999783295,
      0.0584621000016341,
      0.06629670000256738,
      0.06661440000243601,
      0.041621100001066225,
      0.058898200000840006,
      0.046380100000533275,
      0.06656260000090697,
      0.05221669999809819,
      0.05133589999968535,
      0.05783119999978226,
      0.07014889999845764,
      0.055605599998671096,
      0.04043119999914779,
      0.048789899999974295,
      0.05078240000148071,
      0.05621189999874332,
      0.05443839999861666,
      0.05665159999989555,
      0.05742470000041067,
      0.05073590000029071,
      0.050108399998862296,
      0.06925760000012815,
      0.05114479999974719,
      0.04396020000058343,
      0.07158089999938966,
      0.05442699999912293,
      0.053645700001652585,
      0.04505560000325204,
      0.061587000000145053,
      0.04917510000086622,
      0.05837640000027022,
      0.04624400000102469,
      0.05497309999918798,
      0.04447499999878346,
      0.04863090000071679,
      0.04789589999927557,
      0.06112869999924442,
      0.05102890000125626,
      0.048318199998902855,
      0.06366689999777009,
      0.04741370000192546,
      0.04814359999727458
    ],
    "optim_times": [
      0.006263100000069244,
      0.0029431000002659857,
      0.0010615999999572523,
      0.0009995999971579295,
      0.0012311999998928513,
      0.0009891000008792616,
      0.0008912000012060162,
      0.0015633999973942991,
      0.001543800000945339,
      0.002543799997511087,
      0.007258900001033908,
      0.001750200000969926,
      0.0009673000022303313,
      0.00120249999963562,
      0.0011440999987826217,
      0.0009609999979147688,
      0.0011341000026732218,
      0.0007815999997546896,
      0.0010714999989431817,
      0.009309600001870422,
      0.0011060000033467077,
      0.0013713999978790525,
      0.0011957999995502178,
      0.0013567000023613218,
      0.0008956999990914483,
      0.0008229000013670884,
      0.000979399999778252,
      0.0011513999997987412,
      0.0011928000021725893,
      0.0008457000003545545,
      0.001128799998696195,
      0.0008892999976524152,
      0.0009008000015455764,
      0.0011400000003050081,
      0.0014641000016126782,
      0.0011407000019971747,
      0.0009229999996023253,
      0.0013046000021859072,
      0.0008945000008679926,
      0.0009879999997792765,
      0.0016159999977389816,
      0.001527899999928195,
      0.0017009000002872199,
      0.0010148000001208857,
      0.0011354000016581267,
      0.0009272999996028375,
      0.0009761000001162756,
      0.003737099999852944,
      0.001104700000723824,
      0.0013366999992285855,
      0.0009497999999439344,
      0.0013135000008333009,
      0.0008361999971384648,
      0.001050400001986418,
      0.0009881000005407259,
      0.001118199998018099,
      0.0008981999999377877,
      0.0009012000009533949,
      0.0014252000000851694,
      0.0009281999991799239
    ],