{
  "rank": 3,
  "world_size": 4,
  "num_steps": 60,
  "statistics": {
    "compute": {
      "count": 60,
      "min": 0.016828800002258504,
      "max": 0.18385699999998906,
      "mean": 0.048928569999952744,
      "std": 0.039220974834926044,
      "p95": 0.13496239999949466,
      "p99": 0.15021369999885792
    },
    "sync": {
      "count": 60,
      "min": 0.007651599997188896,
      "max": 0.5558483999993769,
      "mean": 0.019196860000192828,
      "std": 0.06988447178620784,
      "p95": 0.012801100001524901,
      "p99": 0.014123199998721248
    },
    "optim": {
      "count": 60,
      "min": 0.0008379999999306165,
      "max": 0.0014836000009381678,
      "mean": 0.0009694600000026791,
      "std": 0.00013289229247175966,
      "p95": 0.0012408000002324115,
      "p99": 0.0014090000004216563
    },
    "iter": {
      "count": 60,
      "min": 0.02639409999756026,
      "max": 0.6037447000016982,
      "mean": 0.06909489000014825,
      "std": 0.0798265908045303,
      "p95": 0.1597373999975389,
      "p99": 0.1947632999981579
    },
    "grad_norm": {
      "count": 60,
      "min": 0.2339596152305603,
      "max": 0.6101589798927307,
      "mean": 0.3451497733592987,
      "std": 0.0744352947361993,
      "p95": 0.4949391484260559,
      "p99": 0.5112363696098328
    },
    "loss": {
      "count": 60,
      "min": 2.2736005783081055,
      "max": 2.347264051437378,
      "mean": 2.30825199286143,
      "std": 0.01410079807646129,
      "p95": 2.3373303413391113,
      "p99": 2.3387532234191895
    }
  },
  "trajectories": {
    "compute_times": [
      0.04648730000189971,
      0.02257409999947413,
      0.05692289999933564,
      0.11653089999890653,
      0.083843500000512,
      0.030332400001498172,
      0.019996200000605313,
      0.08222860000023502,
      0.025962499999877764,
      0.01856939999925089,
      0.02176359999793931,
      0.01772490000075777,
      0.017593399999896064,
      0.05455350000192993,
      0.057475500001601176,
      0.05504870000004303,
      0.051126900001690956,
      0.049907600001461105,
      0.018796200001816032,
      0.05218299999978626,
      0.051321199996891664,
      0.0494386000027589,
      0.01772279999931925,
      0.019720399999641813,
      0.05103159999998752,
      0.019647699999040924,
      0.13496239999949466,
      0.08515079999779118,
      0.18385699999998906,
      0.037239100001897896,
      0.01972849999947357,
      0.08953260000271257,
      0.0398773999986588,
      0.026136200001928955,
      0.059605300000839634,
      0.01833489999989979,
      0.0190312000013364,
      0.05399769999712589,
      0.017731500000081724,
      0.01934139999866602,
      0.14934639999773935,
      0.021986600000673207,
      0.0174762999995437,
      0.024096900000586174,
      0.0269890999989002,
      0.15021369999885792,
      0.01959270000224933,
      0.052397299998119706,
      0.017712499997287523,
      0.01887910000004922,
      0.1180902000014612,
      0.05127410000204691,
      0.016828800002258504,
      0.12051409999912721,
      0.05353749999994761,
      0.019456399997579865,
      0.01738649999970221,
      0.020568699997966178,
      0.08476479999808362,
      0.021573099998931866
    ],
    "sync_times": [
      0.5558483999993769,
      0.01086379999833298,
      0.012612700000318,
      0.008082300002570264,
      0.010191299999860348,
      0.010252400003082585,
      0.011006900000211317,
      0.010751199999504024,
      0.009637800001655705,
      0.010334400001738686,
      0.007895799997641006,
      0.010816800000611693,
      0.008199399999284651,
      0.010216300001047784,
      0.012719800000922987,
      0.009458799999265466,
      0.011589899997488828,
      0.009180999997624895,
      0.011356300001352793,
      0.007939200000691926,
      0.011056600000301842,
      0.013566599998739548,
      0.00922799999898416,
      0.010956400001305155,
      0.007651599997188896,
      0.012801100001524901,
      0.008015200000954792,
      0.00925709999864921,
      0.00997780000034254,
      0.01160639999943669,
      0.008426699998381082,
      0.009159299999737414,
      0.0087340000027325,
      0.014123199998721248,
      0.008929399999033194,
      0.008224900000641355,
      0.009462999998504529,
      0.00836179999896558,
      0.012222600002132822,
      0.010958399998344248,
      0.009217800001351861,
      0.012209100001200568,
      0.00841470000159461,
      0.010174800001550466,
      0.009577699998772005,
      0.01214590000017779,
      0.007840300000680145,
      0.01033590000224649,
      0.007741199999145465,
      0.011094900000898633,
      0.009290300000429852,
      0.011399099999835016,
      0.009841999999480322,
      0.011285800002951873,
      0.008072100001299987,
      0.010670499999832828,
      0.00881380000282661,
      0.012608900000486756,
      0.008119599999190541,
      0.011282600000413368
    ],
    "optim_times": [
      0.0014090000004216563,
      0.0010777999996207654,
      0.0009357000017189421,
      0.000867300001118565,
      0.000967699998000171,
      0.0009614999980840366,
      0.0010256999994453508,
      0.0009645999998610932,
      0.0014836000009381678,
      0.0014004000004206318,
      0.0009414999985892791,
      0.0008985999993456062,
      0.0009193000005325302,
      0.0008379999999306165,
      0.0008507000020472333,
      0.000913399999262765,
      0.0008419000005233102,
      0.0009422000002814457,
      0.0009314999988419004,
      0.0009183000001939945,
      0.0009396999994351063,
      0.000931700000364799,
      0.0009891999980027322,
      0.0011091000014857855,
      0.0009090000021387823,
      0.0009420000023965258,
      0.0009485999980825,
      0.0009332999979960732,
      0.0009284999978262931,
      0.0008619000000180677,
      0.0008866000025591347,
      0.0009685999975772575,
      0.0008459999990009237,
      0.0009442000009585172,
      0.0008916000006138347,
      0.0009428999983356334,
      0.000901699997484684,
      0.0010329999968234915,
      0.0011967999998887535,
      0.000920300000871066,
      0.0011731999984476715,
      0.0010391000032541342,
      0.0009227000009559561,
      0.0008770999993430451,
      0.0012408000002324115,
      0.0009571000009600539,
      0.0009916999988490716,
      0.0009238000020559411,
      0.0009404000011272728,
      0.0009000999998534098,
      0.000920300000871066,
      0.0009017999982461333,
      0.0009304000013798941,
      0.0008651000025565736,
      0.0008813999993435573,
      0.0008822000017971732,
      0.0009245000001101289,
      0.0008981000028143171,
      0.0010113999996974599,
      0.0008729999972274527
    ],