{
  "rank": 0,
  "world_size": 4,
  "num_steps": 60,
  "statistics": {
    "compute": {
      "count": 60,
      "min": 0.016942100002779625,
      "max": 0.1830132999966736,
      "mean": 0.04837687500003085,
      "std": 0.03927329788506291,
      "p95": 0.1340210999987903,
      "p99": 0.14990469999975176
    },
    "sync": {
      "count": 60,
      "min": 0.007874700000684243,
      "max": 0.6225947000020824,
      "mean": 0.020868208333498235,
      "std": 0.07835944463286941,
      "p95": 0.013886600001569605,
      "p99": 0.01594649999969988
    },
    "optim": {
      "count": 60,
      "min": 0.0008046000002650544,
      "max": 0.0018330999992031138,
      "mean": 0.0009903483331072493,
      "std": 0.00016041707228451097,
      "p95": 0.0011687000005622394,
      "p99": 0.0013652999987243675
    },
    "iter": {
      "count": 60,
      "min": 0.026310399996873457,
      "max": 0.666257000000769,
      "mean": 0.07023543166663633,
      "std": 0.08698333747042537,
      "p95": 0.1597366999994847,
      "p99": 0.19423199999801
    },
    "grad_norm": {
      "count": 60,
      "min": 0.2339596152305603,
      "max": 0.6101589798927307,
      "mean": 0.3451497738560041,
      "std": 0.07443529552119983,
      "p95": 0.4949391484260559,
      "p99": 0.5112363696098328
    },
    "loss": {
      "count": 60,
      "min": 2.276470899581909,
      "max": 2.3519093990325928,
      "mean": 2.3081560571988424,
      "std": 0.014162591794407457,
      "p95": 2.3318443298339844,
      "p99": 2.3377585411071777
    }
  },
  "trajectories": {
    "compute_times": [
      0.041829199999483535,
      0.024040699998295167,
      0.055978699998377124,
      0.118645500002458,
      0.08344669999860344,
      0.030387599999812664,
      0.02039409999997588,
      0.08224019999761367,
      0.024568000000726897,
      0.01735010000265902,
      0.021575099999608938,
      0.017671100002189633,
      0.017834700000094017,
      0.05230699999810895,
      0.058061100000486476,
      0.05241169999862905,
      0.051451300001644995,
      0.050684199999523116,
      0.01868560000002617,
      0.050836899998103036,
      0.050536700000520796,
      0.05052980000255047,
      0.018156699999963166,
      0.018730699997831834,
      0.05092069999955129,
      0.01916220000202884,
      0.1340210999987903,
      0.08547260000341339,
      0.1830132999966736,
      0.0376155000012659,
      0.018645200001628837,
      0.08621399999901769,
      0.03661139999894658,
      0.025996700001996942,
      0.06074060000173631,
      0.017724500001349952,
      0.017617699999391334,
      0.05392810000194004,
      0.017608300000574673,
      0.019335699998919154,
      0.1490176999977848,
      0.019760899998800596,
      0.01772740000160411,
      0.02280120000068564,
      0.025664799999503884,
      0.14990469999975176,
      0.018152900000131922,
      0.05159009999988484,
      0.017559799998707604,
      0.019234199997299584,
      0.11753320000207168,
      0.05137550000290503,
      0.017791799997212365,
      0.12009519999992335,
      0.053214999999909196,
      0.01888200000030338,
      0.016942100002779625,
      0.01920800000152667,
      0.08428019999701064,
      0.018894799999543466
    ],
    "sync_times": [
      0.6225947000020824,
      0.009751099998538848,
      0.011850399998365901,
      0.011161800000991207,
      0.009693100000731647,
      0.011961000000155764,
      0.009588799999619368,
      0.011588900000788271,
      0.010781700002553407,
      0.010467700001754565,
      0.008240900002419949,
      0.010664199999155244,
      0.008126400000037393,
      0.012233699999342207,
      0.012778500000422355,
      0.010882499998842832,
      0.011316600001009647,
      0.00820219999877736,
      0.011536300000443589,
      0.0087731999992684,
      0.011472000001958804,
      0.012681299998803297,
      0.009083299999474548,
      0.011841999999887776,
      0.007915800000773743,
      0.013360699998884229,
      0.00859639999907813,
      0.009473300000536256,
      0.010257900001306552,
      0.011021999998774845,
      0.010831299998244504,
      0.01594649999969988,
      0.009266299999580951,
      0.013886600001569605,
      0.01107390000106534,
      0.008204899997508619,
      0.01067700000203331,
      0.008174000002327375,
      0.013604200001282152,
      0.011254199998802505,
      0.009650899999542162,
      0.013080799999443116,
      0.010229800001980038,
      0.00898570000208565,
      0.010342999998101732,
      0.012960300002305303,
      0.009098300000914605,
      0.011113700002169935,
      0.007874700000684243,
      0.010996099998010322,
      0.009597600001143292,
      0.011451800000941148,
      0.008388999998715008,
      0.012120100000174716,
      0.008258599998953287,
      0.011336200001096586,
      0.00946769999791286,
      0.013785299997834954,
      0.008173900001565926,
      0.014361699999426492
    ],
    "optim_times": [
      0.0018330999992031138,
      0.0010064999987662304,
      0.0010599000015645288,
      0.0010747000014816877,
      0.0009720000016386621,
      0.0010438999997859355,
      0.0008957999998528976,
      0.0011550999988685362,
      0.0011687000005622394,
      0.0012933999969391152,
      0.0008880999994289596,
      0.0008471000001009088,
      0.0009014999995997641,
      0.0009835000018938445,
      0.001033200001984369,
      0.0009984000025724526,
      0.0010364000008848961,
      0.0009297000033257063,
      0.0013652999987243675,
      0.0010122999992745463,
      0.0010074999991047662,
      0.0009307000000262633,
      0.0008806999976513907,
      0.000958699998591328,
      0.00102359999800683,
      0.0009233999990101438,
      0.0008213000000978354,
      0.0008634000005258713,
      0.0009608000000298489,
      0.0009527000001980923,
      0.0008395000004384201,
      0.0008046000002650544,
      0.0008535999986634124,
      0.0008628000032331329,
      0.001121099998272257,
      0.000988899999356363,
      0.0011672999971779063,
      0.0008637999999336898,
      0.0009791999982553534,
      0.0008756999995966908,
      0.0010681000021577347,
      0.0010527999984333292,
      0.0009264999971492216,
      0.0008457000003545545,
      0.0011138999980175868,
      0.0008641000022180378,
      0.0009544999993522651,
      0.0011201999986951705,
      0.0008758999974816106,
      0.0011658000003080815,
      0.0008830000006128103,
      0.0009524000015517231,
      0.0009540999999444466,
      0.000941999998758547,
      0.0008300000008603092,
      0.0008915999969758559,
      0.0008469999993394595,
      0.001116100000217557,
      0.0008697999983269256,
      0.0009695000007923227
    ],