{
  "rank": 2,
  "world_size": 4,
  "num_steps": 60,
  "statistics": {
    "compute": {
      "count": 60,
      "min": 0.016223500002524815,
      "max": 0.1830342000030214,
      "mean": 0.04862430999989253,
      "std": 0.03941949202768299,
      "p95": 0.1346771999997145,
      "p99": 0.15243809999810765
    },
    "sync": {
      "count": 60,
      "min": 0.007945299999846611,
      "max": 0.024650499999552267,
      "mean": 0.0105899766668396,
      "std": 0.002559754264259903,
      "p95": 0.014404999998077983,
      "p99": 0.01485329999923124
    },
    "optim": {
      "count": 60,
      "min": 0.0007526999979745597,
      "max": 0.001463199998397613,
      "mean": 0.0009838283334223281,
      "std": 0.00015444924646071704,
      "p95": 0.0012797999988833908,
      "p99": 0.0013948999985586852
    },
    "iter": {
      "count": 60,
      "min": 0.026186799997958587,
      "max": 0.1945505000076082,
      "mean": 0.060198115000154456,
      "std": 0.03950145550157998,
      "p95": 0.1470231999992393,
      "p99": 0.1624547999999777
    },
    "grad_norm": {
      "count": 60,
      "min": 0.2339596152305603,
      "max": 0.6101589798927307,
      "mean": 0.3451497733592987,
      "std": 0.0744352962197819,
      "p95": 0.4949391484260559,
      "p99": 0.5112363696098328
    },
    "loss": {
      "count": 60,
      "min": 2.2831902503967285,
      "max": 2.3339128494262695,
      "mean": 2.3047239065170286,
      "std": 0.011248918960713943,
      "p95": 2.320230722427368,
      "p99": 2.3324296474456787
    }
  },
  "trajectories": {
    "compute_times": [
      0.04116810000050464,
      0.022732100002031075,
      0.054125099999509985,
      0.11902499999996508,
      0.08518790000016452,
      0.029753300001175376,
      0.02079070000036154,
      0.08242849999805912,
      0.02658990000054473,
      0.017206399999849964,
      0.021514699998078868,
      0.017873400000098627,
      0.016223500002524815,
      0.049769999997806735,
      0.05914979999943171,
      0.05112179999923683,
      0.053984400001354516,
      0.05052179999984219,
      0.018367900000157533,
      0.05175999999846681,
      0.05047689999992144,
      0.05291389999911189,
      0.016901700000744313,
      0.018833800000720657,
      0.050108600000385195,
      0.0208926999985124,
      0.1346771999997145,
      0.083160999998654,
      0.1830342000030214,
      0.03498599999875296,
      0.017821299999923212,
      0.08665900000050897,
      0.038069099999120226,
      0.025497499998891726,
      0.0626869000006991,
      0.01844630000050529,
      0.017407600000296952,
      0.054524199997104006,
      0.018701799999689683,
      0.018570699998235796,
      0.1489170999993803,
      0.019990799999504816,
      0.018591799998830538,
      0.024581000001489883,
      0.0259345000013127,
      0.15243809999810765,
      0.01893239999844809,
      0.0525828999998339,
      0.017463100000895793,
      0.018461300001945347,
      0.11819530000138911,
      0.05061510000086855,
      0.017948400000022957,
      0.12091320000035921,
      0.053623900003003655,
      0.018168700000387616,
      0.0175533000001451,
      0.022524599997268524,
      0.08524829999805661,
      0.0211100999986229
    ],
    "sync_times": [
      0.024650499999552267,
      0.014404999998077983,
      0.00972860000183573,
      0.009250799997971626,
      0.010244500001135748,
      0.010431900002004113,
      0.010945400001219241,
      0.008753499998420011,
      0.01466190000064671,
      0.009188299998641014,
      0.010285700001986697,
      0.008200299998861738,
      0.012271299998246832,
      0.011788499999966007,
      0.010558999998465879,
      0.013421499999822117,
      0.008177299998351373,
      0.011874299998453353,
      0.0083178000022599,
      0.011476100000436418,
      0.010912600002484396,
      0.008491399999911664,
      0.01388529999894672,
      0.008137400000123307,
      0.011771499997848878,
      0.008623599998827558,
      0.011300900001515402,
      0.010072699999000179,
      0.010616000003210502,
      0.010219299998425413,
      0.011447700002463534,
      0.010891300000366755,
      0.01485329999923124,
      0.00870530000247527,
      0.00807390000045416,
      0.011295000000245636,
      0.007945299999846611,
      0.011000600003171712,
      0.010152599999855738,
      0.008583899998484412,
      0.012206999999762047,
      0.010985500000970205,
      0.01006749999942258,
      0.009750700002769008,
      0.0098982999988948,
      0.008484800000587711,
      0.010389999999460997,
      0.008144699997501448,
      0.011631200002739206,
      0.008002099999430357,
      0.013426700003037695,
      0.008010699999431381,
      0.011429199999838602,
      0.007952100000693463,
      0.011566799999854993,
      0.008781399999861605,
      0.011032599999452941,
      0.008241900002758484,
      0.010445200001413468,
      0.009338399999251124
    ],
    "optim_times": [
      0.001463199998397613,
      0.0009709999976621475,
      0.001062600000295788,
      0.0012760000026901253,
      0.0008491999979014508,
      0.0010766000013973098,
      0.0009787999988475349,
      0.0008023000009416137,
      0.0008858000001055188,
      0.001074800002243137,
      0.0009883000020636246,
      0.0009127000012085773,
      0.0008732999995118007,
      0.0007526999979745597,
      0.0010065000024042092,
      0.0009776000006240793,
      0.0008137000004353467,
      0.0009277000026486348,
      0.0008121999999275431,
      0.0008737000025575981,
      0.0008682000006956514,
      0.0008606000010331627,
      0.0010992999996233266,
      0.000829399999929592,
      0.0009637000002840068,
      0.0010055000020656735,
      0.0010450999980093911,
      0.0008596999978180975,
      0.0009003000013763085,
      0.0008966000023065135,
      0.0008885999995982274,
      0.0012797999988833908,
      0.0009408000005350914,
      0.0010906999996223021,
      0.0008945000008679926,
      0.000910999999177875,
      0.0008338999978150241,
      0.0008996999968076125,
      0.0013948999985586852,
      0.000949699999182485,
      0.0013307000008353498,
      0.001180000002932502,
      0.001131999997596722,
      0.0009253000025637448,
      0.0012423000007402152,
      0.0010360999986005481,
      0.0009441000001970679,
      0.0008452000001852866,
      0.0011509000032674521,
      0.0008258000016212463,
      0.0009054999973159283,
      0.0012652000004891306,
      0.0009630999993532896,
      0.0008602000016253442,
      0.0010695999990275595,
      0.0008701999977347441,
      0.000921599999855971,
      0.0009070999985851813,
      0.0009248999995179474,
      0.0009391999992658384
    ],