{
  "rank": 1,
  "world_size": 4,
  "num_steps": 60,
  "statistics": {
    "compute": {
      "count": 60,
      "min": 0.016681799999787472,
      "max": 0.18340620000162744,
      "mean": 0.04747930166668084,
      "std": 0.039660955273277024,
      "p95": 0.13634019999881275,
      "p99": 0.150556399999914
    },
    "sync": {
      "count": 60,
      "min": 0.007675500000914326,
      "max": 0.04495940000197152,
      "mean": 0.011978039999848988,
      "std": 0.00680237553024907,
      "p95": 0.014494200000626734,
      "p99": 0.04309099999954924
    },
    "optim": {
      "count": 60,
      "min": 0.0007535999975516461,
      "max": 0.0018070000005536713,
      "mean": 0.000980974999826382,
      "std": 0.00015761360552798693,
      "p95": 0.0012231000000610948,
      "p99": 0.001292600001761457
    },
    "iter": {
      "count": 60,
      "min": 0.026232899999740766,
      "max": 0.19376720000218484,
      "mean": 0.06043831666635621,
      "std": 0.0393841842082548,
      "p95": 0.1470292000012705,
      "p99": 0.16235779999988154
    },
    "grad_norm": {
      "count": 60,
      "min": 0.2339596152305603,
      "max": 0.6101589798927307,
      "mean": 0.3451497738560041,
      "std": 0.07443529554596556,
      "p95": 0.4949391484260559,
      "p99": 0.5112363696098328
    },
    "loss": {
      "count": 60,
      "min": 2.2736074924468994,
      "max": 2.3450276851654053,
      "mean": 2.3039702415466308,
      "std": 0.014000350834879374,
      "p95": 2.33133602142334,
      "p99": 2.3365883827209473
    }
  },
  "trajectories": {
    "compute_times": [
      0.03895100000227103,
      0.022630399998888606,
      0.05586290000064764,
      0.11891839999952936,
      0.08527010000034352,
      0.027285500000289176,
      0.021467399998073233,
      0.08149930000217864,
      0.02651719999994384,
      0.017953999999008374,
      0.02140710000094259,
      0.017853800000011688,
      0.01793809999799123,
      0.050188500001240755,
      0.05837729999984731,
      0.054712700002710335,
      0.017275700000027427,
      0.050527399998827605,
      0.018311700001504505,
      0.05259690000093542,
      0.051859900002455106,
      0.05034059999888996,
      0.018317199999728473,
      0.019238099997892277,
      0.04993319999994128,
      0.020757700000103796,
      0.13634019999881275,
      0.08412490000046091,
      0.18340620000162744,
      0.037024100001872284,
      0.0188888999982737,
      0.08766649999961373,
      0.03987559999950463,
      0.024091499999485677,
      0.028416199998900993,
      0.018699500000366243,
      0.016681799999787472,
      0.054577100003371015,
      0.018519999997806735,
      0.020580899999913527,
      0.1491394999975455,
      0.020768299997143913,
      0.01694639999914216,
      0.02249890000166488,
      0.027414200001658173,
      0.150556399999914,
      0.01860089999900083,
      0.05195879999882891,
      0.017854499998065876,
      0.018987600000400562,
      0.1180077999997593,
      0.04964509999990696,
      0.018255999999382766,
      0.12020069999925909,
      0.05259469999873545,
      0.01742020000165212,
      0.017709100000502076,
      0.020562000001518754,
      0.08578290000150446,
      0.01896860000124434
    ],
    "sync_times": [
      0.03312000000005355,
      0.014494200000626734,
      0.009273499999835622,
      0.00940930000069784,
      0.009701799997856142,
      0.013249899999209447,
      0.01113699999768869,
      0.009787499999220017,
      0.014167900000757072,
      0.00822169999810285,
      0.010297000000718981,
      0.008004499999515247,
      0.010526899997785222,
      0.01315709999835235,
      0.009463500002311775,
      0.010020199999416946,
      0.04495940000197152,
      0.011810299998614937,
      0.008201599997846643,
      0.010587299999315292,
      0.009642799999710405,
      0.010734700001194142,
      0.01228830000036396,
      0.008055900001636473,
      0.012212699999508914,
      0.008546199998818338,
      0.0098009000030288,
      0.009566900000208989,
      0.009450900000956608,
      0.011494300000777002,
      0.00977720000082627,
      0.009388999998918734,
      0.01309190000029048,
      0.010722499999246793,
      0.04309099999954924,
      0.0110233999985212,
      0.00868369999807328,
      0.01055149999956484,
      0.009100499999476597,
      0.010277199999109143,
      0.012339500000962289,
      0.011503300000185845,
      0.01149739999891608,
      0.011555000000953441,
      0.008722899998247158,
      0.010520299998461269,
      0.010889100001804763,
      0.008437300002697157,
      0.011497700001200428,
      0.007675500000914326,
      0.012747900000249501,
      0.009807999998884043,
      0.011378200000763172,
      0.00888420000046608,
      0.01266119999854709,
      0.008821100000204751,
      0.011924399997951696,
      0.010066200000437675,
      0.009306200001446996,
      0.01135489999796846
    ],
    "optim_times": [
      0.0018070000005536713,
      0.0011493999991216697,
      0.0011330999986967072,
      0.001086699998268159,
      0.0011341000026732218,
      0.0012231000000610948,
      0.000908900001377333,
      0.0010922000001301058,
      0.0010017999993578997,
      0.0011501999979373068,
      0.000903600001038285,
      0.0009234000026481226,
      0.001044600001478102,
      0.001278300002013566,
      0.00101859999995213,
      0.0009147999990091193,
      0.0009387999998580199,
      0.0009834999982558656,
      0.0009299000012106262,
      0.0008729000001039822,
      0.000963999998930376,
      0.0010053000005427748,
      0.0008336999999301042,
      0.0009112999978242442,
      0.0009103000011236873,
      0.0010167000000365078,
      0.0008880999994289596,
      0.0009013999988383148,
      0.0009100999996007886,
      0.0009487999996053986,
      0.0009797000020626,
      0.0009231999974872451,
      0.0009645999998610932,
      0.0009126999975705985,
      0.001098100001399871,
      0.0009944999983417802,
      0.0008674000018800143,
      0.0007845999971323181,
      0.0009547999979986344,
      0.0008437000033154618,
      0.0008788000013737474,
      0.0010554999971645884,
      0.001292600001761457,
      0.0007535999975516461,
      0.0010864000032597687,
      0.0008596999978180975,
      0.0010282000002916902,
      0.0008340999993379228,
      0.0009242000014637597,
      0.0009238999991794117,
      0.0010456000018166378,
      0.0009208999981638044,
      0.0008846999990055338,
      0.0008826999983284622,
      0.0009716999993543141,
      0.0008190000007743947,
      0.0008433000002696645,
      0.000979099997493904,
      0.0007541999984823633,
      0.0010124000000359956
    ],