{
  "rank": 0,
  "world_size": 8,
  "num_steps": 10,
  "statistics": {
    "compute": {
      "count": 10,
      "min": 0.010199500000453554,
      "max": 0.02493010000034701,
      "mean": 0.014716349999798695,
      "std": 0.004621748090917373,
      "p95": 0.02075640000111889,
      "p99": 0.02075640000111889
    },
    "sync": {
      "count": 10,
      "min": 0.014579499998944812,
      "max": 0.05850600000121631,
      "mean": 0.024200820000987732,
      "std": 0.012205137006833826,
      "p95": 0.02837080000244896,
      "p99": 0.02837080000244896
    },
    "optim": {
      "count": 10,
      "min": 0.0007852999988244846,
      "max": 0.01171240000257967,
      "mean": 0.0024570799996581627,
      "std": 0.003137519471544588,
      "p95": 0.0029025000003457535,
      "p99": 0.0029025000003457535
    },
    "iter": {
      "count": 10,
      "min": 0.027193699999770615,
      "max": 0.07425210000292282,
      "mean": 0.04137425000044459,
      "std": 0.013190484632349436,
      "p95": 0.04929160000392585,
      "p99": 0.04929160000392585
    },
    "grad_norm": {
      "count": 10,
      "min": 1.2588934898376465,
      "max": 1.416018009185791,
      "mean": 1.3430238962173462,
      "std": 0.04272763210542498,
      "p95": 1.3833450078964233,
      "p99": 1.3833450078964233
    },
    "loss": {
      "count": 10,
      "min": 2.128662109375,
      "max": 2.520557403564453,
      "mean": 2.343654012680054,
      "std": 0.11655230477096477,
      "p95": 2.463294267654419,
      "p99": 2.463294267654419
    }
  },
  "trajectories": {
    "compute_times": [
      0.012843600001360755,
      0.02075640000111889,
      0.013181899998016888,
      0.02493010000034701,
      0.01261519999752636,
      0.010199500000453554,
      0.011028699998860247,
      0.017968500000279164,
      0.012584299998707138,
      0.011055300001316937
    ],
    "sync_times": [
      0.05850600000121631,
      0.02249880000090343,
      0.02837080000244896,
      0.020090199999685865,
      0.020774700002220925,
      0.016006699999707052,
      0.026550500002485933,
      0.015930300000036368,
      0.018700700002227677,
      0.014579499998944812
    ],
    "optim_times": [
      0.0029025000003457535,
      0.0010586999997030944,
      0.0008844999974826351,
      0.0015117999973881524,
      0.001728000002913177,
      0.0010782999997900333,
      0.01171240000257967,
      0.0007852999988244846,
      0.0013503999980457593,
      0.001558899999508867
    ],
    "iter_times": [
      0.07425210000292282,
      0.044313900001725415,
      0.04243719999794848,
      0.04653209999742103,
      0.03511790000266046,
      0.02728449999995064,
      0.04929160000392585,
      0.03468409999914002,
      0.032635399998980574,
      0.027193699999770615
    ],
    "grad_norms": [
      1.2588934898376465,
      1.324805736541748,
      1.286511778831482,
      1.3486250638961792,
      1.3659701347351074,
      1.3524179458618164,
      1.3502947092056274,
      1.3433570861816406,
      1.3833450078964233,
      1.416018009185791
    ],
    "losses": [
      2.16265869140625,
      2.428532123565674,
      2.372649669647217,
      2.3454551696777344,
      2.128662109375,
      2.383657932281494,
      2.463294267654419,
      2.3190839290618896,
      2.520557403564453,
      2.3119888305664062
    ],
    "bytes_transferred": [
      437544,
      437544,
      437544,
      437544,
      437544,
      437544,
      437544,
      437544,
      437544,
      437544
    ],
    "epochs": [
      0,
      0,
      0,
      0,
      0,
      0,
      0,
      0,
      0,
      0
    ],
    "steps": [
      0,
      1,
      2,
      3,
      4,
      5,
      6,
      7,
      8,
      9
    ]
  }
}