{
  "rank": 1,
  "world_size": 8,
  "num_steps": 10,
  "statistics": {
    "compute": {
      "count": 10,
      "min": 0.010112200001458405,
      "max": 0.07639129999733996,
      "mean": 0.02079617999988841,
      "std": 0.018793598575945453,
      "p95": 0.021331700001610443,
      "p99": 0.021331700001610443
    },
    "sync": {
      "count": 10,
      "min": 0.012565899996843655,
      "max": 0.5324255999985326,
      "mean": 0.07308058999988135,
      "std": 0.15338927594365917,
      "p95": 0.04532070000277599,
      "p99": 0.04532070000277599
    },
    "optim": {
      "count": 10,
      "min": 0.001050400001986418,
      "max": 0.01078119999874616,
      "mean": 0.002707619999637245,
      "std": 0.0027584145473670022,
      "p95": 0.0028194999977131374,
      "p99": 0.0028194999977131374
    },
    "iter": {
      "count": 10,
      "min": 0.024106399996526306,
      "max": 0.6112050999945495,
      "mean": 0.096584389999407,
      "std": 0.1718806945660624,
      "p95": 0.061189400003058836,
      "p99": 0.061189400003058836
    },
    "grad_norm": {
      "count": 10,
      "min": 1.2588934898376465,
      "max": 1.416018009185791,
      "mean": 1.3430238962173462,
      "std": 0.04272763210542498,
      "p95": 1.3833450078964233,
      "p99": 1.3833450078964233
    },
    "loss": {
      "count": 10,
      "min": 2.2031948566436768,
      "max": 2.4943737983703613,
      "mean": 2.3247912406921385,
      "std": 0.0973556078293039,
      "p95": 2.472130298614502,
      "p99": 2.472130298614502
    }
  },
  "trajectories": {
    "compute_times": [
      0.07639129999733996,
      0.021331700001610443,
      0.014573399999790126,
      0.014672900000732625,
      0.010112200001458405,
      0.011587699998926837,
      0.014160200000333134,
      0.01890819999971427,
      0.01324880000174744,
      0.012975399997230852
    ],
    "sync_times": [
      0.5324255999985326,
      0.020327300000644755,
      0.023775499998009764,
      0.04532070000277599,
      0.012565899996843655,
      0.01859330000297632,
      0.030323999999382067,
      0.014074700000492157,
      0.015707200000179,
      0.01769169999897713
    ],
    "optim_times": [
      0.0023881999986770097,
      0.001050400001986418,
      0.002744400000665337,
      0.0011957999995502178,
      0.0014282999982242472,
      0.0028194999977131374,
      0.01078119999874616,
      0.0013968000021122862,
      0.0014062000009289477,
      0.0018653999977686908
    ],
    "iter_times": [
      0.6112050999945495,
      0.042709400004241616,
      0.04109329999846523,
      0.061189400003058836,
      0.024106399996526306,
      0.033000499999616295,
      0.05526539999846136,
      0.034379700002318714,
      0.03036220000285539,
      0.03253249999397667
    ],
    "grad_norms": [
      1.2588934898376465,
      1.324805736541748,
      1.286511778831482,
      1.3486250638961792,
      1.3659701347351074,
      1.3524179458618164,
      1.3502947092056274,
      1.3433570861816406,
      1.3833450078964233,
      1.416018009185791
    ],
    "losses": [
      2.2264418601989746,
      2.472130298614502,
      2.2031948566436768,
      2.2881202697753906,
      2.4035568237304688,
      2.2258944511413574,
      2.3056623935699463,
      2.4943737983703613,
      2.3454065322875977,
      2.2831311225891113
    ],
    "bytes_transferred": [
      437544,
      437544,
      437544,
      437544,
      437544,
      437544,
      437544,
      437544,
      437544,
      437544
    ],
    "epochs": [
      0,
      0,
      0,
      0,
      0,
      0,
      0,
      0,
      0,
      0
    ],
    "steps": [
      0,
      1,
      2,
      3,
      4,
      5,
      6,
      7,
      8,
      9
    ]
  }
}