{
  "rank": 5,
  "world_size": 8,
  "num_steps": 10,
  "statistics": {
    "compute": {
      "count": 10,
      "min": 0.006793599997763522,
      "max": 0.02169579999826965,
      "mean": 0.012682449999556412,
      "std": 0.004541282296963647,
      "p95": 0.017150399999081856,
      "p99": 0.017150399999081856
    },
    "sync": {
      "count": 10,
      "min": 0.014555800000380259,
      "max": 0.08223869999710587,
      "mean": 0.030068970000138508,
      "std": 0.018710049326718093,
      "p95": 0.03732369999852381,
      "p99": 0.03732369999852381
    },
    "optim": {
      "count": 10,
      "min": 0.0009365000005345792,
      "max": 0.0021067000016046222,
      "mean": 0.0014450399998167996,
      "std": 0.00036447174674405326,
      "p95": 0.0019667999986268114,
      "p99": 0.0019667999986268114
    },
    "iter": {
      "count": 10,
      "min": 0.023316199996770592,
      "max": 0.10132570000132546,
      "mean": 0.04419645999951172,
      "std": 0.021334990167328264,
      "p95": 0.049678100000164704,
      "p99": 0.049678100000164704
    },
    "grad_norm": {
      "count": 10,
      "min": 1.2588934898376465,
      "max": 1.416018009185791,
      "mean": 1.3430238962173462,
      "std": 0.04272763210542498,
      "p95": 1.3833450078964233,
      "p99": 1.3833450078964233
    },
    "loss": {
      "count": 10,
      "min": 2.090085506439209,
      "max": 2.457670211791992,
      "mean": 2.305450463294983,
      "std": 0.10155437362782702,
      "p95": 2.39313006401062,
      "p99": 2.39313006401062
    }
  },
  "trajectories": {
    "compute_times": [
      0.016980300002614968,
      0.013301399998454144,
      0.010111600000527687,
      0.02169579999826965,
      0.013318900000740541,
      0.006793599997763522,
      0.01134749999982887,
      0.017150399999081856,
      0.007985299998836126,
      0.008139699999446748
    ],
    "sync_times": [
      0.08223869999710587,
      0.0248265000009269,
      0.0244992000007187,
      0.02401030000328319,
      0.03213609999875189,
      0.014555800000380259,
      0.03732369999852381,
      0.028684299999440555,
      0.016269200001261197,
      0.016145900000992697
    ],
    "optim_times": [
      0.0021067000016046222,
      0.0014339999979711138,
      0.0016112999983306509,
      0.0015300999984901864,
      0.0011956999987887684,
      0.0019667999986268114,
      0.0010069000018120278,
      0.0014807000006840099,
      0.0011817000013252255,
      0.0009365000005345792
    ],
    "iter_times": [
      0.10132570000132546,
      0.03956189999735216,
      0.03622209999957704,
      0.04723620000004303,
      0.0466506999982812,
      0.023316199996770592,
      0.049678100000164704,
      0.04731539999920642,
      0.02543620000142255,
      0.025222100000974024
    ],
    "grad_norms": [
      1.2588934898376465,
      1.324805736541748,
      1.286511778831482,
      1.3486250638961792,
      1.3659701347351074,
      1.3524179458618164,
      1.3502947092056274,
      1.3433570861816406,
      1.3833450078964233,
      1.416018009185791
    ],
    "losses": [
      2.3135194778442383,
      2.3756556510925293,
      2.238921880722046,
      2.3605170249938965,
      2.457670211791992,
      2.248657703399658,
      2.090085506439209,
      2.39313006401062,
      2.218827962875366,
      2.3575191497802734
    ],
    "bytes_transferred": [
      437544,
      437544,
      437544,
      437544,
      437544,
      437544,
      437544,
      437544,
      437544,
      437544
    ],
    "epochs": [
      0,
      0,
      0,
      0,
      0,
      0,
      0,
      0,
      0,
      0
    ],
    "steps": [
      0,
      1,
      2,
      3,
      4,
      5,
      6,
      7,
      8,
      9
    ]
  }
}