{
  "rank": 7,
  "world_size": 8,
  "num_steps": 10,
  "statistics": {
    "compute": {
      "count": 10,
      "min": 0.01091160000214586,
      "max": 0.07298179999997956,
      "mean": 0.021347939999759546,
      "std": 0.01797256693998168,
      "p95": 0.02652460000172141,
      "p99": 0.02652460000172141
    },
    "sync": {
      "count": 10,
      "min": 0.013716800000111107,
      "max": 0.5930827999982284,
      "mean": 0.07889446999979555,
      "std": 0.17147237674455448,
      "p95": 0.02908979999847361,
      "p99": 0.02908979999847361
    },
    "optim": {
      "count": 10,
      "min": 0.0008985999993456062,
      "max": 0.003418500000407221,
      "mean": 0.0018112500001734588,
      "std": 0.0008754836698008471,
      "p95": 0.0031968999974196777,
      "p99": 0.0031968999974196777
    },
    "iter": {
      "count": 10,
      "min": 0.028096099995309487,
      "max": 0.6694830999986152,
      "mean": 0.10205365999972855,
      "std": 0.18925505378726193,
      "p95": 0.04739349999726983,
      "p99": 0.04739349999726983
    },
    "grad_norm": {
      "count": 10,
      "min": 1.2588934898376465,
      "max": 1.416018009185791,
      "mean": 1.3430238962173462,
      "std": 0.04272763210542498,
      "p95": 1.3833450078964233,
      "p99": 1.3833450078964233
    },
    "loss": {
      "count": 10,
      "min": 2.138636589050293,
      "max": 2.375284194946289,
      "mean": 2.2651094675064085,
      "std": 0.08926954927936882,
      "p95": 2.36612868309021,
      "p99": 2.36612868309021
    }
  },
  "trajectories": {
    "compute_times": [
      0.07298179999997956,
      0.024005100000067614,
      0.011357499999576248,
      0.01549469999736175,
      0.013399600000411738,
      0.011182399997778703,
      0.015696200000093086,
      0.02652460000172141,
      0.0119258999984595,
      0.01091160000214586
    ],
    "sync_times": [
      0.5930827999982284,
      0.02145149999705609,
      0.02149920000010752,
      0.02908979999847361,
      0.020520900001429254,
      0.013716800000111107,
      0.028544500000862172,
      0.015265000001818407,
      0.02791810000053374,
      0.01785609999933513
    ],
    "optim_times": [
      0.003418500000407221,
      0.0019369000001461245,
      0.00214110000160872,
      0.0009180999986710958,
      0.0012291000020923093,
      0.0031968999974196777,
      0.002128100000845734,
      0.0012186000021756627,
      0.0010265999990224373,
      0.0008985999993456062
    ],
    "iter_times": [
      0.6694830999986152,
      0.04739349999726983,
      0.03499780000129249,
      0.045502599994506454,
      0.0351496000039333,
      0.028096099995309487,
      0.04636880000180099,
      0.04300820000571548,
      0.04087059999801568,
      0.029666300000826595
    ],
    "grad_norms": [
      1.2588934898376465,
      1.324805736541748,
      1.286511778831482,
      1.3486250638961792,
      1.3659701347351074,
      1.3524179458618164,
      1.3502947092056274,
      1.3433570861816406,
      1.3833450078964233,
      1.416018009185791
    ],
    "losses": [
      2.173316717147827,
      2.3447265625,
      2.292140007019043,
      2.2346532344818115,
      2.1419076919555664,
      2.138636589050293,
      2.36612868309021,
      2.375284194946289,
      2.356523036956787,
      2.2277779579162598
    ],
    "bytes_transferred": [
      437544,
      437544,
      437544,
      437544,
      437544,
      437544,
      437544,
      437544,
      437544,
      437544
    ],
    "epochs": [
      0,
      0,
      0,
      0,
      0,
      0,
      0,
      0,
      0,
      0
    ],
    "steps": [
      0,
      1,
      2,
      3,
      4,
      5,
      6,
      7,
      8,
      9
    ]
  }
}