{
  "rank": 3,
  "world_size": 4,
  "num_steps": 10,
  "statistics": {
    "compute": {
      "count": 10,
      "min": 0.009950300001946744,
      "max": 0.0730784000006679,
      "mean": 0.017013679999945453,
      "std": 0.018705268184202546,
      "p95": 0.012815799997042632,
      "p99": 0.012815799997042632
    },
    "sync": {
      "count": 10,
      "min": 0.005298899999615969,
      "max": 0.021408900000096764,
      "mean": 0.008524819999729516,
      "std": 0.0048821090535820545,
      "p95": 0.01379859999724431,
      "p99": 0.01379859999724431
    },
    "optim": {
      "count": 10,
      "min": 0.0008806000005279202,
      "max": 0.001334200002020225,
      "mean": 0.0010242600008496083,
      "std": 0.0001297524974465543,
      "p95": 0.001163300003099721,
      "p99": 0.001163300003099721
    },
    "iter": {
      "count": 10,
      "min": 0.01717089999874588,
      "max": 0.08821119999993243,
      "mean": 0.026562760000524578,
      "std": 0.021194597699936576,
      "p95": 0.0351524999969115,
      "p99": 0.0351524999969115
    },
    "grad_norm": {
      "count": 10,
      "min": 0.999041736125946,
      "max": 1.8739198446273804,
      "mean": 1.3998421847820282,
      "std": 0.2534943829801438,
      "p95": 1.6518505811691284,
      "p99": 1.6518505811691284
    },
    "loss": {
      "count": 10,
      "min": 2.20292592048645,
      "max": 2.3942902088165283,
      "mean": 2.3225577592849733,
      "std": 0.06089807720040935,
      "p95": 2.386528491973877,
      "p99": 2.386528491973877
    }
  },
  "trajectories": {
    "compute_times": [
      0.0730784000006679,
      0.012815799997042632,
      0.009950300001946744,
      0.0108488000005309,
      0.01047380000090925,
      0.011150599999382393,
      0.010206599999946775,
      0.010281200000463286,
      0.010076099999423604,
      0.011255199999141041
    ],
    "sync_times": [
      0.01379859999724431,
      0.021408900000096764,
      0.007152199999836739,
      0.005298899999615969,
      0.006988199998886557,
      0.005809700000099838,
      0.006212600001163082,
      0.00666070000079344,
      0.0064729000005172566,
      0.005445499999041203
    ],
    "optim_times": [
      0.001334200002020225,
      0.0009277999997721054,
      0.001163300003099721,
      0.0010231999985990115,
      0.0008806000005279202,
      0.0009835000018938445,
      0.0010767000021587592,
      0.0009127000012085773,
      0.0009572999988449737,
      0.0009833000003709458
    ],
    "iter_times": [
      0.08821119999993243,
      0.0351524999969115,
      0.018265800004883204,
      0.01717089999874588,
      0.018342600000323728,
      0.017943800001376076,
      0.017495900003268616,
      0.017854600002465304,
      0.017506299998785835,
      0.01768399999855319
    ],
    "grad_norms": [
      1.179168939590454,
      0.999041736125946,
      1.1048320531845093,
      1.6224230527877808,
      1.4257936477661133,
      1.4341139793395996,
      1.3876078128814697,
      1.6518505811691284,
      1.3196702003479004,
      1.8739198446273804
    ],
    "losses": [
      2.369441509246826,
      2.386528491973877,
      2.20292592048645,
      2.221647262573242,
      2.3085718154907227,
      2.335003614425659,
      2.3411965370178223,
      2.3942902088165283,
      2.343935012817383,
      2.3220372200012207
    ],
    "bytes_transferred": [
      208552,
      208552,
      208552,
      208552,
      208552,
      208552,
      208552,
      208552,
      208552,
      208552
    ],
    "epochs": [
      0,
      0,
      0,
      0,
      0,
      0,
      0,
      0,
      0,
      0
    ],
    "steps": [
      0,
      1,
      2,
      3,
      4,
      5,
      6,
      7,
      8,
      9
    ]
  }
}