{
  "rank": 5,
  "world_size": 8,
  "num_steps": 10,
  "statistics": {
    "compute": {
      "count": 10,
      "min": 0.010069299998576753,
      "max": 0.04835630000161473,
      "mean": 0.022136269999464275,
      "std": 0.011294571317964765,
      "p95": 0.03859139999985928,
      "p99": 0.03859139999985928
    },
    "sync": {
      "count": 10,
      "min": 0.014823499997874023,
      "max": 0.43461519999982556,
      "mean": 0.06528346000013699,
      "std": 0.1233971078601204,
      "p95": 0.04237550000107149,
      "p99": 0.04237550000107149
    },
    "optim": {
      "count": 10,
      "min": 0.0009728999975777697,
      "max": 0.0023099999998521525,
      "mean": 0.0013836400004947791,
      "std": 0.00046549957062039156,
      "p95": 0.0022069000006013084,
      "p99": 0.0022069000006013084
    },
    "iter": {
      "count": 10,
      "min": 0.02628069999627769,
      "max": 0.4851784000020416,
      "mean": 0.08880337000009604,
      "std": 0.13301552523229027,
      "p95": 0.08327690000078292,
      "p99": 0.08327690000078292
    },
    "grad_norm": {
      "count": 10,
      "min": 0.1677418202161789,
      "max": 0.1928900182247162,
      "mean": 0.1781605824828148,
      "std": 0.007826382351750077,
      "p95": 0.18653692305088043,
      "p99": 0.18653692305088043
    },
    "loss": {
      "count": 10,
      "min": 2.2931368350982666,
      "max": 2.334249496459961,
      "mean": 2.3119312047958376,
      "std": 0.012347308046575085,
      "p95": 2.325284719467163,
      "p99": 2.325284719467163
    }
  },
  "trajectories": {
    "compute_times": [
      0.04835630000161473,
      0.020462999997107545,
      0.03859139999985928,
      0.02082650000011199,
      0.010069299998576753,
      0.01811240000097314,
      0.017581599997356534,
      0.014337099997646874,
      0.014742100000148639,
      0.018283000001247274
    ],
    "sync_times": [
      0.43461519999982556,
      0.023477099999581696,
      0.04237550000107149,
      0.03672329999972135,
      0.014823499997874023,
      0.020406499999808148,
      0.02529040000081295,
      0.018134800000552787,
      0.01592220000020461,
      0.02106610000191722
    ],
    "optim_times": [
      0.0022069000006013084,
      0.0014950000004319008,
      0.0023099999998521525,
      0.0010645000002114102,
      0.0013878999998269137,
      0.0009728999975777697,
      0.0011359000018273946,
      0.0010609000019030645,
      0.0009941000025719404,
      0.001208300000143936
    ],
    "iter_times": [
      0.4851784000020416,
      0.04543509999712114,
      0.08327690000078292,
      0.05861430000004475,
      0.02628069999627769,
      0.039491799998359056,
      0.04400789999999688,
      0.033532800000102725,
      0.03165840000292519,
      0.04055740000330843
    ],
    "grad_norms": [
      0.18039004504680634,
      0.1928900182247162,
      0.1682938039302826,
      0.17190776765346527,
      0.18241509795188904,
      0.1677418202161789,
      0.1831062138080597,
      0.17483091354370117,
      0.17349322140216827,
      0.18653692305088043
    ],
    "losses": [
      2.320312261581421,
      2.299935817718506,
      2.2931368350982666,
      2.30669903755188,
      2.305851697921753,
      2.3153274059295654,
      2.334249496459961,
      2.299494981765747,
      2.3190197944641113,
      2.325284719467163
    ],
    "bytes_transferred": [
      437544,
      437544,
      437544,
      437544,
      437544,
      437544,
      437544,
      437544,
      437544,
      437544
    ],
    "epochs": [
      0,
      0,
      0,
      0,
      0,
      0,
      0,
      0,
      0,
      0
    ],
    "steps": [
      0,
      1,
      2,
      3,
      4,
      5,
      6,
      7,
      8,
      9
    ]
  }
}