{
  "rank": 0,
  "world_size": 4,
  "num_steps": 10,
  "statistics": {
    "compute": {
      "count": 10,
      "min": 0.009817299996939255,
      "max": 0.039775100001861574,
      "mean": 0.01374422000008053,
      "std": 0.008735187641483214,
      "p95": 0.013468599998304853,
      "p99": 0.013468599998304853
    },
    "sync": {
      "count": 10,
      "min": 0.006112899998697685,
      "max": 0.05938699999751407,
      "mean": 0.0136918299998797,
      "std": 0.016221251922190642,
      "p95": 0.02523260000089067,
      "p99": 0.02523260000089067
    },
    "optim": {
      "count": 10,
      "min": 0.0007243999971251469,
      "max": 0.002111699999659322,
      "mean": 0.000996889999441919,
      "std": 0.00038330406333762784,
      "p95": 0.001047199999447912,
      "p99": 0.001047199999447912
    },
    "iter": {
      "count": 10,
      "min": 0.01738149999800953,
      "max": 0.10127379999903496,
      "mean": 0.028432939999402152,
      "std": 0.025139845908780937,
      "p95": 0.039748399998643436,
      "p99": 0.039748399998643436
    },
    "grad_norm": {
      "count": 10,
      "min": 0.999041736125946,
      "max": 1.8739198446273804,
      "mean": 1.3998421847820282,
      "std": 0.2534943829801438,
      "p95": 1.6518505811691284,
      "p99": 1.6518505811691284
    },
    "loss": {
      "count": 10,
      "min": 2.1903295516967773,
      "max": 2.414867877960205,
      "mean": 2.3244566917419434,
      "std": 0.06546866133444948,
      "p95": 2.400374174118042,
      "p99": 2.400374174118042
    }
  },
  "trajectories": {
    "compute_times": [
      0.039775100001861574,
      0.013468599998304853,
      0.010090700001455843,
      0.010900400000537047,
      0.011676500002067769,
      0.01048850000006496,
      0.009817299996939255,
      0.010697099998651538,
      0.010027199998148717,
      0.010500800002773758
    ],
    "sync_times": [
      0.05938699999751407,
      0.02523260000089067,
      0.006995600000664126,
      0.0064098000002559274,
      0.006112899998697685,
      0.006405700001778314,
      0.006669900001725182,
      0.006464099998993333,
      0.006841300000814954,
      0.006399399997462751
    ],
    "optim_times": [
      0.002111699999659322,
      0.001047199999447912,
      0.000995499998680316,
      0.0007982000024640001,
      0.0008463999984087422,
      0.0007243999971251469,
      0.000894299999345094,
      0.00076949999856879,
      0.0008535000015399419,
      0.0009281999991799239
    ],
    "iter_times": [
      0.10127379999903496,
      0.039748399998643436,
      0.018081800000800285,
      0.018108400003256975,
      0.018635799999174196,
      0.01761859999896842,
      0.01738149999800953,
      0.01793069999621366,
      0.017722000000503613,
      0.017828399999416433
    ],
    "grad_norms": [
      1.179168939590454,
      0.999041736125946,
      1.1048320531845093,
      1.6224230527877808,
      1.4257936477661133,
      1.4341139793395996,
      1.3876078128814697,
      1.6518505811691284,
      1.3196702003479004,
      1.8739198446273804
    ],
    "losses": [
      2.414867877960205,
      2.347254753112793,
      2.3415958881378174,
      2.400374174118042,
      2.3142735958099365,
      2.1903295516967773,
      2.309460401535034,
      2.3418521881103516,
      2.2313766479492188,
      2.353181838989258
    ],
    "bytes_transferred": [
      208552,
      208552,
      208552,
      208552,
      208552,
      208552,
      208552,
      208552,
      208552,
      208552
    ],
    "epochs": [
      0,
      0,
      0,
      0,
      0,
      0,
      0,
      0,
      0,
      0
    ],
    "steps": [
      0,
      1,
      2,
      3,
      4,
      5,
      6,
      7,
      8,
      9
    ]
  }
}