{
  "rank": 2,
  "world_size": 4,
  "num_steps": 10,
  "statistics": {
    "compute": {
      "count": 10,
      "min": 0.010087099999509519,
      "max": 0.04046050000033574,
      "mean": 0.01402838999965752,
      "std": 0.00884650345427884,
      "p95": 0.013126599998940947,
      "p99": 0.013126599998940947
    },
    "sync": {
      "count": 10,
      "min": 0.0057353999982296955,
      "max": 0.10731049999958486,
      "mean": 0.017486569999891798,
      "std": 0.030231658915795864,
      "p95": 0.01996280000093975,
      "p99": 0.01996280000093975
    },
    "optim": {
      "count": 10,
      "min": 0.0008956999990914483,
      "max": 0.0013932000001659617,
      "mean": 0.0010465499999554595,
      "std": 0.0001469600240549282,
      "p95": 0.0012239000025147106,
      "p99": 0.0012239000025147106
    },
    "iter": {
      "count": 10,
      "min": 0.017029299997375347,
      "max": 0.14916420000008657,
      "mean": 0.03256150999950478,
      "std": 0.03917021984564331,
      "p95": 0.03402749999804655,
      "p99": 0.03402749999804655
    },
    "grad_norm": {
      "count": 10,
      "min": 0.999041736125946,
      "max": 1.8739198446273804,
      "mean": 1.3998421847820282,
      "std": 0.2534943829801438,
      "p95": 1.6518505811691284,
      "p99": 1.6518505811691284
    },
    "loss": {
      "count": 10,
      "min": 2.2458457946777344,
      "max": 2.4266510009765625,
      "mean": 2.329335165023804,
      "std": 0.05072483656732103,
      "p95": 2.37489652633667,
      "p99": 2.37489652633667
    }
  },
  "trajectories": {
    "compute_times": [
      0.04046050000033574,
      0.013126599998940947,
      0.01076400000238209,
      0.011422999999922467,
      0.011295600001176354,
      0.010689799997635419,
      0.01023910000003525,
      0.011208599997189594,
      0.010087099999509519,
      0.010989599999447819
    ],
    "sync_times": [
      0.10731049999958486,
      0.01996280000093975,
      0.006145900002593407,
      0.0059518999987631105,
      0.0058095999993383884,
      0.005973800001811469,
      0.005886899998586159,
      0.00614549999954761,
      0.005943399999523535,
      0.0057353999982296955
    ],
    "optim_times": [
      0.0013932000001659617,
      0.0009380999981658533,
      0.0012239000025147106,
      0.0010967000016535167,
      0.001031299998430768,
      0.0009857000004558358,
      0.0009132000013778452,
      0.000988899999356363,
      0.0009987999983422924,
      0.0008956999990914483
    ],
    "iter_times": [
      0.14916420000008657,
      0.03402749999804655,
      0.01813380000749021,
      0.018471600000339095,
      0.01813649999894551,
      0.017649299999902723,
      0.017039199999999255,
      0.018342999996093567,
      0.017029299997375347,
      0.017620699996768963
    ],
    "grad_norms": [
      1.179168939590454,
      0.999041736125946,
      1.1048320531845093,
      1.6224230527877808,
      1.4257936477661133,
      1.4341139793395996,
      1.3876078128814697,
      1.6518505811691284,
      1.3196702003479004,
      1.8739198446273804
    ],
    "losses": [
      2.3531851768493652,
      2.37489652633667,
      2.29384708404541,
      2.3074216842651367,
      2.2458457946777344,
      2.2994754314422607,
      2.35196590423584,
      2.3608243465423584,
      2.4266510009765625,
      2.279238700866699
    ],
    "bytes_transferred": [
      208552,
      208552,
      208552,
      208552,
      208552,
      208552,
      208552,
      208552,
      208552,
      208552
    ],
    "epochs": [
      0,
      0,
      0,
      0,
      0,
      0,
      0,
      0,
      0,
      0
    ],
    "steps": [
      0,
      1,
      2,
      3,
      4,
      5,
      6,
      7,
      8,
      9
    ]
  }
}