{
  "rank": 6,
  "world_size": 8,
  "num_steps": 10,
  "statistics": {
    "compute": {
      "count": 10,
      "min": 0.009800700001505902,
      "max": 0.02366709999841987,
      "mean": 0.016000579999308685,
      "std": 0.004013603538210278,
      "p95": 0.019760799998039147,
      "p99": 0.019760799998039147
    },
    "sync": {
      "count": 10,
      "min": 0.014677499999379506,
      "max": 0.10164530000110972,
      "mean": 0.034378549999382814,
      "std": 0.02467518683333244,
      "p95": 0.046692100000655046,
      "p99": 0.046692100000655046
    },
    "optim": {
      "count": 10,
      "min": 0.0009419000016350765,
      "max": 0.004695999999967171,
      "mean": 0.0017813300000852905,
      "std": 0.0011748540386359461,
      "p95": 0.0033273000008193776,
      "p99": 0.0033273000008193776
    },
    "iter": {
      "count": 10,
      "min": 0.025509000002784887,
      "max": 0.12212110000109533,
      "mean": 0.05216045999877679,
      "std": 0.027453734601664836,
      "p95": 0.07098499999847263,
      "p99": 0.07098499999847263
    },
    "grad_norm": {
      "count": 10,
      "min": 0.1677418202161789,
      "max": 0.1928900182247162,
      "mean": 0.1781605824828148,
      "std": 0.007826382351750077,
      "p95": 0.18653692305088043,
      "p99": 0.18653692305088043
    },
    "loss": {
      "count": 10,
      "min": 2.3009088039398193,
      "max": 2.31893253326416,
      "mean": 2.309094190597534,
      "std": 0.005668544179848996,
      "p95": 2.318760395050049,
      "p99": 2.318760395050049
    }
  },
  "trajectories": {
    "compute_times": [
      0.017148499999166233,
      0.019596899997850414,
      0.02366709999841987,
      0.019760799998039147,
      0.009800700001505902,
      0.015357299998868257,
      0.010913599999184953,
      0.015959599997586338,
      0.014332700000522891,
      0.013468600001942832
    ],
    "sync_times": [
      0.10164530000110972,
      0.046692100000655046,
      0.035599299997556955,
      0.03495710000061081,
      0.014677499999379506,
      0.0347946999972919,
      0.01543619999938528,
      0.0251191999996081,
      0.018689799999265233,
      0.01617429999896558
    ],
    "optim_times": [
      0.0033273000008193776,
      0.004695999999967171,
      0.0017269999989366625,
      0.0011028000008082017,
      0.001030800001899479,
      0.0013285000022733584,
      0.0013474999977916013,
      0.0012272999993001577,
      0.0009419000016350765,
      0.0010841999974218197
    ],
    "iter_times": [
      0.12212110000109533,
      0.07098499999847263,
      0.06099339999491349,
      0.055820699999458157,
      0.025509000002784887,
      0.051480499998433515,
      0.027697299996361835,
      0.042306099996494595,
      0.0339644000014232,
      0.030727099998330232
    ],
    "grad_norms": [
      0.18039004504680634,
      0.1928900182247162,
      0.1682938039302826,
      0.17190776765346527,
      0.18241509795188904,
      0.1677418202161789,
      0.1831062138080597,
      0.17483091354370117,
      0.17349322140216827,
      0.18653692305088043
    ],
    "losses": [
      2.3100509643554688,
      2.3009088039398193,
      2.318760395050049,
      2.31893253326416,
      2.3062756061553955,
      2.3037467002868652,
      2.3084707260131836,
      2.308962106704712,
      2.310626983642578,
      2.3042070865631104
    ],
    "bytes_transferred": [
      437544,
      437544,
      437544,
      437544,
      437544,
      437544,
      437544,
      437544,
      437544,
      437544
    ],
    "epochs": [
      0,
      0,
      0,
      0,
      0,
      0,
      0,
      0,
      0,
      0
    ],
    "steps": [
      0,
      1,
      2,
      3,
      4,
      5,
      6,
      7,
      8,
      9
    ]
  }
}