{
  "rank": 1,
  "world_size": 4,
  "num_steps": 10,
  "statistics": {
    "compute": {
      "count": 10,
      "min": 0.009916800001519732,
      "max": 0.07357679999768152,
      "mean": 0.01710173999927065,
      "std": 0.01884655127319252,
      "p95": 0.013104999998176936,
      "p99": 0.013104999998176936
    },
    "sync": {
      "count": 10,
      "min": 0.005881199998839293,
      "max": 0.02072499999849242,
      "mean": 0.008392660000026808,
      "std": 0.004590844345993954,
      "p95": 0.01306040000054054,
      "p99": 0.01306040000054054
    },
    "optim": {
      "count": 10,
      "min": 0.0008775000023888424,
      "max": 0.001343200001429068,
      "mean": 0.0010131899998668814,
      "std": 0.00014252546777327114,
      "p95": 0.001183399999717949,
      "p99": 0.001183399999717949
    },
    "iter": {
      "count": 10,
      "min": 0.017302899996138876,
      "max": 0.08798039999965113,
      "mean": 0.02650758999916434,
      "std": 0.021120987846095205,
      "p95": 0.034907199995359406,
      "p99": 0.034907199995359406
    },
    "grad_norm": {
      "count": 10,
      "min": 0.999041736125946,
      "max": 1.8739198446273804,
      "mean": 1.3998421847820282,
      "std": 0.2534943829801438,
      "p95": 1.6518505811691284,
      "p99": 1.6518505811691284
    },
    "loss": {
      "count": 10,
      "min": 2.2020206451416016,
      "max": 2.381258964538574,
      "mean": 2.2885687351226807,
      "std": 0.050889606311860625,
      "p95": 2.344151496887207,
      "p99": 2.344151496887207
    }
  },
  "trajectories": {
    "compute_times": [
      0.07357679999768152,
      0.013104999998176936,
      0.010022900001786184,
      0.010509699997783173,
      0.0116208999970695,
      0.010847699999430915,
      0.009916800001519732,
      0.010928300001978641,
      0.010128599999006838,
      0.010360699998273049
    ],
    "sync_times": [
      0.01306040000054054,
      0.02072499999849242,
      0.006842900002084207,
      0.005881199998839293,
      0.005935900000622496,
      0.006005899998854147,
      0.006474600002547959,
      0.006206599999131868,
      0.006297299998550443,
      0.006496800000604708
    ],
    "optim_times": [
      0.001343200001429068,
      0.0010771999986900482,
      0.001183399999717949,
      0.0009119999995164108,
      0.000918699999601813,
      0.0008775000023888424,
      0.0009370999978273176,
      0.0008990999995148741,
      0.0009479000000283122,
      0.001035799999954179
    ],
    "iter_times": [
      0.08798039999965113,
      0.034907199995359406,
      0.01804920000358834,
      0.017302899996138876,
      0.01847549999729381,
      0.017731100000673905,
      0.01732850000189501,
      0.018034000000625383,
      0.017373799997585593,
      0.017893299998831935
    ],
    "grad_norms": [
      1.179168939590454,
      0.999041736125946,
      1.1048320531845093,
      1.6224230527877808,
      1.4257936477661133,
      1.4341139793395996,
      1.3876078128814697,
      1.6518505811691284,
      1.3196702003479004,
      1.8739198446273804
    ],
    "losses": [
      2.381258964538574,
      2.219104290008545,
      2.344151496887207,
      2.3102779388427734,
      2.289883613586426,
      2.2532546520233154,
      2.2896549701690674,
      2.2979698181152344,
      2.2020206451416016,
      2.2981109619140625
    ],
    "bytes_transferred": [
      208552,
      208552,
      208552,
      208552,
      208552,
      208552,
      208552,
      208552,
      208552,
      208552
    ],
    "epochs": [
      0,
      0,
      0,
      0,
      0,
      0,
      0,
      0,
      0,
      0
    ],
    "steps": [
      0,
      1,
      2,
      3,
      4,
      5,
      6,
      7,
      8,
      9
    ]
  }
}