{
  "rank": 5,
  "world_size": 8,
  "num_steps": 10,
  "statistics": {
    "compute": {
      "count": 10,
      "min": 0.01941900000019814,
      "max": 0.08344960000249557,
      "mean": 0.0383824900000036,
      "std": 0.019944401875628716,
      "p95": 0.0564293000024918,
      "p99": 0.0564293000024918
    },
    "sync": {
      "count": 10,
      "min": 0.03361390000281972,
      "max": 0.7859875000031025,
      "mean": 0.11893019000053755,
      "std": 0.22257886242918407,
      "p95": 0.06855160000122851,
      "p99": 0.06855160000122851
    },
    "optim": {
      "count": 10,
      "min": 0.0009996000007959083,
      "max": 0.0019417000003159046,
      "mean": 0.00121575000048324,
      "std": 0.00026906769850207416,
      "p95": 0.0013618000011774711,
      "p99": 0.0013618000011774711
    },
    "iter": {
      "count": 10,
      "min": 0.05439470000419533,
      "max": 0.8313174000031722,
      "mean": 0.1585284300010244,
      "std": 0.22527749215139747,
      "p95": 0.12133030000404688,
      "p99": 0.12133030000404688
    },
    "grad_norm": {
      "count": 10,
      "min": 0.7961501479148865,
      "max": 1.3927916288375854,
      "mean": 1.110623300075531,
      "std": 0.1824041959898591,
      "p95": 1.3240501880645752,
      "p99": 1.3240501880645752
    },
    "loss": {
      "count": 10,
      "min": 2.2454447746276855,
      "max": 2.429318428039551,
      "mean": 2.3346415758132935,
      "std": 0.06716154696453351,
      "p95": 2.414576530456543,
      "p99": 2.414576530456543
    }
  },
  "trajectories": {
    "compute_times": [
      0.04338819999975385,
      0.029263199998240452,
      0.026669399998354493,
      0.025400200000149198,
      0.020963700000720564,
      0.05588200000056531,
      0.01941900000019814,
      0.022960299997066613,
      0.0564293000024918,
      0.08344960000249557
    ],
    "sync_times": [
      0.7859875000031025,
      0.03420420000111335,
      0.03880809999827761,
      0.06855160000122851,
      0.04853480000019772,
      0.043917099999816855,
      0.03361390000281972,
      0.04450659999929485,
      0.054362300001230324,
      0.036815799998294096
    ],
    "optim_times": [
      0.0019417000003159046,
      0.0011125999990326818,
      0.0010121000013896264,
      0.0009996000007959083,
      0.0010746000007202383,
      0.0013380999989749398,
      0.0013618000011774711,
      0.0011651999993773643,
      0.0010868999997910578,
      0.0010649000032572076
    ],
    "iter_times": [
      0.8313174000031722,
      0.06457999999838648,
      0.06648959999802173,
      0.09495140000217361,
      0.07057310000163852,
      0.10113719999935711,
      0.05439470000419533,
      0.06863209999573883,
      0.11187850000351318,
      0.12133030000404688
    ],
    "grad_norms": [
      0.8591600060462952,
      1.0087898969650269,
      0.7961501479148865,
      1.1317408084869385,
      1.3927916288375854,
      1.196945071220398,
      1.0489228963851929,
      1.2614436149597168,
      1.0862387418746948,
      1.3240501880645752
    ],
    "losses": [
      2.2582294940948486,
      2.414576530456543,
      2.429318428039551,
      2.2454447746276855,
      2.280982494354248,
      2.3686609268188477,
      2.3562493324279785,
      2.2494730949401855,
      2.3986544609069824,
      2.3448262214660645
    ],
    "bytes_transferred": [
      208552,
      208552,
      208552,
      208552,
      208552,
      208552,
      208552,
      208552,
      208552,
      208552
    ],
    "epochs": [
      0,
      0,
      0,
      0,
      0,
      0,
      0,
      0,
      0,
      0
    ],
    "steps": [
      0,
      1,
      2,
      3,
      4,
      5,
      6,
      7,
      8,
      9
    ]
  }
}