{
  "rank": 3,
  "world_size": 8,
  "num_steps": 10,
  "statistics": {
    "compute": {
      "count": 10,
      "min": 0.023477499998989515,
      "max": 0.05673999999999069,
      "mean": 0.034954060000382016,
      "std": 0.013669404067375731,
      "p95": 0.05516699999861885,
      "p99": 0.05516699999861885
    },
    "sync": {
      "count": 10,
      "min": 0.03375830000004498,
      "max": 0.10456320000230335,
      "mean": 0.05267304000008153,
      "std": 0.023406772209149416,
      "p95": 0.09111029999985476,
      "p99": 0.09111029999985476
    },
    "optim": {
      "count": 10,
      "min": 0.0008902999979909509,
      "max": 0.001649800000450341,
      "mean": 0.0011787600004026899,
      "std": 0.00021618249857425855,
      "p95": 0.0013710000021092128,
      "p99": 0.0013710000021092128
    },
    "iter": {
      "count": 10,
      "min": 0.060563399998500245,
      "max": 0.14792709999892395,
      "mean": 0.08880586000086624,
      "std": 0.028344704840564658,
      "p95": 0.12906570000268403,
      "p99": 0.12906570000268403
    },
    "grad_norm": {
      "count": 10,
      "min": 0.7961502075195312,
      "max": 1.3927916288375854,
      "mean": 1.1106233239173888,
      "std": 0.18240419144502645,
      "p95": 1.3240503072738647,
      "p99": 1.3240503072738647
    },
    "loss": {
      "count": 10,
      "min": 2.1985650062561035,
      "max": 2.428422689437866,
      "mean": 2.3321953296661375,
      "std": 0.07144130255068668,
      "p95": 2.3963570594787598,
      "p99": 2.3963570594787598
    }
  },
  "trajectories": {
    "compute_times": [
      0.05516699999861885,
      0.029473300000972813,
      0.02573359999951208,
      0.02816740000343998,
      0.02578469999934896,
      0.05673999999999069,
      0.02456700000038836,
      0.0252954999996291,
      0.0551346000029298,
      0.023477499998989515
    ],
    "sync_times": [
      0.09111029999985476,
      0.036317400001280475,
      0.03375830000004498,
      0.03894890000083251,
      0.04367889999775798,
      0.03753280000091763,
      0.04005250000045635,
      0.05314569999973173,
      0.04762239999763551,
      0.10456320000230335
    ],
    "optim_times": [
      0.001649800000450341,
      0.0013710000021092128,
      0.0010714999989431817,
      0.0009557000012136996,
      0.0008902999979909509,
      0.0010906999996223021,
      0.001336100001935847,
      0.0011391999978513923,
      0.0012583000025188085,
      0.001025000001391163
    ],
    "iter_times": [
      0.14792709999892395,
      0.0671617000043625,
      0.060563399998500245,
      0.06807200000548619,
      0.07035389999509789,
      0.09536350000053062,
      0.06595560000278056,
      0.07958039999721223,
      0.10401530000308412,
      0.12906570000268403
    ],
    "grad_norms": [
      0.8591600656509399,
      1.0087898969650269,
      0.7961502075195312,
      1.1317408084869385,
      1.3927916288375854,
      1.196945071220398,
      1.0489228963851929,
      1.2614436149597168,
      1.0862387418746948,
      1.3240503072738647
    ],
    "losses": [
      2.369441509246826,
      2.3963570594787598,
      2.1985650062561035,
      2.2121987342834473,
      2.311058282852173,
      2.3232173919677734,
      2.3451671600341797,
      2.3867716789245605,
      2.3507537841796875,
      2.428422689437866
    ],
    "bytes_transferred": [
      208552,
      208552,
      208552,
      208552,
      208552,
      208552,
      208552,
      208552,
      208552,
      208552
    ],
    "epochs": [
      0,
      0,
      0,
      0,
      0,
      0,
      0,
      0,
      0,
      0
    ],
    "steps": [
      0,
      1,
      2,
      3,
      4,
      5,
      6,
      7,
      8,
      9
    ]
  }
}