{
  "rank": 0,
  "world_size": 2,
  "num_steps": 10,
  "statistics": {
    "compute": {
      "count": 10,
      "min": 0.011173799997777678,
      "max": 0.10699649999878602,
      "mean": 0.021886649999942165,
      "std": 0.028403290090333492,
      "p95": 0.016048700003011618,
      "p99": 0.016048700003011618
    },
    "sync": {
      "count": 10,
      "min": 0.003425399998377543,
      "max": 0.02823500000158674,
      "mean": 0.006168650000472553,
      "std": 0.007358143939756373,
      "p95": 0.004064400000061141,
      "p99": 0.004064400000061141
    },
    "optim": {
      "count": 10,
      "min": 0.0006906999988132156,
      "max": 0.0011978000002272893,
      "mean": 0.0008028200001717778,
      "std": 0.0001359485256706254,
      "p95": 0.0008129000016197097,
      "p99": 0.0008129000016197097
    },
    "iter": {
      "count": 10,
      "min": 0.015395199996419251,
      "max": 0.13642930000060005,
      "mean": 0.028858120000586497,
      "std": 0.03588523458097508,
      "p95": 0.02045350000480539,
      "p99": 0.02045350000480539
    },
    "grad_norm": {
      "count": 10,
      "min": 0.359684556722641,
      "max": 0.8380337953567505,
      "mean": 0.5351368606090545,
      "std": 0.14839055375575486,
      "p95": 0.7166218757629395,
      "p99": 0.7166218757629395
    },
    "loss": {
      "count": 10,
      "min": 2.2901928424835205,
      "max": 2.352078676223755,
      "mean": 2.3193420648574827,
      "std": 0.01859738214315299,
      "p95": 2.339360475540161,
      "p99": 2.339360475540161
    }
  },
  "trajectories": {
    "compute_times": [
      0.10699649999878602,
      0.012371500000881497,
      0.0134089999992284,
      0.016048700003011618,
      0.011215599999559345,
      0.011173799997777678,
      0.01148749999993015,
      0.012604200001078425,
      0.011614699997153366,
      0.01194500000201515
    ],
    "sync_times": [
      0.02823500000158674,
      0.004064400000061141,
      0.003939100002753548,
      0.003646400000434369,
      0.003425399998377543,
      0.003859800002828706,
      0.00384959999792045,
      0.0036564000001817476,
      0.0034553000004962087,
      0.0035551000000850763
    ],
    "optim_times": [
      0.0011978000002272893,
      0.0008129000016197097,
      0.0007989000005181879,
      0.000758400001359405,
      0.0007541999984823633,
      0.0007705999996687751,
      0.0007139000008464791,
      0.0007698999979766086,
      0.0006906999988132156,
      0.0007609000022057444
    ],
    "iter_times": [
      0.13642930000060005,
      0.017248800002562348,
      0.018147000002500135,
      0.02045350000480539,
      0.015395199996419251,
      0.01580420000027516,
      0.01605099999869708,
      0.01703049999923678,
      0.01576069999646279,
      0.01626100000430597
    ],
    "grad_norms": [
      0.5195390582084656,
      0.4267789125442505,
      0.37565818428993225,
      0.8380337953567505,
      0.5301119089126587,
      0.6616708636283875,
      0.359684556722641,
      0.7166218757629395,
      0.4462842643260956,
      0.4769851863384247
    ],
    "losses": [
      2.3051133155822754,
      2.352078676223755,
      2.330724000930786,
      2.339360475540161,
      2.3059022426605225,
      2.2901928424835205,
      2.3114233016967773,
      2.3381869792938232,
      2.305769205093384,
      2.314669609069824
    ],
    "bytes_transferred": [
      208552,
      208552,
      208552,
      208552,
      208552,
      208552,
      208552,
      208552,
      208552,
      208552
    ],
    "epochs": [
      0,
      0,
      0,
      0,
      0,
      0,
      0,
      0,
      0,
      0
    ],
    "steps": [
      0,
      1,
      2,
      3,
      4,
      5,
      6,
      7,
      8,
      9
    ]
  }
}