{
  "rank": 4,
  "world_size": 8,
  "num_steps": 10,
  "statistics": {
    "compute": {
      "count": 10,
      "min": 0.020315800000389572,
      "max": 0.05626249999841093,
      "mean": 0.03228257999944617,
      "std": 0.013449122650825443,
      "p95": 0.054003900000680005,
      "p99": 0.054003900000680005
    },
    "sync": {
      "count": 10,
      "min": 0.0330740000026708,
      "max": 0.10760640000080457,
      "mean": 0.05488270999994711,
      "std": 0.022834520758756964,
      "p95": 0.08688170000095852,
      "p99": 0.08688170000095852
    },
    "optim": {
      "count": 10,
      "min": 0.0008529999977326952,
      "max": 0.0022955000022193417,
      "mean": 0.0012110200001188786,
      "std": 0.00037847358465262784,
      "p95": 0.0012878000015916768,
      "p99": 0.0012878000015916768
    },
    "iter": {
      "count": 10,
      "min": 0.05573040000308538,
      "max": 0.13590660000045318,
      "mean": 0.08837630999951215,
      "std": 0.026130017009692988,
      "p95": 0.1334848000005877,
      "p99": 0.1334848000005877
    },
    "grad_norm": {
      "count": 10,
      "min": 0.7961501479148865,
      "max": 1.3927916288375854,
      "mean": 1.1106233179569245,
      "std": 0.18240420172113872,
      "p95": 1.3240503072738647,
      "p99": 1.3240503072738647
    },
    "loss": {
      "count": 10,
      "min": 2.1834206581115723,
      "max": 2.3983752727508545,
      "mean": 2.282544660568237,
      "std": 0.060921963293906305,
      "p95": 2.362133502960205,
      "p99": 2.362133502960205
    }
  },
  "trajectories": {
    "compute_times": [
      0.04672939999727532,
      0.027344599999196362,
      0.021568600001046434,
      0.024912499997299165,
      0.024830400001519592,
      0.05626249999841093,
      0.021975399999064393,
      0.020315800000389572,
      0.054003900000680005,
      0.024882699999579927
    ],
    "sync_times": [
      0.08688170000095852,
      0.04848729999866919,
      0.0330740000026708,
      0.06151319999844418,
      0.04632150000179536,
      0.03730409999843687,
      0.04453789999752189,
      0.043152599999302765,
      0.03994840000086697,
      0.10760640000080457
    ],
    "optim_times": [
      0.0022955000022193417,
      0.0012878000015916768,
      0.0010877999993681442,
      0.0011926000006496906,
      0.0011737999993783887,
      0.0008529999977326952,
      0.001080599999113474,
      0.0010320000001229346,
      0.0011114000008092262,
      0.0009957000002032146
    ],
    "iter_times": [
      0.13590660000045318,
      0.07711969999945723,
      0.05573040000308538,
      0.08761829999639303,
      0.07232570000269334,
      0.0944195999945805,
      0.06759389999569976,
      0.06450039999981527,
      0.0950637000023562,
      0.1334848000005877
    ],
    "grad_norms": [
      0.8591600656509399,
      1.0087898969650269,
      0.7961501479148865,
      1.1317408084869385,
      1.3927916288375854,
      1.196945071220398,
      1.0489228963851929,
      1.2614436149597168,
      1.0862387418746948,
      1.3240503072738647
    ],
    "losses": [
      2.1834206581115723,
      2.362133502960205,
      2.2389636039733887,
      2.279611587524414,
      2.2579660415649414,
      2.2445287704467773,
      2.3261280059814453,
      2.2425827980041504,
      2.291736364364624,
      2.3983752727508545
    ],
    "bytes_transferred": [
      208552,
      208552,
      208552,
      208552,
      208552,
      208552,
      208552,
      208552,
      208552,
      208552
    ],
    "epochs": [
      0,
      0,
      0,
      0,
      0,
      0,
      0,
      0,
      0,
      0
    ],
    "steps": [
      0,
      1,
      2,
      3,
      4,
      5,
      6,
      7,
      8,
      9
    ]
  }
}