{
  "rank": 3,
  "world_size": 8,
  "num_steps": 10,
  "statistics": {
    "compute": {
      "count": 10,
      "min": 0.016809100001410116,
      "max": 0.07299939999938942,
      "mean": 0.023936670000693994,
      "std": 0.016405195122996243,
      "p95": 0.02034049999929266,
      "p99": 0.02034049999929266
    },
    "sync": {
      "count": 10,
      "min": 0.007541999999375548,
      "max": 0.2838883000003989,
      "mean": 0.0394778400004725,
      "std": 0.08150529306412863,
      "p95": 0.01724649999960093,
      "p99": 0.01724649999960093
    },
    "optim": {
      "count": 10,
      "min": 0.0006928000002517365,
      "max": 0.0012786000006599352,
      "mean": 0.000807630000053905,
      "std": 0.0001616857388610195,
      "p95": 0.0008146000000124332,
      "p99": 0.0008146000000124332
    },
    "iter": {
      "count": 10,
      "min": 0.027090599996881792,
      "max": 0.35816630000044825,
      "mean": 0.0642221400012204,
      "std": 0.09803219929010042,
      "p95": 0.03831309999804944,
      "p99": 0.03831309999804944
    },
    "grad_norm": {
      "count": 10,
      "min": 0.15999260544776917,
      "max": 0.44135209918022156,
      "mean": 0.27230107188224795,
      "std": 0.07718378211414578,
      "p95": 0.3397710621356964,
      "p99": 0.3397710621356964
    },
    "loss": {
      "count": 10,
      "min": 1.5502164363861084,
      "max": 1.6657878160476685,
      "mean": 1.5959903478622437,
      "std": 0.03129806180669577,
      "p95": 1.62666654586792,
      "p99": 1.62666654586792
    }
  },
  "trajectories": {
    "compute_times": [
      0.07299939999938942,
      0.01691660000142292,
      0.017012600001180544,
      0.017926900000020396,
      0.02034049999929266,
      0.016809100001410116,
      0.01836820000244188,
      0.01873399999749381,
      0.02004320000196458,
      0.020216200002323603
    ],
    "sync_times": [
      0.2838883000003989,
      0.011456899999757297,
      0.012088200001016958,
      0.010309199999028351,
      0.01724649999960093,
      0.012044900002365466,
      0.014276300000346964,
      0.007541999999375548,
      0.012416400000802241,
      0.013509700002032332
    ],
    "optim_times": [
      0.0012786000006599352,
      0.0007507999980589375,
      0.0007423999995808117,
      0.0007938000017020386,
      0.0007260999991558492,
      0.0007035000016912818,
      0.0007999999979801942,
      0.0008146000000124332,
      0.0006928000002517365,
      0.0007737000014458317
    ],
    "iter_times": [
      0.35816630000044825,
      0.029124299999239156,
      0.029843200001778314,
      0.029029900000750786,
      0.03831309999804944,
      0.029557500005466864,
      0.03344450000076904,
      0.027090599996881792,
      0.033152400003018556,
      0.03449960000580177
    ],
    "grad_norms": [
      0.21865025162696838,
      0.15999260544776917,
      0.281485378742218,
      0.44135209918022156,
      0.2697281837463379,
      0.19138403236865997,
      0.31590893864631653,
      0.3397710621356964,
      0.28079932928085327,
      0.22393883764743805
    ],
    "losses": [
      1.5502164363861084,
      1.5609571933746338,
      1.5990710258483887,
      1.573608160018921,
      1.62666654586792,
      1.6057024002075195,
      1.6657878160476685,
      1.5894685983657837,
      1.5923731327056885,
      1.5960521697998047
    ],
    "bytes_transferred": [
      27188,
      27188,
      27188,
      27188,
      27188,
      27188,
      27188,
      27188,
      27188,
      27188
    ],
    "epochs": [
      0,
      0,
      0,
      0,
      0,
      0,
      0,
      0,
      0,
      0
    ],
    "steps": [
      0,
      1,
      2,
      3,
      4,
      5,
      6,
      7,
      8,
      9
    ]
  }
}