{
  "rank": 0,
  "world_size": 2,
  "num_steps": 10,
  "statistics": {
    "compute": {
      "count": 10,
      "min": 0.02541180000116583,
      "max": 0.06832629999917117,
      "mean": 0.03213501000027463,
      "std": 0.012344393087943578,
      "p95": 0.03370060000088415,
      "p99": 0.03370060000088415
    },
    "sync": {
      "count": 10,
      "min": 0.001907100002426887,
      "max": 0.019461399999272544,
      "mean": 0.006547989999671699,
      "std": 0.004611914391017051,
      "p95": 0.007495999998354819,
      "p99": 0.007495999998354819
    },
    "optim": {
      "count": 10,
      "min": 0.0006979999998293351,
      "max": 0.00138659999720403,
      "mean": 0.0008859099994879216,
      "std": 0.00018031581376363358,
      "p95": 0.00097490000189282,
      "p99": 0.00097490000189282
    },
    "iter": {
      "count": 10,
      "min": 0.031716199995571515,
      "max": 0.08917429999564774,
      "mean": 0.03956890999943426,
      "std": 0.0167447800816355,
      "p95": 0.04103949999989709,
      "p99": 0.04103949999989709
    },
    "grad_norm": {
      "count": 10,
      "min": 0.187590554356575,
      "max": 0.3251088857650757,
      "mean": 0.2610494539141655,
      "std": 0.04466554497953226,
      "p95": 0.30971938371658325,
      "p99": 0.30971938371658325
    },
    "loss": {
      "count": 10,
      "min": 2.2970056533813477,
      "max": 2.324129104614258,
      "mean": 2.308301091194153,
      "std": 0.006662150582732076,
      "p95": 2.3120694160461426,
      "p99": 2.3120694160461426
    }
  },
  "trajectories": {
    "compute_times": [
      0.06832629999917117,
      0.03370060000088415,
      0.025592899997718632,
      0.03129850000186707,
      0.025983800001995405,
      0.028304700001172023,
      0.026244799999403767,
      0.026602300000377,
      0.02541180000116583,
      0.029884399998991285
    ],
    "sync_times": [
      0.019461399999272544,
      0.00647459999890998,
      0.007495999998354819,
      0.00402149999717949,
      0.00616230000014184,
      0.0032332000009773765,
      0.006787800000893185,
      0.004286299998057075,
      0.005649700000503799,
      0.001907100002426887
    ],
    "optim_times": [
      0.00138659999720403,
      0.0008643000001029577,
      0.00097490000189282,
      0.0007974000000103842,
      0.0008502999990014359,
      0.0008718999997654464,
      0.0008182999990822282,
      0.0008275999971374404,
      0.000769800000853138,
      0.0006979999998293351
    ],
    "iter_times": [
      0.08917429999564774,
      0.04103949999989709,
      0.03406379999796627,
      0.03611739999905694,
      0.03299640000113868,
      0.032409800001914846,
      0.03385089999937918,
      0.031716199995571515,
      0.03183130000252277,
      0.03248950000124751
    ],
    "grad_norms": [
      0.2242436408996582,
      0.2506162226200104,
      0.187590554356575,
      0.30971938371658325,
      0.2947540283203125,
      0.2125404328107834,
      0.3251088857650757,
      0.2957877516746521,
      0.22464849054813385,
      0.2854851484298706
    ],
    "losses": [
      2.306812047958374,
      2.3049495220184326,
      2.3120694160461426,
      2.309098243713379,
      2.310894250869751,
      2.2970056533813477,
      2.324129104614258,
      2.309185743331909,
      2.304334878921509,
      2.304532051086426
    ],
    "bytes_transferred": [
      208552,
      208552,
      208552,
      208552,
      208552,
      208552,
      208552,
      208552,
      208552,
      208552
    ],
    "epochs": [
      0,
      0,
      0,
      0,
      0,
      0,
      0,
      0,
      0,
      0
    ],
    "steps": [
      0,
      1,
      2,
      3,
      4,
      5,
      6,
      7,
      8,
      9
    ]
  }
}