{
  "rank": 1,
  "world_size": 2,
  "num_steps": 10,
  "statistics": {
    "compute": {
      "count": 10,
      "min": 0.026259500002197456,
      "max": 0.07829080000010435,
      "mean": 0.03359275000002526,
      "std": 0.014973642628082701,
      "p95": 0.03137609999976121,
      "p99": 0.03137609999976121
    },
    "sync": {
      "count": 10,
      "min": 0.00339680000251974,
      "max": 0.01670870000089053,
      "mean": 0.005296740000630962,
      "std": 0.0038519836400305934,
      "p95": 0.005687600001692772,
      "p99": 0.005687600001692772
    },
    "optim": {
      "count": 10,
      "min": 0.0006667999987257645,
      "max": 0.0015762000002723653,
      "mean": 0.0008528399997885572,
      "std": 0.00024654312899401333,
      "p95": 0.0008630999982415233,
      "p99": 0.0008630999982415233
    },
    "iter": {
      "count": 10,
      "min": 0.03162329999759095,
      "max": 0.09657570000126725,
      "mean": 0.03974233000044478,
      "std": 0.019000587229696404,
      "p95": 0.036368599998240825,
      "p99": 0.036368599998240825
    },
    "grad_norm": {
      "count": 10,
      "min": 0.187590554356575,
      "max": 0.3251088857650757,
      "mean": 0.2610494539141655,
      "std": 0.04466554497953226,
      "p95": 0.30971938371658325,
      "p99": 0.30971938371658325
    },
    "loss": {
      "count": 10,
      "min": 2.291783094406128,
      "max": 2.319734573364258,
      "mean": 2.3081905364990236,
      "std": 0.008049810522826186,
      "p95": 2.3186113834381104,
      "p99": 2.3186113834381104
    }
  },
  "trajectories": {
    "compute_times": [
      0.07829080000010435,
      0.030651299999590265,
      0.028870199999801116,
      0.03137609999976121,
      0.028257500001927838,
      0.02812679999988177,
      0.02951819999725558,
      0.027053999998315703,
      0.027523100001417333,
      0.026259500002197456
    ],
    "sync_times": [
      0.01670870000089053,
      0.0038970000023255125,
      0.004218599999148864,
      0.004206999998132233,
      0.003815200001554331,
      0.00339680000251974,
      0.0037321999989217147,
      0.0037549000007857103,
      0.00354940000033821,
      0.005687600001692772
    ],
    "optim_times": [
      0.0015762000002723653,
      0.0007903000005171634,
      0.000782000002800487,
      0.0007855000003473833,
      0.0007767999995849095,
      0.0007693999978073407,
      0.0008630999982415233,
      0.0008143999984895345,
      0.0006667999987257645,
      0.0007039000010991003
    ],
    "iter_times": [
      0.09657570000126725,
      0.03533860000243294,
      0.03387080000175047,
      0.036368599998240825,
      0.03284950000306708,
      0.03229300000020885,
      0.03411349999441882,
      0.03162329999759095,
      0.03173930000048131,
      0.03265100000498933
    ],
    "grad_norms": [
      0.2242436408996582,
      0.2506162226200104,
      0.187590554356575,
      0.30971938371658325,
      0.2947540283203125,
      0.2125404328107834,
      0.3251088857650757,
      0.2957877516746521,
      0.22464849054813385,
      0.2854851484298706
    ],
    "losses": [
      2.3041484355926514,
      2.291783094406128,
      2.3041374683380127,
      2.3085227012634277,
      2.3186113834381104,
      2.3058841228485107,
      2.319734573364258,
      2.314422130584717,
      2.3127355575561523,
      2.3019258975982666
    ],
    "bytes_transferred": [
      208552,
      208552,
      208552,
      208552,
      208552,
      208552,
      208552,
      208552,
      208552,
      208552
    ],
    "epochs": [
      0,
      0,
      0,
      0,
      0,
      0,
      0,
      0,
      0,
      0
    ],
    "steps": [
      0,
      1,
      2,
      3,
      4,
      5,
      6,
      7,
      8,
      9
    ]
  }
}