{
  "rank": 2,
  "world_size": 8,
  "num_steps": 10,
  "statistics": {
    "compute": {
      "count": 10,
      "min": 0.031159000001935055,
      "max": 0.15988130000187084,
      "mean": 0.08025419000077819,
      "std": 0.03794675300126031,
      "p95": 0.11282490000303369,
      "p99": 0.11282490000303369
    },
    "sync": {
      "count": 10,
      "min": 0.013037600001553074,
      "max": 0.2553312000018195,
      "mean": 0.043190890000914806,
      "std": 0.0710041366165298,
      "p95": 0.03212060000078054,
      "p99": 0.03212060000078054
    },
    "optim": {
      "count": 10,
      "min": 0.0008439000012003817,
      "max": 0.005242500003078021,
      "mean": 0.0018715199999860487,
      "std": 0.0012868519297263973,
      "p95": 0.0029537999980675522,
      "p99": 0.0029537999980675522
    },
    "iter": {
      "count": 10,
      "min": 0.04869450000114739,
      "max": 0.4174652000037895,
      "mean": 0.12531660000167905,
      "std": 0.10066324499140772,
      "p95": 0.13110500000766478,
      "p99": 0.13110500000766478
    },
    "grad_norm": {
      "count": 10,
      "min": 0.178546741604805,
      "max": 0.42565569281578064,
      "mean": 0.28163497895002365,
      "std": 0.07806672196084351,
      "p95": 0.38520604372024536,
      "p99": 0.38520604372024536
    },
    "loss": {
      "count": 10,
      "min": 2.2890965938568115,
      "max": 2.334015369415283,
      "mean": 2.3083484411239623,
      "std": 0.011717546497940141,
      "p95": 2.3187074661254883,
      "p99": 2.3187074661254883
    }
  },
  "trajectories": {
    "compute_times": [
      0.15988130000187084,
      0.09088380000321195,
      0.09373650000270572,
      0.040732500001468,
      0.03357809999943129,
      0.11282490000303369,
      0.07189779999680468,
      0.06882849999965401,
      0.031159000001935055,
      0.09901949999766657
    ],
    "sync_times": [
      0.2553312000018195,
      0.0164814000017941,
      0.02260770000066259,
      0.03212060000078054,
      0.020383600000059232,
      0.013037600001553074,
      0.01420729999881587,
      0.029661700002179714,
      0.014581700001144782,
      0.013496100000338629
    ],
    "optim_times": [
      0.0022527000000991393,
      0.0010244999975839164,
      0.001084900002751965,
      0.0010455000010551885,
      0.0017683999976725318,
      0.005242500003078021,
      0.0011475999999674968,
      0.001351399998384295,
      0.0029537999980675522,
      0.0008439000012003817
    ],
    "iter_times": [
      0.4174652000037895,
      0.10838970000258996,
      0.11742910000612028,
      0.07389860000330373,
      0.05573009999716305,
      0.13110500000766478,
      0.08725269999558805,
      0.09984160000021802,
      0.04869450000114739,
      0.11335949999920558
    ],
    "grad_norms": [
      0.33937931060791016,
      0.2863592803478241,
      0.22397910058498383,
      0.42565569281578064,
      0.178546741604805,
      0.2989473044872284,
      0.20952743291854858,
      0.38520604372024536,
      0.2675463855266571,
      0.20120249688625336
    ],
    "losses": [
      2.302269458770752,
      2.306955099105835,
      2.310551881790161,
      2.314680337905884,
      2.2890965938568115,
      2.2981772422790527,
      2.3187074661254883,
      2.307645559310913,
      2.334015369415283,
      2.3013854026794434
    ],
    "bytes_transferred": [
      208552,
      208552,
      208552,
      208552,
      208552,
      208552,
      208552,
      208552,
      208552,
      208552
    ],
    "epochs": [
      0,
      0,
      0,
      0,
      0,
      0,
      0,
      0,
      0,
      0
    ],
    "steps": [
      0,
      1,
      2,
      3,
      4,
      5,
      6,
      7,
      8,
      9
    ]
  }
}