{
  "rank": 0,
  "world_size": 3,
  "num_steps": 50,
  "statistics": {
    "compute": {
      "count": 50,
      "min": 0.009970000002795132,
      "max": 0.1577285999992455,
      "mean": 0.015171341999885044,
      "std": 0.021586852144722727,
      "p95": 0.01329519999853801,
      "p99": 0.06198420000146143
    },
    "sync": {
      "count": 50,
      "min": 0.0030597999975725543,
      "max": 0.02106900000217138,
      "mean": 0.003745376000078977,
      "std": 0.0024967142896722334,
      "p95": 0.004066400000738213,
      "p99": 0.004765900001075352
    },
    "optim": {
      "count": 50,
      "min": 0.0005727000025217421,
      "max": 0.004899200001091231,
      "mean": 0.0007175180001650006,
      "std": 0.000604747527563388,
      "p95": 0.0007154000013542827,
      "p99": 0.0012421000028552953
    },
    "iter": {
      "count": 50,
      "min": 0.013895100004447158,
      "max": 0.1836968000025081,
      "mean": 0.01963423600012902,
      "std": 0.024522019137916518,
      "p95": 0.017588999999134103,
      "p99": 0.06633130000409437
    },
    "grad_norm": {
      "count": 50,
      "min": 0.07600267231464386,
      "max": 0.20033562183380127,
      "mean": 0.12034468993544578,
      "std": 0.028537528763486975,
      "p95": 0.16737817227840424,
      "p99": 0.1815379410982132
    },
    "loss": {
      "count": 50,
      "min": 1.5828641653060913,
      "max": 1.638553261756897,
      "mean": 1.6093681979179382,
      "std": 0.012240955099397328,
      "p95": 1.623810887336731,
      "p99": 1.6329443454742432
    }
  },
  "trajectories": {
    "compute_times": [
      0.1577285999992455,
      0.06198420000146143,
      0.011118299997178838,
      0.011577400000533089,
      0.011737900000298396,
      0.010925499998847954,
      0.010924199999863049,
      0.011175299998285482,
      0.010705599997891113,
      0.010006399999838322,
      0.010663700002623955,
      0.010330199998861644,
      0.01078110000162269,
      0.011027699998521712,
      0.010265199998684693,
      0.011288699999568053,
      0.010956999998597894,
      0.012163599996711127,
      0.012091299999156035,
      0.01329519999853801,
      0.01132560000041849,
      0.011143600000650622,
      0.010985299999447307,
      0.01074710000102641,
      0.009970000002795132,
      0.010111700001289137,
      0.010269599999446655,
      0.010772200002975296,
      0.010883899998589186,
      0.010932799999864073,
      0.010962099997414043,
      0.013010200000280747,
      0.01290299999891431,
      0.013058299999102019,
      0.011438300000008894,
      0.010734100000263425,
      0.014072900001337985,
      0.01179979999869829,
      0.011731399998097913,
      0.011672399999952177,
      0.012237099999765633,
      0.011006600001564948,
      0.011391899999580346,
      0.010154999999940628,
      0.010247800000797724,
      0.010438100001920247,
      0.010498500003450317,
      0.010647499999322463,
      0.011083299999882001,
      0.011589900001126807
    ],
    "sync_times": [
      0.02106900000217138,
      0.0036410000029718503,
      0.003480300001683645,
      0.0033789000008255243,
      0.0031648000003769994,
      0.0030889999979990534,
      0.0032878000019991305,
      0.0034889000016846694,
      0.003449600000749342,
      0.003280699998867931,
      0.004765900001075352,
      0.003720400000020163,
      0.0037055000029795337,
      0.0033226999985345174,
      0.0031472999980906025,
      0.003261399997427361,
      0.0032615999989502598,
      0.00333400000090478,
      0.003303299999970477,
      0.0032635000025038607,
      0.0032141000010597054,
      0.0031803999991097953,
      0.0033285999998042826,
      0.0033503000013297424,
      0.0033221999983652495,
      0.0037458999977388885,
      0.0030982999996922445,
      0.003158100000291597,
      0.003079899997828761,
      0.0031674999991082586,
      0.0040919999992183875,
      0.003517400000419002,
      0.004066400000738213,
      0.0036913000003551133,
      0.00405269999828306,
      0.003750600000785198,
      0.003160199998092139,
      0.0031400000007124618,
      0.003184600001986837,
      0.003098500001215143,
      0.003088599998591235,
      0.003327099999296479,
      0.0032006000001274515,
      0.0037744000001112,
      0.003331899999466259,
      0.0030597999975725543,
      0.003100100002484396,
      0.003093400002398994,
      0.003244200001063291,
      0.003234099996916484
    ],
    "optim_times": [
      0.004899200001091231,
      0.0007060999996610917,
      0.0006419999990612268,
      0.0006103999985498376,
      0.0006097000004956499,
      0.0006224999997357372,
      0.0005987000004097354,
      0.0006458999996539205,
      0.0006202000004122965,
      0.0007154000013542827,
      0.0006518999980471563,
      0.0006102999977883883,
      0.0012421000028552953,
      0.0006522000003315043,
      0.000577899998461362,
      0.0005904999998165295,
      0.00065819999872474,
      0.0006306000032054726,
      0.0006427999978768639,
      0.0005923999997321516,
      0.0005860000019310974,
      0.0006213999986357521,
      0.0005865000021003652,
      0.000620599999820115,
      0.0006029000032867771,
      0.0006358999999065418,
      0.000574199999391567,
      0.0005797000012535136,
      0.0006091999966884032,
      0.0005883999983780086,
      0.0006070000017643906,
      0.0007465000016964041,
      0.0006195999994815793,
      0.0006137000018497929,
      0.0006309999989753123,
      0.0006257999993977137,
      0.0006108999987191055,
      0.0005826000015076715,
      0.000583500001084758,
      0.0006161999990581535,
      0.0006107000008341856,
      0.0005813999996462371,
      0.0005868000007467344,
      0.0006218000016815495,
      0.0006724000013491604,
      0.0005968000004941132,
      0.0006192000000737607,
      0.0005727000025217421,
      0.0005969000012555625,
      0.000656599997455487
    ],
    "iter_times": [
      0.1836968000025081,
      0.06633130000409437,
      0.01524059999792371,
      0.015566699999908451,
      0.015512400001171045,
      0.014636999996582745,
      0.014810700002271915,
      0.015310099999624072,
      0.014775399999052752,
      0.014002500000060536,
      0.016081500001746463,
      0.014660899996670196,
      0.01572870000745752,
      0.015002599997387733,
      0.013990399995236658,
      0.015140599996811943,
      0.014876799996272894,
      0.01612820000082138,
      0.016037399997003376,
      0.017151100000774022,
      0.015125700003409293,
      0.01494539999839617,
      0.014900400001351954,
      0.014718000002176268,
      0.013895100004447158,
      0.014493499998934567,
      0.013942099998530466,
      0.014510000004520407,
      0.01457299999310635,
      0.01468869999735034,
      0.01566109999839682,
      0.017274100002396153,
      0.017588999999134103,
      0.017363300001306925,
      0.016121999997267267,
      0.015110500000446336,
      0.01784399999814923,
      0.015522400000918424,
      0.015499500001169508,
      0.015387100000225473,
      0.015936399999191053,
      0.014915100000507664,
      0.015179300000454532,
      0.014551200001733378,
      0.014252100001613144,
      0.014094699999986915,
      0.014217800006008474,
      0.014313600004243199,
      0.014924400002200855,
      0.015480599995498778
    ],