{
  "rank": 5,
  "world_size": 8,
  "num_steps": 60,
  "statistics": {
    "compute": {
      "count": 60,
      "min": 0.03328260000125738,
      "max": 0.26829739999811864,
      "mean": 0.12248623499999667,
      "std": 0.06066809007242296,
      "p95": 0.23180519999732496,
      "p99": 0.25433350000093924
    },
    "sync": {
      "count": 60,
      "min": 0.022772699998313328,
      "max": 0.1473615000031714,
      "mean": 0.04983376333311753,
      "std": 0.0269994276056865,
      "p95": 0.10405429999809712,
      "p99": 0.108974800001306
    },
    "optim": {
      "count": 60,
      "min": 0.0008490999971400015,
      "max": 0.002635799999552546,
      "mean": 0.0012097516668897394,
      "std": 0.00036967112265494975,
      "p95": 0.001995400001760572,
      "p99": 0.002180299998144619
    },
    "iter": {
      "count": 60,
      "min": 0.07325459999992745,
      "max": 0.312285800002428,
      "mean": 0.17352975000000395,
      "std": 0.06182170531144373,
      "p95": 0.2743095999940124,
      "p99": 0.2979364999955578
    },
    "grad_norm": {
      "count": 60,
      "min": 0.178546741604805,
      "max": 0.42565569281578064,
      "mean": 0.25954619074861207,
      "std": 0.05686316618560612,
      "p95": 0.3630068600177765,
      "p99": 0.38520604372024536
    },
    "loss": {
      "count": 60,
      "min": 2.266118049621582,
      "max": 2.3351857662200928,
      "mean": 2.304458403587341,
      "std": 0.013373043920015034,
      "p95": 2.3244788646698,
      "p99": 2.3324882984161377
    }
  },
  "trajectories": {
    "compute_times": [
      0.06060040000011213,
      0.07257250000111526,
      0.15085309999994934,
      0.12036200000147801,
      0.1335981999982323,
      0.03979619999881834,
      0.10598500000196509,
      0.04060860000026878,
      0.13227089999782038,
      0.07630549999885261,
      0.20733710000058636,
      0.20552630000020145,
      0.13777090000075987,
      0.036182100000587525,
      0.1624770999987959,
      0.1713467000008677,
      0.26829739999811864,
      0.14098089999970398,
      0.11059089999980642,
      0.10216249999939464,
      0.25433350000093924,
      0.10569930000201566,
      0.16349590000027092,
      0.07464540000000852,
      0.21473059999698307,
      0.07338570000138134,
      0.13778430000093067,
      0.10078419999990729,
      0.06963020000330289,
      0.23419880000074045,
      0.03654100000130711,
      0.166026700000657,
      0.23180519999732496,
      0.11040309999953024,
      0.07203250000020489,
      0.07012050000048475,
      0.19877650000125868,
      0.1677109999982349,
      0.03328260000125738,
      0.10308870000153547,
      0.10517809999873862,
      0.1843380000027537,
      0.07736300000033225,
      0.10604269999748794,
      0.034846999998990213,
      0.1358927000001131,
      0.1082085999987612,
      0.20823979999840958,
      0.03826670000125887,
      0.14255499999853782,
      0.06753060000119149,
      0.14432490000035614,
      0.16524580000259448,
      0.04457919999913429,
      0.14253699999972014,
      0.06666609999956563,
      0.12891249999665888,
      0.06641669999953592,
      0.07377469999846653,
      0.21415500000148313
    ],
    "sync_times": [
      0.04032960000040475,
      0.0395472999989579,
      0.06168260000049486,
      0.1473615000031714,
      0.026049499996588565,
      0.03399160000117263,
      0.04324740000083693,
      0.0316181999987748,
      0.02849880000212579,
      0.03633300000001327,
      0.10384660000272561,
      0.028749699999025324,
      0.03257780000058119,
      0.039627699999982724,
      0.03061590000288561,
      0.0299072999987402,
      0.02846519999729935,
      0.06701500000053784,
      0.07054240000070422,
      0.108974800001306,
      0.03536549999989802,
      0.07282149999809917,
      0.031870899998466484,
      0.06649770000149147,
      0.05849129999842262,
      0.08926199999768869,
      0.02796140000282321,
      0.07899430000179564,
      0.06530459999703453,
      0.028221500000654487,
      0.03590449999683187,
      0.03979009999966365,
      0.03218379999816534,
      0.0362131000001682,
      0.03359210000053281,
      0.03577149999910034,
      0.050147699999797624,
      0.02750890000243089,
      0.07326149999789777,
      0.03495380000094883,
      0.03420370000094408,
      0.032248399998934474,
      0.10405429999809712,
      0.027806099998997524,
      0.07167449999906239,
      0.03742390000115847,
      0.034558399998786626,
      0.04475019999881624,
      0.03782169999976759,
      0.027582999999140156,
      0.0364659999977448,
      0.10710849999668426,
      0.022772699998313328,
      0.0988632000007783,
      0.08172860000195215,
      0.029425299999275012,
      0.028157000000646804,
      0.03484780000144383,
      0.07975029999943217,
      0.03568259999883594
    ],
    "optim_times": [
      0.0016491000023961533,
      0.0010660999978426844,
      0.001043500000378117,
      0.0009844000014709309,
      0.001631499999348307,
      0.0009198999978252687,
      0.0012229999992996454,
      0.0010278000008838717,
      0.0008490999971400015,
      0.0009708999969006982,
      0.0011020999991160352,
      0.000978900003246963,
      0.0010241000018140767,
      0.001995400001760572,
      0.0015856000027270056,
      0.000982800000201678,
      0.001173900000139838,
      0.0009243999993486796,
      0.0011087999992014375,
      0.000979399999778252,
      0.0013237999992270488,
      0.0012511999993876088,
      0.0010213999994448386,
      0.0009782000015547965,
      0.0010876999986066949,
      0.0016492000031576026,
      0.0009041999983310234,
      0.002033000000665197,
      0.0009522000000288244,
      0.0009313000009569805,
      0.0010179000018979423,
      0.0017740000002959277,
      0.0012960999993083533,
      0.0011963999968429562,
      0.001373700000840472,
      0.0010995000011462253,
      0.0009108000012929551,
      0.001096500000130618,
      0.0008684000022185501,
      0.002635799999552546,
      0.000963500002399087,
      0.0009084000012080651,
      0.0008637999999336898,
      0.0017798000008042436,
      0.0010046999996120576,
      0.001013299999613082,
      0.0010274000014760531,
      0.001102100002754014,
      0.0008635999984107912,
      0.0012655000027734786,
      0.00119510000149603,
      0.002180299998144619,
      0.0008646999995107763,
      0.001294699999561999,
      0.001486299999669427,
      0.0017451000021537766,
      0.0009844999985944014,
      0.0010001000009651762,
      0.0014529999971273355,
      0.000967200001468882
    ],