{
  "rank": 2,
  "world_size": 8,
  "num_steps": 60,
  "statistics": {
    "compute": {
      "count": 60,
      "min": 0.03307180000047083,
      "max": 0.27326689999972587,
      "mean": 0.12125156499987497,
      "std": 0.05834226977687037,
      "p95": 0.2221698999965156,
      "p99": 0.2705820000010135
    },
    "sync": {
      "count": 60,
      "min": 0.0241636999999173,
      "max": 0.2357473999982176,
      "mean": 0.0525392849996327,
      "std": 0.0365997374850988,
      "p95": 0.11514810000153375,
      "p99": 0.1363125999996555
    },
    "optim": {
      "count": 60,
      "min": 0.0007949999999254942,
      "max": 0.0034495999971113633,
      "mean": 0.0012503549997442557,
      "std": 0.0005535677338716648,
      "p95": 0.002513299998099683,
      "p99": 0.003101200003584381
    },
    "iter": {
      "count": 60,
      "min": 0.06753799999933108,
      "max": 0.3115055999987817,
      "mean": 0.17504120499925194,
      "std": 0.06244958236498157,
      "p95": 0.27637899999899673,
      "p99": 0.30736310000065714
    },
    "grad_norm": {
      "count": 60,
      "min": 0.178546741604805,
      "max": 0.42565569281578064,
      "mean": 0.25954619124531747,
      "std": 0.05686316535413417,
      "p95": 0.3630068600177765,
      "p99": 0.38520604372024536
    },
    "loss": {
      "count": 60,
      "min": 2.2844138145446777,
      "max": 2.334015369415283,
      "mean": 2.304882454872131,
      "std": 0.011225955070928932,
      "p95": 2.320977210998535,
      "p99": 2.332192897796631
    }
  },
  "trajectories": {
    "compute_times": [
      0.0874005000005127,
      0.068406700000196,
      0.14981790000092587,
      0.2221698999965156,
      0.07045090000247001,
      0.03934300000037183,
      0.11129499999879044,
      0.04372190000140108,
      0.13120580000031623,
      0.07088070000099833,
      0.2705820000010135,
      0.20149160000073607,
      0.13762999999744352,
      0.03536000000167405,
      0.10180729999774485,
      0.15391079999972135,
      0.27326689999972587,
      0.16896850000193808,
      0.14397459999963758,
      0.10171160000027157,
      0.25233440000010887,
      0.10452110000187531,
      0.16433349999715574,
      0.07064399999944726,
      0.21437759999753325,
      0.11033650000172202,
      0.13218690000212518,
      0.1033370000004652,
      0.09900529999868013,
      0.13443420000112383,
      0.03610599999956321,
      0.10091739999916172,
      0.03597269999954733,
      0.11027699999976903,
      0.07043659999908414,
      0.06594579999728012,
      0.19521380000151112,
      0.1674053000024287,
      0.03477099999872735,
      0.1013329999987036,
      0.11053929999980028,
      0.12181109999801265,
      0.1396530999991228,
      0.09978309999860357,
      0.06199240000205464,
      0.13480609999896842,
      0.10767410000335076,
      0.18445820000124513,
      0.03307180000047083,
      0.13236719999986235,
      0.06716220000089379,
      0.1443741000002774,
      0.16713489999892772,
      0.10781969999879948,
      0.17252209999787738,
      0.0724871999991592,
      0.1330441999998584,
      0.06408829999782029,
      0.12044679999962682,
      0.21257329999934882
    ],
    "sync_times": [
      0.1165776999987429,
      0.02722390000053565,
      0.07389010000042617,
      0.03098410000166041,
      0.10055469999861089,
      0.033489399997051805,
      0.03965990000142483,
      0.039702300000499235,
      0.02827899999829242,
      0.04038360000049579,
      0.038841400000819704,
      0.027186499999515945,
      0.03174639999997453,
      0.03596100000140723,
      0.11514810000153375,
      0.036162599997624056,
      0.03304349999962142,
      0.032248399998934474,
      0.031396200000017416,
      0.11338940000132425,
      0.03676160000031814,
      0.07717909999701078,
      0.03149399999892921,
      0.06665860000066459,
      0.060940700001083314,
      0.05233319999751984,
      0.0241636999999173,
      0.0781710999981442,
      0.0263163000017812,
      0.1363125999996555,
      0.03048829999897862,
      0.10184550000121817,
      0.2357473999982176,
      0.04129770000145072,
      0.04074089999994612,
      0.03632169999764301,
      0.047488600001088344,
      0.02874570000130916,
      0.07377809999888996,
      0.02514040000096429,
      0.03142189999925904,
      0.10527509999883478,
      0.03310909999709111,
      0.03712429999723099,
      0.029095799996866845,
      0.036404499998752726,
      0.038443900000856956,
      0.07661899999948218,
      0.041961800001445226,
      0.042833299998164875,
      0.032908999997744104,
      0.09679750000213971,
      0.03406479999830481,
      0.03628519999983837,
      0.03564339999866206,
      0.028192300000227988,
      0.036576599999534665,
      0.03460270000141463,
      0.03161009999894304,
      0.03559339999992517
    ],
    "optim_times": [
      0.00272910000057891,
      0.0009515999990981072,
      0.003101200003584381,
      0.0009125999968091492,
      0.0009791000011318829,
      0.001197199999296572,
      0.00101859999995213,
      0.0021594999998342246,
      0.0008588999990024604,
      0.0009801999985938892,
      0.002082199996948475,
      0.0007949999999254942,
      0.001045900000463007,
      0.0011291999981040135,
      0.0034495999971113633,
      0.0010177999974985141,
      0.0010527000013098586,
      0.0009242999985872302,
      0.0010653999997884966,
      0.0009785000002011657,
      0.001083300001482712,
      0.0010949999996228144,
      0.001004300000204239,
      0.0008712999988347292,
      0.0010607000003801659,
      0.002513299998099683,
      0.001026499998260988,
      0.0009038999996846542,
      0.0010001000009651762,
      0.0008729000001039822,
      0.0009437000007892493,
      0.0012375999976939056,
      0.0009464000031584874,
      0.0008994999989226926,
      0.0011183999995409977,
      0.0011157000008097384,
      0.0009537999976600986,
      0.0009251999981643166,
      0.0018034999993687961,
      0.0018894000022555701,
      0.0009298000004491769,
      0.0011357999974279664,
      0.0012613000035344157,
      0.001262899997527711,
      0.0009820000013860408,
      0.0010225000005448237,
      0.0009131000006163958,
      0.0008973999974841718,
      0.0008421999991696794,
      0.001290500000322936,
      0.001218400000652764,
      0.0008414000003540423,
      0.001070499998604646,
      0.0018057000015687663,
      0.0017682000034255907,
      0.0013613000010082033,
      0.0016388000003644265,
      0.00116379999963101,
      0.0010330999975849409,
      0.0008894999991753139
    ],