{
  "rank": 0,
  "world_size": 8,
  "num_steps": 60,
  "statistics": {
    "compute": {
      "count": 60,
      "min": 0.031388700001116376,
      "max": 0.2720914999990782,
      "mean": 0.12504265500053105,
      "std": 0.060494104499605544,
      "p95": 0.22733660000085365,
      "p99": 0.2589814999992086
    },
    "sync": {
      "count": 60,
      "min": 0.024053999997704523,
      "max": 0.11669669999901089,
      "mean": 0.0477022616666242,
      "std": 0.026141655846540143,
      "p95": 0.10112330000265501,
      "p99": 0.10829870000088704
    },
    "optim": {
      "count": 60,
      "min": 0.0008363999986613635,
      "max": 0.0030544000001100358,
      "mean": 0.0012671016668415783,
      "std": 0.0005624474777543684,
      "p95": 0.0025840000016614795,
      "p99": 0.0030149000012897886
    },
    "iter": {
      "count": 60,
      "min": 0.058088300000235904,
      "max": 0.3061388000023726,
      "mean": 0.17401201833399682,
      "std": 0.061359089080410475,
      "p95": 0.28144049999900744,
      "p99": 0.3038829999968584
    },
    "grad_norm": {
      "count": 60,
      "min": 0.178546741604805,
      "max": 0.42565569281578064,
      "mean": 0.2595461924870809,
      "std": 0.05686316590893102,
      "p95": 0.3630068898200989,
      "p99": 0.38520604372024536
    },
    "loss": {
      "count": 60,
      "min": 2.2771196365356445,
      "max": 2.3521459102630615,
      "mean": 2.3082632104555767,
      "std": 0.014598938046062505,
      "p95": 2.3320915699005127,
      "p99": 2.3413336277008057
    }
  },
  "trajectories": {
    "compute_times": [
      0.08009510000192677,
      0.07651819999955478,
      0.18137060000299243,
      0.157979499999783,
      0.13666140000350424,
      0.038567800002056174,
      0.10751130000062403,
      0.04390060000150697,
      0.0694422000015038,
      0.07222879999972065,
      0.20439660000192816,
      0.2057792999985395,
      0.1413347999987309,
      0.033077700001740595,
      0.10431969999990542,
      0.15394350000133272,
      0.2720914999990782,
      0.17885649999880116,
      0.1425271000007342,
      0.13592900000003283,
      0.2589814999992086,
      0.13834080000015092,
      0.10227239999949234,
      0.07097090000024764,
      0.22377789999882225,
      0.10694100000182516,
      0.07223089999752119,
      0.1330149999994319,
      0.0724993000003451,
      0.23503320000236272,
      0.03473699999813107,
      0.16202569999950356,
      0.22733660000085365,
      0.10989999999947031,
      0.07050750000053085,
      0.07270019999850774,
      0.19662330000210204,
      0.17029530000218074,
      0.06952490000185207,
      0.09980070000165142,
      0.10375729999941541,
      0.1820512999984203,
      0.1387529000021459,
      0.10196120000182418,
      0.06432259999928647,
      0.13042090000089956,
      0.07142010000097798,
      0.1830420000005688,
      0.035601200001110556,
      0.14229210000121384,
      0.06530710000151885,
      0.14484290000109468,
      0.16516499999852385,
      0.10659620000296854,
      0.1756950000017241,
      0.03420209999967483,
      0.12725850000060746,
      0.031388700001116376,
      0.11770750000141561,
      0.21672939999916707
    ],
    "sync_times": [
      0.09411890000046697,
      0.03597330000047805,
      0.03001120000044466,
      0.10829870000088704,
      0.034923600000183797,
      0.03903419999915059,
      0.03291049999825191,
      0.03381520000039018,
      0.10112330000265501,
      0.03923949999807519,
      0.10055419999844162,
      0.02944719999868539,
      0.03767870000228868,
      0.024053999997704523,
      0.11669669999901089,
      0.03151290000096196,
      0.030802999997831648,
      0.02935599999909755,
      0.026460799999767914,
      0.07057859999986249,
      0.037368099998275284,
      0.03696940000008908,
      0.09662469999966561,
      0.08102530000178376,
      0.055184400000143796,
      0.03056329999890295,
      0.10687640000105603,
      0.03185699999812641,
      0.06682129999899189,
      0.029924700000265148,
      0.0346836999997322,
      0.027793200002633967,
      0.030072800000198185,
      0.04163849999895319,
      0.03150210000239895,
      0.03276969999933499,
      0.045071399999869755,
      0.032209699998929864,
      0.03229780000037863,
      0.0427564000019629,
      0.030510200002026977,
      0.03562580000289017,
      0.029638100000738632,
      0.0474709999980405,
      0.038095700001576915,
      0.0251310999992711,
      0.0856841999993776,
      0.07402779999756604,
      0.035465500001009787,
      0.03842430000077002,
      0.030162999999447493,
      0.096046299997397,
      0.03271410000161268,
      0.031079300002602395,
      0.028120899998612003,
      0.07355789999928675,
      0.025238499998522457,
      0.0799936000003072,
      0.029197200001362944,
      0.025350799998705043
    ],
    "optim_times": [
      0.0014794999988225754,
      0.0010456999989401083,
      0.001113500002247747,
      0.0010354000005463604,
      0.002230400001280941,
      0.0015153999993344769,
      0.0008527999998477753,
      0.0010217999988526572,
      0.0008630000011180528,
      0.0012626999996427912,
      0.0011880000020028092,
      0.0010005000003729947,
      0.00140310000278987,
      0.000956600000790786,
      0.0030544000001100358,
      0.0010149999980058055,
      0.0009884999999485444,
      0.001034500000969274,
      0.0010557999994489364,
      0.001056000000971835,
      0.0009100999996007886,
      0.000980200002231868,
      0.0010237999995297287,
      0.0028960999989067204,
      0.0024782000000413973,
      0.0009267999994335696,
      0.0009858999983407557,
      0.00109119999979157,
      0.0008740000012039673,
      0.0009074999979929999,
      0.0008363999986613635,
      0.0009702999996079598,
      0.0009080000018002465,
      0.0009657000009610783,
      0.0009632000001147389,
      0.002228800000011688,
      0.0009508000002824701,
      0.0008813999993435573,
      0.001094100000045728,
      0.0025840000016614795,
      0.0008515000008628704,
      0.0016137999991769902,
      0.0009098000009544194,
      0.001284400001168251,
      0.0019916999990527984,
      0.001117200001317542,
      0.0017876999991131015,
      0.0009776000006240793,
      0.000940699999773642,
      0.0010269999984302558,
      0.001030800001899479,
      0.0009436999971512705,
      0.0017425000005459879,
      0.001003000001219334,
      0.0011966000020038337,
      0.0030149000012897886,
      0.0011174999999639113,
      0.0009524999986751936,
      0.0009212000004481524,
      0.0009729000012157485
    ],