{
  "rank": 1,
  "world_size": 8,
  "num_steps": 60,
  "statistics": {
    "compute": {
      "count": 60,
      "min": 0.03352009999798611,
      "max": 0.26798719999715104,
      "mean": 0.1201224633333671,
      "std": 0.06551507560188993,
      "p95": 0.2322615000011865,
      "p99": 0.2672865000022284
    },
    "sync": {
      "count": 60,
      "min": 0.02363559999866993,
      "max": 0.7782260999993014,
      "mean": 0.06493321166653913,
      "std": 0.09931375732623483,
      "p95": 0.14031450000038603,
      "p99": 0.18364840000140248
    },
    "optim": {
      "count": 60,
      "min": 0.0008359000021300744,
      "max": 0.002879799998481758,
      "mean": 0.0011811766663716603,
      "std": 0.00038717449756351036,
      "p95": 0.00192109999989043,
      "p99": 0.002644199998030672
    },
    "iter": {
      "count": 60,
      "min": 0.06889619999856222,
      "max": 0.8452916999995068,
      "mean": 0.1862368516662779,
      "std": 0.1050328344236416,
      "p95": 0.2910102999994706,
      "p99": 0.305983300000662
    },
    "grad_norm": {
      "count": 60,
      "min": 0.178546741604805,
      "max": 0.42565569281578064,
      "mean": 0.25954619124531747,
      "std": 0.05686316752101693,
      "p95": 0.3630068898200989,
      "p99": 0.38520607352256775
    },
    "loss": {
      "count": 60,
      "min": 2.2722535133361816,
      "max": 2.346266031265259,
      "mean": 2.3037423054377237,
      "std": 0.014127011476711313,
      "p95": 2.331658124923706,
      "p99": 2.337984323501587
    }
  },
  "trajectories": {
    "compute_times": [
      0.06542450000051758,
      0.07520579999982147,
      0.1791148999982397,
      0.2322615000011865,
      0.13337849999879836,
      0.04064529999959632,
      0.07110610000017914,
      0.04341439999916474,
      0.07106129999738187,
      0.0701755999980378,
      0.2672865000022284,
      0.20338239999910002,
      0.14154170000256272,
      0.03352009999798611,
      0.15874479999911273,
      0.18860550000317744,
      0.26798719999715104,
      0.17477099999814527,
      0.13990239999839105,
      0.17048129999966477,
      0.25184160000208067,
      0.10551770000165561,
      0.15908919999856153,
      0.07248489999983576,
      0.22522740000204067,
      0.10597899999993388,
      0.037987100000464125,
      0.10268290000021807,
      0.07664930000100867,
      0.23129799999878742,
      0.036102100002608495,
      0.10131899999760208,
      0.22982430000047316,
      0.10843070000191801,
      0.06952670000100625,
      0.06980409999960102,
      0.1073526000000129,
      0.16974209999898449,
      0.03516960000342806,
      0.09964410000247881,
      0.11158839999916381,
      0.11974019999979646,
      0.14317750000191154,
      0.1075937999994494,
      0.034024299999146024,
      0.13266490000023623,
      0.10426530000040657,
      0.10178290000112611,
      0.038098100001661805,
      0.13783610000245972,
      0.0642145999991044,
      0.20118419999926118,
      0.10144280000167782,
      0.1080045999988215,
      0.036532999998598825,
      0.03393560000040452,
      0.13251019999734126,
      0.033786799998779316,
      0.1250112000016088,
      0.2162700999979279
    ],
    "sync_times": [
      0.7782260999993014,
      0.03694329999780166,
      0.03161330000148155,
      0.03070559999832767,
      0.033452800002123695,
      0.027164999999513384,
      0.0809198999995715,
      0.029009900001256028,
      0.09883389999959036,
      0.04386809999778052,
      0.03605260000040289,
      0.03024350000123377,
      0.04315670000141836,
      0.03718529999969178,
      0.02521550000165007,
      0.033530199998494936,
      0.0316473999992013,
      0.03092079999987618,
      0.03628680000110762,
      0.026420000001962762,
      0.0382231999974465,
      0.08688510000138194,
      0.02524450000055367,
      0.06521480000083102,
      0.04449119999844697,
      0.045085900001140544,
      0.13557099999889033,
      0.07334760000230744,
      0.0671559000002162,
      0.03124250000109896,
      0.033980199998040916,
      0.10219839999990654,
      0.03040559999863035,
      0.036007700000482146,
      0.03916150000077323,
      0.02888140000140993,
      0.14031450000038603,
      0.03637410000010277,
      0.07717200000115554,
      0.02363559999866993,
      0.0361252999973658,
      0.10192629999801284,
      0.031282399999327026,
      0.03559309999764082,
      0.07052409999960219,
      0.030291499999293592,
      0.04027889999997569,
      0.16322299999956158,
      0.03657519999978831,
      0.03619849999813596,
      0.04207690000112052,
      0.02592949999962002,
      0.10193559999970603,
      0.029345099999773083,
      0.18364840000140248,
      0.07337379999808036,
      0.031082500001502922,
      0.07812790000025416,
      0.033056299998861505,
      0.03340899999966496
    ],
    "optim_times": [
      0.0016410999996878672,
      0.0009347999985038769,
      0.0012817999995604623,
      0.0009931999993568752,
      0.0017416000009689014,
      0.001085899999452522,
      0.0009303000006184448,
      0.0009038999996846542,
      0.0009257999990950339,
      0.0011488999989524018,
      0.002644199998030672,
      0.0009232999982486945,
      0.001390599998558173,
      0.001087500000721775,
      0.001182599997264333,
      0.0009090000021387823,
      0.0011989000013272744,
      0.0011814999998023268,
      0.0011501999979373068,
      0.00122660000124597,
      0.0009454999999434222,
      0.001396699997712858,
      0.0010289999991073273,
      0.0008359000021300744,
      0.0009927999999490567,
      0.0010304000024916604,
      0.0012368999996397179,
      0.0014050999998289626,
      0.0011460999994596932,
      0.0008569999990868382,
      0.0010645000002114102,
      0.0009242999985872302,
      0.001015399997413624,
      0.0009415999993507285,
      0.0013809000010951422,
      0.0009597999996913131,
      0.00192109999989043,
      0.0009739000015542842,
      0.002879799998481758,
      0.001240899997355882,
      0.001000799999019364,
      0.0008467000006930903,
      0.0012127000009058975,
      0.0012401999993016943,
      0.0008805000034044497,
      0.0011420999981055502,
      0.0009365999976580497,
      0.0008970999988378026,
      0.0008524000004399568,
      0.0019504000010783784,
      0.0013242999993963167,
      0.0008937999991758261,
      0.0013297999976202846,
      0.0010416000004624948,
      0.0009320000026491471,
      0.0015976999966369476,
      0.0009972000007110182,
      0.0012512000030255876,
      0.0009193000005325302,
      0.0009648999985074624
    ],