{
  "rank": 3,
  "world_size": 8,
  "num_steps": 60,
  "statistics": {
    "compute": {
      "count": 60,
      "min": 0.03199289999975008,
      "max": 0.2683790000010049,
      "mean": 0.12083745333329717,
      "std": 0.05705481795980965,
      "p95": 0.2158077999993111,
      "p99": 0.26559679999991204
    },
    "sync": {
      "count": 60,
      "min": 0.020692699999926845,
      "max": 0.206724600000598,
      "mean": 0.05170522833377618,
      "std": 0.038420328587732686,
      "p95": 0.1457866999990074,
      "p99": 0.1665281000023242
    },
    "optim": {
      "count": 60,
      "min": 0.0008276999978988897,
      "max": 0.004612400000041816,
      "mean": 0.0013217683333399085,
      "std": 0.0006942899641644884,
      "p95": 0.0024978000001283363,
      "p99": 0.004203500000585336
    },
    "iter": {
      "count": 60,
      "min": 0.0615860000034445,
      "max": 0.30773290000433917,
      "mean": 0.17386445000041326,
      "std": 0.06164931219109157,
      "p95": 0.27658270000029006,
      "p99": 0.29363809999995283
    },
    "grad_norm": {
      "count": 60,
      "min": 0.178546741604805,
      "max": 0.42565569281578064,
      "mean": 0.25954619124531747,
      "std": 0.056863165575319244,
      "p95": 0.3630068898200989,
      "p99": 0.38520604372024536
    },
    "loss": {
      "count": 60,
      "min": 2.273203134536743,
      "max": 2.3466873168945312,
      "mean": 2.3084002772967023,
      "std": 0.014344078349381026,
      "p95": 2.3407976627349854,
      "p99": 2.3417768478393555
    }
  },
  "trajectories": {
    "compute_times": [
      0.07301760000336799,
      0.06893099999797414,
      0.1767580999985512,
      0.11644389999855775,
      0.1354219999993802,
      0.04119469999932335,
      0.10426870000083,
      0.04093590000047698,
      0.13452509999842732,
      0.07233569999880274,
      0.26559679999991204,
      0.035729999999603024,
      0.1386385000005248,
      0.03525599999920814,
      0.16395059999922523,
      0.14670630000182427,
      0.2683790000010049,
      0.17486320000170963,
      0.14166950000071665,
      0.10183220000180881,
      0.25074210000093444,
      0.13963610000064364,
      0.16579400000046007,
      0.07223890000022948,
      0.21553880000283243,
      0.10704450000048382,
      0.13501809999797842,
      0.13224800000170944,
      0.07088179999846034,
      0.16904819999763276,
      0.03199289999975008,
      0.09990149999794085,
      0.10267210000165505,
      0.10881570000128704,
      0.0671994000003906,
      0.07257519999984652,
      0.19799179999972694,
      0.1708204000024125,
      0.06717009999920265,
      0.10329389999969862,
      0.10917150000022957,
      0.12065299999812851,
      0.14164099999834434,
      0.10266789999877801,
      0.06261309999899822,
      0.1367019999997865,
      0.10626899999988382,
      0.10638889999972889,
      0.03468409999914002,
      0.1398672000032093,
      0.06950979999965057,
      0.2116798999995808,
      0.16946610000013607,
      0.11060580000048503,
      0.13966439999785507,
      0.03341580000051181,
      0.1362659000005806,
      0.0694986999988032,
      0.11659700000018347,
      0.2158077999993111
    ],
    "sync_times": [
      0.07623120000062045,
      0.029348899999604328,
      0.03184110000074725,
      0.1457866999990074,
      0.024709500001335982,
      0.05082539999784785,
      0.03272879999713041,
      0.02577000000019325,
      0.029879999998229323,
      0.04854490000070655,
      0.022907000002305722,
      0.206724600000598,
      0.020692699999926845,
      0.045603700000356184,
      0.04915429999891785,
      0.02922440000111237,
      0.03640570000061416,
      0.02733549999902607,
      0.03338810000059311,
      0.11189270000249962,
      0.04159810000055586,
      0.03376370000114548,
      0.029422200001135934,
      0.0668976000015391,
      0.060040999996999744,
      0.05615300000135903,
      0.0299092000022938,
      0.036346400000184076,
      0.07115580000026966,
      0.10354500000175904,
      0.028613500002393266,
      0.10189769999851706,
      0.1665281000023242,
      0.041340499999932945,
      0.027411700000811834,
      0.0467222999977821,
      0.03819899999871268,
      0.03199070000118809,
      0.032161399998585694,
      0.038183100001333514,
      0.03594300000258954,
      0.10173270000086632,
      0.03135820000170497,
      0.0379718000003777,
      0.02934110000205692,
      0.037737400001788046,
      0.03528100000039558,
      0.16557169999941834,
      0.027923699999519158,
      0.029446600001392653,
      0.0345433000002231,
      0.02958779999971739,
      0.029224099998828024,
      0.03672930000175256,
      0.06958970000050613,
      0.06961300000330084,
      0.03327490000083344,
      0.042095100001461105,
      0.029748900000413414,
      0.03472519999922952
    ],
    "optim_times": [
      0.004203500000585336,
      0.0011424000003898982,
      0.0009275000011257362,
      0.001080900001397822,
      0.0010746000007202383,
      0.001915299999382114,
      0.004612400000041816,
      0.0010046999996120576,
      0.0009840999991865829,
      0.00179309999657562,
      0.0012256000009074342,
      0.0009599000004527625,
      0.001392000001942506,
      0.0009644999990996439,
      0.0019457999987935182,
      0.0008545999990019482,
      0.002948200002720114,
      0.0011712999985320494,
      0.0010285999996995088,
      0.001131199998781085,
      0.0012978999984625261,
      0.0011673000008158851,
      0.0010894999977608677,
      0.0011431999992055353,
      0.0010029000004578847,
      0.002150100001017563,
      0.0012115999998059124,
      0.0013139000002411194,
      0.0009776000006240793,
      0.0011579000019992236,
      0.0009796000013011508,
      0.0011140999995404854,
      0.0010694000011426397,
      0.0008385999972233549,
      0.0012657000006583985,
      0.0015200999987428077,
      0.0009024000028148293,
      0.0008640000014565885,
      0.0014161999970383476,
      0.0012353000020084437,
      0.0008750999986659735,
      0.001063100000465056,
      0.0008276999978988897,
      0.0024978000001283363,
      0.0010082000007969327,
      0.0012246000005688984,
      0.0012229999992996454,
      0.0016055000014603138,
      0.0009181999994325452,
      0.001073200000973884,
      0.0011843000029330142,
      0.000893999997060746,
      0.0011803999987023417,
      0.0012730999987979885,
      0.0009738000007928349,
      0.0013094999994791579,
      0.0009295999989262782,
      0.0008969000009528827,
      0.0011187000018253457,
      0.001151899999968009
    ],