{
  "rank": 6,
  "world_size": 8,
  "num_steps": 60,
  "statistics": {
    "compute": {
      "count": 60,
      "min": 0.0351241000025766,
      "max": 0.27160920000096667,
      "mean": 0.11604759999972884,
      "std": 0.05908998915601078,
      "p95": 0.22628830000030575,
      "p99": 0.2536413000016182
    },
    "sync": {
      "count": 60,
      "min": 0.02161800000249059,
      "max": 0.2504962999992131,
      "mean": 0.0563635299999684,
      "std": 0.04616284291474393,
      "p95": 0.14736120000088704,
      "p99": 0.19643039999937173
    },
    "optim": {
      "count": 60,
      "min": 0.0008650999989185948,
      "max": 0.010771299999760231,
      "mean": 0.0014044316668029447,
      "std": 0.0013453723259634494,
      "p95": 0.0026772999990498647,
      "p99": 0.004130799999984447
    },
    "iter": {
      "count": 60,
      "min": 0.06567809999978635,
      "max": 0.3089261000022816,
      "mean": 0.1738155616665002,
      "std": 0.06247716199315027,
      "p95": 0.2879280999986804,
      "p99": 0.3031011999992188
    },
    "grad_norm": {
      "count": 60,
      "min": 0.178546741604805,
      "max": 0.42565569281578064,
      "mean": 0.25954619149367014,
      "std": 0.056863165649187156,
      "p95": 0.3630068600177765,
      "p99": 0.38520607352256775
    },
    "loss": {
      "count": 60,
      "min": 2.2670443058013916,
      "max": 2.3337817192077637,
      "mean": 2.305830653508504,
      "std": 0.012298098105474484,
      "p95": 2.327543258666992,
      "p99": 2.331406354904175
    }
  },
  "trajectories": {
    "compute_times": [
      0.06569659999877331,
      0.07295309999972233,
      0.07329089999984717,
      0.22628830000030575,
      0.106679600001371,
      0.03929920000155107,
      0.10723350000262144,
      0.04226539999945089,
      0.13878240000121878,
      0.07311469999694964,
      0.2065736000004108,
      0.13489789999948698,
      0.13845559999754187,
      0.037619200000335695,
      0.15951899999708985,
      0.16510680000283173,
      0.27160920000096667,
      0.14132379999864497,
      0.14446369999859598,
      0.1674633000002359,
      0.2536413000016182,
      0.13775130000067293,
      0.0679424999980256,
      0.07263379999858444,
      0.22040559999732068,
      0.1108712999994168,
      0.07005969999954687,
      0.09929100000226754,
      0.07204880000062985,
      0.22803260000000591,
      0.03513829999792506,
      0.16532650000226567,
      0.03614770000058343,
      0.10564900000099442,
      0.06492620000062743,
      0.06802009999955771,
      0.10644699999829754,
      0.16617330000008224,
      0.0351241000025766,
      0.10235319999992498,
      0.10982959999819286,
      0.15627279999898747,
      0.13912989999880665,
      0.10161040000093635,
      0.06681129999924451,
      0.13379409999834024,
      0.10349850000056904,
      0.06960299999991548,
      0.03545219999796245,
      0.13823689999844646,
      0.06816629999957513,
      0.20451329999923473,
      0.17090350000216858,
      0.10552570000072592,
      0.03742489999785903,
      0.06652789999861852,
      0.1343215999986569,
      0.06667379999998957,
      0.1117006999993464,
      0.21224049999727868
    ],
    "sync_times": [
      0.07271799999944051,
      0.029155599997466197,
      0.14170060000105877,
      0.03228479999961564,
      0.0688862999995763,
      0.034346000000368804,
      0.030967999999120366,
      0.036237699998309836,
      0.03305990000080783,
      0.039704999999230495,
      0.10121400000207359,
      0.10435159999906318,
      0.03393279999727383,
      0.04003559999910067,
      0.02952039999945555,
      0.03340419999949518,
      0.03041109999685432,
      0.06778639999902225,
      0.0391620000009425,
      0.035190000002330635,
      0.03772260000187089,
      0.03527060000124038,
      0.13340809999863268,
      0.06850589999885415,
      0.05477260000043316,
      0.04265339999983553,
      0.09838619999936782,
      0.07706369999868912,
      0.07312109999838867,
      0.02726520000214805,
      0.03795140000147512,
      0.03150820000155363,
      0.2504962999992131,
      0.028181500001664972,
      0.03302410000105738,
      0.0279448000001139,
      0.14736120000088704,
      0.02446810000037658,
      0.07088759999896865,
      0.03852559999722871,
      0.03243020000081742,
      0.06829500000094413,
      0.0428663000020606,
      0.025427900000067893,
      0.03572580000036396,
      0.029443300001730677,
      0.03475429999889457,
      0.19643039999937173,
      0.02927330000238726,
      0.022112499998911517,
      0.03575970000019879,
      0.02964829999837093,
      0.03552470000067842,
      0.029501599998184247,
      0.1883008000004338,
      0.03543110000100569,
      0.03182109999761451,
      0.053766799999721115,
      0.02161800000249059,
      0.0310925000012503
    ],
    "optim_times": [
      0.0026772999990498647,
      0.0011033000009774696,
      0.0013422000010905322,
      0.0010738000019046012,
      0.0014155999997456092,
      0.001423199999408098,
      0.0009229999996023253,
      0.000910999999177875,
      0.0008731000016268808,
      0.0009552000010444317,
      0.0011384999997972045,
      0.0009152000020549167,
      0.0009645999998610932,
      0.004130799999984447,
      0.010771299999760231,
      0.0008975999990070704,
      0.001080900001397822,
      0.0009030000001075678,
      0.0012261999982001726,
      0.0015863000007811934,
      0.001348999998299405,
      0.0010308999990229495,
      0.0010235000008833595,
      0.0009694000000308733,
      0.0010615999999572523,
      0.0012302000031922944,
      0.0008770999993430451,
      0.0009662999982538167,
      0.0014095000005909242,
      0.000930299996980466,
      0.0009763000016391743,
      0.0010670000010577496,
      0.001284099998883903,
      0.0009797999991860706,
      0.001410000000760192,
      0.0009434000021428801,
      0.0008650999989185948,
      0.0009844000014709309,
      0.0008755000017117709,
      0.0010905999988608528,
      0.0009351000007882249,
      0.0011558000005607028,
      0.002237499997136183,
      0.001570300002640579,
      0.0008942000022216234,
      0.0012171999987913296,
      0.0009428000012121629,
      0.0009138999994320329,
      0.000952599999436643,
      0.00126290000116569,
      0.0011350999993737787,
      0.0009425000025657937,
      0.0033566999991307966,
      0.0010972000018227845,
      0.0010668999966583215,
      0.0016198999983316753,
      0.0013098999988869764,
      0.001720300002489239,
      0.0012669999996433035,
      0.0010320000001229346
    ],