{
  "rank": 4,
  "world_size": 8,
  "num_steps": 10,
  "statistics": {
    "compute": {
      "count": 10,
      "min": 0.10138050000023213,
      "max": 0.4608872999997402,
      "mean": 0.21317798000090987,
      "std": 0.10094881232174975,
      "p95": 0.28554780000195024,
      "p99": 0.28554780000195024
    },
    "sync": {
      "count": 10,
      "min": 0.014991700001701247,
      "max": 0.11241119999976945,
      "mean": 0.04685341000040353,
      "std": 0.03251606819123874,
      "p95": 0.0862422999998671,
      "p99": 0.0862422999998671
    },
    "optim": {
      "count": 10,
      "min": 0.0009597999996913131,
      "max": 0.007908600000519073,
      "mean": 0.0027077300001110416,
      "std": 0.0024022534855797774,
      "p95": 0.0064085000012710225,
      "p99": 0.0064085000012710225
    },
    "iter": {
      "count": 10,
      "min": 0.15535560000353144,
      "max": 0.48550239999894984,
      "mean": 0.26273912000142446,
      "std": 0.09035982102619446,
      "p95": 0.3153364000027068,
      "p99": 0.3153364000027068
    },
    "grad_norm": {
      "count": 10,
      "min": 0.1444212943315506,
      "max": 0.25026628375053406,
      "mean": 0.1902051106095314,
      "std": 0.03035974144879099,
      "p95": 0.22816918790340424,
      "p99": 0.22816918790340424
    },
    "loss": {
      "count": 10,
      "min": 2.297706127166748,
      "max": 2.3281660079956055,
      "mean": 2.3109015941619875,
      "std": 0.008858116056111856,
      "p95": 2.3229804039001465,
      "p99": 2.3229804039001465
    }
  },
  "trajectories": {
    "compute_times": [
      0.14048510000066017,
      0.23352430000159075,
      0.4608872999997402,
      0.10138050000023213,
      0.23507859999881475,
      0.28554780000195024,
      0.2471140000016021,
      0.1274604000027466,
      0.15986700000212295,
      0.14043479999963893
    ],
    "sync_times": [
      0.11241119999976945,
      0.07540359999984503,
      0.02353959999891231,
      0.059704100000089966,
      0.014991700001701247,
      0.015993500001059147,
      0.023511600000347244,
      0.026935400001093512,
      0.029801100001350278,
      0.0862422999998671
    ],
    "optim_times": [
      0.007908600000519073,
      0.0064085000012710225,
      0.0010755000002973247,
      0.0036083999984839465,
      0.0010413000018161256,
      0.0011692000007315073,
      0.0011130999992019497,
      0.0009597999996913131,
      0.0010509999992791563,
      0.0027418999998189975
    ],
    "iter_times": [
      0.2608049000009487,
      0.3153364000027068,
      0.48550239999894984,
      0.16469299999880604,
      0.2511116000023321,
      0.3027105000037409,
      0.2717387000011513,
      0.15535560000353144,
      0.19071910000275238,
      0.22941899999932502
    ],
    "grad_norms": [
      0.1747828871011734,
      0.18067538738250732,
      0.1444212943315506,
      0.154531791806221,
      0.20896455645561218,
      0.17949312925338745,
      0.22816918790340424,
      0.25026628375053406,
      0.19185641407966614,
      0.18889017403125763
    ],
    "losses": [
      2.3281660079956055,
      2.3042755126953125,
      2.3053627014160156,
      2.3120458126068115,
      2.302656412124634,
      2.314347505569458,
      2.297706127166748,
      2.3084161281585693,
      2.3130593299865723,
      2.3229804039001465
    ],
    "bytes_transferred": [
      208552,
      208552,
      208552,
      208552,
      208552,
      208552,
      208552,
      208552,
      208552,
      208552
    ],
    "epochs": [
      0,
      0,
      0,
      0,
      0,
      0,
      0,
      0,
      0,
      0
    ],
    "steps": [
      0,
      1,
      2,
      3,
      4,
      5,
      6,
      7,
      8,
      9
    ]
  }
}