{
  "rank": 1,
  "world_size": 4,
  "num_steps": 10,
  "statistics": {
    "compute": {
      "count": 10,
      "min": 0.009095999997953186,
      "max": 0.07790980000208947,
      "mean": 0.016824739999719895,
      "std": 0.020368393095199444,
      "p95": 0.010739000001194654,
      "p99": 0.010739000001194654
    },
    "sync": {
      "count": 10,
      "min": 0.0030803000008745585,
      "max": 0.06734720000167727,
      "mean": 0.01016807000087283,
      "std": 0.019065660816680537,
      "p95": 0.004635200002667261,
      "p99": 0.004635200002667261
    },
    "optim": {
      "count": 10,
      "min": 0.0006567999989783857,
      "max": 0.0011620000004768372,
      "mean": 0.0007362100001046201,
      "std": 0.00014298056839603178,
      "p95": 0.0007243000000016764,
      "p99": 0.0007243000000016764
    },
    "iter": {
      "count": 10,
      "min": 0.013619900000776397,
      "max": 0.14641900000424357,
      "mean": 0.027729020000697345,
      "std": 0.039565441696679915,
      "p95": 0.015176900000369642,
      "p99": 0.015176900000369642
    },
    "grad_norm": {
      "count": 10,
      "min": 0.32355108857154846,
      "max": 0.5495621562004089,
      "mean": 0.4324581414461136,
      "std": 0.06762331978026598,
      "p95": 0.5013737082481384,
      "p99": 0.5013737082481384
    },
    "loss": {
      "count": 10,
      "min": 1.534322738647461,
      "max": 1.6764378547668457,
      "mean": 1.6037366032600402,
      "std": 0.04086101626041758,
      "p95": 1.6413041353225708,
      "p99": 1.6413041353225708
    }
  },
  "trajectories": {
    "compute_times": [
      0.07790980000208947,
      0.009400200000527548,
      0.010583699997368967,
      0.009839300000749063,
      0.010593200000585057,
      0.010400199997093296,
      0.010058899999421556,
      0.009095999997953186,
      0.00962710000021616,
      0.010739000001194654
    ],
    "sync_times": [
      0.06734720000167727,
      0.004254499999660766,
      0.003922300002159318,
      0.003927099998691119,
      0.003289500000391854,
      0.0031742999999551103,
      0.0042041000015160535,
      0.003846200001135003,
      0.004635200002667261,
      0.0030803000008745585
    ],
    "optim_times": [
      0.0011620000004768372,
      0.0007243000000016764,
      0.0006709000008413568,
      0.0006868999989819713,
      0.0006934999983059242,
      0.000698499999998603,
      0.000690799999574665,
      0.0006777000016882084,
      0.0006567999989783857,
      0.0007007000021985732
    ],
    "iter_times": [
      0.14641900000424357,
      0.01437900000018999,
      0.015176900000369642,
      0.014453299998422153,
      0.014576199999282835,
      0.014272999997047009,
      0.014953800000512274,
      0.013619900000776397,
      0.014919100001861807,
      0.014520000004267786
    ],
    "grad_norms": [
      0.5495621562004089,
      0.3987118899822235,
      0.41697457432746887,
      0.5013737082481384,
      0.4405048191547394,
      0.379516065120697,
      0.32355108857154846,
      0.3550504446029663,
      0.4985092878341675,
      0.46082738041877747
    ],
    "losses": [
      1.579476237297058,
      1.5830092430114746,
      1.6764378547668457,
      1.534322738647461,
      1.6286910772323608,
      1.5627684593200684,
      1.6413041353225708,
      1.5805401802062988,
      1.639272928237915,
      1.6115431785583496
    ],
    "bytes_transferred": [
      27188,
      27188,
      27188,
      27188,
      27188,
      27188,
      27188,
      27188,
      27188,
      27188
    ],
    "epochs": [
      0,
      0,
      0,
      0,
      0,
      0,
      0,
      0,
      0,
      0
    ],
    "steps": [
      0,
      1,
      2,
      3,
      4,
      5,
      6,
      7,
      8,
      9
    ]
  }
}