{
  "rank": 0,
  "world_size": 4,
  "num_steps": 10,
  "statistics": {
    "compute": {
      "count": 10,
      "min": 0.009392800002387958,
      "max": 0.0676634000010381,
      "mean": 0.016155680000883875,
      "std": 0.01718943930885097,
      "p95": 0.0126297999995586,
      "p99": 0.0126297999995586
    },
    "sync": {
      "count": 10,
      "min": 0.0033321000009891577,
      "max": 0.010573499999736669,
      "mean": 0.004637929999807966,
      "std": 0.0021487695660782845,
      "p95": 0.006376000001182547,
      "p99": 0.006376000001182547
    },
    "optim": {
      "count": 10,
      "min": 0.000623199997789925,
      "max": 0.0013600000020232983,
      "mean": 0.0007731499994406476,
      "std": 0.0001983495371184949,
      "p95": 0.0007412000013573561,
      "p99": 0.0007412000013573561
    },
    "iter": {
      "count": 10,
      "min": 0.013516400002117734,
      "max": 0.07959690000279807,
      "mean": 0.02156676000013249,
      "std": 0.01941061002966592,
      "p95": 0.01974519999930635,
      "p99": 0.01974519999930635
    },
    "grad_norm": {
      "count": 10,
      "min": 0.32355108857154846,
      "max": 0.5495621562004089,
      "mean": 0.4324581414461136,
      "std": 0.06762331978026598,
      "p95": 0.5013737082481384,
      "p99": 0.5013737082481384
    },
    "loss": {
      "count": 10,
      "min": 1.5575041770935059,
      "max": 1.7292115688323975,
      "mean": 1.607365071773529,
      "std": 0.04667325578702288,
      "p95": 1.6364076137542725,
      "p99": 1.6364076137542725
    }
  },
  "trajectories": {
    "compute_times": [
      0.0676634000010381,
      0.0126297999995586,
      0.01089960000172141,
      0.01006749999942258,
      0.01010600000154227,
      0.010124000000359956,
      0.010702700001274934,
      0.009392800002387958,
      0.009934000001521781,
      0.010037000000011176
    ],
    "sync_times": [
      0.010573499999736669,
      0.006376000001182547,
      0.003584399997635046,
      0.00361700000212295,
      0.0037649999976565596,
      0.0033321000009891577,
      0.0036309000024630222,
      0.003431600001931656,
      0.0042612999968696386,
      0.003807499997492414
    ],
    "optim_times": [
      0.0013600000020232983,
      0.0007393999985652044,
      0.0007412000013573561,
      0.0007069999992381781,
      0.0007315999973798171,
      0.0007301000005099922,
      0.000623199997789925,
      0.0006919999977981206,
      0.0007120000009308569,
      0.0006949999988137279
    ],
    "iter_times": [
      0.07959690000279807,
      0.01974519999930635,
      0.015225200000713812,
      0.014391500000783708,
      0.014602599996578647,
      0.014186200001859106,
      0.014956800001527881,
      0.013516400002117734,
      0.014907299999322277,
      0.014539499996317318
    ],
    "grad_norms": [
      0.5495621562004089,
      0.3987118899822235,
      0.41697457432746887,
      0.5013737082481384,
      0.4405048191547394,
      0.379516065120697,
      0.32355108857154846,
      0.3550504446029663,
      0.4985092878341675,
      0.46082738041877747
    ],
    "losses": [
      1.5989478826522827,
      1.5575041770935059,
      1.5709586143493652,
      1.5965290069580078,
      1.7292115688323975,
      1.626368761062622,
      1.5733919143676758,
      1.5845263004302979,
      1.5998048782348633,
      1.6364076137542725
    ],
    "bytes_transferred": [
      27188,
      27188,
      27188,
      27188,
      27188,
      27188,
      27188,
      27188,
      27188,
      27188
    ],
    "epochs": [
      0,
      0,
      0,
      0,
      0,
      0,
      0,
      0,
      0,
      0
    ],
    "steps": [
      0,
      1,
      2,
      3,
      4,
      5,
      6,
      7,
      8,
      9
    ]
  }
}