{
  "rank": 3,
  "world_size": 4,
  "num_steps": 10,
  "statistics": {
    "compute": {
      "count": 10,
      "min": 0.008927499999117572,
      "max": 0.12226430000009714,
      "mean": 0.021410280000054627,
      "std": 0.03362187846264963,
      "p95": 0.01094550000198069,
      "p99": 0.01094550000198069
    },
    "sync": {
      "count": 10,
      "min": 0.0032661000004736707,
      "max": 0.07792870000048424,
      "mean": 0.010975880000114558,
      "std": 0.022318067265989356,
      "p95": 0.003766000001633074,
      "p99": 0.003766000001633074
    },
    "optim": {
      "count": 10,
      "min": 0.0006678999998257495,
      "max": 0.0011672999971779063,
      "mean": 0.0007735199993476272,
      "std": 0.0001422386355788241,
      "p95": 0.0008739000004425179,
      "p99": 0.0008739000004425179
    },
    "iter": {
      "count": 10,
      "min": 0.01306750000003376,
      "max": 0.20136029999775928,
      "mean": 0.033159679999516814,
      "std": 0.05606984515441668,
      "p95": 0.015360200002760394,
      "p99": 0.015360200002760394
    },
    "grad_norm": {
      "count": 10,
      "min": 0.32355108857154846,
      "max": 0.5495621562004089,
      "mean": 0.4324581414461136,
      "std": 0.06762331978026598,
      "p95": 0.5013737082481384,
      "p99": 0.5013737082481384
    },
    "loss": {
      "count": 10,
      "min": 1.5502164363861084,
      "max": 1.66505765914917,
      "mean": 1.5950981974601746,
      "std": 0.031506206735591465,
      "p95": 1.6246058940887451,
      "p99": 1.6246058940887451
    }
  },
  "trajectories": {
    "compute_times": [
      0.12226430000009714,
      0.009915899998304667,
      0.01094550000198069,
      0.010218499999609776,
      0.0103966999995464,
      0.010072500001115259,
      0.010701100000005681,
      0.008927499999117572,
      0.01039130000208388,
      0.010269499998685205
    ],
    "sync_times": [
      0.07792870000048424,
      0.003661800001282245,
      0.003671599999506725,
      0.0033780999983719084,
      0.0034790999998222105,
      0.0034964000005857088,
      0.003642499999841675,
      0.0032661000004736707,
      0.003766000001633074,
      0.0034684999991441146
    ],
    "optim_times": [
      0.0011672999971779063,
      0.0007587000000057742,
      0.0007431000012729783,
      0.0007267000000865664,
      0.0006873999991512392,
      0.0006947000001673587,
      0.0007219999970402569,
      0.0008739000004425179,
      0.0006678999998257495,
      0.0006934999983059242
    ],
    "iter_times": [
      0.20136029999775928,
      0.014336399999592686,
      0.015360200002760394,
      0.01432329999806825,
      0.014563199998519849,
      0.014263600001868326,
      0.015065599996887613,
      0.01306750000003376,
      0.014825200003542705,
      0.014431499996135244
    ],
    "grad_norms": [
      0.5495621562004089,
      0.3987118899822235,
      0.41697457432746887,
      0.5013737082481384,
      0.4405048191547394,
      0.379516065120697,
      0.32355108857154846,
      0.3550504446029663,
      0.4985092878341675,
      0.46082738041877747
    ],
    "losses": [
      1.5502164363861084,
      1.558894395828247,
      1.59566330909729,
      1.5695576667785645,
      1.6246058940887451,
      1.608069658279419,
      1.66505765914917,
      1.5931320190429688,
      1.5919439792633057,
      1.5938409566879272
    ],
    "bytes_transferred": [
      27188,
      27188,
      27188,
      27188,
      27188,
      27188,
      27188,
      27188,
      27188,
      27188
    ],
    "epochs": [
      0,
      0,
      0,
      0,
      0,
      0,
      0,
      0,
      0,
      0
    ],
    "steps": [
      0,
      1,
      2,
      3,
      4,
      5,
      6,
      7,
      8,
      9
    ]
  }
}