{
  "rank": 2,
  "world_size": 4,
  "num_steps": 10,
  "statistics": {
    "compute": {
      "count": 10,
      "min": 0.00944829999934882,
      "max": 0.09970919999977923,
      "mean": 0.018988540000282227,
      "std": 0.02690978086255765,
      "p95": 0.010825199999089818,
      "p99": 0.010825199999089818
    },
    "sync": {
      "count": 10,
      "min": 0.0034051000002364162,
      "max": 0.028988999998546205,
      "mean": 0.006357970000317436,
      "std": 0.007548983301424118,
      "p95": 0.004359799997473601,
      "p99": 0.004359799997473601
    },
    "optim": {
      "count": 10,
      "min": 0.0006021999979566317,
      "max": 0.001255999999557389,
      "mean": 0.0007268299999850569,
      "std": 0.00018169147491414958,
      "p95": 0.0007369000013568439,
      "p99": 0.0007369000013568439
    },
    "iter": {
      "count": 10,
      "min": 0.013652899997396162,
      "max": 0.12995419999788282,
      "mean": 0.02607334000058472,
      "std": 0.03462997592727111,
      "p95": 0.015403699999296805,
      "p99": 0.015403699999296805
    },
    "grad_norm": {
      "count": 10,
      "min": 0.32355108857154846,
      "max": 0.5495621562004089,
      "mean": 0.4324581414461136,
      "std": 0.06762331978026598,
      "p95": 0.5013737082481384,
      "p99": 0.5013737082481384
    },
    "loss": {
      "count": 10,
      "min": 1.5407912731170654,
      "max": 1.6935832500457764,
      "mean": 1.6189051628112794,
      "std": 0.05091289585250527,
      "p95": 1.6890227794647217,
      "p99": 1.6890227794647217
    }
  },
  "trajectories": {
    "compute_times": [
      0.09970919999977923,
      0.009606400002667215,
      0.010464999999385327,
      0.010142099999939092,
      0.01010390000010375,
      0.009584800001903204,
      0.010825199999089818,
      0.00944829999934882,
      0.010024300001532538,
      0.009976199999073287
    ],
    "sync_times": [
      0.028988999998546205,
      0.003992200003267499,
      0.004211900002701441,
      0.003505200002109632,
      0.0038071999988460448,
      0.003920800001651514,
      0.0034051000002364162,
      0.003599299998313654,
      0.004359799997473601,
      0.0037892000000283588
    ],
    "optim_times": [
      0.001255999999557389,
      0.0007027999999991152,
      0.000726799997210037,
      0.0006699000005028211,
      0.0006732000001647975,
      0.000662500002363231,
      0.0006021999979566317,
      0.0006052999997336883,
      0.0006327000010060146,
      0.0007369000013568439
    ],
    "iter_times": [
      0.12995419999788282,
      0.014301400005933829,
      0.015403699999296805,
      0.014317200002551544,
      0.014584299999114592,
      0.01416810000591795,
      0.014832499997282866,
      0.013652899997396162,
      0.015016800000012154,
      0.01450230000045849
    ],
    "grad_norms": [
      0.5495621562004089,
      0.3987118899822235,
      0.41697457432746887,
      0.5013737082481384,
      0.4405048191547394,
      0.379516065120697,
      0.32355108857154846,
      0.3550504446029663,
      0.4985092878341675,
      0.46082738041877747
    ],
    "losses": [
      1.5676941871643066,
      1.6935832500457764,
      1.5643651485443115,
      1.6092708110809326,
      1.6647446155548096,
      1.5407912731170654,
      1.6517579555511475,
      1.6021885871887207,
      1.605633020401001,
      1.6890227794647217
    ],
    "bytes_transferred": [
      27188,
      27188,
      27188,
      27188,
      27188,
      27188,
      27188,
      27188,
      27188,
      27188
    ],
    "epochs": [
      0,
      0,
      0,
      0,
      0,
      0,
      0,
      0,
      0,
      0
    ],
    "steps": [
      0,
      1,
      2,
      3,
      4,
      5,
      6,
      7,
      8,
      9
    ]
  }
}