{
  "rank": 3,
  "world_size": 4,
  "num_steps": 10,
  "statistics": {
    "compute": {
      "count": 10,
      "min": 0.007291500001883833,
      "max": 0.01786079999874346,
      "mean": 0.009889100000145845,
      "std": 0.0029966846110592547,
      "p95": 0.01160620000155177,
      "p99": 0.01160620000155177
    },
    "sync": {
      "count": 10,
      "min": 0.010792100001708604,
      "max": 0.05433170000105747,
      "mean": 0.025382700000409385,
      "std": 0.014128951003007302,
      "p95": 0.04372289999810164,
      "p99": 0.04372289999810164
    },
    "optim": {
      "count": 10,
      "min": 0.0008699999998498242,
      "max": 0.0014095999977143947,
      "mean": 0.0010957699989376124,
      "std": 0.0001674544832640614,
      "p95": 0.0013094999994791579,
      "p99": 0.0013094999994791579
    },
    "iter": {
      "count": 10,
      "min": 0.01905100000294624,
      "max": 0.07360209999751532,
      "mean": 0.036367569999492845,
      "std": 0.01646910555308014,
      "p95": 0.05454789999566856,
      "p99": 0.05454789999566856
    },
    "grad_norm": {
      "count": 10,
      "min": 0.44630756974220276,
      "max": 0.4861167073249817,
      "mean": 0.4737002730369568,
      "std": 0.011354403881926971,
      "p95": 0.4849662184715271,
      "p99": 0.4849662184715271
    },
    "loss": {
      "count": 10,
      "min": 2.2806551456451416,
      "max": 2.336768865585327,
      "mean": 2.3110187292099,
      "std": 0.018169119508725285,
      "p95": 2.3321847915649414,
      "p99": 2.3321847915649414
    }
  },
  "trajectories": {
    "compute_times": [
      0.01786079999874346,
      0.008631800003058743,
      0.01160620000155177,
      0.009091799998714123,
      0.007595300001412397,
      0.008660700001200894,
      0.010876199998165248,
      0.007291500001883833,
      0.009954999997717096,
      0.007321699999010889
    ],
    "sync_times": [
      0.05433170000105747,
      0.015428300001076423,
      0.017245600000023842,
      0.03637830000297981,
      0.026995200001692865,
      0.013690399999177316,
      0.023232999999891035,
      0.010792100001708604,
      0.04372289999810164,
      0.012009499998384854
    ],
    "optim_times": [
      0.0014095999977143947,
      0.0010390999996161554,
      0.0010656999984348658,
      0.0012124999993829988,
      0.000976999999693362,
      0.0009242999985872302,
      0.001182599997264333,
      0.0009673999993538018,
      0.0008699999998498242,
      0.0013094999994791579
    ],
    "iter_times": [
      0.07360209999751532,
      0.02509920000375132,
      0.029917500000010477,
      0.046682600001076935,
      0.035567500002798624,
      0.02327539999896544,
      0.035291799995320616,
      0.01905100000294624,
      0.05454789999566856,
      0.0206406999968749
    ],
    "grad_norms": [
      0.474467009305954,
      0.4743352234363556,
      0.46756741404533386,
      0.4827086925506592,
      0.4830756187438965,
      0.4693204164505005,
      0.4849662184715271,
      0.4861167073249817,
      0.44630756974220276,
      0.46813786029815674
    ],
    "losses": [
      2.3316915035247803,
      2.291149854660034,
      2.292478322982788,
      2.336768865585327,
      2.3321847915649414,
      2.3073527812957764,
      2.3052902221679688,
      2.2806551456451416,
      2.316131830215454,
      2.316483974456787
    ],
    "bytes_transferred": [
      437544,
      437544,
      437544,
      437544,
      437544,
      437544,
      437544,
      437544,
      437544,
      437544
    ],
    "epochs": [
      0,
      0,
      0,
      0,
      0,
      0,
      0,
      0,
      0,
      0
    ],
    "steps": [
      0,
      1,
      2,
      3,
      4,
      5,
      6,
      7,
      8,
      9
    ]
  }
}