{
  "rank": 3,
  "world_size": 8,
  "num_steps": 60,
  "statistics": {
    "compute": {
      "count": 60,
      "min": 0.027665100002195686,
      "max": 0.24081569999907515,
      "mean": 0.08889442666635053,
      "std": 0.04775093219843902,
      "p95": 0.17883930000243708,
      "p99": 0.21176859999832232
    },
    "sync": {
      "count": 60,
      "min": 0.010159199999179691,
      "max": 0.16366969999944558,
      "mean": 0.017996083332824733,
      "std": 0.019771932294686604,
      "p95": 0.025765900001715636,
      "p99": 0.042138799999520415
    },
    "optim": {
      "count": 60,
      "min": 0.0008761000026424881,
      "max": 0.006974100000661565,
      "mean": 0.0016813633335308017,
      "std": 0.001003301511759289,
      "p95": 0.00304600000163191,
      "p99": 0.004306000002543442
    },
    "iter": {
      "count": 60,
      "min": 0.04146770000079414,
      "max": 0.2541097999965132,
      "mean": 0.10857187333270607,
      "std": 0.04747923573464925,
      "p95": 0.20016950000353972,
      "p99": 0.2243382999986352
    },
    "grad_norm": {
      "count": 60,
      "min": 0.178546741604805,
      "max": 0.42565569281578064,
      "mean": 0.25954619124531747,
      "std": 0.05686316543304607,
      "p95": 0.3630068600177765,
      "p99": 0.38520604372024536
    },
    "loss": {
      "count": 60,
      "min": 2.273203134536743,
      "max": 2.3466873168945312,
      "mean": 2.3084002772967023,
      "std": 0.014344082114417473,
      "p95": 2.3407976627349854,
      "p99": 2.3417768478393555
    }
  },
  "trajectories": {
    "compute_times": [
      0.027665100002195686,
      0.13655819999985397,
      0.06651399999827845,
      0.04484749999755877,
      0.11102050000044983,
      0.07007270000030985,
      0.030811699998594122,
      0.14578510000137612,
      0.11138890000074753,
      0.10935819999940577,
      0.07419319999826257,
      0.07202570000299602,
      0.1035368999982893,
      0.10415640000064741,
      0.03684900000007474,
      0.11000100000092061,
      0.06409569999959785,
      0.13046699999904376,
      0.07740980000016862,
      0.03944069999852218,
      0.04154209999978775,
      0.1344874999995227,
      0.1114984000014374,
      0.06611510000220733,
      0.07238919999872451,
      0.040839599998435006,
      0.1146867999996175,
      0.049426499997935025,
      0.10986100000081933,
      0.04014409999945201,
      0.10940909999771975,
      0.10927779999838094,
      0.046603099999629194,
      0.10005779999846709,
      0.09243240000068909,
      0.044971999999688705,
      0.10785700000269571,
      0.15276400000220747,
      0.17883930000243708,
      0.043290999998134794,
      0.10239179999916814,
      0.10969209999893792,
      0.10323019999850658,
      0.24081569999907515,
      0.1579170000004524,
      0.04927039999893168,
      0.0343137999989267,
      0.04300430000148481,
      0.1179751000017859,
      0.21176859999832232,
      0.05059340000298107,
      0.11109869999927469,
      0.0773371999966912,
      0.04341930000009597,
      0.20654319999812287,
      0.053220199999486795,
      0.04224249999970198,
      0.030276599998614984,
      0.040532299997721566,
      0.0753320999974676
    ],
    "sync_times": [
      0.16366969999944558,
      0.018517699998483295,
      0.012216400002216687,
      0.042138799999520415,
      0.015527100000326755,
      0.014218099997378886,
      0.012093299999833107,
      0.013312200000655139,
      0.01392189999751281,
      0.011641299999610055,
      0.013148900001397124,
      0.010413199997856282,
      0.01705269999729353,
      0.01229090000197175,
      0.010159199999179691,
      0.021283599999151193,
      0.022074100001191255,
      0.010277299999870593,
      0.016151100000570295,
      0.01356600000144681,
      0.011703799998940667,
      0.017418600000382867,
      0.023693200000707293,
      0.022892199998750584,
      0.02065030000085244,
      0.013503800000762567,
      0.013352599999052472,
      0.010311399997590343,
      0.016502400001627393,
      0.01665560000037658,
      0.010516999998799292,
      0.019897499998478452,
      0.023288799999136245,
      0.013944500002253335,
      0.01578480000171112,
      0.010307799999281997,
      0.011076299997512251,
      0.011174799998116214,
      0.014356100000441074,
      0.019368999997823266,
      0.010330099998100195,
      0.012118599999666912,
      0.010954299999866635,
      0.012085799997294089,
      0.011168999997607898,
      0.01865909999833093,
      0.028143899999122368,
      0.010924799997155787,
      0.018998899999132846,
      0.011175999999977648,
      0.016288999999233056,
      0.014885099997627549,
      0.01566850000017439,
      0.025765900001715636,
      0.011061400000471622,
      0.014671599998109741,
      0.022146899998915615,
      0.010245900000882102,
      0.010586399999738205,
      0.013809799998853123
    ],
    "optim_times": [
      0.0030092999986663926,
      0.002771699997538235,
      0.0009780000000318978,
      0.0015617000026395544,
      0.0012725999986287206,
      0.002652500003023306,
      0.0011933999994653277,
      0.0014260999996622559,
      0.0011603999992075842,
      0.0014021000024513341,
      0.0010888000033446588,
      0.0011453999977675267,
      0.0013407000005827285,
      0.001264800001081312,
      0.0009481000015512109,
      0.0011822999986179639,
      0.00304600000163191,
      0.0011799999992945231,
      0.0021287000017764512,
      0.0009570000001986045,
      0.0008761000026424881,
      0.002407600000879029,
      0.002958799999760231,
      0.0017131999993580393,
      0.0012601999987964518,
      0.0010020000008807983,
      0.001052800002071308,
      0.0013268999973661266,
      0.0010753000024124049,
      0.002447899998514913,
      0.0009572999988449737,
      0.0017288999988522846,
      0.0017111999986809678,
      0.0012898999993922189,
      0.002591199998278171,
      0.0015131000000110362,
      0.0014036000029591378,
      0.0011197000021638814,
      0.006974100000661565,
      0.0030466999996860977,
      0.001215199998114258,
      0.0021769999984826427,
      0.0010597000000416301,
      0.001208300000143936,
      0.0011857000026793685,
      0.0012711999988823663,
      0.002538799999456387,
      0.0009453000020585023,
      0.001065000000380678,
      0.0013937000003352296,
      0.0015203000002657063,
      0.00100880000172765,
      0.004306000002543442,
      0.002357299999857787,
      0.0010008999997808132,
      0.0010016000014729798,
      0.0024285999970743433,
      0.000945200001297053,
      0.001047199999447912,
      0.0010398999984317925
    ],