{
  "rank": 0,
  "world_size": 2,
  "num_steps": 60,
  "statistics": {
    "compute": {
      "count": 60,
      "min": 0.007575899999210378,
      "max": 0.12409619999743882,
      "mean": 0.011962203333011227,
      "std": 0.014846593683349871,
      "p95": 0.015149399998335866,
      "p99": 0.02744399999937741
    },
    "sync": {
      "count": 60,
      "min": 0.0012633000005735084,
      "max": 0.11608379999961471,
      "mean": 0.004233920000054544,
      "std": 0.014619099232548588,
      "p95": 0.0060011999994458165,
      "p99": 0.009420200000022305
    },
    "optim": {
      "count": 60,
      "min": 0.0005588999993051402,
      "max": 0.0012471000009099953,
      "mean": 0.0006794300000062018,
      "std": 8.115589390240699e-05,
      "p95": 0.0007216000012704171,
      "p99": 0.000766100001783343
    },
    "iter": {
      "count": 60,
      "min": 0.010387600003014086,
      "max": 0.13476349999837112,
      "mean": 0.01687555333307197,
      "std": 0.02187103587738511,
      "p95": 0.019246300002123462,
      "p99": 0.13199929999973392
    },
    "grad_norm": {
      "count": 60,
      "min": 0.08581741154193878,
      "max": 0.2489321231842041,
      "mean": 0.1451546931018432,
      "std": 0.04046844358936811,
      "p95": 0.21515709161758423,
      "p99": 0.23637686669826508
    },
    "loss": {
      "count": 60,
      "min": 1.5829979181289673,
      "max": 1.6388145685195923,
      "mean": 1.6092371861139934,
      "std": 0.011852236974199829,
      "p95": 1.623791217803955,
      "p99": 1.6331942081451416
    }
  },
  "trajectories": {
    "compute_times": [
      0.12409619999743882,
      0.015149399998335866,
      0.011029499997675885,
      0.02744399999937741,
      0.011340200002450729,
      0.010434099996928126,
      0.00962479999725474,
      0.01640430000043125,
      0.009240499999577878,
      0.007990400001290254,
      0.00887959999818122,
      0.008539899998140754,
      0.009907399999065092,
      0.009160500001598848,
      0.008739699998841388,
      0.009182900001178496,
      0.009398300000611925,
      0.008985200001916382,
      0.00903670000116108,
      0.008648999999422813,
      0.009047600000485545,
      0.008944500001234701,
      0.009140000001934823,
      0.008348499999556225,
      0.007575899999210378,
      0.009964400000171736,
      0.010647899998730281,
      0.01062649999948917,
      0.009035900002345443,
      0.009222099997714395,
      0.008144799998262897,
      0.01027070000054664,
      0.009770200002094498,
      0.009297199998400174,
      0.008279999998194398,
      0.009574399999110028,
      0.008386100002098829,
      0.009449999997741543,
      0.010927499999525025,
      0.009994699998060241,
      0.009395500001119217,
      0.010442099999636412,
      0.01032649999979185,
      0.010873699997318909,
      0.010007699998823227,
      0.01299999999901047,
      0.011091200001828838,
      0.01047909999761032,
      0.01028539999970235,
      0.01084669999909238,
      0.009377399997902103,
      0.009628700001485413,
      0.00905599999896367,
      0.0095471999993606,
      0.008937099999457132,
      0.009717900000396185,
      0.008087000001978595,
      0.009579500001564156,
      0.008247899997513741,
      0.008924100002332125
    ],
    "sync_times": [
      0.009420200000022305,
      0.11608379999961471,
      0.006567399999767076,
      0.0060011999994458165,
      0.0022671000006084796,
      0.002536699998017866,
      0.005130999998073094,
      0.002120400000421796,
      0.002129399999830639,
      0.002533499999117339,
      0.0016653000020596664,
      0.0018927000019175466,
      0.00218460000178311,
      0.0012633000005735084,
      0.0020250999987183604,
      0.0018228000008093659,
      0.0018466999972588383,
      0.0018154999997932464,
      0.0019570000004023314,
      0.0018527000029280316,
      0.0017513999991933815,
      0.0023022999994282145,
      0.0016686999988451134,
      0.0028907999985676724,
      0.0027816000001621433,
      0.0024912000008043833,
      0.0019905999979528133,
      0.0015506000017921906,
      0.0017492000006313901,
      0.0017188000019814353,
      0.0019242000016674865,
      0.0018902000010712072,
      0.001800300000468269,
      0.0017498999986855779,
      0.002173400000174297,
      0.001404700000421144,
      0.0023097000012057833,
      0.0020534999966912437,
      0.0019885000001522712,
      0.0020034000008308794,
      0.0019159999974363018,
      0.0021832999991602264,
      0.002083499999571359,
      0.0020422999987204093,
      0.0021162999983062036,
      0.0023837000007915776,
      0.001609800001460826,
      0.0019398000004002824,
      0.0019658000019262545,
      0.0022812999995949212,
      0.001820899997255765,
      0.0020241000020178035,
      0.0018409000003885012,
      0.0023509999991802033,
      0.002639300000737421,
      0.0022687000018777326,
      0.001630200000363402,
      0.0019184000011591706,
      0.0019606999994721264,
      0.0017498000015621074
    ],
    "optim_times": [
      0.0012471000009099953,
      0.000766100001783343,
      0.0007332999994105194,
      0.0007019000004220288,
      0.0006958999983908143,
      0.0006800000010116491,
      0.000685499999235617,
      0.0007216000012704171,
      0.0006557000015163794,
      0.0006814000007580034,
      0.0006269999976211693,
      0.0006071999996493105,
      0.000671199999487726,
      0.0006519000016851351,
      0.0006503999975393526,
      0.0006574999970325734,
      0.0006614999983867165,
      0.0006530999999085907,
      0.0006776999980502296,
      0.0006338000021059997,
      0.0006702999999106396,
      0.0006695000010950025,
      0.0006590000011783559,
      0.0006909000003361143,
      0.0006308000010903925,
      0.0006636999969487078,
      0.0006699000005028211,
      0.0006953999982215464,
      0.0006410000023606699,
      0.0006496999994851649,
      0.0006824000010965392,
      0.000671500001772074,
      0.0006474000001617242,
      0.0006444000027840957,
      0.0007097999987308867,
      0.000671199999487726,
      0.0006538000016007572,
      0.0006869999997434206,
      0.0006824999982200097,
      0.0006293999977060594,
      0.0007093000021995977,
      0.0005922000018472318,
      0.0006216000001586508,
      0.0006762999983038753,
      0.0007000000005064066,
      0.000717799997801194,
      0.0006824000010965392,
      0.0006678999998257495,
      0.0006676000011793803,
      0.0007033000001683831,
      0.0006830000020272564,
      0.0006627999973716214,
      0.0007070999999996275,
      0.0007086000005074311,
      0.0005588999993051402,
      0.0006909999974595848,
      0.0006704000006720889,
      0.000667500000417931,
      0.0006362000021908898,
      0.0006624999987252522
    ],