{
  "rank": 1,
  "world_size": 2,
  "num_steps": 60,
  "statistics": {
    "compute": {
      "count": 60,
      "min": 0.007391000002826331,
      "max": 0.13130620000083582,
      "mean": 0.013794704999903236,
      "std": 0.021259207129341276,
      "p95": 0.016110600001411512,
      "p99": 0.12260439999954542
    },
    "sync": {
      "count": 60,
      "min": 0.0021159999996598344,
      "max": 0.01575550000052317,
      "mean": 0.0025921149997884642,
      "std": 0.0017241430090880528,
      "p95": 0.002749200000835117,
      "p99": 0.0031248000013874844
    },
    "optim": {
      "count": 60,
      "min": 0.0005627999998978339,
      "max": 0.0012693999997281935,
      "mean": 0.0006300433336946298,
      "std": 8.71524877361042e-05,
      "p95": 0.0006749999993189704,
      "p99": 0.0007010000008449424
    },
    "iter": {
      "count": 60,
      "min": 0.010468100001162384,
      "max": 0.14833110000108718,
      "mean": 0.01701686333338633,
      "std": 0.022644879936831758,
      "p95": 0.019261500005086418,
      "p99": 0.1261874000010721
    },
    "grad_norm": {
      "count": 60,
      "min": 0.08581741154193878,
      "max": 0.2489321231842041,
      "mean": 0.1451546931018432,
      "std": 0.04046844358936811,
      "p95": 0.21515709161758423,
      "p99": 0.23637686669826508
    },
    "loss": {
      "count": 60,
      "min": 1.5955920219421387,
      "max": 1.6361620426177979,
      "mean": 1.6154985447724661,
      "std": 0.009459874898284653,
      "p95": 1.632383108139038,
      "p99": 1.635504126548767
    }
  },
  "trajectories": {
    "compute_times": [
      0.13130620000083582,
      0.12260439999954542,
      0.015178199999354547,
      0.030907399999705376,
      0.01115159999972093,
      0.010341699999116827,
      0.012311499998759245,
      0.016110600001411512,
      0.009203499997965991,
      0.008459699998638825,
      0.008454299997538328,
      0.008256000000983477,
      0.009729000001243548,
      0.007391000002826331,
      0.008553499999834457,
      0.008780000000115251,
      0.009043199999723583,
      0.0084753000010096,
      0.008911700002499856,
      0.00831349999862141,
      0.008560400001442758,
      0.0090829999971902,
      0.00862339999730466,
      0.00891070000216132,
      0.00813160000325297,
      0.009698699999717064,
      0.010268800000631018,
      0.009776700000657002,
      0.008693600000697188,
      0.008788699997239746,
      0.007884700000431621,
      0.009902499998133862,
      0.009394299999257782,
      0.008877599997504149,
      0.008150300000124844,
      0.00886739999987185,
      0.008648499999253545,
      0.009136600001511397,
      0.010556099998211721,
      0.009719300000142539,
      0.009173999998893123,
      0.010266699999192497,
      0.010059300002467353,
      0.010426000000734348,
      0.009738900000229478,
      0.01272629999948549,
      0.010456500000145752,
      0.010051299999759067,
      0.009921599998051533,
      0.010629299998981878,
      0.009143600000243168,
      0.009490200001891935,
      0.008500299998559058,
      0.009533899999951245,
      0.009320900000602705,
      0.009703499999886844,
      0.0075939999987895135,
      0.009190400000079535,
      0.008057800001552096,
      0.008542600000509992
    ],
    "sync_times": [
      0.01575550000052317,
      0.002901100000599399,
      0.0024941000010585412,
      0.0025950999988708645,
      0.0025354999997944105,
      0.002675300002010772,
      0.0025081999992835335,
      0.002515800002584001,
      0.0022446000002673827,
      0.0021159999996598344,
      0.002175800000259187,
      0.002249099998152815,
      0.0023156000024755485,
      0.0031248000013874844,
      0.002281199998833472,
      0.002256899999338202,
      0.0022777000012865756,
      0.0023652000018046238,
      0.0021459999989019707,
      0.002324899996892782,
      0.002233799998066388,
      0.0022283999969658908,
      0.0022331000000122003,
      0.0024069999999483116,
      0.002749200000835117,
      0.0022257000018726103,
      0.002427800001896685,
      0.002490599999873666,
      0.0021713999994972255,
      0.002152999997633742,
      0.0022431999968830496,
      0.0023492000000260305,
      0.002232199996797135,
      0.0022374000000127126,
      0.002340600000025006,
      0.002216799999587238,
      0.002121500001521781,
      0.0024128000004566275,
      0.0024312999994435813,
      0.002254499999253312,
      0.0023080999999365304,
      0.0024015999988478143,
      0.0023624999994353857,
      0.0024486000002070796,
      0.0025055000005522743,
      0.0027449000008346047,
      0.0024474999991070945,
      0.0023824000018066727,
      0.002536099997087149,
      0.0023843999988457654,
      0.0021973999973852187,
      0.002231700000265846,
      0.002544700000726152,
      0.002411100002063904,
      0.002356199998757802,
      0.002226200002041878,
      0.0022501999992528,
      0.002330499999516178,
      0.0022208999980648514,
      0.0022184999979799613
    ],
    "optim_times": [
      0.0012693999997281935,
      0.0006819000009272713,
      0.0006749999993189704,
      0.0006226000004971866,
      0.0006613000005017966,
      0.0006408000008377712,
      0.0006219999995664693,
      0.0006351000010909047,
      0.0005963000003248453,
      0.0006157000025268644,
      0.0005999999993946403,
      0.0006240999973670114,
      0.0006054999976186082,
      0.0005627999998978339,
      0.0006246999982977286,
      0.0006229999999050051,
      0.0006382000028679613,
      0.0006027000017638784,
      0.0005913000022701453,
      0.0006030000004102476,
      0.0006274999977904372,
      0.0006098999983805697,
      0.0006321000000752974,
      0.0006519999988086056,
      0.0007010000008449424,
      0.0006093999982113019,
      0.0006062000029487535,
      0.0006408000008377712,
      0.0006232000014279038,
      0.0005956999993941281,
      0.0006044000001566019,
      0.0006055999983800575,
      0.0006276000021898653,
      0.0005829000001540408,
      0.000605500001256587,
      0.0005964999982097652,
      0.0006229000027815346,
      0.0005979999987175688,
      0.0006640999999945052,
      0.0005645000019285362,
      0.0006721000027027912,
      0.0006194000015966594,
      0.0006071999996493105,
      0.0006076000026951078,
      0.0006199999988893978,
      0.0005998000015097205,
      0.0006112000010034535,
      0.0006045000009180512,
      0.0006361000014294405,
      0.0006107000008341856,
      0.0005970999991404824,
      0.0006317000006674789,
      0.0006388000001606997,
      0.0006236000008357223,
      0.0006089999988034833,
      0.0005931999985477887,
      0.0006239000031200703,
      0.000623500000074273,
      0.0005855999988853,
      0.0006224000026122667
    ],