{
  "rank": 7,
  "world_size": 8,
  "num_steps": 60,
  "statistics": {
    "compute": {
      "count": 60,
      "min": 0.02737620000334573,
      "max": 0.22850649999963935,
      "mean": 0.0812740933333771,
      "std": 0.04613799523955,
      "p95": 0.1703577000007499,
      "p99": 0.20200390000172774
    },
    "sync": {
      "count": 60,
      "min": 0.012396599999192404,
      "max": 0.43350009999994654,
      "mean": 0.030322080000163017,
      "std": 0.05339036389895695,
      "p95": 0.053581000000122,
      "p99": 0.07006030000047758
    },
    "optim": {
      "count": 60,
      "min": 0.0008544000011170283,
      "max": 0.00697280000167666,
      "mean": 0.0017106150001685212,
      "std": 0.0011223372733367859,
      "p95": 0.0046249000006355345,
      "p99": 0.0051094999980705325
    },
    "iter": {
      "count": 60,
      "min": 0.04370119999657618,
      "max": 0.5067440999991959,
      "mean": 0.11330678833370864,
      "std": 0.07014692711889534,
      "p95": 0.22650969999813242,
      "p99": 0.25948049999715295
    },
    "grad_norm": {
      "count": 60,
      "min": 0.178546741604805,
      "max": 0.42565569281578064,
      "mean": 0.25954619124531747,
      "std": 0.05686316543304607,
      "p95": 0.3630068600177765,
      "p99": 0.38520604372024536
    },
    "loss": {
      "count": 60,
      "min": 2.2704594135284424,
      "max": 2.3319318294525146,
      "mean": 2.3038248817125955,
      "std": 0.011470649947520952,
      "p95": 2.323244571685791,
      "p99": 2.329299211502075
    }
  },
  "trajectories": {
    "compute_times": [
      0.07164569999804371,
      0.1355026999990514,
      0.06473610000102781,
      0.034914500000013504,
      0.10521929999958957,
      0.06612390000009327,
      0.030731099999684375,
      0.10037430000011227,
      0.06959750000169151,
      0.10146809999787365,
      0.031100300002435688,
      0.07357419999971171,
      0.09753619999901275,
      0.09487569999691914,
      0.036199100002704654,
      0.09942790000059176,
      0.06292190000021947,
      0.12744050000037532,
      0.06894580000152928,
      0.038436899998487206,
      0.029536300000472693,
      0.1317094999976689,
      0.10571609999897191,
      0.06543949999831966,
      0.07228549999854295,
      0.032712500000343425,
      0.10621739999987767,
      0.04068289999850094,
      0.10380340000119759,
      0.030104899997240864,
      0.10750560000087717,
      0.10149699999965378,
      0.039799300000595395,
      0.1016581000003498,
      0.08589109999957145,
      0.0358689000022423,
      0.10040339999977732,
      0.13950219999969704,
      0.1703577000007499,
      0.030098899998847628,
      0.0959333000027982,
      0.09588140000050771,
      0.10280190000048606,
      0.22850649999963935,
      0.12855619999754708,
      0.036267299998144154,
      0.03216900000188616,
      0.04305899999963003,
      0.10826910000105272,
      0.20200390000172774,
      0.038664600000629434,
      0.11463740000181133,
      0.06955129999914789,
      0.042873900001723086,
      0.20082639999964158,
      0.04431530000147177,
      0.031936100000166334,
      0.0291810999988229,
      0.02737620000334573,
      0.06207379999978002
    ],
    "sync_times": [
      0.43350009999994654,
      0.02223969999977271,
      0.0230403000023216,
      0.04146319999927073,
      0.02076639999722829,
      0.025942500000383006,
      0.016001899999537272,
      0.053581000000122,
      0.07006030000047758,
      0.014045600000827108,
      0.05425610000020242,
      0.020201800001814263,
      0.02727930000037304,
      0.01363610000043991,
      0.017888599999423604,
      0.017703999998047948,
      0.02329939999981434,
      0.020136099999945145,
      0.01968240000132937,
      0.023876200000813697,
      0.01659010000003036,
      0.018344000000070082,
      0.027655000001686858,
      0.025115100001130486,
      0.020556999999826076,
      0.026209799998468952,
      0.024194000001443783,
      0.014140200000838377,
      0.02696269999796641,
      0.012396599999192404,
      0.02065520000178367,
      0.017936800002644304,
      0.013150499999028398,
      0.021866400002181763,
      0.02012499999909778,
      0.016146400001161965,
      0.029372700002568308,
      0.026117200002772734,
      0.024800299997878028,
      0.017203000003064517,
      0.018284599998878548,
      0.015810999997484032,
      0.021423800000775373,
      0.02586449999944307,
      0.030155799999192823,
      0.020620600000256673,
      0.03132790000017849,
      0.018646000000444474,
      0.02246740000191494,
      0.023936800000228686,
      0.02335300000049756,
      0.02265600000100676,
      0.02390960000047926,
      0.025310900000476977,
      0.024634599998535123,
      0.01901429999998072,
      0.018827199997758726,
      0.019861699998728,
      0.019913899999664864,
      0.015166199998930097
    ],
    "optim_times": [
      0.0015983000012056436,
      0.001372599999740487,
      0.001253099999303231,
      0.003023699999175733,
      0.000978600000962615,
      0.0009748999982548412,
      0.0009258999998564832,
      0.001580100000865059,
      0.0013800000015180558,
      0.0009968000013031997,
      0.0027742999991460238,
      0.0015821000015421305,
      0.0010194999995292164,
      0.0011749000004783738,
      0.0011721000009856652,
      0.0012337000007391907,
      0.002169100000173785,
      0.0010900000015681144,
      0.0012166000014985912,
      0.0011336000025039539,
      0.0008544000011170283,
      0.001427200000762241,
      0.001106299998355098,
      0.0022759999992558733,
      0.0013055999988864642,
      0.0012695000004896428,
      0.003165199999784818,
      0.0010142999999516178,
      0.0015595000004395843,
      0.0011997000001429114,
      0.0010590000019874424,
      0.0014970000011089724,
      0.0010943000015686266,
      0.004703999999037478,
      0.0019831999998132233,
      0.0010550999977567699,
      0.0012014999992970843,
      0.0017083999991882592,
      0.0012719999976980034,
      0.0009716999993543141,
      0.0012305999989621341,
      0.0009556000004522502,
      0.001053499996487517,
      0.0051094999980705325,
      0.0017059999991033692,
      0.0015641000027244445,
      0.0015306999994209036,
      0.0012704000000667293,
      0.00697280000167666,
      0.001551500001369277,
      0.0012373999998089857,
      0.0046249000006355345,
      0.0022712999998475425,
      0.0016211000001931097,
      0.0010486999999557156,
      0.0013515999999071937,
      0.0025526999997964595,
      0.0015768000012030825,
      0.0019510000020090956,
      0.0010829000020748936
    ],