{
  "rank": 3,
  "world_size": 8,
  "num_steps": 60,
  "statistics": {
    "compute": {
      "count": 60,
      "min": 0.007193400000687689,
      "max": 0.017518099997687386,
      "mean": 0.010405763332952726,
      "std": 0.0022973268495317324,
      "p95": 0.014424499997403473,
      "p99": 0.015360699999291683
    },
    "sync": {
      "count": 60,
      "min": 0.012829499999497784,
      "max": 0.07296219999989262,
      "mean": 0.03541080499999225,
      "std": 0.012710954010289344,
      "p95": 0.05780170000070939,
      "p99": 0.06277780000164057
    },
    "optim": {
      "count": 60,
      "min": 0.0008123000006889924,
      "max": 0.00435260000085691,
      "mean": 0.0012636416669314107,
      "std": 0.0005750193487246304,
      "p95": 0.0020334000000730157,
      "p99": 0.002998299998580478
    },
    "iter": {
      "count": 60,
      "min": 0.02190379999956349,
      "max": 0.08812949999628472,
      "mean": 0.04708020999987639,
      "std": 0.01250213993804527,
      "p95": 0.06894109999848297,
      "p99": 0.07242980000228272
    },
    "grad_norm": {
      "count": 60,
      "min": 0.32315173745155334,
      "max": 0.3546542227268219,
      "mean": 0.33557276129722596,
      "std": 0.007821478819641233,
      "p95": 0.3504560589790344,
      "p99": 0.35186511278152466
    },
    "loss": {
      "count": 60,
      "min": 2.2737951278686523,
      "max": 2.3445181846618652,
      "mean": 2.309690805276235,
      "std": 0.01672779338361168,
      "p95": 2.3367223739624023,
      "p99": 2.34135103225708
    }
  },
  "trajectories": {
    "compute_times": [
      0.013659499996720115,
      0.017518099997687386,
      0.01148740000280668,
      0.007930499999929452,
      0.011174600000231294,
      0.014424499997403473,
      0.010404299999208888,
      0.012986599998839665,
      0.010155300002224976,
      0.010743599999841535,
      0.009379499999340624,
      0.01377399999910267,
      0.0075213999989500735,
      0.00845599999956903,
      0.007193400000687689,
      0.010368399998696987,
      0.00843180000083521,
      0.008144399998855079,
      0.007284300001629163,
      0.011113999997178325,
      0.010143499999685446,
      0.01074240000161808,
      0.00797979999697418,
      0.008384900000237394,
      0.011905499999556923,
      0.008257199999206932,
      0.007201799999165814,
      0.012670399999478832,
      0.010559999998804415,
      0.012599400000908645,
      0.009707400000479538,
      0.008897100000467617,
      0.009548599999106955,
      0.012188799999421462,
      0.011867199998960132,
      0.01140780000059749,
      0.009872399998130277,
      0.011326899999403395,
      0.007250999999087071,
      0.009412800001882715,
      0.011785999999119667,
      0.008455200000753393,
      0.007411399998090928,
      0.011455200001364574,
      0.011871899998368463,
      0.011452999999164604,
      0.009698600002593594,
      0.007831300001271302,
      0.007753600002615713,
      0.011678199996822514,
      0.011659799998597009,
      0.0122477999975672,
      0.007990099999005906,
      0.007306300001800992,
      0.008743100002902793,
      0.009725399999297224,
      0.009683599997515557,
      0.014744199997949181,
      0.015360699999291683,
      0.013413900000159629
    ],
    "sync_times": [
      0.07296219999989262,
      0.022293899997748667,
      0.04371450000326149,
      0.06012669999836362,
      0.024669599999469938,
      0.024595999999291962,
      0.02697519999856013,
      0.01914010000109556,
      0.056353300002228934,
      0.03222099999766215,
      0.043068399998446694,
      0.04714819999935571,
      0.028255600002012216,
      0.04590040000039153,
      0.06277780000164057,
      0.05780170000070939,
      0.05429250000088359,
      0.045311000001674984,
      0.0411311999996542,
      0.028166500000224914,
      0.01911389999804669,
      0.041144699996948475,
      0.04036669999914011,
      0.027844500000355765,
      0.03734540000004927,
      0.025848200002656085,
      0.02747599999929662,
      0.043743399997765664,
      0.04410529999950086,
      0.046733600000152364,
      0.030804100002569612,
      0.04756699999779812,
      0.03589049999936833,
      0.027418699999543605,
      0.01733109999986482,
      0.04645590000291122,
      0.029661399999895366,
      0.012829499999497784,
      0.035410699998465134,
      0.034079799999744864,
      0.045550200000434415,
      0.03384910000022501,
      0.012990499999432359,
      0.029241399999591522,
      0.027339099997334415,
      0.02117319999888423,
      0.03382010000132141,
      0.03619760000219685,
      0.015626899999915622,
      0.038932900002691895,
      0.02357829999891692,
      0.031292499999835854,
      0.04637950000324054,
      0.040934199998446275,
      0.023231300001498312,
      0.04357470000104513,
      0.03826199999821256,
      0.030257400001573842,
      0.022497199999634176,
      0.021843999998964136
    ],
    "optim_times": [
      0.0015077999996719882,
      0.001137900002504466,
      0.0012022000009892508,
      0.0008839000001898967,
      0.0008889000018825755,
      0.0010999000005540438,
      0.0010503000012249686,
      0.00435260000085691,
      0.0012419999984558672,
      0.0010370000018156134,
      0.0009090999992622528,
      0.0011348000007274095,
      0.000998200001049554,
      0.0008455999995931052,
      0.0024585999999544583,
      0.0008995000025606714,
      0.0012124999993829988,
      0.0008123000006889924,
      0.0012927999996463768,
      0.0009491999990132172,
      0.0009601999990991317,
      0.0014143000007607043,
      0.00101379999978235,
      0.0008264000025519636,
      0.0013694000008399598,
      0.0012986000001546927,
      0.0015628000001015607,
      0.0009328999985882547,
      0.001210200000059558,
      0.0011663000004773494,
      0.0008744000006117858,
      0.0012073999969288707,
      0.002011200002016267,
      0.001686600000539329,
      0.001032599997415673,
      0.001240400000824593,
      0.0008678999984113034,
      0.0009195999991788995,
      0.0008243000011134427,
      0.0010607000003801659,
      0.0008773999979894143,
      0.0008773000008659437,
      0.0015019000020402018,
      0.001534300001367228,
      0.0011359000018273946,
      0.0020334000000730157,
      0.0008275000000139698,
      0.0010762000019894913,
      0.0010654999969119672,
      0.002009599997109035,
      0.0014536000016960315,
      0.0009771000004548114,
      0.0012258000024303328,
      0.0017082000013033394,
      0.0010892999998759478,
      0.0011016999997082166,
      0.0010779000003822148,
      0.0008808999991742894,
      0.0009716000022308435,
      0.002998299998580478
    ],