{
  "rank": 2,
  "world_size": 8,
  "num_steps": 60,
  "statistics": {
    "compute": {
      "count": 60,
      "min": 0.006785099998523947,
      "max": 0.02222070000061649,
      "mean": 0.011752886666545236,
      "std": 0.0030577127513549945,
      "p95": 0.016369400000257883,
      "p99": 0.01673099999970873
    },
    "sync": {
      "count": 60,
      "min": 0.009468100000958657,
      "max": 0.07219900000200141,
      "mean": 0.03430264166672714,
      "std": 0.014694584751272102,
      "p95": 0.06154650000098627,
      "p99": 0.07037140000102227
    },
    "optim": {
      "count": 60,
      "min": 0.0007670000013604295,
      "max": 0.0029383000000962056,
      "mean": 0.0011562883336106702,
      "std": 0.00040071984180702346,
      "p95": 0.0019758999987971038,
      "p99": 0.0023839000023144763
    },
    "iter": {
      "count": 60,
      "min": 0.018561799999588402,
      "max": 0.08452590000160853,
      "mean": 0.047211816666883046,
      "std": 0.014228295797083219,
      "p95": 0.07529890000296291,
      "p99": 0.07924310000089463
    },
    "grad_norm": {
      "count": 60,
      "min": 0.32315173745155334,
      "max": 0.3546542227268219,
      "mean": 0.33557276129722596,
      "std": 0.007821478819641233,
      "p95": 0.3504560589790344,
      "p99": 0.35186511278152466
    },
    "loss": {
      "count": 60,
      "min": 2.2604153156280518,
      "max": 2.3574869632720947,
      "mean": 2.3058444619178773,
      "std": 0.021895868519627985,
      "p95": 2.334763526916504,
      "p99": 2.3516201972961426
    }
  },
  "trajectories": {
    "compute_times": [
      0.015371399997093249,
      0.02222070000061649,
      0.012696600002527703,
      0.010597600001347018,
      0.011178400000062538,
      0.010770400000183145,
      0.013271200001327088,
      0.012705500001175096,
      0.013814500001899432,
      0.011099699997430434,
      0.009410499998921296,
      0.012887299999420065,
      0.009444399998756126,
      0.008104699998511933,
      0.007145600000512786,
      0.010830399998667417,
      0.006785099998523947,
      0.00821649999852525,
      0.007307100000616629,
      0.011723100000381237,
      0.011476399999082787,
      0.0088504000013927,
      0.008258999998361105,
      0.007562300001154654,
      0.013632400001370115,
      0.008657200000016019,
      0.00810529999944265,
      0.00958109999919543,
      0.012286600001971237,
      0.015098699997906806,
      0.01673099999970873,
      0.008253699998022057,
      0.016369400000257883,
      0.01566140000068117,
      0.01435000000128639,
      0.011282599996775389,
      0.013891400001739385,
      0.01104990000021644,
      0.01096269999834476,
      0.014466699998592958,
      0.014261799999076175,
      0.008641600001283223,
      0.010766499999590451,
      0.009508299997833092,
      0.013060699999186909,
      0.01296590000129072,
      0.015704099998401944,
      0.008264500000223052,
      0.01178760000038892,
      0.010415100001409883,
      0.013546999998652609,
      0.012838499998906627,
      0.00751010000021779,
      0.008691600000020117,
      0.014321000002382789,
      0.013651299999764888,
      0.010075199999846518,
      0.016480900001624832,
      0.016023100000893464,
      0.014549499999702675
    ],
    "sync_times": [
      0.047962399999960326,
      0.023963700001331745,
      0.03605030000107945,
      0.06352129999868339,
      0.029506599999876926,
      0.018219999998109415,
      0.029220600001281127,
      0.018330300001252908,
      0.06154650000098627,
      0.03148890000011306,
      0.041077299996686634,
      0.030318000000988832,
      0.04205839999849559,
      0.07037140000102227,
      0.039569299999129726,
      0.07219900000200141,
      0.061390599999867845,
      0.009468100000958657,
      0.05561410000154865,
      0.021413599999505095,
      0.027597199998126598,
      0.04950690000259783,
      0.011324600000079954,
      0.039930299997649854,
      0.022801800001616357,
      0.055109400000219466,
      0.013080200002150377,
      0.03997720000188565,
      0.045185099999798695,
      0.03884440000183531,
      0.04861220000020694,
      0.023780000003171153,
      0.037888299997575814,
      0.02785089999815682,
      0.024433499998849584,
      0.04136679999646731,
      0.03865179999775137,
      0.022562699999980396,
      0.013388299998041475,
      0.034483699997508666,
      0.029399600000033388,
      0.032458100002259016,
      0.0361802000006719,
      0.02420659999916097,
      0.02540949999820441,
      0.01838079999652109,
      0.01955160000215983,
      0.030779600001551444,
      0.038209700000152225,
      0.037561200002528494,
      0.02344710000033956,
      0.017360699999699136,
      0.03733730000021751,
      0.053488300000026356,
      0.017649000001256354,
      0.037287400002242066,
      0.05092109999895911,
      0.02864910000062082,
      0.019743699998798547,
      0.020472200001677265
    ],
    "optim_times": [
      0.0013641000005009118,
      0.0010811000029207207,
      0.0010339000000385568,
      0.001180000002932502,
      0.0011109000006399583,
      0.0012386999987938907,
      0.0010074999991047662,
      0.001332100000581704,
      0.0010074000019812956,
      0.0011407000019971747,
      0.0010817000002134591,
      0.0009707999997772276,
      0.0008856999993440695,
      0.0007670000013604295,
      0.0011604999999690335,
      0.0014965000009397045,
      0.0009393000000272878,
      0.0008772000001044944,
      0.0008903000016289297,
      0.002219800000602845,
      0.0009444000024814159,
      0.0009133000021392945,
      0.0008584999995946418,
      0.001548600001115119,
      0.0008458999982394744,
      0.0013435000000754371,
      0.0010872999991988763,
      0.0012781999976141378,
      0.0010848000019905157,
      0.0008747000028961338,
      0.0008751999994274229,
      0.0008508999999321532,
      0.0009371000014652964,
      0.0009970999999495689,
      0.0008454999988316558,
      0.0008651000025565736,
      0.0009892999987641815,
      0.0009802999993553385,
      0.001136499999120133,
      0.0023839000023144763,
      0.001038500002323417,
      0.0008323000001837499,
      0.0010853999992832541,
      0.0009029000029840972,
      0.0019758999987971038,
      0.001080599999113474,
      0.0008823000025586225,
      0.0012497999996412545,
      0.000934600000618957,
      0.0015623999970557634,
      0.0029383000000962056,
      0.0011006999993696809,
      0.000974299997324124,
      0.0010853999992832541,
      0.00170810000054189,
      0.0008464000020467211,
      0.0010374999983469024,
      0.0010952999982691836,
      0.0017331999988527969,
      0.0008880999994289596
    ],