{
  "rank": 7,
  "world_size": 8,
  "num_steps": 60,
  "statistics": {
    "compute": {
      "count": 60,
      "min": 0.006667999998171581,
      "max": 0.014440800001466414,
      "mean": 0.00933348333358784,
      "std": 0.0018515589525921932,
      "p95": 0.012467800002923468,
      "p99": 0.013942000001406996
    },
    "sync": {
      "count": 60,
      "min": 0.01555259999804548,
      "max": 0.09493529999963357,
      "mean": 0.037251241666308485,
      "std": 0.01363047332565638,
      "p95": 0.061611099998117425,
      "p99": 0.0677741999970749
    },
    "optim": {
      "count": 60,
      "min": 0.000741399999242276,
      "max": 0.003248700002586702,
      "mean": 0.0011099550000532568,
      "std": 0.0004202411756547106,
      "p95": 0.002006200000323588,
      "p99": 0.00244609999936074
    },
    "iter": {
      "count": 60,
      "min": 0.025567700002284255,
      "max": 0.11096520000137389,
      "mean": 0.047694679999949585,
      "std": 0.014084584713608213,
      "p95": 0.07038029999966966,
      "p99": 0.07753859999866108
    },
    "grad_norm": {
      "count": 60,
      "min": 0.32315173745155334,
      "max": 0.3546542227268219,
      "mean": 0.33557276129722596,
      "std": 0.007821478819641233,
      "p95": 0.3504560589790344,
      "p99": 0.35186511278152466
    },
    "loss": {
      "count": 60,
      "min": 2.2660951614379883,
      "max": 2.3587985038757324,
      "mean": 2.3107425212860107,
      "std": 0.018909023753816576,
      "p95": 2.3388121128082275,
      "p99": 2.347642660140991
    }
  },
  "trajectories": {
    "compute_times": [
      0.013942000001406996,
      0.010536300000239862,
      0.009562900002492825,
      0.008157399999618065,
      0.008287700002256315,
      0.00840779999998631,
      0.009314200000517303,
      0.011973200002103113,
      0.00788509999983944,
      0.0087271000011242,
      0.007239899998239707,
      0.012025799998809816,
      0.007729100001597544,
      0.008630600001197308,
      0.007673899999645073,
      0.00802780000230996,
      0.007114799998817034,
      0.007640200001333142,
      0.00686409999980242,
      0.012467800002923468,
      0.009064900001249043,
      0.007140199999412289,
      0.008925800000724848,
      0.008781699998507975,
      0.008144899999024346,
      0.007428600001730956,
      0.007275600000866689,
      0.012270499999431195,
      0.010857400000531925,
      0.00930789999983972,
      0.009648200000810903,
      0.009394400000019232,
      0.009889000000839587,
      0.010162400001718197,
      0.009291099999245489,
      0.010701199997129152,
      0.012438099998689722,
      0.01279150000118534,
      0.009802299999137176,
      0.009050199998455355,
      0.00925229999847943,
      0.008096499997918727,
      0.006667999998171581,
      0.007640300002094591,
      0.0087149999999383,
      0.008723099999770056,
      0.010931900000286987,
      0.008859000001393724,
      0.007131800000934163,
      0.011657400002150098,
      0.011921699999220436,
      0.01025369999842951,
      0.007699599998886697,
      0.006776200003514532,
      0.01127230000201962,
      0.00931279999713297,
      0.007655800000065938,
      0.008179100001143524,
      0.014440800001466414,
      0.010248099999444094
    ],
    "sync_times": [
      0.09493529999963357,
      0.02438859999892884,
      0.04768239999975776,
      0.0627329999988433,
      0.029627799998706905,
      0.020733599998493446,
      0.024260700000013458,
      0.035170499999367166,
      0.05852919999961159,
      0.03533860000243294,
      0.032475100000738166,
      0.04418179999993299,
      0.028649700001551537,
      0.0677741999970749,
      0.05435859999852255,
      0.061611099998117425,
      0.05148869999902672,
      0.048763400001917034,
      0.031219899999996414,
      0.03564819999883184,
      0.03332899999804795,
      0.03473619999931543,
      0.030147900000883965,
      0.03976389999661478,
      0.02930430000196793,
      0.026770500000566244,
      0.031002300002000993,
      0.04393770000024233,
      0.04683670000304119,
      0.043960499999229796,
      0.03579700000045705,
      0.041323800000100164,
      0.04630819999874802,
      0.028444599996873876,
      0.01555259999804548,
      0.0429891999992833,
      0.03559540000060224,
      0.025268099998356774,
      0.02483360000042012,
      0.04283420000137994,
      0.04272299999865936,
      0.03141699999832781,
      0.02781680000043707,
      0.02187499999854481,
      0.03304209999987506,
      0.019822199999907752,
      0.03555889999915962,
      0.03508199999851058,
      0.017417200000636512,
      0.04497059999994235,
      0.030956200000218814,
      0.0376378000000841,
      0.03540580000117188,
      0.033121799999207724,
      0.027966499998001382,
      0.05561880000095698,
      0.040503000000171596,
      0.027307100001053186,
      0.021894999998039566,
      0.02663159999792697
    ],
    "optim_times": [
      0.0020879000003333203,
      0.0009866000000329223,
      0.0011074999965785537,
      0.0015204000010271557,
      0.0010058000007120427,
      0.0017283000015595462,
      0.0009871000002021901,
      0.00244609999936074,
      0.0011336999996274244,
      0.0011602999984461349,
      0.001361999999062391,
      0.0008109999980661087,
      0.0009381000018038321,
      0.0011338000003888737,
      0.0010036999992735218,
      0.000741399999242276,
      0.0009472000019741245,
      0.0008297999993374106,
      0.0009539999991829973,
      0.0008730000008654315,
      0.0009108999984164257,
      0.000958200002060039,
      0.0014564999983122107,
      0.0008324999980686698,
      0.0008706000007805414,
      0.0008701999977347441,
      0.0009179999979096465,
      0.0010476999996171799,
      0.0009355000001960434,
      0.0011640000011539087,
      0.0008683000014571007,
      0.0012013000014121644,
      0.0012144000029365998,
      0.0008350999996764585,
      0.0010154000010516029,
      0.0010555000008025672,
      0.0008383000022149645,
      0.000995499998680316,
      0.0011085999976785388,
      0.0009699999973236118,
      0.003248700002586702,
      0.0008005000017874409,
      0.0010469000008015428,
      0.0010019999972428195,
      0.001025199999276083,
      0.0008605000002717134,
      0.0008300000008603092,
      0.0008169999964593444,
      0.0010187000007135794,
      0.001279600000998471,
      0.0009137000015471131,
      0.0008078999999270309,
      0.0010371999997005332,
      0.0008605000002717134,
      0.0011804000023403205,
      0.0008904000023903791,
      0.0010702000035962556,
      0.0010077000006276648,
      0.0010697999969124794,
      0.002006200000323588
    ],