{
  "rank": 0,
  "world_size": 8,
  "num_steps": 60,
  "statistics": {
    "compute": {
      "count": 60,
      "min": 0.0067882000003010035,
      "max": 0.02354180000111228,
      "mean": 0.013321283333546792,
      "std": 0.003232032785660486,
      "p95": 0.017745299999660347,
      "p99": 0.018964799997775117
    },
    "sync": {
      "count": 60,
      "min": 0.009775499998795567,
      "max": 0.06334760000027018,
      "mean": 0.03200665000022127,
      "std": 0.013002425442372685,
      "p95": 0.05810099999871454,
      "p99": 0.06116459999975632
    },
    "optim": {
      "count": 60,
      "min": 0.0007642999989911914,
      "max": 0.003095000000030268,
      "mean": 0.0012028083333158672,
      "std": 0.00047919214919432397,
      "p95": 0.0020422999987204093,
      "p99": 0.002833499998814659
    },
    "iter": {
      "count": 60,
      "min": 0.024099599995679455,
      "max": 0.07792459999836865,
      "mean": 0.04653074166708393,
      "std": 0.012239203608472622,
      "p95": 0.06923870000173338,
      "p99": 0.0740836999975727
    },
    "grad_norm": {
      "count": 60,
      "min": 0.32315173745155334,
      "max": 0.3546542227268219,
      "mean": 0.33557276129722596,
      "std": 0.007821478819641233,
      "p95": 0.3504560589790344,
      "p99": 0.35186511278152466
    },
    "loss": {
      "count": 60,
      "min": 2.2690606117248535,
      "max": 2.3590638637542725,
      "mean": 2.3079025745391846,
      "std": 0.019562656182064816,
      "p95": 2.3436009883880615,
      "p99": 2.3475401401519775
    }
  },
  "trajectories": {
    "compute_times": [
      0.013213700000051176,
      0.02354180000111228,
      0.015900100002909312,
      0.012534699999378063,
      0.0120561000003363,
      0.016410600001108833,
      0.014034899999387562,
      0.015516899999056477,
      0.01768609999999171,
      0.013192200000048615,
      0.012157299999671523,
      0.015705300000263378,
      0.011569700000109151,
      0.008103100000880659,
      0.008573399998567766,
      0.015863299999182345,
      0.009867699998721946,
      0.008700700000190409,
      0.008939399998780573,
      0.01524020000215387,
      0.012904800001706462,
      0.010330499997508014,
      0.008820499999274034,
      0.01193039999998291,
      0.014877800000249408,
      0.009497600000031525,
      0.010175800001889002,
      0.014264599998568883,
      0.015064999999594875,
      0.014232599998649675,
      0.017745299999660347,
      0.010720900001615519,
      0.018964799997775117,
      0.017159800001536496,
      0.0109310000007099,
      0.01386379999894416,
      0.015588300000672461,
      0.013003299998672446,
      0.009023400001751725,
      0.013842899999872316,
      0.014953300000343006,
      0.009396800000104122,
      0.011784700000134762,
      0.012717600002360996,
      0.016530600001715356,
      0.014734099997440353,
      0.016824000002088724,
      0.012050799999997253,
      0.0153613000002224,
      0.01415380000253208,
      0.01675789999717381,
      0.01835370000117109,
      0.009350899999844842,
      0.008965699998952914,
      0.0141780000012659,
      0.01566390000152751,
      0.0067882000003010035,
      0.016247200001089368,
      0.012402800002746517,
      0.010311400001228321
    ],
    "sync_times": [
      0.013748800000030315,
      0.021970699999656063,
      0.03389180000158376,
      0.06334760000027018,
      0.02154540000265115,
      0.019601100000727456,
      0.02628030000050785,
      0.018208400000730762,
      0.05320619999838527,
      0.033629800000198884,
      0.03898800000024494,
      0.03087299999970128,
      0.026334599999245256,
      0.05810099999871454,
      0.059827900000527734,
      0.05729359999895678,
      0.05205730000307085,
      0.031198100001347484,
      0.05211070000223117,
      0.020264200000383426,
      0.023146100000303704,
      0.03903150000041933,
      0.025239299997338094,
      0.03701809999984107,
      0.023090000002412125,
      0.035930100002588006,
      0.02568510000128299,
      0.040992099999130005,
      0.04337310000119032,
      0.039339500002824934,
      0.031538999999611406,
      0.03794790000029025,
      0.034895199998572934,
      0.02793519999977434,
      0.011788199997681659,
      0.0404683999986446,
      0.031437800000276184,
      0.019480599999951664,
      0.028156199998193188,
      0.03535560000091209,
      0.028400800001691096,
      0.031681500000559026,
      0.02458450000267476,
      0.026124899999558693,
      0.026444300001458032,
      0.01861780000035651,
      0.019378499997401377,
      0.027645799997117138,
      0.025403600000572624,
      0.04200879999916651,
      0.020097399999940535,
      0.01701119999779621,
      0.03604220000124769,
      0.052053900002647424,
      0.018699299998843344,
      0.029192800000600982,
      0.06116459999975632,
      0.029393600001640152,
      0.009775499998795567,
      0.012350500001048204
    ],
    "optim_times": [
      0.0013343999999051448,
      0.0010297000007994939,
      0.001097600001230603,
      0.0020422999987204093,
      0.0010943000015686266,
      0.0014443000000028405,
      0.0010643000023264904,
      0.000993399997241795,
      0.001019100000121398,
      0.0011382000011508353,
      0.001148200000898214,
      0.001070800000888994,
      0.0009429999990970828,
      0.0008665999994263984,
      0.0008374000026378781,
      0.0009267999994335696,
      0.0008665000023029279,
      0.0008601000008638948,
      0.0012051999983668793,
      0.0019481999988784082,
      0.0011163000017404556,
      0.0008368999988306314,
      0.0008849000005284324,
      0.0010134000003745314,
      0.002639199999975972,
      0.0009662000011303462,
      0.001022299999021925,
      0.0017216999985976145,
      0.0010714000018197112,
      0.0013650000000779983,
      0.0007765999980620109,
      0.0010728000015660655,
      0.0010256000023218803,
      0.0017179999995278195,
      0.0013803999972878955,
      0.001008499999443302,
      0.0010349000003770925,
      0.0009675000001152512,
      0.0010069999989354983,
      0.0015710000006947666,
      0.0007956000008562114,
      0.0011174999999639113,
      0.0018662999973457772,
      0.0012365000002318993,
      0.001043999996909406,
      0.0011623000027611852,
      0.0009189000011247117,
      0.0009820999985095114,
      0.0008495000001857989,
      0.0010710999995353632,
      0.00101120000181254,
      0.0007642999989911914,
      0.0007703999981458765,
      0.0010526000005484093,
      0.0008397999990847893,
      0.0008344999987457413,
      0.0011247000002185814,
      0.0016686999988451134,
      0.002833499998814659,
      0.003095000000030268
    ],