{
  "rank": 1,
  "world_size": 8,
  "num_steps": 60,
  "statistics": {
    "compute": {
      "count": 60,
      "min": 0.007131300000764895,
      "max": 0.019044100001337938,
      "mean": 0.011596738333840525,
      "std": 0.002677171604080799,
      "p95": 0.015861200001381803,
      "p99": 0.01683480000065174
    },
    "sync": {
      "count": 60,
      "min": 0.009749099997861777,
      "max": 0.13750749999962864,
      "mean": 0.03544849833318343,
      "std": 0.018282567054184993,
      "p95": 0.058864300001005176,
      "p99": 0.0639642999994976
    },
    "optim": {
      "count": 60,
      "min": 0.0007781999993312638,
      "max": 0.003098199998930795,
      "mean": 0.0012149566666266765,
      "std": 0.00048397846518298505,
      "p95": 0.002310399999259971,
      "p99": 0.0026995000007445924
    },
    "iter": {
      "count": 60,
      "min": 0.020822999998927116,
      "max": 0.15075139999680687,
      "mean": 0.04826019333365063,
      "std": 0.01771275244577296,
      "p95": 0.07010029999582912,
      "p99": 0.07705820000046515
    },
    "grad_norm": {
      "count": 60,
      "min": 0.32315173745155334,
      "max": 0.3546542227268219,
      "mean": 0.33557276129722596,
      "std": 0.007821478819641233,
      "p95": 0.3504560589790344,
      "p99": 0.35186511278152466
    },
    "loss": {
      "count": 60,
      "min": 2.248142957687378,
      "max": 2.373262405395508,
      "mean": 2.3118778904279074,
      "std": 0.022611846184573913,
      "p95": 2.3413021564483643,
      "p99": 2.347897529602051
    }
  },
  "trajectories": {
    "compute_times": [
      0.010145699998247437,
      0.019044100001337938,
      0.0117753000013181,
      0.012144600001192885,
      0.011120200000732439,
      0.015183100000285776,
      0.012492599998950027,
      0.01428210000085528,
      0.010832700001628837,
      0.01235129999986384,
      0.00878750000265427,
      0.011141099999804283,
      0.008800899999187095,
      0.007131300000764895,
      0.007693400002608541,
      0.011334099999658065,
      0.00827719999870169,
      0.0077782000007573515,
      0.008045300000958377,
      0.011445600001025014,
      0.012166500000603264,
      0.010799499999848194,
      0.0076962999992247205,
      0.008725699997739866,
      0.011854000000312226,
      0.007869199998822296,
      0.008773800000199117,
      0.011011499998858199,
      0.012237900002219249,
      0.012792500001523877,
      0.014907900000252994,
      0.010085199999593897,
      0.01683480000065174,
      0.015861200001381803,
      0.01367019999815966,
      0.01396029999887105,
      0.010932400000456255,
      0.01027780000003986,
      0.007880799999838928,
      0.013046900003246265,
      0.01224039999942761,
      0.009415800002898322,
      0.01037499999802094,
      0.011491200002637925,
      0.014588100002583815,
      0.012965300000360003,
      0.01523069999893778,
      0.008692300001712283,
      0.011216900002182228,
      0.012702300002274569,
      0.014138300000922754,
      0.015221900001051836,
      0.00970930000039516,
      0.00772290000168141,
      0.013861600000382168,
      0.01149029999942286,
      0.009118099998886464,
      0.016385200000513578,
      0.014488000000710599,
      0.013560000003053574
    ],
    "sync_times": [
      0.13750749999962864,
      0.01886430000013206,
      0.034510299999965355,
      0.0639642999994976,
      0.024311599998327438,
      0.021883099998376565,
      0.03072279999832972,
      0.017760599999746773,
      0.05380259999947157,
      0.03643709999960265,
      0.04587030000038794,
      0.030240199997933814,
      0.027899799999431707,
      0.058864300001005176,
      0.06300059999921359,
      0.05796369999734452,
      0.05374130000200239,
      0.04659629999878234,
      0.04835349999848404,
      0.014271200001530815,
      0.024570800000219606,
      0.03917139999975916,
      0.04122619999907329,
      0.027877900000021327,
      0.024380599999858532,
      0.03409059999830788,
      0.033262000000831904,
      0.039518200002930826,
      0.05084000000351807,
      0.037326300000131596,
      0.031597199998941505,
      0.03825489999871934,
      0.04078939999817521,
      0.02651020000121207,
      0.017080800000258023,
      0.04695519999950193,
      0.03160059999936493,
      0.009749099997861777,
      0.03053899999940768,
      0.035086100000626175,
      0.04400759999771253,
      0.014973800000007031,
      0.02607960000023013,
      0.03062300000237883,
      0.02845549999983632,
      0.015932999998767627,
      0.021858300002350006,
      0.030730300000868738,
      0.02788900000086869,
      0.04169719999845256,
      0.02216000000044005,
      0.030722999999852618,
      0.03428189999976894,
      0.042022699999506585,
      0.020856800001638476,
      0.0426898000005167,
      0.04073140000036801,
      0.028819400002248585,
      0.013763399998424575,
      0.021622299998853123
    ],
    "optim_times": [
      0.003098199998930795,
      0.0014015999986440875,
      0.0009133000021392945,
      0.0009492999997746665,
      0.0008878000007825904,
      0.0009404000011272728,
      0.0010727000008046161,
      0.0026591999994707294,
      0.0018168999995396007,
      0.000856399998156121,
      0.0010898000000452157,
      0.0009540999999444466,
      0.0008219999981520232,
      0.0008689999995112885,
      0.001284700003452599,
      0.0008024999988265336,
      0.0008883999980753288,
      0.0008408000030613039,
      0.0014771999994991347,
      0.0008732999995118007,
      0.0009290000016335398,
      0.0008659999984956812,
      0.00104750000173226,
      0.0011005999986082315,
      0.0010884000002988614,
      0.0010289999991073273,
      0.0010928999981842935,
      0.001282000001083361,
      0.0008716000011190772,
      0.0014448000001721084,
      0.000910999999177875,
      0.000994999998511048,
      0.001041100000293227,
      0.0010476999996171799,
      0.002021600001171464,
      0.0011851999988721218,
      0.0007781999993312638,
      0.0007961000010254793,
      0.0012669999996433035,
      0.000962399997661123,
      0.0008390000002691522,
      0.0015934000002744142,
      0.001172000000224216,
      0.0015929000001051463,
      0.001098900000215508,
      0.0009862000006251037,
      0.0009281000020564534,
      0.0010056999999505933,
      0.001693000001978362,
      0.001258399999642279,
      0.002310399999259971,
      0.0009204999987559859,
      0.0009911999986798037,
      0.0013098000017635059,
      0.0009094000015466008,
      0.0013820999993185978,
      0.0009911999986798037,
      0.0012748000008286908,
      0.0016861999974935316,
      0.0026995000007445924
    ],