{
  "rank": 7,
  "world_size": 8,
  "num_steps": 10,
  "statistics": {
    "compute": {
      "count": 10,
      "min": 0.014910899997630622,
      "max": 0.0744382000011683,
      "mean": 0.024575559999357212,
      "std": 0.01679600713391902,
      "p95": 0.025030200002220226,
      "p99": 0.025030200002220226
    },
    "sync": {
      "count": 10,
      "min": 0.008797800001048017,
      "max": 0.027449600002000807,
      "mean": 0.012137409999559168,
      "std": 0.005187673932602375,
      "p95": 0.011807599999883678,
      "p99": 0.011807599999883678
    },
    "optim": {
      "count": 10,
      "min": 0.0006518000009236857,
      "max": 0.001346900000498863,
      "mean": 0.0008060700001806254,
      "std": 0.00018790031404942718,
      "p95": 0.0008173999995051417,
      "p99": 0.0008173999995051417
    },
    "iter": {
      "count": 10,
      "min": 0.02698919999602367,
      "max": 0.10323470000366797,
      "mean": 0.037519039999097004,
      "std": 0.021999269349002475,
      "p95": 0.034573200002341764,
      "p99": 0.034573200002341764
    },
    "grad_norm": {
      "count": 10,
      "min": 0.15999259054660797,
      "max": 0.44135212898254395,
      "mean": 0.2723010778427124,
      "std": 0.07718379480538178,
      "p95": 0.3397710919380188,
      "p99": 0.3397710919380188
    },
    "loss": {
      "count": 10,
      "min": 1.5346741676330566,
      "max": 1.6995255947113037,
      "mean": 1.6187506556510924,
      "std": 0.04681246075430346,
      "p95": 1.682713508605957,
      "p99": 1.682713508605957
    }
  },
  "trajectories": {
    "compute_times": [
      0.0744382000011683,
      0.019154499997966923,
      0.025030200002220226,
      0.018285399997694185,
      0.01996549999967101,
      0.01869999999689753,
      0.01969210000243038,
      0.014910899997630622,
      0.017298299997491995,
      0.018280500000400934
    ],
    "sync_times": [
      0.027449600002000807,
      0.011016599997674348,
      0.008797800001048017,
      0.009007299999211682,
      0.011137000001326669,
      0.011807599999883678,
      0.009908699998049997,
      0.011280599999736296,
      0.010779599997476907,
      0.010189299999183277
    ],
    "optim_times": [
      0.001346900000498863,
      0.0007879000004322734,
      0.0007451999990735203,
      0.0008173999995051417,
      0.0007875999981479254,
      0.0006518000009236857,
      0.0007479999985662289,
      0.0007976999986567535,
      0.0007161000030464493,
      0.0006621000029554125
    ],
    "iter_times": [
      0.10323470000366797,
      0.030958999996073544,
      0.034573200002341764,
      0.02811009999641101,
      0.031890099999145605,
      0.031159399997704895,
      0.030348799999046605,
      0.02698919999602367,
      0.02879399999801535,
      0.029131900002539624
    ],
    "grad_norms": [
      0.2186502367258072,
      0.15999259054660797,
      0.2814854085445404,
      0.44135212898254395,
      0.2697281837463379,
      0.19138403236865997,
      0.31590893864631653,
      0.3397710919380188,
      0.28079932928085327,
      0.22393883764743805
    ],
    "losses": [
      1.5681264400482178,
      1.608567714691162,
      1.625077724456787,
      1.5976585149765015,
      1.6478078365325928,
      1.6198500394821167,
      1.6995255947113037,
      1.682713508605957,
      1.5346741676330566,
      1.60350501537323
    ],
    "bytes_transferred": [
      27188,
      27188,
      27188,
      27188,
      27188,
      27188,
      27188,
      27188,
      27188,
      27188
    ],
    "epochs": [
      0,
      0,
      0,
      0,
      0,
      0,
      0,
      0,
      0,
      0
    ],
    "steps": [
      0,
      1,
      2,
      3,
      4,
      5,
      6,
      7,
      8,
      9
    ]
  }
}