{
  "rank": 1,
  "world_size": 4,
  "num_steps": 10,
  "statistics": {
    "compute": {
      "count": 10,
      "min": 0.014364899998327019,
      "max": 0.07594650000100955,
      "mean": 0.024511669999628793,
      "std": 0.017835840265792723,
      "p95": 0.0318580999992264,
      "p99": 0.0318580999992264
    },
    "sync": {
      "count": 10,
      "min": 0.00407180000183871,
      "max": 0.018541699999332195,
      "mean": 0.006689430000187712,
      "std": 0.004071910204198676,
      "p95": 0.007222799998999108,
      "p99": 0.007222799998999108
    },
    "optim": {
      "count": 10,
      "min": 0.0006841000031272415,
      "max": 0.001264499998796964,
      "mean": 0.0007782200002111495,
      "std": 0.00016545275871949916,
      "p95": 0.0007908999978099018,
      "p99": 0.0007908999978099018
    },
    "iter": {
      "count": 10,
      "min": 0.01944269999876269,
      "max": 0.09575269999913871,
      "mean": 0.03197932000002766,
      "std": 0.021887135811366504,
      "p95": 0.037534699997195276,
      "p99": 0.037534699997195276
    },
    "grad_norm": {
      "count": 10,
      "min": 0.07786624133586884,
      "max": 0.16770526766777039,
      "mean": 0.11386286169290542,
      "std": 0.026269858157449852,
      "p95": 0.1402418464422226,
      "p99": 0.1402418464422226
    },
    "loss": {
      "count": 10,
      "min": 1.5955290794372559,
      "max": 1.6278499364852905,
      "mean": 1.6174314975738526,
      "std": 0.009183195194046173,
      "p95": 1.6248661279678345,
      "p99": 1.6248661279678345
    }
  },
  "trajectories": {
    "compute_times": [
      0.07594650000100955,
      0.020414399998117005,
      0.014762700000574114,
      0.015935999999783235,
      0.018323500000406057,
      0.014364899998327019,
      0.014570600000297418,
      0.0318580999992264,
      0.021109499997692183,
      0.017830500000854954
    ],
    "sync_times": [
      0.018541699999332195,
      0.007222799998999108,
      0.004952499999490101,
      0.005721500001527602,
      0.005307499999616994,
      0.004387500001030276,
      0.004761899999721209,
      0.004900500000076136,
      0.007026600000244798,
      0.00407180000183871
    ],
    "optim_times": [
      0.001264499998796964,
      0.0006841000031272415,
      0.0007079000024532434,
      0.0007908999978099018,
      0.0007225000008475035,
      0.0006902999994053971,
      0.0007307000014407095,
      0.000776099997892743,
      0.0006966000000829808,
      0.0007186000002548099
    ],
    "iter_times": [
      0.09575269999913871,
      0.028321300000243355,
      0.020423100002517458,
      0.02244839999912074,
      0.024353500000870554,
      0.01944269999876269,
      0.020063200001459336,
      0.037534699997195276,
      0.02883269999801996,
      0.022620900002948474
    ],
    "grad_norms": [
      0.10253800451755524,
      0.0944528877735138,
      0.1402418464422226,
      0.08585923165082932,
      0.1306031048297882,
      0.16770526766777039,
      0.10912694036960602,
      0.10070528835058212,
      0.12952980399131775,
      0.07786624133586884
    ],
    "losses": [
      1.6107556819915771,
      1.5955290794372559,
      1.6278499364852905,
      1.611278772354126,
      1.6216360330581665,
      1.6224329471588135,
      1.6241896152496338,
      1.6248661279678345,
      1.614108681678772,
      1.6216681003570557
    ],
    "bytes_transferred": [
      27188,
      27188,
      27188,
      27188,
      27188,
      27188,
      27188,
      27188,
      27188,
      27188
    ],
    "epochs": [
      0,
      0,
      0,
      0,
      0,
      0,
      0,
      0,
      0,
      0
    ],
    "steps": [
      0,
      1,
      2,
      3,
      4,
      5,
      6,
      7,
      8,
      9
    ]
  }
}