{
  "rank": 2,
  "world_size": 4,
  "num_steps": 10,
  "statistics": {
    "compute": {
      "count": 10,
      "min": 0.01405220000015106,
      "max": 0.06169950000185054,
      "mean": 0.022341890000461717,
      "std": 0.01384115718580367,
      "p95": 0.03013450000071316,
      "p99": 0.03013450000071316
    },
    "sync": {
      "count": 10,
      "min": 0.003621799998654751,
      "max": 0.01742290000038338,
      "mean": 0.0066152600000350505,
      "std": 0.0038245100676623004,
      "p95": 0.00802040000053239,
      "p99": 0.00802040000053239
    },
    "optim": {
      "count": 10,
      "min": 0.0006477000024460722,
      "max": 0.0012903000024380162,
      "mean": 0.0007889199998317054,
      "std": 0.00017763723676444016,
      "p95": 0.0008729000001039822,
      "p99": 0.0008729000001039822
    },
    "iter": {
      "count": 10,
      "min": 0.01931460000560037,
      "max": 0.08041270000467193,
      "mean": 0.029746070000328473,
      "std": 0.017778168568340677,
      "p95": 0.038939900001423666,
      "p99": 0.038939900001423666
    },
    "grad_norm": {
      "count": 10,
      "min": 0.07786624133586884,
      "max": 0.16770526766777039,
      "mean": 0.11386286169290542,
      "std": 0.026269858157449852,
      "p95": 0.1402418464422226,
      "p99": 0.1402418464422226
    },
    "loss": {
      "count": 10,
      "min": 1.5936046838760376,
      "max": 1.6293361186981201,
      "mean": 1.615099799633026,
      "std": 0.01161368910406276,
      "p95": 1.6269465684890747,
      "p99": 1.6269465684890747
    }
  },
  "trajectories": {
    "compute_times": [
      0.06169950000185054,
      0.017100000000937143,
      0.015655300001526484,
      0.016073200000391807,
      0.0175052999984473,
      0.014251299999159528,
      0.01405220000015106,
      0.03013450000071316,
      0.020351600000140024,
      0.016596000001300126
    ],
    "sync_times": [
      0.01742290000038338,
      0.0053327000023273285,
      0.00377699999808101,
      0.003621799998654751,
      0.00648899999941932,
      0.004872199999226723,
      0.004614700003003236,
      0.00802040000053239,
      0.006713899998430861,
      0.005288000000291504
    ],
    "optim_times": [
      0.0012903000024380162,
      0.0007535000004281756,
      0.0007123999967006966,
      0.0006601999994018115,
      0.0008729000001039822,
      0.0007112999992386904,
      0.0006477000024460722,
      0.0007850000001781154,
      0.0007310000000870787,
      0.0007248999972944148
    ],
    "iter_times": [
      0.08041270000467193,
      0.023186200003692647,
      0.02014469999630819,
      0.02035519999844837,
      0.0248671999979706,
      0.01983479999762494,
      0.01931460000560037,
      0.038939900001423666,
      0.027796499998657964,
      0.022608899998886045
    ],
    "grad_norms": [
      0.10253800451755524,
      0.0944528877735138,
      0.1402418464422226,
      0.08585923165082932,
      0.1306031048297882,
      0.16770526766777039,
      0.10912694036960602,
      0.10070528835058212,
      0.12952980399131775,
      0.07786624133586884
    ],
    "losses": [
      1.6246556043624878,
      1.6269465684890747,
      1.6092541217803955,
      1.623704195022583,
      1.6293361186981201,
      1.6092411279678345,
      1.613829255104065,
      1.5988004207611084,
      1.5936046838760376,
      1.6216259002685547
    ],
    "bytes_transferred": [
      27188,
      27188,
      27188,
      27188,
      27188,
      27188,
      27188,
      27188,
      27188,
      27188
    ],
    "epochs": [
      0,
      0,
      0,
      0,
      0,
      0,
      0,
      0,
      0,
      0
    ],
    "steps": [
      0,
      1,
      2,
      3,
      4,
      5,
      6,
      7,
      8,
      9
    ]
  }
}