{
  "rank": 3,
  "world_size": 4,
  "num_steps": 10,
  "statistics": {
    "compute": {
      "count": 10,
      "min": 0.013405500001681503,
      "max": 0.08515840000109165,
      "mean": 0.02419131999995443,
      "std": 0.02078181509059978,
      "p95": 0.029132099996786565,
      "p99": 0.029132099996786565
    },
    "sync": {
      "count": 10,
      "min": 0.0051301999992574565,
      "max": 0.03291029999672901,
      "mean": 0.008834399999614106,
      "std": 0.00810857730786957,
      "p95": 0.009409999998752028,
      "p99": 0.009409999998752028
    },
    "optim": {
      "count": 10,
      "min": 0.0006379999977070838,
      "max": 0.0012768999986292329,
      "mean": 0.0007658099999389379,
      "std": 0.0001745559874935448,
      "p95": 0.000747499998396961,
      "p99": 0.000747499998396961
    },
    "iter": {
      "count": 10,
      "min": 0.01924640000288491,
      "max": 0.11934559999644989,
      "mean": 0.03379152999950748,
      "std": 0.02901586783513569,
      "p95": 0.039279699994949624,
      "p99": 0.039279699994949624
    },
    "grad_norm": {
      "count": 10,
      "min": 0.07786624133586884,
      "max": 0.16770526766777039,
      "mean": 0.11386286169290542,
      "std": 0.026269858157449852,
      "p95": 0.1402418464422226,
      "p99": 0.1402418464422226
    },
    "loss": {
      "count": 10,
      "min": 1.6050825119018555,
      "max": 1.6242542266845703,
      "mean": 1.6124732971191407,
      "std": 0.005946423455740759,
      "p95": 1.6207687854766846,
      "p99": 1.6207687854766846
    }
  },
  "trajectories": {
    "compute_times": [
      0.08515840000109165,
      0.016510900000866968,
      0.01474430000234861,
      0.015287999998690793,
      0.018229500001325505,
      0.01370439999664086,
      0.013405500001681503,
      0.029132099996786565,
      0.019890999999915948,
      0.015849100000195904
    ],
    "sync_times": [
      0.03291029999672901,
      0.005693899998732377,
      0.00584770000205026,
      0.00654220000069472,
      0.005176700000447454,
      0.005838500001118518,
      0.0051301999992574565,
      0.009409999998752028,
      0.0056292000008397736,
      0.006165299997519469
    ],
    "optim_times": [
      0.0012768999986292329,
      0.0006380000013450626,
      0.0007407000011880882,
      0.0006379999977070838,
      0.000729499999579275,
      0.000747499998396961,
      0.000710700001945952,
      0.0007375999994110316,
      0.0007049999985611066,
      0.0007342000026255846
    ],
    "iter_times": [
      0.11934559999644989,
      0.022842800000944408,
      0.021332700005586958,
      0.022468199997092597,
      0.024135700001352234,
      0.02029039999615634,
      0.01924640000288491,
      0.039279699994949624,
      0.02622519999931683,
      0.022748600000340957
    ],
    "grad_norms": [
      0.10253800451755524,
      0.0944528877735138,
      0.1402418464422226,
      0.08585923165082932,
      0.1306031048297882,
      0.16770526766777039,
      0.10912694036960602,
      0.10070528835058212,
      0.12952980399131775,
      0.07786624133586884
    ],
    "losses": [
      1.6119177341461182,
      1.6053522825241089,
      1.6132292747497559,
      1.607090950012207,
      1.6207687854766846,
      1.6242542266845703,
      1.6050825119018555,
      1.6104328632354736,
      1.6116782426834106,
      1.6149260997772217
    ],
    "bytes_transferred": [
      27188,
      27188,
      27188,
      27188,
      27188,
      27188,
      27188,
      27188,
      27188,
      27188
    ],
    "epochs": [
      0,
      0,
      0,
      0,
      0,
      0,
      0,
      0,
      0,
      0
    ],
    "steps": [
      0,
      1,
      2,
      3,
      4,
      5,
      6,
      7,
      8,
      9
    ]
  }
}