{
  "rank": 3,
  "world_size": 8,
  "num_steps": 10,
  "statistics": {
    "compute": {
      "count": 10,
      "min": 0.039530500002001645,
      "max": 0.17265779999797815,
      "mean": 0.09051848000017344,
      "std": 0.035277650110159,
      "p95": 0.11441090000153054,
      "p99": 0.11441090000153054
    },
    "sync": {
      "count": 10,
      "min": 0.01257400000031339,
      "max": 0.07133719999910682,
      "mean": 0.025433309999789343,
      "std": 0.01609615343746431,
      "p95": 0.03237589999844204,
      "p99": 0.03237589999844204
    },
    "optim": {
      "count": 10,
      "min": 0.0007140000016079284,
      "max": 0.0011326999992888886,
      "mean": 0.0008006800002476666,
      "std": 0.00011514640905375037,
      "p95": 0.0007975000007718336,
      "p99": 0.0007975000007718336
    },
    "iter": {
      "count": 10,
      "min": 0.05878160000065691,
      "max": 0.20582979999744566,
      "mean": 0.11675247000021045,
      "std": 0.044330946048213,
      "p95": 0.18688079999992624,
      "p99": 0.18688079999992624
    },
    "grad_norm": {
      "count": 10,
      "min": 0.020968575030565262,
      "max": 0.07141382247209549,
      "mean": 0.04842514395713806,
      "std": 0.016059491952662663,
      "p95": 0.06955880671739578,
      "p99": 0.06955880671739578
    },
    "loss": {
      "count": 10,
      "min": 1.599137783050537,
      "max": 1.6202284097671509,
      "mean": 1.6120068669319152,
      "std": 0.006131406423867254,
      "p95": 1.619126796722412,
      "p99": 1.619126796722412
    }
  },
  "trajectories": {
    "compute_times": [
      0.11441090000153054,
      0.17265779999797815,
      0.052508799999486655,
      0.08264770000096178,
      0.11360240000067279,
      0.039530500002001645,
      0.08389390000229469,
      0.09367749999728403,
      0.07929209999929299,
      0.07296320000023115
    ],
    "sync_times": [
      0.07133719999910682,
      0.03237589999844204,
      0.02070359999925131,
      0.017759700000169687,
      0.019386899999517482,
      0.01845359999788343,
      0.02076379999925848,
      0.01257400000031339,
      0.0245457000019087,
      0.01643270000204211
    ],
    "optim_times": [
      0.0011326999992888886,
      0.0007961000010254793,
      0.0007919000017864164,
      0.0007894999980635475,
      0.0007426999982271809,
      0.0007975000007718336,
      0.0007901999997557141,
      0.0007140000016079284,
      0.000724199999240227,
      0.0007280000027094502
    ],
    "iter_times": [
      0.18688079999992624,
      0.20582979999744566,
      0.07400430000052438,
      0.10119689999919501,
      0.13373199999841745,
      0.05878160000065691,
      0.10544790000130888,
      0.10696549999920535,
      0.10456200000044191,
      0.09012390000498272
    ],
    "grad_norms": [
      0.06955880671739578,
      0.07141382247209549,
      0.051299627870321274,
      0.05896368622779846,
      0.04386894404888153,
      0.05538027733564377,
      0.05140511691570282,
      0.020968575030565262,
      0.027222275733947754,
      0.03417030721902847
    ],
    "losses": [
      1.6165623664855957,
      1.611295461654663,
      1.6202284097671509,
      1.6093461513519287,
      1.6140238046646118,
      1.6136592626571655,
      1.604466438293457,
      1.619126796722412,
      1.6122221946716309,
      1.599137783050537
    ],
    "bytes_transferred": [
      27188,
      27188,
      27188,
      27188,
      27188,
      27188,
      27188,
      27188,
      27188,
      27188
    ],
    "epochs": [
      0,
      0,
      0,
      0,
      0,
      0,
      0,
      0,
      0,
      0
    ],
    "steps": [
      0,
      1,
      2,
      3,
      4,
      5,
      6,
      7,
      8,
      9
    ]
  }
}