{
  "rank": 0,
  "world_size": 2,
  "num_steps": 10,
  "statistics": {
    "compute": {
      "count": 10,
      "min": 0.004870099997788202,
      "max": 0.027216399997996632,
      "mean": 0.008059879999200348,
      "std": 0.006405341790505966,
      "p95": 0.00667760000214912,
      "p99": 0.00667760000214912
    },
    "sync": {
      "count": 10,
      "min": 0.0023154999980761204,
      "max": 0.03183509999871603,
      "mean": 0.015600899999844842,
      "std": 0.010025394299364223,
      "p95": 0.02709070000128122,
      "p99": 0.02709070000128122
    },
    "optim": {
      "count": 10,
      "min": 0.0007328000028792303,
      "max": 0.0012600999980350025,
      "mean": 0.0008904000002075918,
      "std": 0.00015593104170299552,
      "p95": 0.0010507000006327871,
      "p99": 0.0010507000006327871
    },
    "iter": {
      "count": 10,
      "min": 0.009621499997592764,
      "max": 0.03989539999383851,
      "mean": 0.02455117999925278,
      "std": 0.011240883993431225,
      "p95": 0.03948839999793563,
      "p99": 0.03948839999793563
    },
    "grad_norm": {
      "count": 10,
      "min": 2.4780428409576416,
      "max": 2.8842148780822754,
      "mean": 2.7168668031692507,
      "std": 0.13734947606745979,
      "p95": 2.8655383586883545,
      "p99": 2.8655383586883545
    },
    "loss": {
      "count": 10,
      "min": 2.134756565093994,
      "max": 2.519014358520508,
      "mean": 2.3445270538330076,
      "std": 0.11478770939175709,
      "p95": 2.457447052001953,
      "p99": 2.457447052001953
    }
  },
  "trajectories": {
    "compute_times": [
      0.027216399997996632,
      0.006602599998586811,
      0.00597379999817349,
      0.00667760000214912,
      0.006312699999398319,
      0.004870099997788202,
      0.00594959999943967,
      0.005800300001283176,
      0.005687799999577692,
      0.005507899997610366
    ],
    "sync_times": [
      0.011418899997806875,
      0.03183509999871603,
      0.022107699998741737,
      0.0023154999980761204,
      0.022836300002381904,
      0.02709070000128122,
      0.012616900003195042,
      0.01907519999804208,
      0.003415899998799432,
      0.0032968000014079735
    ],
    "optim_times": [
      0.0012600999980350025,
      0.0010507000006327871,
      0.0009632000001147389,
      0.0007328000028792303,
      0.0008994000017992221,
      0.0008453999980702065,
      0.0008393999996769708,
      0.0007504000022890978,
      0.0007458000000042375,
      0.0008167999985744245
    ],
    "iter_times": [
      0.03989539999383851,
      0.03948839999793563,
      0.029044699997029966,
      0.00972590000310447,
      0.030048400003579445,
      0.03280619999713963,
      0.019405900002311682,
      0.025625900001614355,
      0.009849499998381361,
      0.009621499997592764
    ],
    "grad_norms": [
      2.7194480895996094,
      2.8314905166625977,
      2.6568429470062256,
      2.4780428409576416,
      2.8368771076202393,
      2.586740255355835,
      2.541379928588867,
      2.7680931091308594,
      2.8655383586883545,
      2.8842148780822754
    ],
    "losses": [
      2.16265869140625,
      2.4300038814544678,
      2.3732662200927734,
      2.344071865081787,
      2.134756565093994,
      2.386321783065796,
      2.457447052001953,
      2.3308935165405273,
      2.519014358520508,
      2.3068366050720215
    ],
    "bytes_transferred": [
      437544,
      437544,
      437544,
      437544,
      437544,
      437544,
      437544,
      437544,
      437544,
      437544
    ],
    "epochs": [
      0,
      0,
      0,
      0,
      0,
      0,
      0,
      0,
      0,
      0
    ],
    "steps": [
      0,
      1,
      2,
      3,
      4,
      5,
      6,
      7,
      8,
      9
    ]
  }
}