{
  "rank": 1,
  "world_size": 2,
  "num_steps": 10,
  "statistics": {
    "compute": {
      "count": 10,
      "min": 0.004517699999269098,
      "max": 0.014648899999883724,
      "mean": 0.00634985000033339,
      "std": 0.0028304741933352032,
      "p95": 0.006577099997230107,
      "p99": 0.006577099997230107
    },
    "sync": {
      "count": 10,
      "min": 0.0036196000000927597,
      "max": 0.03999959999782732,
      "mean": 0.016251019998526316,
      "std": 0.013354195957027675,
      "p95": 0.03563979999671574,
      "p99": 0.03563979999671574
    },
    "optim": {
      "count": 10,
      "min": 0.0006824000010965392,
      "max": 0.0012002000003121793,
      "mean": 0.0007762600005662534,
      "std": 0.0001490416668583489,
      "p95": 0.0008336000028066337,
      "p99": 0.0008336000028066337
    },
    "iter": {
      "count": 10,
      "min": 0.009568299999955343,
      "max": 0.05584869999802322,
      "mean": 0.023377129999425962,
      "std": 0.015114685468394383,
      "p95": 0.040842899994459,
      "p99": 0.040842899994459
    },
    "grad_norm": {
      "count": 10,
      "min": 2.4780428409576416,
      "max": 2.8842148780822754,
      "mean": 2.7168668031692507,
      "std": 0.13734947606745979,
      "p95": 2.8655383586883545,
      "p99": 2.8655383586883545
    },
    "loss": {
      "count": 10,
      "min": 2.2012228965759277,
      "max": 2.5085408687591553,
      "mean": 2.3244882345199587,
      "std": 0.10127864305674557,
      "p95": 2.475344181060791,
      "p99": 2.475344181060791
    }
  },
  "trajectories": {
    "compute_times": [
      0.014648899999883724,
      0.006216600002517225,
      0.0053327000023273285,
      0.00472520000039367,
      0.005707799999072449,
      0.004517699999269098,
      0.006577099997230107,
      0.005533899999136338,
      0.005251300000963965,
      0.004987300002539996
    ],
    "sync_times": [
      0.03999959999782732,
      0.004829099998460151,
      0.022759100000257604,
      0.004423499998665648,
      0.023712700000032783,
      0.03563979999671574,
      0.003936999997677049,
      0.019673399998282548,
      0.0036196000000927597,
      0.003916399997251574
    ],
    "optim_times": [
      0.0012002000003121793,
      0.0007175999999162741,
      0.000787000000855187,
      0.0006824000010965392,
      0.0006885000002512243,
      0.0006853999984741677,
      0.0007106000011845026,
      0.0007599000018672086,
      0.0006973999988986179,
      0.0008336000028066337
    ],
    "iter_times": [
      0.05584869999802322,
      0.01176330000089365,
      0.02887880000344012,
      0.009831100000155857,
      0.030108999999356456,
      0.040842899994459,
      0.011224699996091658,
      0.025967199999286095,
      0.009568299999955343,
      0.009737300002598204
    ],
    "grad_norms": [
      2.7194480895996094,
      2.8314905166625977,
      2.6568429470062256,
      2.4780428409576416,
      2.8368771076202393,
      2.586740255355835,
      2.541379928588867,
      2.7680931091308594,
      2.8655383586883545,
      2.8842148780822754
    ],
    "losses": [
      2.2264418601989746,
      2.475344181060791,
      2.2012228965759277,
      2.2843661308288574,
      2.4089837074279785,
      2.2250020503997803,
      2.289483070373535,
      2.5085408687591553,
      2.334947347640991,
      2.2905502319335938
    ],
    "bytes_transferred": [
      437544,
      437544,
      437544,
      437544,
      437544,
      437544,
      437544,
      437544,
      437544,
      437544
    ],
    "epochs": [
      0,
      0,
      0,
      0,
      0,
      0,
      0,
      0,
      0,
      0
    ],
    "steps": [
      0,
      1,
      2,
      3,
      4,
      5,
      6,
      7,
      8,
      9
    ]
  }
}