{
  "rank": 0,
  "world_size": 2,
  "num_steps": 60,
  "statistics": {
    "compute": {
      "count": 60,
      "min": 0.009853100000327686,
      "max": 0.027801300002465723,
      "mean": 0.012695001666725148,
      "std": 0.002360313460972263,
      "p95": 0.015340800000558374,
      "p99": 0.018203399999038083
    },
    "sync": {
      "count": 60,
      "min": 0.001863100002083229,
      "max": 0.00938789999781875,
      "mean": 0.0034568066667513145,
      "std": 0.0010962692680806388,
      "p95": 0.004929700000502635,
      "p99": 0.006389300000591902
    },
    "optim": {
      "count": 60,
      "min": 0.0006971000002522487,
      "max": 0.001544900002045324,
      "mean": 0.000862783333468542,
      "std": 0.00013671528859277048,
      "p95": 0.0009894000031636097,
      "p99": 0.0014564000011887401
    },
    "iter": {
      "count": 60,
      "min": 0.014108499999565538,
      "max": 0.0387341000023298,
      "mean": 0.017014591666945005,
      "std": 0.003215293842450045,
      "p95": 0.018780700000206707,
      "p99": 0.025473699999565724
    },
    "grad_norm": {
      "count": 60,
      "min": 0.3226573169231415,
      "max": 0.8380337953567505,
      "mean": 0.4906736806035042,
      "std": 0.10515892828325547,
      "p95": 0.6648776531219482,
      "p99": 0.7166218757629395
    },
    "loss": {
      "count": 60,
      "min": 2.2759547233581543,
      "max": 2.352078676223755,
      "mean": 2.3087610562642413,
      "std": 0.014496938251441882,
      "p95": 2.330724000930786,
      "p99": 2.339360475540161
    }
  },
  "trajectories": {
    "compute_times": [
      0.027801300002465723,
      0.018203399999038083,
      0.011886200001754332,
      0.011621400000876747,
      0.011806599999545142,
      0.01158220000070287,
      0.012774200000421843,
      0.011189299999387003,
      0.011569400001462782,
      0.012116199999582022,
      0.011975200002780184,
      0.0129997000003641,
      0.011891000001924112,
      0.010615000002871966,
      0.01376940000045579,
      0.011532000000443077,
      0.009853100000327686,
      0.010760699999082135,
      0.012057200001436286,
      0.015340800000558374,
      0.01170049999927869,
      0.012283099997148383,
      0.014758399996935623,
      0.013487899999745423,
      0.01550649999990128,
      0.014031800001248484,
      0.013284199998452095,
      0.011856599998282036,
      0.013126199999533128,
      0.013035799998760922,
      0.011302700000669574,
      0.011973500000749482,
      0.012637700001505436,
      0.01090959999783081,
      0.013261699998110998,
      0.012103700002626283,
      0.011776799998187926,
      0.013295500000822358,
      0.011892700000316836,
      0.011678900002152659,
      0.012847400001192,
      0.012971399999514688,
      0.011762399997678585,
      0.011938100000406848,
      0.013047300002654083,
      0.012382400000205962,
      0.012096399997972185,
      0.011552500000107102,
      0.012232199998834403,
      0.013660900000104448,
      0.014371000001119683,
      0.012265099998330697,
      0.01112009999997099,
      0.01139589999729651,
      0.011925000002520392,
      0.012540600000647828,
      0.012550399998872308,
      0.011960100000578677,
      0.011541899999429006,
      0.01229089999833377
    ],
    "sync_times": [
      0.00938789999781875,
      0.006389300000591902,
      0.0040230999984487426,
      0.0032452999985252973,
      0.003637699999671895,
      0.006283200000325451,
      0.002351800001633819,
      0.0032369000000471715,
      0.003728799998498289,
      0.002764100001513725,
      0.002924299998994684,
      0.0036891999989165924,
      0.0041275000003224704,
      0.004929700000502635,
      0.0023337999991781544,
      0.002890899999329122,
      0.0033537999988766387,
      0.0035701999986486044,
      0.0040560000015830155,
      0.0021518000030482654,
      0.003301200002169935,
      0.003557399999408517,
      0.003101400001469301,
      0.0033657000021776184,
      0.003457800001342548,
      0.002376100001129089,
      0.0034421999989717733,
      0.0035889999999199063,
      0.003079599999182392,
      0.0023956000004545785,
      0.0035816000017803162,
      0.002935000000434229,
      0.003022200002305908,
      0.003469700001005549,
      0.0029092999975546263,
      0.0032078000003821217,
      0.00293489999967278,
      0.001863100002083229,
      0.00345289999677334,
      0.0029939000014564954,
      0.002887499998905696,
      0.0035944000010204036,
      0.003064299999095965,
      0.002998500000103377,
      0.003067699999519391,
      0.004410099998494843,
      0.0031490000001213048,
      0.003020800002559554,
      0.003153499998006737,
      0.003358099998877151,
      0.00206850000176928,
      0.0035237000010965858,
      0.003081499999098014,
      0.003753499997401377,
      0.00297100000170758,
      0.0035194000010960735,
      0.0033808000007411465,
      0.0039338000024145,
      0.0034339999983785674,
      0.003926599998521851
    ],
    "optim_times": [
      0.001544900002045324,
      0.0008809999999357387,
      0.0008792000007815659,
      0.0009894000031636097,
      0.0008395000004384201,
      0.0009152999991783872,
      0.0008166999978129752,
      0.000826699997560354,
      0.0009114999993471429,
      0.0008252000006905291,
      0.0008430999987467658,
      0.0008035999999265186,
      0.0008128000008582603,
      0.0008428999972238671,
      0.0007888000000093598,
      0.0008182000019587576,
      0.0009016000003612135,
      0.0006971000002522487,
      0.0008330000018759165,
      0.0008065000001806766,
      0.0007975999978953041,
      0.0008450999994238373,
      0.0008015999992494471,
      0.0008038999985728879,
      0.000910000002477318,
      0.0007681000024604145,
      0.0008316999992530327,
      0.0007869999972172081,
      0.0007909000014478806,
      0.0007932000007713214,
      0.0008988999979919754,
      0.001157399998191977,
      0.0008533000000170432,
      0.0009539000020595267,
      0.0007922000004327856,
      0.000868900002387818,
      0.0008708999994269107,
      0.0008158999989973381,
      0.0007915000023785979,
      0.0007508999988203868,
      0.0008225999990827404,
      0.0008664999986649491,
      0.0009834000011323951,
      0.0007769000003463589,
      0.0008868000004440546,
      0.0008295000006910414,
      0.0007884000006015413,
      0.0009020000034070108,
      0.0007964000033098273,
      0.0014564000011887401,
      0.0007898000003478955,
      0.0008578999986639246,
      0.0007953999993333127,
      0.0008384000029764138,
      0.0008574999992561061,
      0.0007876000017859042,
      0.0008428000001003966,
      0.0008558999979868531,
      0.0007454999977198895,
      0.0008273999992525205
    ],