{
  "rank": 1,
  "world_size": 2,
  "num_steps": 60,
  "statistics": {
    "compute": {
      "count": 60,
      "min": 0.005140100001881365,
      "max": 0.17521140000098967,
      "mean": 0.010006206666730577,
      "std": 0.021683199403542366,
      "p95": 0.009424600000784267,
      "p99": 0.0270356000000902
    },
    "sync": {
      "count": 60,
      "min": 0.0030197000014595687,
      "max": 0.039571500001329696,
      "mean": 0.007092841667023701,
      "std": 0.006915947452105184,
      "p95": 0.021855700000742218,
      "p99": 0.03011750000223401
    },
    "optim": {
      "count": 60,
      "min": 0.000649199999315897,
      "max": 0.008414300002186792,
      "mean": 0.0010884966666102021,
      "std": 0.001038896462703291,
      "p95": 0.0016256000017165206,
      "p99": 0.003557200001523597
    },
    "iter": {
      "count": 60,
      "min": 0.009634699999878649,
      "max": 0.22319720000450616,
      "mean": 0.01818754500036448,
      "std": 0.027352959751366326,
      "p95": 0.03057019999687327,
      "p99": 0.038286800005153054
    },
    "grad_norm": {
      "count": 60,
      "min": 0.6163185238838196,
      "max": 0.7076342701911926,
      "mean": 0.6625562816858291,
      "std": 0.017096690160475582,
      "p95": 0.6927463412284851,
      "p99": 0.7001007795333862
    },
    "loss": {
      "count": 60,
      "min": 2.249553918838501,
      "max": 2.3741798400878906,
      "mean": 2.3117940624554953,
      "std": 0.022611586797517968,
      "p95": 2.3413665294647217,
      "p99": 2.347332715988159
    }
  },
  "trajectories": {
    "compute_times": [
      0.17521140000098967,
      0.008677199999510776,
      0.007479500000044936,
      0.006477999999333406,
      0.008270800000900635,
      0.009424600000784267,
      0.007134799998311792,
      0.010913899997831322,
      0.007779600000503706,
      0.006289199998718686,
      0.006205099998624064,
      0.008012800000869902,
      0.007970900001964765,
      0.00617219999912777,
      0.006854000002931571,
      0.006546900000103051,
      0.006829100002505584,
      0.006560800000443123,
      0.006995899999310495,
      0.006377400000928901,
      0.006930899999133544,
      0.0270356000000902,
      0.008420599999226397,
      0.008133600000292063,
      0.00649850000263541,
      0.00794349999705446,
      0.006135200001153862,
      0.007425299998431001,
      0.006744099999195896,
      0.0063922999979695305,
      0.006651799998508068,
      0.006422999998903833,
      0.006968699999561068,
      0.007095100001606625,
      0.005764999998064013,
      0.005959400001302129,
      0.006348099999740953,
      0.006910800002515316,
      0.00671650000003865,
      0.006113599996751873,
      0.007008299999142764,
      0.006147200001578312,
      0.006004800001392141,
      0.005140100001881365,
      0.0065402000000176486,
      0.006728000000293832,
      0.006277700002101483,
      0.006013199999870267,
      0.006643600001552841,
      0.006176899998536101,
      0.0061696999982814305,
      0.007980300000781426,
      0.006250700000236975,
      0.006550699999934295,
      0.006418699998903321,
      0.006662399999186164,
      0.006044100002327468,
      0.00679889999810257,
      0.005623700002615806,
      0.006397500001185108
    ],
    "sync_times": [
      0.039571500001329696,
      0.005746400001953589,
      0.004986899999494199,
      0.0030708000012964476,
      0.004499400001805043,
      0.004380000002129236,
      0.004353399999672547,
      0.008594200000516139,
      0.0040160000025935005,
      0.015242199999192962,
      0.004119799999898532,
      0.015307099998608464,
      0.004187200000160374,
      0.014841699998214608,
      0.006086000001232605,
      0.004120800000237068,
      0.004417200001626043,
      0.003922900003090035,
      0.004191799998807255,
      0.03011750000223401,
      0.0041205999987141695,
      0.0031373000019812025,
      0.004703200000221841,
      0.00375029999850085,
      0.01292490000196267,
      0.021855700000742218,
      0.02205110000068089,
      0.003963700000895187,
      0.004099599998880876,
      0.0038668000015604775,
      0.004171599997789599,
      0.003397600001335377,
      0.0038122000005387235,
      0.003910900002665585,
      0.00326639999912004,
      0.0048124999993888196,
      0.003754800000024261,
      0.01674730000013369,
      0.004208800000924384,
      0.0050841000011132564,
      0.0034527999996498693,
      0.003410900000744732,
      0.015397099999972852,
      0.0037019000010332093,
      0.006631199998082593,
      0.005364800003007986,
      0.0037330000013753306,
      0.004113399998459499,
      0.005176499998924555,
      0.00360250000085216,
      0.003959900001063943,
      0.0030197000014595687,
      0.004370200000266777,
      0.0037305000005289912,
      0.003923999996914063,
      0.004272399997717002,
      0.004053000000567408,
      0.003640099999756785,
      0.004921199997625081,
      0.011683200002153171
    ],
    "optim_times": [
      0.008414300002186792,
      0.0008932999990065582,
      0.003557200001523597,
      0.0016256000017165206,
      0.0012640999993891455,
      0.0008611000012024306,
      0.0015305000015359838,
      0.0008588999990024604,
      0.0008339000014530029,
      0.0008660999992571305,
      0.0015272000018740073,
      0.0013111000007484108,
      0.000979599997663172,
      0.000823300000774907,
      0.0008340999993379228,
      0.0009400000017194543,
      0.0007986999989952892,
      0.0008319000007759314,
      0.0008626999988337047,
      0.0017919000019901432,
      0.0008519999973941594,
      0.0008740999983274378,
      0.0007583000005979557,
      0.0008640000014565885,
      0.0008052000011957716,
      0.0007709999990765937,
      0.0009187000032397918,
      0.0009845999993558507,
      0.0007876000017859042,
      0.0010022999995271675,
      0.0009012000009533949,
      0.0009901000012177974,
      0.0009312999973190017,
      0.0008541999995941296,
      0.00065819999872474,
      0.0007588999978906941,
      0.0007433999999193475,
      0.0008997000004455913,
      0.0009261999985028524,
      0.0007904999984020833,
      0.0010222000018984545,
      0.001508499997726176,
      0.0007824000022083055,
      0.0007926999969640747,
      0.0009847000001173,
      0.0008048000017879531,
      0.0009323000012955163,
      0.000855099999171216,
      0.000734499997633975,
      0.0007316000010177959,
      0.0008847999997669831,
      0.000799699999333825,
      0.000780099999246886,
      0.000649199999315897,
      0.0007428999997500796,
      0.0008411999988311436,
      0.0007119000001694076,
      0.0007622999983141199,
      0.0007197999984782655,
      0.0007920999996713363
    ],