{
  "rank": 0,
  "world_size": 2,
  "num_steps": 60,
  "statistics": {
    "compute": {
      "count": 60,
      "min": 0.004724600003100932,
      "max": 0.17541820000042208,
      "mean": 0.009783410000272852,
      "std": 0.021712169206715447,
      "p95": 0.009564500000124099,
      "p99": 0.024438399999780813
    },
    "sync": {
      "count": 60,
      "min": 0.0038468999991891906,
      "max": 0.03955579999819747,
      "mean": 0.007485805000214896,
      "std": 0.0067941775006435,
      "p95": 0.02091160000054515,
      "p99": 0.030295900000055553
    },
    "optim": {
      "count": 60,
      "min": 0.0006393999974534381,
      "max": 0.008398100002523279,
      "mean": 0.000971991666847316,
      "std": 0.0010173257526433237,
      "p95": 0.0013564000000769738,
      "p99": 0.002966000000014901
    },
    "iter": {
      "count": 60,
      "min": 0.009424600004422246,
      "max": 0.22337210000114283,
      "mean": 0.018241206667335065,
      "std": 0.02737360244309314,
      "p95": 0.030182099999365164,
      "p99": 0.037756800000352086
    },
    "grad_norm": {
      "count": 60,
      "min": 0.6163185238838196,
      "max": 0.7076342701911926,
      "mean": 0.6625562816858291,
      "std": 0.017096690160475582,
      "p95": 0.6927463412284851,
      "p99": 0.7001007795333862
    },
    "loss": {
      "count": 60,
      "min": 2.2690787315368652,
      "max": 2.3606162071228027,
      "mean": 2.3080143610636394,
      "std": 0.019581434467545105,
      "p95": 2.3430492877960205,
      "p99": 2.347961902618408
    }
  },
  "trajectories": {
    "compute_times": [
      0.17541820000042208,
      0.00910690000091563,
      0.00705759999982547,
      0.006850099998700898,
      0.008527999998477753,
      0.009279599998990307,
      0.006776899997930741,
      0.009564500000124099,
      0.0071336999972118065,
      0.005914500001381384,
      0.005848200002219528,
      0.009005700001580408,
      0.007606200000736862,
      0.005881000000954373,
      0.00625900000159163,
      0.006307299998297822,
      0.006502199998067226,
      0.006092999999964377,
      0.00681809999878169,
      0.006104500000219559,
      0.00671650000003865,
      0.024438399999780813,
      0.007606600000144681,
      0.007875900002545677,
      0.01117060000251513,
      0.006712099999276688,
      0.007262200000695884,
      0.006800699997256743,
      0.006233100000827108,
      0.006071600000723265,
      0.006245199998375028,
      0.005660999999236083,
      0.006606300001294585,
      0.006222400003025541,
      0.00526729999910458,
      0.004972800001269206,
      0.005863300000783056,
      0.006148500000563217,
      0.006683900002826704,
      0.006662499999947613,
      0.0064044999999168795,
      0.006079599999793572,
      0.006111900001997128,
      0.004724600003100932,
      0.006247299999813549,
      0.007046499998978106,
      0.005414900002506329,
      0.005698400000255788,
      0.0065990000002784654,
      0.00623519999862765,
      0.006026399998518173,
      0.006741900000633905,
      0.006196099999215221,
      0.006197700000484474,
      0.006033300000126474,
      0.0062629999993077945,
      0.005769999999756692,
      0.006400200003554346,
      0.006406300002709031,
      0.007131700000172714
    ],
    "sync_times": [
      0.03955579999819747,
      0.0062307000007422175,
      0.00539799999751267,
      0.005385500000556931,
      0.004954700001690071,
      0.004881299999397015,
      0.007039000000077067,
      0.008759400003327755,
      0.004561199999443488,
      0.015826400001969887,
      0.004865299997618422,
      0.01554029999897466,
      0.004470300002139993,
      0.0168684000018402,
      0.00442740000289632,
      0.004372299998067319,
      0.004938699999911478,
      0.004729500000394182,
      0.004608300001564203,
      0.030295900000055553,
      0.0047941999982867856,
      0.006357700000080513,
      0.004446499999176012,
      0.005992800000967691,
      0.005388699999457458,
      0.022729899999831105,
      0.02091160000054515,
      0.004905199999484466,
      0.004531499998847721,
      0.004184400000667665,
      0.004870100001426181,
      0.004164699999819277,
      0.005189600000448991,
      0.0044524000004457776,
      0.0056435000005876645,
      0.0038538000007974915,
      0.004159899999649497,
      0.017806500000006054,
      0.004299799998989329,
      0.003994500002590939,
      0.004188900002191076,
      0.0038468999991891906,
      0.016030700000555953,
      0.003965399999287911,
      0.007296700001461431,
      0.005002800000511343,
      0.004418799999257317,
      0.00498630000220146,
      0.0045458999993570615,
      0.004014400001324248,
      0.004391999998915708,
      0.004271300000254996,
      0.004726300001493655,
      0.004220600003463915,
      0.0040687000000616536,
      0.005011099998228019,
      0.004223099997034296,
      0.004049300001497613,
      0.004265299998223782,
      0.011238099999900442
    ],
    "optim_times": [
      0.008398100002523279,
      0.0008271000006061513,
      0.0008611000012024306,
      0.0009030000001075678,
      0.0008138000011967961,
      0.0007855000003473833,
      0.0008796000001893844,
      0.0007517999983974732,
      0.0007198000021162443,
      0.0007880000011937227,
      0.0007850000001781154,
      0.0007068999984767288,
      0.0009350000000267755,
      0.0015677999981562607,
      0.0007264999985636678,
      0.0007029999978840351,
      0.0007560999983979855,
      0.0007268999979714863,
      0.0008720000005268957,
      0.0013564000000769738,
      0.0007346999991568737,
      0.0007407999983115587,
      0.00079840000034892,
      0.002966000000014901,
      0.0007963999996718485,
      0.000740100000257371,
      0.0008654999983264133,
      0.0007882000027166214,
      0.0007448000033036806,
      0.00076949999856879,
      0.0006720000019413419,
      0.0007029999978840351,
      0.0007998000000952743,
      0.0007552999995823484,
      0.0008314000006066635,
      0.001000600001134444,
      0.0007576000025437679,
      0.0007812999974703416,
      0.0007667999998375308,
      0.0011865000014950056,
      0.000674099999741884,
      0.0009877999982563779,
      0.0008032999976421706,
      0.0007346000020334031,
      0.0008850000012898818,
      0.0009970999999495689,
      0.0007622000011906493,
      0.000745400000596419,
      0.0006906999988132156,
      0.0007576000025437679,
      0.0006753000016033184,
      0.0006862000009277835,
      0.0006869999997434206,
      0.0008410000009462237,
      0.0007040000018605497,
      0.0008316000021295622,
      0.0007439000000886153,
      0.0006393999974534381,
      0.0007509000024583656,
      0.0006603000001632608
    ],