{
  "rank": 0,
  "world_size": 8,
  "num_steps": 10,
  "statistics": {
    "compute": {
      "count": 10,
      "min": 0.09626199999911478,
      "max": 0.3249586999991152,
      "mean": 0.22246801999972377,
      "std": 0.07446790463358953,
      "p95": 0.3205405000007886,
      "p99": 0.3205405000007886
    },
    "sync": {
      "count": 10,
      "min": 0.015647699998226017,
      "max": 0.7410545000020647,
      "mean": 0.1461832900004083,
      "std": 0.20390003051040156,
      "p95": 0.1536366000000271,
      "p99": 0.1536366000000271
    },
    "optim": {
      "count": 10,
      "min": 0.0009031999979924876,
      "max": 0.0026728000011644326,
      "mean": 0.0015873599997576094,
      "std": 0.0005208524958052873,
      "p95": 0.00211719999788329,
      "p99": 0.00211719999788329
    },
    "iter": {
      "count": 10,
      "min": 0.24595750000298722,
      "max": 1.0540249000041513,
      "mean": 0.3702386699998897,
      "std": 0.23138781160075708,
      "p95": 0.3562889000022551,
      "p99": 0.3562889000022551
    },
    "grad_norm": {
      "count": 10,
      "min": 0.1444212943315506,
      "max": 0.25026628375053406,
      "mean": 0.1902051106095314,
      "std": 0.030359738828486443,
      "p95": 0.22816917300224304,
      "p99": 0.22816917300224304
    },
    "loss": {
      "count": 10,
      "min": 2.2962489128112793,
      "max": 2.323232889175415,
      "mean": 2.307887887954712,
      "std": 0.006590971115443048,
      "p95": 2.311790704727173,
      "p99": 2.311790704727173
    }
  },
  "trajectories": {
    "compute_times": [
      0.3113612000015564,
      0.12052979999862146,
      0.21576940000159084,
      0.3249586999991152,
      0.19584219999887864,
      0.2158512999994855,
      0.3205405000007886,
      0.21829539999816916,
      0.09626199999911478,
      0.20526969999991707
    ],
    "sync_times": [
      0.7410545000020647,
      0.15016449999893666,
      0.029241100000945153,
      0.015647699998226017,
      0.07170599999881233,
      0.08811880000212113,
      0.03401310000117519,
      0.12838290000217967,
      0.1536366000000271,
      0.04986769999959506
    ],
    "optim_times": [
      0.0016092000005301088,
      0.0026728000011644326,
      0.0009470000004512258,
      0.0014513000023725908,
      0.00211719999788329,
      0.0018257999981869943,
      0.0017353000002913177,
      0.0015504999973927625,
      0.001061300001310883,
      0.0009031999979924876
    ],
    "iter_times": [
      1.0540249000041513,
      0.27336709999872255,
      0.24595750000298722,
      0.3420576999997138,
      0.26966539999557426,
      0.3057958999997936,
      0.3562889000022551,
      0.3482287999977416,
      0.25095990000045276,
      0.2560405999975046
    ],
    "grad_norms": [
      0.1747829020023346,
      0.18067538738250732,
      0.1444212943315506,
      0.154531791806221,
      0.20896455645561218,
      0.17949312925338745,
      0.22816917300224304,
      0.25026628375053406,
      0.19185641407966614,
      0.18889017403125763
    ],
    "losses": [
      2.306812047958374,
      2.304776668548584,
      2.311790704727173,
      2.3090131282806396,
      2.3105976581573486,
      2.2962489128112793,
      2.323232889175415,
      2.308206558227539,
      2.304081439971924,
      2.3041188716888428
    ],
    "bytes_transferred": [
      208552,
      208552,
      208552,
      208552,
      208552,
      208552,
      208552,
      208552,
      208552,
      208552
    ],
    "epochs": [
      0,
      0,
      0,
      0,
      0,
      0,
      0,
      0,
      0,
      0
    ],
    "steps": [
      0,
      1,
      2,
      3,
      4,
      5,
      6,
      7,
      8,
      9
    ]
  }
}