{
  "rank": 6,
  "world_size": 8,
  "num_steps": 10,
  "statistics": {
    "compute": {
      "count": 10,
      "min": 0.19449209999947925,
      "max": 0.3150062999993679,
      "mean": 0.2460013899995829,
      "std": 0.042920325629552405,
      "p95": 0.31294790000174544,
      "p99": 0.31294790000174544
    },
    "sync": {
      "count": 10,
      "min": 0.014735099997778889,
      "max": 0.09451809999882244,
      "mean": 0.04528216000035172,
      "std": 0.029422391796997106,
      "p95": 0.0897517000012158,
      "p99": 0.0897517000012158
    },
    "optim": {
      "count": 10,
      "min": 0.0008881000030669384,
      "max": 0.007420999998430489,
      "mean": 0.00195757000001322,
      "std": 0.0019365105149243547,
      "p95": 0.0031820000003790483,
      "p99": 0.0031820000003790483
    },
    "iter": {
      "count": 10,
      "min": 0.228872899995622,
      "max": 0.37573540000084904,
      "mean": 0.29324111999994784,
      "std": 0.05098078062159802,
      "p95": 0.34393199999976787,
      "p99": 0.34393199999976787
    },
    "grad_norm": {
      "count": 10,
      "min": 0.1444212943315506,
      "max": 0.25026628375053406,
      "mean": 0.1902051106095314,
      "std": 0.030359738828486443,
      "p95": 0.22816917300224304,
      "p99": 0.22816917300224304
    },
    "loss": {
      "count": 10,
      "min": 2.3032147884368896,
      "max": 2.324418067932129,
      "mean": 2.3125251054763796,
      "std": 0.006968172176747614,
      "p95": 2.3208515644073486,
      "p99": 2.3208515644073486
    }
  },
  "trajectories": {
    "compute_times": [
      0.250998299998173,
      0.21313050000026124,
      0.21775049999996554,
      0.31294790000174544,
      0.19449209999947925,
      0.2141730999974243,
      0.3150062999993679,
      0.29576499999893713,
      0.2173010999977123,
      0.22844910000276286
    ],
    "sync_times": [
      0.0897517000012158,
      0.014735099997778889,
      0.023010999997495674,
      0.027367999999114545,
      0.07627320000028703,
      0.09451809999882244,
      0.05330810000305064,
      0.03613330000007409,
      0.01844330000312766,
      0.019279800002550473
    ],
    "optim_times": [
      0.0031820000003790483,
      0.0010072999975818675,
      0.000970900000538677,
      0.0009670999970694538,
      0.0009959999988495838,
      0.0010657000020728447,
      0.007420999998430489,
      0.0017392000008840114,
      0.0013384000012592878,
      0.0008881000030669384
    ],
    "iter_times": [
      0.34393199999976787,
      0.228872899995622,
      0.2417323999979999,
      0.34128299999792944,
      0.27176129999861587,
      0.30975689999831957,
      0.37573540000084904,
      0.3336374999998952,
      0.23708280000209925,
      0.24861700000838027
    ],
    "grad_norms": [
      0.1747829020023346,
      0.18067538738250732,
      0.1444212943315506,
      0.154531791806221,
      0.20896455645561218,
      0.17949312925338745,
      0.22816917300224304,
      0.25026628375053406,
      0.19185641407966614,
      0.18889017403125763
    ],
    "losses": [
      2.304875373840332,
      2.311357021331787,
      2.309779644012451,
      2.308905601501465,
      2.318608522415161,
      2.3208515644073486,
      2.317491054534912,
      2.324418067932129,
      2.3032147884368896,
      2.3057494163513184
    ],
    "bytes_transferred": [
      208552,
      208552,
      208552,
      208552,
      208552,
      208552,
      208552,
      208552,
      208552,
      208552
    ],
    "epochs": [
      0,
      0,
      0,
      0,
      0,
      0,
      0,
      0,
      0,
      0
    ],
    "steps": [
      0,
      1,
      2,
      3,
      4,
      5,
      6,
      7,
      8,
      9
    ]
  }
}