{
  "rank": 1,
  "world_size": 4,
  "num_steps": 10,
  "statistics": {
    "compute": {
      "count": 10,
      "min": 0.017030299997713882,
      "max": 0.15600450000056298,
      "mean": 0.044827649999933786,
      "std": 0.0395466924169795,
      "p95": 0.053689399999711895,
      "p99": 0.053689399999711895
    },
    "sync": {
      "count": 10,
      "min": 0.005907599999773083,
      "max": 0.047311900001659524,
      "mean": 0.015812939999887022,
      "std": 0.011887221095856122,
      "p95": 0.026438900000357535,
      "p99": 0.026438900000357535
    },
    "optim": {
      "count": 10,
      "min": 0.0008259999995061662,
      "max": 0.002139000000170199,
      "mean": 0.0011545199999090983,
      "std": 0.0003996280441601094,
      "p95": 0.0016422000007878523,
      "p99": 0.0016422000007878523
    },
    "iter": {
      "count": 10,
      "min": 0.030457000000751577,
      "max": 0.17092139999658684,
      "mean": 0.061795109999729904,
      "std": 0.039956317530848565,
      "p95": 0.08217210000293562,
      "p99": 0.08217210000293562
    },
    "grad_norm": {
      "count": 10,
      "min": 0.280991792678833,
      "max": 0.6101589798927307,
      "mean": 0.3968037784099579,
      "std": 0.09567645305897249,
      "p95": 0.509867250919342,
      "p99": 0.509867250919342
    },
    "loss": {
      "count": 10,
      "min": 2.2736074924468994,
      "max": 2.3450276851654053,
      "mean": 2.3108177185058594,
      "std": 0.023248059145515244,
      "p95": 2.3365883827209473,
      "p99": 2.3365883827209473
    }
  },
  "trajectories": {
    "compute_times": [
      0.033218000000488246,
      0.053689399999711895,
      0.021885300000576535,
      0.021172199998545693,
      0.0219251999988046,
      0.020441500000742963,
      0.15600450000056298,
      0.017030299997713882,
      0.05120360000000801,
      0.05170650000218302
    ],
    "sync_times": [
      0.047311900001659524,
      0.01536610000039218,
      0.013818499999615597,
      0.009942900000169175,
      0.010344599999370985,
      0.009078499999304768,
      0.013664899997820612,
      0.026438900000357535,
      0.005907599999773083,
      0.006255500000406755
    ],
    "optim_times": [
      0.0016422000007878523,
      0.0008522999996785074,
      0.002139000000170199,
      0.0010165999992750585,
      0.0009639000018069055,
      0.000937000000703847,
      0.001251999998203246,
      0.0009844999985944014,
      0.0008259999995061662,
      0.000931700000364799
    ],
    "iter_times": [
      0.08217210000293562,
      0.06990779999978258,
      0.03784280000036233,
      0.032131699997989926,
      0.03323369999998249,
      0.030457000000751577,
      0.17092139999658684,
      0.04445369999666582,
      0.05793719999928726,
      0.058893700002954574
    ],
    "grad_norms": [
      0.43765556812286377,
      0.30987992882728577,
      0.3232015073299408,
      0.509867250919342,
      0.3904513716697693,
      0.3446432650089264,
      0.34981152415275574,
      0.6101589798927307,
      0.41137659549713135,
      0.280991792678833
    ],
    "losses": [
      2.29946231842041,
      2.2947347164154053,
      2.2736074924468994,
      2.3450276851654053,
      2.3365883827209473,
      2.33133602142334,
      2.2937495708465576,
      2.3339948654174805,
      2.2874393463134766,
      2.312236785888672
    ],
    "bytes_transferred": [
      208552,
      208552,
      208552,
      208552,
      208552,
      208552,
      208552,
      208552,
      208552,
      208552
    ],
    "epochs": [
      0,
      0,
      0,
      0,
      0,
      0,
      0,
      0,
      0,
      0
    ],
    "steps": [
      0,
      1,
      2,
      3,
      4,
      5,
      6,
      7,
      8,
      9
    ]
  }
}