{
  "rank": 3,
  "world_size": 4,
  "num_steps": 10,
  "statistics": {
    "compute": {
      "count": 10,
      "min": 0.01981310000337544,
      "max": 0.15633800000068732,
      "mean": 0.046283289999337285,
      "std": 0.03988230410011517,
      "p95": 0.0668322999990778,
      "p99": 0.0668322999990778
    },
    "sync": {
      "count": 10,
      "min": 0.006164099999296013,
      "max": 0.5007469000011042,
      "mean": 0.06117388999991817,
      "std": 0.14668013164650623,
      "p95": 0.029083999997965293,
      "p99": 0.029083999997965293
    },
    "optim": {
      "count": 10,
      "min": 0.0008361000000149943,
      "max": 0.0016541999975743238,
      "mean": 0.0010011299997131572,
      "std": 0.000230373175142149,
      "p95": 0.0011038000011467375,
      "p99": 0.0011038000011467375
    },
    "iter": {
      "count": 10,
      "min": 0.03035739999540965,
      "max": 0.5314635999966413,
      "mean": 0.10845830999896862,
      "std": 0.14619986597703177,
      "p95": 0.16588180000326247,
      "p99": 0.16588180000326247
    },
    "grad_norm": {
      "count": 10,
      "min": 0.280991792678833,
      "max": 0.6101589798927307,
      "mean": 0.3968037784099579,
      "std": 0.09567645305897249,
      "p95": 0.509867250919342,
      "p99": 0.509867250919342
    },
    "loss": {
      "count": 10,
      "min": 2.2736005783081055,
      "max": 2.347264051437378,
      "mean": 2.3159912109375,
      "std": 0.02106962475791396,
      "p95": 2.338479995727539,
      "p99": 2.338479995727539
    }
  },
  "trajectories": {
    "compute_times": [
      0.029062499997962732,
      0.0668322999990778,
      0.02238740000029793,
      0.021854599999642232,
      0.022142199999507284,
      0.02225219999672845,
      0.15633800000068732,
      0.01981310000337544,
      0.05059179999807384,
      0.05155879999801982
    ],
    "sync_times": [
      0.5007469000011042,
      0.01980829999956768,
      0.01267569999981788,
      0.010703200001444202,
      0.010354699999879813,
      0.007001399997534463,
      0.00868570000238833,
      0.029083999997965293,
      0.006514900000183843,
      0.006164099999296013
    ],
    "optim_times": [
      0.0016541999975743238,
      0.0009626999999454711,
      0.0008361000000149943,
      0.000994999998511048,
      0.000938299999688752,
      0.0011038000011467375,
      0.0008581000001868233,
      0.0008731999987503514,
      0.0008665999994263984,
      0.0009233000018866733
    ],
    "iter_times": [
      0.5314635999966413,
      0.08760329999859096,
      0.035899200000130804,
      0.03355279999959748,
      0.03343519999907585,
      0.03035739999540965,
      0.16588180000326247,
      0.04977030000009108,
      0.05797329999768408,
      0.05864619999920251
    ],
    "grad_norms": [
      0.43765556812286377,
      0.30987992882728577,
      0.3232015073299408,
      0.509867250919342,
      0.3904513716697693,
      0.3446432650089264,
      0.34981152415275574,
      0.6101589798927307,
      0.41137659549713135,
      0.280991792678833
    ],
    "losses": [
      2.3087685108184814,
      2.314664602279663,
      2.347264051437378,
      2.2736005783081055,
      2.3231637477874756,
      2.314375162124634,
      2.2923665046691895,
      2.3373303413391113,
      2.338479995727539,
      2.309898614883423
    ],
    "bytes_transferred": [
      208552,
      208552,
      208552,
      208552,
      208552,
      208552,
      208552,
      208552,
      208552,
      208552
    ],
    "epochs": [
      0,
      0,
      0,
      0,
      0,
      0,
      0,
      0,
      0,
      0
    ],
    "steps": [
      0,
      1,
      2,
      3,
      4,
      5,
      6,
      7,
      8,
      9
    ]
  }
}