{
  "rank": 0,
  "world_size": 4,
  "num_steps": 10,
  "statistics": {
    "compute": {
      "count": 10,
      "min": 0.01910700000007637,
      "max": 0.15802759999860427,
      "mean": 0.04702435999897716,
      "std": 0.040409085745628466,
      "p95": 0.070277899998473,
      "p99": 0.070277899998473
    },
    "sync": {
      "count": 10,
      "min": 0.005123599999933504,
      "max": 0.030515200000081677,
      "mean": 0.01198242000064056,
      "std": 0.0075879867595852,
      "p95": 0.0202246999979252,
      "p99": 0.0202246999979252
    },
    "optim": {
      "count": 10,
      "min": 0.0008725000006961636,
      "max": 0.002201499999500811,
      "mean": 0.0011099099996499718,
      "std": 0.0003717023765665756,
      "p95": 0.0010942000008071773,
      "p99": 0.0010942000008071773
    },
    "iter": {
      "count": 10,
      "min": 0.027013800001441268,
      "max": 0.16402369999923394,
      "mean": 0.06011668999926769,
      "std": 0.038925949366233586,
      "p95": 0.09155449999525445,
      "p99": 0.09155449999525445
    },
    "grad_norm": {
      "count": 10,
      "min": 0.280991792678833,
      "max": 0.6101589798927307,
      "mean": 0.3968037784099579,
      "std": 0.09567645305897249,
      "p95": 0.509867250919342,
      "p99": 0.509867250919342
    },
    "loss": {
      "count": 10,
      "min": 2.288759708404541,
      "max": 2.3519093990325928,
      "mean": 2.3193994760513306,
      "std": 0.018467891660808505,
      "p95": 2.3377585411071777,
      "p99": 2.3377585411071777
    }
  },
  "trajectories": {
    "compute_times": [
      0.031626399999368005,
      0.070277899998473,
      0.02325099999870872,
      0.02250379999895813,
      0.02356799999688519,
      0.020457800001167925,
      0.15802759999860427,
      0.01910700000007637,
      0.05026039999938803,
      0.051163699998141965
    ],
    "sync_times": [
      0.014600599999539554,
      0.0202246999979252,
      0.011932200002775062,
      0.009623100002499996,
      0.008241600000474136,
      0.005542599999898812,
      0.005123599999933504,
      0.030515200000081677,
      0.007001500001933891,
      0.007019100001343759
    ],
    "optim_times": [
      0.002201499999500811,
      0.0010518999988562427,
      0.0010942000008071773,
      0.0010047999967355281,
      0.0010816999965754803,
      0.0010134000003745314,
      0.0008725000006961636,
      0.0008784000019659288,
      0.0009033999995153863,
      0.0009973000014724676
    ],
    "iter_times": [
      0.04842849999840837,
      0.09155449999525445,
      0.03627740000229096,
      0.03313169999819365,
      0.03289129999393481,
      0.027013800001441268,
      0.16402369999923394,
      0.050500600002123974,
      0.058165300000837306,
      0.05918010000095819
    ],
    "grad_norms": [
      0.43765556812286377,
      0.30987992882728577,
      0.3232015073299408,
      0.509867250919342,
      0.3904513716697693,
      0.3446432650089264,
      0.34981152415275574,
      0.6101589798927307,
      0.41137659549713135,
      0.280991792678833
    ],
    "losses": [
      2.3051133155822754,
      2.3519093990325928,
      2.3318443298339844,
      2.3371269702911377,
      2.3053507804870605,
      2.288759708404541,
      2.313152313232422,
      2.3377585411071777,
      2.3068459033966064,
      2.316133499145508
    ],
    "bytes_transferred": [
      208552,
      208552,
      208552,
      208552,
      208552,
      208552,
      208552,
      208552,
      208552,
      208552
    ],
    "epochs": [
      0,
      0,
      0,
      0,
      0,
      0,
      0,
      0,
      0,
      0
    ],
    "steps": [
      0,
      1,
      2,
      3,
      4,
      5,
      6,
      7,
      8,
      9
    ]
  }
}