{
  "rank": 0,
  "world_size": 8,
  "num_steps": 10,
  "statistics": {
    "compute": {
      "count": 10,
      "min": 0.016271799999231007,
      "max": 0.11433169999872916,
      "mean": 0.029921059999833233,
      "std": 0.028225226130667618,
      "p95": 0.024242699997557793,
      "p99": 0.024242699997557793
    },
    "sync": {
      "count": 10,
      "min": 0.014607599998271326,
      "max": 0.07247949999873526,
      "mean": 0.022886250000010478,
      "std": 0.016685706358800297,
      "p95": 0.022850699999253266,
      "p99": 0.022850699999253266
    },
    "optim": {
      "count": 10,
      "min": 0.000625599997874815,
      "max": 0.0011883000006491784,
      "mean": 0.0007631499996932689,
      "std": 0.0001558016003281398,
      "p95": 0.0008276000007754192,
      "p99": 0.0008276000007754192
    },
    "iter": {
      "count": 10,
      "min": 0.035504300001775846,
      "max": 0.1879994999981136,
      "mean": 0.05357045999953698,
      "std": 0.04494846895408282,
      "p95": 0.04792099999758648,
      "p99": 0.04792099999758648
    },
    "grad_norm": {
      "count": 10,
      "min": 0.15999259054660797,
      "max": 0.44135209918022156,
      "mean": 0.27230106592178344,
      "std": 0.0771837868652869,
      "p95": 0.3397710919380188,
      "p99": 0.3397710919380188
    },
    "loss": {
      "count": 10,
      "min": 1.5595345497131348,
      "max": 1.727585792541504,
      "mean": 1.6080211639404296,
      "std": 0.04564368218385162,
      "p95": 1.631116271018982,
      "p99": 1.631116271018982
    }
  },
  "trajectories": {
    "compute_times": [
      0.11433169999872916,
      0.021875599999475526,
      0.02260029999888502,
      0.022221400002308656,
      0.018736900001385948,
      0.020023000000946922,
      0.024242699997557793,
      0.018202300001576077,
      0.020704899998236215,
      0.016271799999231007
    ],
    "sync_times": [
      0.07247949999873526,
      0.018128499999875203,
      0.01629499999762629,
      0.01604850000148872,
      0.017171800001960946,
      0.014735500000824686,
      0.022850699999253266,
      0.01737680000223918,
      0.014607599998271326,
      0.019168599999829894
    ],
    "optim_times": [
      0.0011883000006491784,
      0.0007905999991635326,
      0.0006566999982169364,
      0.0006490999985544477,
      0.0007807000001776032,
      0.0007458000000042375,
      0.0008276000007754192,
      0.000625599997874815,
      0.0007000000005064066,
      0.0006671000010101125
    ],
    "iter_times": [
      0.1879994999981136,
      0.04079469999851426,
      0.03955199999472825,
      0.03891900000235182,
      0.0366894000035245,
      0.035504300001775846,
      0.04792099999758648,
      0.03620470000169007,
      0.03601249999701395,
      0.03610750000007101
    ],
    "grad_norms": [
      0.21865025162696838,
      0.15999259054660797,
      0.281485378742218,
      0.44135209918022156,
      0.2697281539440155,
      0.19138401746749878,
      0.31590890884399414,
      0.3397710919380188,
      0.28079932928085327,
      0.22393883764743805
    ],
    "losses": [
      1.5989478826522827,
      1.5595345497131348,
      1.5711110830307007,
      1.5956847667694092,
      1.727585792541504,
      1.6302995681762695,
      1.5769612789154053,
      1.5837831497192383,
      1.6051872968673706,
      1.631116271018982
    ],
    "bytes_transferred": [
      27188,
      27188,
      27188,
      27188,
      27188,
      27188,
      27188,
      27188,
      27188,
      27188
    ],
    "epochs": [
      0,
      0,
      0,
      0,
      0,
      0,
      0,
      0,
      0,
      0
    ],
    "steps": [
      0,
      1,
      2,
      3,
      4,
      5,
      6,
      7,
      8,
      9
    ]
  }
}