{
  "rank": 1,
  "world_size": 8,
  "num_steps": 10,
  "statistics": {
    "compute": {
      "count": 10,
      "min": 0.015984500001650304,
      "max": 0.11553450000064913,
      "mean": 0.030223839999962365,
      "std": 0.02857596435912892,
      "p95": 0.026847999997698935,
      "p99": 0.026847999997698935
    },
    "sync": {
      "count": 10,
      "min": 0.011180999998032348,
      "max": 0.0656048999990162,
      "mean": 0.02107411000033608,
      "std": 0.015048161002091562,
      "p95": 0.019476000001304783,
      "p99": 0.019476000001304783
    },
    "optim": {
      "count": 10,
      "min": 0.00065819999872474,
      "max": 0.0013151999992260244,
      "mean": 0.0007972799998242408,
      "std": 0.00018015795731504946,
      "p95": 0.0008199000003514811,
      "p99": 0.0008199000003514811
    },
    "iter": {
      "count": 10,
      "min": 0.0316765999996278,
      "max": 0.18245459999889135,
      "mean": 0.052095230000122686,
      "std": 0.04362560206498035,
      "p95": 0.04536039999584318,
      "p99": 0.04536039999584318
    },
    "grad_norm": {
      "count": 10,
      "min": 0.15999260544776917,
      "max": 0.44135209918022156,
      "mean": 0.2723010778427124,
      "std": 0.07718378504744447,
      "p95": 0.3397710919380188,
      "p99": 0.3397710919380188
    },
    "loss": {
      "count": 10,
      "min": 1.53525972366333,
      "max": 1.6752351522445679,
      "mean": 1.6023090362548829,
      "std": 0.039751187158115604,
      "p95": 1.639359951019287,
      "p99": 1.639359951019287
    }
  },
  "trajectories": {
    "compute_times": [
      0.11553450000064913,
      0.019763700001931284,
      0.023341299998719478,
      0.026847999997698935,
      0.01869289999740431,
      0.019592299999203533,
      0.021478599999682046,
      0.02215700000306242,
      0.01884559999962221,
      0.015984500001650304
    ],
    "sync_times": [
      0.0656048999990162,
      0.011180999998032348,
      0.013680000000022119,
      0.017793600000004517,
      0.019476000001304783,
      0.018084000003000256,
      0.014109100000496255,
      0.019023699998797383,
      0.016283600001770537,
      0.015505200000916375
    ],
    "optim_times": [
      0.0013151999992260244,
      0.0007318999996641651,
      0.0008199000003514811,
      0.0007187999981397297,
      0.0008042000008572359,
      0.0008080000006884802,
      0.0007213999997475185,
      0.00065819999872474,
      0.0007087000012688804,
      0.0006864999995741528
    ],
    "iter_times": [
      0.18245459999889135,
      0.0316765999996278,
      0.03784119999909308,
      0.04536039999584318,
      0.03897309999956633,
      0.03848430000289227,
      0.03630909999992582,
      0.041838900000584545,
      0.03583790000266163,
      0.03217620000214083
    ],
    "grad_norms": [
      0.21865025162696838,
      0.15999260544776917,
      0.281485378742218,
      0.44135209918022156,
      0.2697281837463379,
      0.19138403236865997,
      0.31590893864631653,
      0.3397710919380188,
      0.28079935908317566,
      0.22393883764743805
    ],
    "losses": [
      1.579476237297058,
      1.5829827785491943,
      1.6752351522445679,
      1.53525972366333,
      1.6240121126174927,
      1.5619982481002808,
      1.639359951019287,
      1.5811870098114014,
      1.6362640857696533,
      1.6073150634765625
    ],
    "bytes_transferred": [
      27188,
      27188,
      27188,
      27188,
      27188,
      27188,
      27188,
      27188,
      27188,
      27188
    ],
    "epochs": [
      0,
      0,
      0,
      0,
      0,
      0,
      0,
      0,
      0,
      0
    ],
    "steps": [
      0,
      1,
      2,
      3,
      4,
      5,
      6,
      7,
      8,
      9
    ]
  }
}