{
  "rank": 3,
  "world_size": 8,
  "num_steps": 10,
  "statistics": {
    "compute": {
      "count": 10,
      "min": 0.015869900002144277,
      "max": 0.11322189999918919,
      "mean": 0.03019594000033976,
      "std": 0.027829032651880373,
      "p95": 0.02507750000222586,
      "p99": 0.02507750000222586
    },
    "sync": {
      "count": 10,
      "min": 0.013821100001223385,
      "max": 0.8605213000009826,
      "mean": 0.10184117999997397,
      "std": 0.2529039749845653,
      "p95": 0.021887399998377077,
      "p99": 0.021887399998377077
    },
    "optim": {
      "count": 10,
      "min": 0.0006742000005033333,
      "max": 0.0014224999977159314,
      "mean": 0.0008197400005883537,
      "std": 0.00020477956442687767,
      "p95": 0.0008254999993368983,
      "p99": 0.0008254999993368983
    },
    "iter": {
      "count": 10,
      "min": 0.034284500005014706,
      "max": 0.9751656999978877,
      "mean": 0.13285686000090208,
      "std": 0.2807964168566254,
      "p95": 0.046034200000576675,
      "p99": 0.046034200000576675
    },
    "grad_norm": {
      "count": 10,
      "min": 0.15999260544776917,
      "max": 0.44135209918022156,
      "mean": 0.27230106890201566,
      "std": 0.07718378043035252,
      "p95": 0.3397710621356964,
      "p99": 0.3397710621356964
    },
    "loss": {
      "count": 10,
      "min": 1.5502164363861084,
      "max": 1.6657878160476685,
      "mean": 1.5959903478622437,
      "std": 0.03129806180669577,
      "p95": 1.62666654586792,
      "p99": 1.62666654586792
    }
  },
  "trajectories": {
    "compute_times": [
      0.11322189999918919,
      0.022361800001817755,
      0.018299399998795707,
      0.022705700001097284,
      0.018974500002514105,
      0.02507750000222586,
      0.023579499997140374,
      0.02406179999888991,
      0.015869900002144277,
      0.01780739999958314
    ],
    "sync_times": [
      0.8605213000009826,
      0.021887399998377077,
      0.015764499999932013,
      0.013821100001223385,
      0.017315699999016942,
      0.01554519999990589,
      0.01703070000075968,
      0.021203500000410713,
      0.017682800000329735,
      0.017639599998801714
    ],
    "optim_times": [
      0.0014224999977159314,
      0.0008254999993368983,
      0.000768699999753153,
      0.0007866000014473684,
      0.000733500000933418,
      0.0006742000005033333,
      0.000715199999831384,
      0.0007689000012760516,
      0.0007318000025406945,
      0.0007705000025453046
    ],
    "iter_times": [
      0.9751656999978877,
      0.04507469999953173,
      0.03483259999848087,
      0.03731340000376804,
      0.037023700002464466,
      0.041296900002635084,
      0.04132539999773144,
      0.046034200000576675,
      0.034284500005014706,
      0.03621750000093016
    ],
    "grad_norms": [
      0.21865025162696838,
      0.15999260544776917,
      0.281485378742218,
      0.44135209918022156,
      0.2697281837463379,
      0.19138403236865997,
      0.31590890884399414,
      0.3397710621356964,
      0.28079932928085327,
      0.22393883764743805
    ],
    "losses": [
      1.5502164363861084,
      1.5609571933746338,
      1.5990710258483887,
      1.573608160018921,
      1.62666654586792,
      1.6057024002075195,
      1.6657878160476685,
      1.5894685983657837,
      1.5923731327056885,
      1.5960521697998047
    ],
    "bytes_transferred": [
      27188,
      27188,
      27188,
      27188,
      27188,
      27188,
      27188,
      27188,
      27188,
      27188
    ],
    "epochs": [
      0,
      0,
      0,
      0,
      0,
      0,
      0,
      0,
      0,
      0
    ],
    "steps": [
      0,
      1,
      2,
      3,
      4,
      5,
      6,
      7,
      8,
      9
    ]
  }
}