{
  "rank": 5,
  "world_size": 8,
  "num_steps": 10,
  "statistics": {
    "compute": {
      "count": 10,
      "min": 0.01602910000292468,
      "max": 0.07563609999851906,
      "mean": 0.02501084000105038,
      "std": 0.01709544585958355,
      "p95": 0.02458200000182842,
      "p99": 0.02458200000182842
    },
    "sync": {
      "count": 10,
      "min": 0.01388569999835454,
      "max": 0.024848900000506546,
      "mean": 0.0179043999996793,
      "std": 0.0034660653706582046,
      "p95": 0.02182349999930011,
      "p99": 0.02182349999930011
    },
    "optim": {
      "count": 10,
      "min": 0.0006289000011747703,
      "max": 0.0012419000013323966,
      "mean": 0.0007981499999004882,
      "std": 0.00015527784973643638,
      "p95": 0.0008067999988270458,
      "p99": 0.0008067999988270458
    },
    "iter": {
      "count": 10,
      "min": 0.03125819999695523,
      "max": 0.101726900000358,
      "mean": 0.04371339000063017,
      "std": 0.019786288462433098,
      "p95": 0.0454686999983096,
      "p99": 0.0454686999983096
    },
    "grad_norm": {
      "count": 10,
      "min": 0.15999260544776917,
      "max": 0.44135209918022156,
      "mean": 0.27230107337236403,
      "std": 0.07718378214890273,
      "p95": 0.3397710621356964,
      "p99": 0.3397710621356964
    },
    "loss": {
      "count": 10,
      "min": 1.5623314380645752,
      "max": 1.6510980129241943,
      "mean": 1.6016567826271058,
      "std": 0.028770401108985096,
      "p95": 1.6454923152923584,
      "p99": 1.6454923152923584
    }
  },
  "trajectories": {
    "compute_times": [
      0.07563609999851906,
      0.01916680000067572,
      0.017431000000215136,
      0.018701900000451133,
      0.016050499998527812,
      0.02458200000182842,
      0.022920300001715077,
      0.017758200003299862,
      0.021832500002346933,
      0.01602910000292468
    ],
    "sync_times": [
      0.024848900000506546,
      0.01995330000136164,
      0.019944699997722637,
      0.01388569999835454,
      0.014425499997742008,
      0.017027300000336254,
      0.02182349999930011,
      0.015071400001033908,
      0.014595000000554137,
      0.01746869999988121
    ],
    "optim_times": [
      0.0012419000013323966,
      0.0008067999988270458,
      0.000777699999161996,
      0.0007619999996677507,
      0.0007822000006854068,
      0.0007191000004240777,
      0.0007248999972944148,
      0.0007786000023770612,
      0.0007593999980599619,
      0.0006289000011747703
    ],
    "iter_times": [
      0.101726900000358,
      0.03992690000086441,
      0.03815339999709977,
      0.03334959999847342,
      0.03125819999695523,
      0.04232840000258875,
      0.0454686999983096,
      0.03360820000671083,
      0.03718690000096103,
      0.03412670000398066
    ],
    "grad_norms": [
      0.2186502367258072,
      0.15999260544776917,
      0.2814854085445404,
      0.44135209918022156,
      0.2697281837463379,
      0.19138403236865997,
      0.31590890884399414,
      0.3397710621356964,
      0.28079935908317566,
      0.22393883764743805
    ],
    "losses": [
      1.6213963031768799,
      1.604060411453247,
      1.5623314380645752,
      1.5839717388153076,
      1.5828235149383545,
      1.6510980129241943,
      1.5817365646362305,
      1.6454923152923584,
      1.6106969118118286,
      1.572960615158081
    ],
    "bytes_transferred": [
      27188,
      27188,
      27188,
      27188,
      27188,
      27188,
      27188,
      27188,
      27188,
      27188
    ],
    "epochs": [
      0,
      0,
      0,
      0,
      0,
      0,
      0,
      0,
      0,
      0
    ],
    "steps": [
      0,
      1,
      2,
      3,
      4,
      5,
      6,
      7,
      8,
      9
    ]
  }
}