{
  "rank": 2,
  "world_size": 8,
  "num_steps": 10,
  "statistics": {
    "compute": {
      "count": 10,
      "min": 0.015473200000997167,
      "max": 0.10706600000048638,
      "mean": 0.027442050000536254,
      "std": 0.02657227392537713,
      "p95": 0.02055350000227918,
      "p99": 0.02055350000227918
    },
    "sync": {
      "count": 10,
      "min": 0.01514590000078897,
      "max": 0.04290889999901992,
      "mean": 0.02037823999999091,
      "std": 0.00798075784419219,
      "p95": 0.023924699999042787,
      "p99": 0.023924699999042787
    },
    "optim": {
      "count": 10,
      "min": 0.0006797999994887505,
      "max": 0.0012920000008307397,
      "mean": 0.0008455399998638313,
      "std": 0.00017325289749983244,
      "p95": 0.0009886000007099938,
      "p99": 0.0009886000007099938
    },
    "iter": {
      "count": 10,
      "min": 0.03202090000195312,
      "max": 0.15126690000033705,
      "mean": 0.048665830000391,
      "std": 0.03436549603872459,
      "p95": 0.04535759999998845,
      "p99": 0.04535759999998845
    },
    "grad_norm": {
      "count": 10,
      "min": 0.15999259054660797,
      "max": 0.44135209918022156,
      "mean": 0.27230107635259626,
      "std": 0.07718378724217047,
      "p95": 0.3397710919380188,
      "p99": 0.3397710919380188
    },
    "loss": {
      "count": 10,
      "min": 1.536437749862671,
      "max": 1.6919267177581787,
      "mean": 1.6187527060508728,
      "std": 0.05014536098871647,
      "p95": 1.6840968132019043,
      "p99": 1.6840968132019043
    }
  },
  "trajectories": {
    "compute_times": [
      0.10706600000048638,
      0.02055350000227918,
      0.018705900001805276,
      0.018673099999432452,
      0.01759209999727318,
      0.018884699999034638,
      0.01977390000320156,
      0.01850689999992028,
      0.015473200000997167,
      0.01919120000093244
    ],
    "sync_times": [
      0.04290889999901992,
      0.023924699999042787,
      0.01514590000078897,
      0.01682480000090436,
      0.02153859999816632,
      0.01638759999696049,
      0.015226300001813797,
      0.018619300000864314,
      0.0157963000019663,
      0.017410000000381842
    ],
    "optim_times": [
      0.0012920000008307397,
      0.0008793999986664858,
      0.0008450999994238373,
      0.0007427999989886303,
      0.0009886000007099938,
      0.0006797999994887505,
      0.0007643999997526407,
      0.0008256000000983477,
      0.0007513999989896547,
      0.0006863000016892329
    ],
    "iter_times": [
      0.15126690000033705,
      0.04535759999998845,
      0.03469690000201808,
      0.03624069999932544,
      0.04011929999614949,
      0.03595209999548388,
      0.035764600004768,
      0.03795180000088294,
      0.03202090000195312,
      0.037287500003003515
    ],
    "grad_norms": [
      0.21865025162696838,
      0.15999259054660797,
      0.2814854085445404,
      0.44135209918022156,
      0.2697281837463379,
      0.19138403236865997,
      0.31590893864631653,
      0.3397710919380188,
      0.28079932928085327,
      0.22393883764743805
    ],
    "losses": [
      1.5676941871643066,
      1.6919267177581787,
      1.5657191276550293,
      1.614538311958313,
      1.6617419719696045,
      1.536437749862671,
      1.6526923179626465,
      1.6061055660247803,
      1.606574296951294,
      1.6840968132019043
    ],
    "bytes_transferred": [
      27188,
      27188,
      27188,
      27188,
      27188,
      27188,
      27188,
      27188,
      27188,
      27188
    ],
    "epochs": [
      0,
      0,
      0,
      0,
      0,
      0,
      0,
      0,
      0,
      0
    ],
    "steps": [
      0,
      1,
      2,
      3,
      4,
      5,
      6,
      7,
      8,
      9
    ]
  }
}