{
  "rank": 5,
  "world_size": 8,
  "num_steps": 10,
  "statistics": {
    "compute": {
      "count": 10,
      "min": 0.015439500002685236,
      "max": 0.10177760000078706,
      "mean": 0.027130090000719066,
      "std": 0.024956039276971438,
      "p95": 0.021362600000429666,
      "p99": 0.021362600000429666
    },
    "sync": {
      "count": 10,
      "min": 0.012010599999484839,
      "max": 0.34925639999710256,
      "mean": 0.050375329999951646,
      "std": 0.09971205352779366,
      "p95": 0.02791570000044885,
      "p99": 0.02791570000044885
    },
    "optim": {
      "count": 10,
      "min": 0.000889300001290394,
      "max": 0.002667900000233203,
      "mean": 0.0012578900012158555,
      "std": 0.000509850872830663,
      "p95": 0.0016365000010409858,
      "p99": 0.0016365000010409858
    },
    "iter": {
      "count": 10,
      "min": 0.02914799999780371,
      "max": 0.4537018999981228,
      "mean": 0.07876331000188656,
      "std": 0.1250601710530237,
      "p95": 0.046126000001095235,
      "p99": 0.046126000001095235
    },
    "grad_norm": {
      "count": 10,
      "min": 0.7961502075195312,
      "max": 1.3927916288375854,
      "mean": 1.11062331199646,
      "std": 0.1824041774966224,
      "p95": 1.3240501880645752,
      "p99": 1.3240501880645752
    },
    "loss": {
      "count": 10,
      "min": 2.2454447746276855,
      "max": 2.429318428039551,
      "mean": 2.3346415758132935,
      "std": 0.06716154696453351,
      "p95": 2.414576530456543,
      "p99": 2.414576530456543
    }
  },
  "trajectories": {
    "compute_times": [
      0.10177760000078706,
      0.015439500002685236,
      0.019064800002524862,
      0.019755600002099527,
      0.020322200001828605,
      0.019311599997308804,
      0.016164099997695303,
      0.021362600000429666,
      0.01703099999940605,
      0.021071900002425537
    ],
    "sync_times": [
      0.34925639999710256,
      0.015454999997018604,
      0.017121299999416806,
      0.013861400002497248,
      0.014213700000254903,
      0.019346799999766517,
      0.012010599999484839,
      0.017368200002238154,
      0.02791570000044885,
      0.017204200001287973
    ],
    "optim_times": [
      0.002667900000233203,
      0.0010821000032592565,
      0.0010801999997056555,
      0.000915300002816366,
      0.0010723000013967976,
      0.0016365000010409858,
      0.000973300000623567,
      0.0010827000005519949,
      0.0011793000012403354,
      0.000889300001290394
    ],
    "iter_times": [
      0.4537018999981228,
      0.031976600002963096,
      0.03726630000164732,
      0.03453230000741314,
      0.035608200003480306,
      0.04029489999811631,
      0.02914799999780371,
      0.039813500003219815,
      0.046126000001095235,
      0.0391654000050039
    ],
    "grad_norms": [
      0.8591600656509399,
      1.0087898969650269,
      0.7961502075195312,
      1.1317408084869385,
      1.3927916288375854,
      1.196945071220398,
      1.0489228963851929,
      1.2614436149597168,
      1.0862387418746948,
      1.3240501880645752
    ],
    "losses": [
      2.2582294940948486,
      2.414576530456543,
      2.429318428039551,
      2.2454447746276855,
      2.280982494354248,
      2.3686609268188477,
      2.3562493324279785,
      2.2494730949401855,
      2.3986544609069824,
      2.3448262214660645
    ],
    "bytes_transferred": [
      208552,
      208552,
      208552,
      208552,
      208552,
      208552,
      208552,
      208552,
      208552,
      208552
    ],
    "epochs": [
      0,
      0,
      0,
      0,
      0,
      0,
      0,
      0,
      0,
      0
    ],
    "steps": [
      0,
      1,
      2,
      3,
      4,
      5,
      6,
      7,
      8,
      9
    ]
  }
}