{
  "rank": 0,
  "world_size": 8,
  "num_steps": 10,
  "statistics": {
    "compute": {
      "count": 10,
      "min": 0.018996700000570854,
      "max": 0.030774399998335866,
      "mean": 0.021951219999755266,
      "std": 0.003148986284323078,
      "p95": 0.02230789999885019,
      "p99": 0.02230789999885019
    },
    "sync": {
      "count": 10,
      "min": 0.009650299998611445,
      "max": 0.02746159999878728,
      "mean": 0.016508239999529904,
      "std": 0.005566931014038113,
      "p95": 0.026980499998899177,
      "p99": 0.026980499998899177
    },
    "optim": {
      "count": 10,
      "min": 0.0010493000008864328,
      "max": 0.002028999999311054,
      "mean": 0.001415620000261697,
      "std": 0.0003678040530080571,
      "p95": 0.00195739999981015,
      "p99": 0.00195739999981015
    },
    "iter": {
      "count": 10,
      "min": 0.029855299999326235,
      "max": 0.06003509999936796,
      "mean": 0.03987507999954687,
      "std": 0.008222942073999134,
      "p95": 0.04985070000111591,
      "p99": 0.04985070000111591
    },
    "grad_norm": {
      "count": 10,
      "min": 0.7961502075195312,
      "max": 1.3927916288375854,
      "mean": 1.11062331199646,
      "std": 0.1824041774966224,
      "p95": 1.3240501880645752,
      "p99": 1.3240501880645752
    },
    "loss": {
      "count": 10,
      "min": 2.205620765686035,
      "max": 2.4157919883728027,
      "mean": 2.3382776021957397,
      "std": 0.06979305089502721,
      "p95": 2.414867877960205,
      "p99": 2.414867877960205
    }
  },
  "trajectories": {
    "compute_times": [
      0.030774399998335866,
      0.021099300000059884,
      0.02185499999905005,
      0.020536199997877702,
      0.018996700000570854,
      0.019013200002518715,
      0.022040899999410613,
      0.02230789999885019,
      0.020912800002406584,
      0.021975799998472212
    ],
    "sync_times": [
      0.02746159999878728,
      0.014951000001019565,
      0.015600299997458933,
      0.014400199997908203,
      0.009650299998611445,
      0.014309800000773976,
      0.013606300002720673,
      0.014453600000706501,
      0.026980499998899177,
      0.013668799998413306
    ],
    "optim_times": [
      0.0017991000022448134,
      0.001198800000565825,
      0.0015772999977343716,
      0.002028999999311054,
      0.001208300000143936,
      0.0010799999981827568,
      0.001064700001734309,
      0.0011923000020033214,
      0.00195739999981015,
      0.0010493000008864328
    ],
    "iter_times": [
      0.06003509999936796,
      0.037249100001645274,
      0.039032599994243355,
      0.03696539999509696,
      0.029855299999326235,
      0.03440300000147545,
      0.036711900003865594,
      0.03795380000156001,
      0.04985070000111591,
      0.03669389999777195
    ],
    "grad_norms": [
      0.8591600656509399,
      1.0087898969650269,
      0.7961502075195312,
      1.1317408084869385,
      1.3927916288375854,
      1.196945071220398,
      1.0489228963851929,
      1.2614436149597168,
      1.0862387418746948,
      1.3240501880645752
    ],
    "losses": [
      2.414867877960205,
      2.358530282974243,
      2.353931188583374,
      2.4157919883728027,
      2.300269365310669,
      2.205620765686035,
      2.3281636238098145,
      2.3574838638305664,
      2.233883857727051,
      2.4142332077026367
    ],
    "bytes_transferred": [
      208552,
      208552,
      208552,
      208552,
      208552,
      208552,
      208552,
      208552,
      208552,
      208552
    ],
    "epochs": [
      0,
      0,
      0,
      0,
      0,
      0,
      0,
      0,
      0,
      0
    ],
    "steps": [
      0,
      1,
      2,
      3,
      4,
      5,
      6,
      7,
      8,
      9
    ]
  }
}