{
  "rank": 2,
  "world_size": 8,
  "num_steps": 10,
  "statistics": {
    "compute": {
      "count": 10,
      "min": 0.016713199998775963,
      "max": 0.029216200000519166,
      "mean": 0.020203100000071573,
      "std": 0.0033632355384614486,
      "p95": 0.021098799999890616,
      "p99": 0.021098799999890616
    },
    "sync": {
      "count": 10,
      "min": 0.010048599997389829,
      "max": 0.05174089999854914,
      "mean": 0.020588989999305342,
      "std": 0.011868671490853498,
      "p95": 0.030072699999436736,
      "p99": 0.030072699999436736
    },
    "optim": {
      "count": 10,
      "min": 0.000898300000699237,
      "max": 0.001477300000260584,
      "mean": 0.0011165100007929142,
      "std": 0.0001674065257603683,
      "p95": 0.0013147000026947353,
      "p99": 0.0013147000026947353
    },
    "iter": {
      "count": 10,
      "min": 0.02839729999686824,
      "max": 0.08243439999932889,
      "mean": 0.04190860000016983,
      "std": 0.015074756127684186,
      "p95": 0.05186370000228635,
      "p99": 0.05186370000228635
    },
    "grad_norm": {
      "count": 10,
      "min": 0.7961502075195312,
      "max": 1.3927916288375854,
      "mean": 1.11062331199646,
      "std": 0.1824041774966224,
      "p95": 1.3240501880645752,
      "p99": 1.3240501880645752
    },
    "loss": {
      "count": 10,
      "min": 2.223473072052002,
      "max": 2.465825080871582,
      "mean": 2.3391031503677366,
      "std": 0.07144008464645069,
      "p95": 2.4400954246520996,
      "p99": 2.4400954246520996
    }
  },
  "trajectories": {
    "compute_times": [
      0.029216200000519166,
      0.02084180000019842,
      0.01884570000038366,
      0.016713199998775963,
      0.021098799999890616,
      0.019408300002396572,
      0.017594900000403868,
      0.017227899999852525,
      0.020796400000108406,
      0.02028779999818653
    ],
    "sync_times": [
      0.05174089999854914,
      0.018682199999602744,
      0.022935100001632236,
      0.010579200003121514,
      0.015406499998789513,
      0.019141599997965386,
      0.01472519999879296,
      0.010048599997389829,
      0.030072699999436736,
      0.012557899997773347
    ],
    "optim_times": [
      0.001477300000260584,
      0.0013147000026947353,
      0.001214399999298621,
      0.0011343000005581416,
      0.000898300000699237,
      0.0009949000013875775,
      0.0010044000009656884,
      0.0011207999996258877,
      0.0009946000027412083,
      0.0010113999996974599
    ],
    "iter_times": [
      0.08243439999932889,
      0.0408387000024959,
      0.042995200001314515,
      0.028426700002455618,
      0.03740359999937937,
      0.039544800001749536,
      0.033324500000162516,
      0.02839729999686824,
      0.05186370000228635,
      0.033857099995657336
    ],
    "grad_norms": [
      0.8591600656509399,
      1.0087898969650269,
      0.7961502075195312,
      1.1317408084869385,
      1.3927916288375854,
      1.196945071220398,
      1.0489228963851929,
      1.2614436149597168,
      1.0862387418746948,
      1.3240501880645752
    ],
    "losses": [
      2.3531851768493652,
      2.374746561050415,
      2.2929303646087646,
      2.3297159671783447,
      2.223473072052002,
      2.291567802429199,
      2.3529696464538574,
      2.4400954246520996,
      2.465825080871582,
      2.2665224075317383
    ],
    "bytes_transferred": [
      208552,
      208552,
      208552,
      208552,
      208552,
      208552,
      208552,
      208552,
      208552,
      208552
    ],
    "epochs": [
      0,
      0,
      0,
      0,
      0,
      0,
      0,
      0,
      0,
      0
    ],
    "steps": [
      0,
      1,
      2,
      3,
      4,
      5,
      6,
      7,
      8,
      9
    ]
  }
}