{
  "rank": 3,
  "world_size": 4,
  "num_steps": 10,
  "statistics": {
    "compute": {
      "count": 10,
      "min": 0.012823900000512367,
      "max": 0.05937120000089635,
      "mean": 0.018700170001102377,
      "std": 0.013599194825710266,
      "p95": 0.01601970000047004,
      "p99": 0.01601970000047004
    },
    "sync": {
      "count": 10,
      "min": 0.005513199997949414,
      "max": 0.0818784000002779,
      "mean": 0.014185599999836995,
      "std": 0.022582687616734685,
      "p95": 0.008816900000965688,
      "p99": 0.008816900000965688
    },
    "optim": {
      "count": 10,
      "min": 0.0006162999998196028,
      "max": 0.0012370000004011672,
      "mean": 0.0007510200000979239,
      "std": 0.00016806326677046477,
      "p95": 0.000747000001865672,
      "p99": 0.000747000001865672
    },
    "iter": {
      "count": 10,
      "min": 0.01897599999938393,
      "max": 0.14248660000157543,
      "mean": 0.033636790001037295,
      "std": 0.03632897076147218,
      "p95": 0.025540900001942646,
      "p99": 0.025540900001942646
    },
    "grad_norm": {
      "count": 10,
      "min": 0.07786624878644943,
      "max": 0.16770526766777039,
      "mean": 0.11386286094784737,
      "std": 0.02626985569219762,
      "p95": 0.1402418315410614,
      "p99": 0.1402418315410614
    },
    "loss": {
      "count": 10,
      "min": 1.6050825119018555,
      "max": 1.6242542266845703,
      "mean": 1.6124733090400696,
      "std": 0.005946440085977287,
      "p95": 1.6207689046859741,
      "p99": 1.6207689046859741
    }
  },
  "trajectories": {
    "compute_times": [
      0.05937120000089635,
      0.013674200003151782,
      0.012823900000512367,
      0.01417320000109612,
      0.01349580000169226,
      0.012863200001447694,
      0.013778399999864632,
      0.01601970000047004,
      0.014839300001767697,
      0.015962800000124844
    ],
    "sync_times": [
      0.0818784000002779,
      0.007682299998123199,
      0.005513199997949414,
      0.005822799997986294,
      0.00607760000275448,
      0.006224799999472452,
      0.006468800002039643,
      0.008816900000965688,
      0.006549900001118658,
      0.0068212999976822175
    ],
    "optim_times": [
      0.0012370000004011672,
      0.000747000001865672,
      0.000638900000922149,
      0.0007306999978027306,
      0.0006162999998196028,
      0.0006434999995690305,
      0.0007302000012714416,
      0.0007043000005069189,
      0.000740100000257371,
      0.0007221999985631555
    ],
    "iter_times": [
      0.14248660000157543,
      0.022103500003140653,
      0.01897599999938393,
      0.020726699996885145,
      0.020189700004266342,
      0.019731500000489177,
      0.020977400003175717,
      0.025540900001942646,
      0.022129300003143726,
      0.023506299996370217
    ],
    "grad_norms": [
      0.10253801196813583,
      0.0944528877735138,
      0.1402418315410614,
      0.08585923165082932,
      0.1306031048297882,
      0.16770526766777039,
      0.10912694036960602,
      0.10070528090000153,
      0.12952980399131775,
      0.07786624878644943
    ],
    "losses": [
      1.6119177341461182,
      1.6053522825241089,
      1.6132292747497559,
      1.607090950012207,
      1.6207689046859741,
      1.6242542266845703,
      1.6050825119018555,
      1.6104328632354736,
      1.6116782426834106,
      1.6149260997772217
    ],
    "bytes_transferred": [
      27188,
      27188,
      27188,
      27188,
      27188,
      27188,
      27188,
      27188,
      27188,
      27188
    ],
    "epochs": [
      0,
      0,
      0,
      0,
      0,
      0,
      0,
      0,
      0,
      0
    ],
    "steps": [
      0,
      1,
      2,
      3,
      4,
      5,
      6,
      7,
      8,
      9
    ]
  }
}