{
  "rank": 6,
  "world_size": 8,
  "num_steps": 10,
  "statistics": {
    "compute": {
      "count": 10,
      "min": 0.016571799998928327,
      "max": 0.16795389999970212,
      "mean": 0.03411971999994421,
      "std": 0.044646166837323725,
      "p95": 0.02194459999736864,
      "p99": 0.02194459999736864
    },
    "sync": {
      "count": 10,
      "min": 0.013717099998757476,
      "max": 0.10660869999992428,
      "mean": 0.026100579999547336,
      "std": 0.026922732778723545,
      "p95": 0.02266299999973853,
      "p99": 0.02266299999973853
    },
    "optim": {
      "count": 10,
      "min": 0.0006778000024496578,
      "max": 0.005672200000844896,
      "mean": 0.0013148199999704958,
      "std": 0.00146095804393419,
      "p95": 0.001266299997951137,
      "p99": 0.001266299997951137
    },
    "iter": {
      "count": 10,
      "min": 0.031013699997856747,
      "max": 0.27582889999757754,
      "mean": 0.06153511999946204,
      "std": 0.07150696236241294,
      "p95": 0.042579400000249734,
      "p99": 0.042579400000249734
    },
    "grad_norm": {
      "count": 10,
      "min": 0.15999260544776917,
      "max": 0.44135212898254395,
      "mean": 0.27230108082294463,
      "std": 0.07718379027219331,
      "p95": 0.3397710919380188,
      "p99": 0.3397710919380188
    },
    "loss": {
      "count": 10,
      "min": 1.5613853931427002,
      "max": 1.6592552661895752,
      "mean": 1.6215062379837035,
      "std": 0.027854999207688774,
      "p95": 1.6507530212402344,
      "p99": 1.6507530212402344
    }
  },
  "trajectories": {
    "compute_times": [
      0.16795389999970212,
      0.01735520000147517,
      0.02108310000039637,
      0.02134209999712766,
      0.017119400003139162,
      0.02194459999736864,
      0.019133800000417978,
      0.019940499998483574,
      0.016571799998928327,
      0.01875280000240309
    ],
    "sync_times": [
      0.10660869999992428,
      0.016729499999200925,
      0.017862699998659082,
      0.01658309999766061,
      0.01805199999944307,
      0.01586210000095889,
      0.02266299999973853,
      0.016523300000699237,
      0.013717099998757476,
      0.01640430000043125
    ],
    "optim_times": [
      0.001266299997951137,
      0.0008641999993415084,
      0.0008607999989180826,
      0.0007110000005923212,
      0.0008251999970525503,
      0.0007633000022906344,
      0.0007826000000932254,
      0.005672200000844896,
      0.0007248000001709443,
      0.0006778000024496578
    ],
    "iter_times": [
      0.27582889999757754,
      0.0349489000000176,
      0.039806599997973535,
      0.03863619999538059,
      0.03599659999963478,
      0.038570000000618165,
      0.042579400000249734,
      0.04213600000002771,
      0.031013699997856747,
      0.035834900005284
    ],
    "grad_norms": [
      0.21865025162696838,
      0.15999260544776917,
      0.2814854383468628,
      0.44135212898254395,
      0.2697281837463379,
      0.19138403236865997,
      0.31590890884399414,
      0.3397710919380188,
      0.28079932928085327,
      0.22393883764743805
    ],
    "losses": [
      1.6507530212402344,
      1.5942974090576172,
      1.6063278913497925,
      1.6134321689605713,
      1.5613853931427002,
      1.6592552661895752,
      1.6298840045928955,
      1.630171537399292,
      1.6476365327835083,
      1.6219191551208496
    ],
    "bytes_transferred": [
      27188,
      27188,
      27188,
      27188,
      27188,
      27188,
      27188,
      27188,
      27188,
      27188
    ],
    "epochs": [
      0,
      0,
      0,
      0,
      0,
      0,
      0,
      0,
      0,
      0
    ],
    "steps": [
      0,
      1,
      2,
      3,
      4,
      5,
      6,
      7,
      8,
      9
    ]
  }
}