{
  "rank": 7,
  "world_size": 8,
  "num_steps": 10,
  "statistics": {
    "compute": {
      "count": 10,
      "min": 0.016569899999012705,
      "max": 0.13850280000042403,
      "mean": 0.03221832000017457,
      "std": 0.035500631577225855,
      "p95": 0.023727399999188492,
      "p99": 0.023727399999188492
    },
    "sync": {
      "count": 10,
      "min": 0.013666200000443496,
      "max": 0.07670760000110022,
      "mean": 0.022266389999640524,
      "std": 0.018222815252761284,
      "p95": 0.01944770000045537,
      "p99": 0.01944770000045537
    },
    "optim": {
      "count": 10,
      "min": 0.0006584000002476387,
      "max": 0.0012040000001434237,
      "mean": 0.0007979299996804911,
      "std": 0.00014273039681011746,
      "p95": 0.0008120999991660938,
      "p99": 0.0008120999991660938
    },
    "iter": {
      "count": 10,
      "min": 0.03100529999937862,
      "max": 0.21641440000166767,
      "mean": 0.055282639999495585,
      "std": 0.053822952360997794,
      "p95": 0.0413124999977299,
      "p99": 0.0413124999977299
    },
    "grad_norm": {
      "count": 10,
      "min": 0.15999259054660797,
      "max": 0.44135209918022156,
      "mean": 0.27230107337236403,
      "std": 0.07718378503197405,
      "p95": 0.3397710919380188,
      "p99": 0.3397710919380188
    },
    "loss": {
      "count": 10,
      "min": 1.5346741676330566,
      "max": 1.6995255947113037,
      "mean": 1.6187506556510924,
      "std": 0.04681246075430346,
      "p95": 1.682713508605957,
      "p99": 1.682713508605957
    }
  },
  "trajectories": {
    "compute_times": [
      0.13850280000042403,
      0.01783179999983986,
      0.023727399999188492,
      0.022072499999922,
      0.016569899999012705,
      0.023540700000012293,
      0.018566099999588914,
      0.02153800000087358,
      0.019116700001177378,
      0.020717300001706462
    ],
    "sync_times": [
      0.07670760000110022,
      0.014062900001590606,
      0.016772999999375315,
      0.016395799997553695,
      0.013666200000443496,
      0.016025099997932557,
      0.01646439999967697,
      0.018186799999966752,
      0.014934399998310255,
      0.01944770000045537
    ],
    "optim_times": [
      0.0012040000001434237,
      0.0008118000005197246,
      0.0008120999991660938,
      0.0007914000016171485,
      0.0007691999999224208,
      0.000717799997801194,
      0.0007374999986495823,
      0.0007605999999213964,
      0.000716499998816289,
      0.0006584000002476387
    ],
    "iter_times": [
      0.21641440000166767,
      0.03270650000195019,
      0.0413124999977299,
      0.039259699999092845,
      0.03100529999937862,
      0.040283599995746044,
      0.03576799999791547,
      0.04048540000076173,
      0.03476759999830392,
      0.04082340000240947
    ],
    "grad_norms": [
      0.2186502367258072,
      0.15999259054660797,
      0.2814854085445404,
      0.44135209918022156,
      0.2697281837463379,
      0.19138404726982117,
      0.31590890884399414,
      0.3397710919380188,
      0.28079932928085327,
      0.22393883764743805
    ],
    "losses": [
      1.5681264400482178,
      1.608567714691162,
      1.625077724456787,
      1.5976585149765015,
      1.6478078365325928,
      1.6198500394821167,
      1.6995255947113037,
      1.682713508605957,
      1.5346741676330566,
      1.60350501537323
    ],
    "bytes_transferred": [
      27188,
      27188,
      27188,
      27188,
      27188,
      27188,
      27188,
      27188,
      27188,
      27188
    ],
    "epochs": [
      0,
      0,
      0,
      0,
      0,
      0,
      0,
      0,
      0,
      0
    ],
    "steps": [
      0,
      1,
      2,
      3,
      4,
      5,
      6,
      7,
      8,
      9
    ]
  }
}