{
  "rank": 0,
  "world_size": 4,
  "num_steps": 10,
  "statistics": {
    "compute": {
      "count": 10,
      "min": 0.012287500001548324,
      "max": 0.050578200000018114,
      "mean": 0.018138920000274082,
      "std": 0.010885727789716035,
      "p95": 0.016267900002276292,
      "p99": 0.016267900002276292
    },
    "sync": {
      "count": 10,
      "min": 0.005047300001024269,
      "max": 0.11304160000145203,
      "mean": 0.01699211000013747,
      "std": 0.03203113999338616,
      "p95": 0.008668599999509752,
      "p99": 0.008668599999509752
    },
    "optim": {
      "count": 10,
      "min": 0.0006374000004143454,
      "max": 0.001192399999126792,
      "mean": 0.0007595900002343115,
      "std": 0.0001536086615301179,
      "p95": 0.0008442000034847297,
      "p99": 0.0008442000034847297
    },
    "iter": {
      "count": 10,
      "min": 0.018893100001150742,
      "max": 0.16481220000059693,
      "mean": 0.03589062000064587,
      "std": 0.04301201839816696,
      "p95": 0.025446100000408478,
      "p99": 0.025446100000408478
    },
    "grad_norm": {
      "count": 10,
      "min": 0.07786624133586884,
      "max": 0.16770526766777039,
      "mean": 0.11386286094784737,
      "std": 0.026269858759929137,
      "p95": 0.1402418464422226,
      "p99": 0.1402418464422226
    },
    "loss": {
      "count": 10,
      "min": 1.6038519144058228,
      "max": 1.6285619735717773,
      "mean": 1.6171208500862122,
      "std": 0.007086864900898319,
      "p95": 1.6236624717712402,
      "p99": 1.6236624717712402
    }
  },
  "trajectories": {
    "compute_times": [
      0.050578200000018114,
      0.013947100000223145,
      0.012287500001548324,
      0.01424129999941215,
      0.013983000000735046,
      0.012927899999340298,
      0.015436699999554548,
      0.01603869999962626,
      0.01568090000000666,
      0.016267900002276292
    ],
    "sync_times": [
      0.11304160000145203,
      0.0072126999984902795,
      0.0059375999990152195,
      0.005894400001125177,
      0.005531800001335796,
      0.006159500000649132,
      0.005047300001024269,
      0.008668599999509752,
      0.005739899999753106,
      0.006687699999019969
    ],
    "optim_times": [
      0.001192399999126792,
      0.0008442000034847297,
      0.0006680000005871989,
      0.0006916999991517514,
      0.0006374000004143454,
      0.0007119999972928781,
      0.0007346000020334031,
      0.000738800001272466,
      0.000681800000165822,
      0.0006949999988137279
    ],
    "iter_times": [
      0.16481220000059693,
      0.022004000002198154,
      0.018893100001150742,
      0.020827399999689078,
      0.020152200002485188,
      0.019799399997282308,
      0.02121860000261222,
      0.025446100000408478,
      0.022102599999925587,
      0.02365060000010999
    ],
    "grad_norms": [
      0.10253801196813583,
      0.0944528803229332,
      0.1402418464422226,
      0.08585923165082932,
      0.1306031048297882,
      0.16770526766777039,
      0.10912694036960602,
      0.10070528090000153,
      0.12952980399131775,
      0.07786624133586884
    ],
    "losses": [
      1.6216069459915161,
      1.6201212406158447,
      1.6038519144058228,
      1.6128110885620117,
      1.6101170778274536,
      1.6226494312286377,
      1.6123995780944824,
      1.6285619735717773,
      1.615426778793335,
      1.6236624717712402
    ],
    "bytes_transferred": [
      27188,
      27188,
      27188,
      27188,
      27188,
      27188,
      27188,
      27188,
      27188,
      27188
    ],
    "epochs": [
      0,
      0,
      0,
      0,
      0,
      0,
      0,
      0,
      0,
      0
    ],
    "steps": [
      0,
      1,
      2,
      3,
      4,
      5,
      6,
      7,
      8,
      9
    ]
  }
}