{
  "rank": 0,
  "world_size": 4,
  "num_steps": 10,
  "statistics": {
    "compute": {
      "count": 10,
      "min": 0.006136399999377318,
      "max": 0.012810200001695193,
      "mean": 0.007880709999517422,
      "std": 0.0018183739866861905,
      "p95": 0.008827199999359436,
      "p99": 0.008827199999359436
    },
    "sync": {
      "count": 10,
      "min": 0.007888699998147786,
      "max": 0.08732029999737279,
      "mean": 0.024606799999673967,
      "std": 0.021650189396039552,
      "p95": 0.0260865999989619,
      "p99": 0.0260865999989619
    },
    "optim": {
      "count": 10,
      "min": 0.0007057000002532732,
      "max": 0.0014828999992460012,
      "mean": 0.0009080299998458941,
      "std": 0.00021113092119339397,
      "p95": 0.001052199997502612,
      "p99": 0.001052199997502612
    },
    "iter": {
      "count": 10,
      "min": 0.015992199998436263,
      "max": 0.10161339999831398,
      "mean": 0.033395539999037285,
      "std": 0.02348408382283871,
      "p95": 0.034945799998240545,
      "p99": 0.034945799998240545
    },
    "grad_norm": {
      "count": 10,
      "min": 1.803264856338501,
      "max": 2.1061203479766846,
      "mean": 1.892639172077179,
      "std": 0.08600118901684384,
      "p95": 1.9767972230911255,
      "p99": 1.9767972230911255
    },
    "loss": {
      "count": 10,
      "min": 2.128903388977051,
      "max": 2.520207166671753,
      "mean": 2.3416245937347413,
      "std": 0.1161269302878716,
      "p95": 2.459601879119873,
      "p99": 2.459601879119873
    }
  },
  "trajectories": {
    "compute_times": [
      0.012810200001695193,
      0.0063355999991472345,
      0.00804229999994277,
      0.007093599997460842,
      0.008827199999359436,
      0.0067788999986078124,
      0.007452900001226226,
      0.00805449999825214,
      0.0072755000001052395,
      0.006136399999377318
    ],
    "sync_times": [
      0.08732029999737279,
      0.02438619999884395,
      0.0260865999989619,
      0.008779699997830903,
      0.02154539999901317,
      0.01707680000254186,
      0.020390200003021164,
      0.016035500000725733,
      0.007888699998147786,
      0.01655860000028042
    ],
    "optim_times": [
      0.0014828999992460012,
      0.0009379000002809335,
      0.0008168999993358739,
      0.0007781000022077933,
      0.000816399999166606,
      0.0008105000015348196,
      0.001052199997502612,
      0.0008516999987477902,
      0.0008280000001832377,
      0.0007057000002532732
    ],
    "iter_times": [
      0.10161339999831398,
      0.03165969999827212,
      0.034945799998240545,
      0.01665139999749954,
      0.031188999997539213,
      0.02466620000268449,
      0.02889530000175,
      0.024941699997725664,
      0.015992199998436263,
      0.023400699999911012
    ],
    "grad_norms": [
      1.803264856338501,
      1.8176648616790771,
      1.8830275535583496,
      1.8894096612930298,
      1.9767972230911255,
      1.8428977727890015,
      1.821277379989624,
      1.8893190622329712,
      1.8966130018234253,
      2.1061203479766846
    ],
    "losses": [
      2.16265869140625,
      2.4265499114990234,
      2.3712449073791504,
      2.3443243503570557,
      2.128903388977051,
      2.3817999362945557,
      2.459601879119873,
      2.3180243968963623,
      2.520207166671753,
      2.302931308746338
    ],
    "bytes_transferred": [
      437544,
      437544,
      437544,
      437544,
      437544,
      437544,
      437544,
      437544,
      437544,
      437544
    ],
    "epochs": [
      0,
      0,
      0,
      0,
      0,
      0,
      0,
      0,
      0,
      0
    ],
    "steps": [
      0,
      1,
      2,
      3,
      4,
      5,
      6,
      7,
      8,
      9
    ]
  }
}