{
  "rank": 2,
  "world_size": 4,
  "num_steps": 10,
  "statistics": {
    "compute": {
      "count": 10,
      "min": 0.0059868999996979255,
      "max": 0.011036100000637816,
      "mean": 0.007388350000110222,
      "std": 0.001404488646430892,
      "p95": 0.008023899998079287,
      "p99": 0.008023899998079287
    },
    "sync": {
      "count": 10,
      "min": 0.008035900002141716,
      "max": 0.09425069999997504,
      "mean": 0.024526540000442763,
      "std": 0.023876246973005576,
      "p95": 0.026129500001843553,
      "p99": 0.026129500001843553
    },
    "optim": {
      "count": 10,
      "min": 0.0006900000007590279,
      "max": 0.0013400000025285408,
      "mean": 0.0009035900005983421,
      "std": 0.00020586854851730582,
      "p95": 0.0012000000024272595,
      "p99": 0.0012000000024272595
    },
    "iter": {
      "count": 10,
      "min": 0.015575000001263106,
      "max": 0.1066268000031414,
      "mean": 0.032818480001151326,
      "std": 0.02529684120434069,
      "p95": 0.03498539999782224,
      "p99": 0.03498539999782224
    },
    "grad_norm": {
      "count": 10,
      "min": 1.803264856338501,
      "max": 2.1061203479766846,
      "mean": 1.892639172077179,
      "std": 0.08600118901684384,
      "p95": 1.9767972230911255,
      "p99": 1.9767972230911255
    },
    "loss": {
      "count": 10,
      "min": 2.173360824584961,
      "max": 2.4908037185668945,
      "mean": 2.356124210357666,
      "std": 0.12023351781291002,
      "p95": 2.485429286956787,
      "p99": 2.485429286956787
    }
  },
  "trajectories": {
    "compute_times": [
      0.011036100000637816,
      0.006169200001750141,
      0.008023899998079287,
      0.007011599998804741,
      0.007693400002608541,
      0.006056400001398288,
      0.007559599998785416,
      0.0076392999981180765,
      0.006707100001221988,
      0.0059868999996979255
    ],
    "sync_times": [
      0.09425069999997504,
      0.01555509999889182,
      0.026129500001843553,
      0.008940800002164906,
      0.023752500001137378,
      0.01501759999882779,
      0.02116119999845978,
      0.015602300001773983,
      0.008035900002141716,
      0.016819799999211682
    ],
    "optim_times": [
      0.0013400000025285408,
      0.0008224000011978205,
      0.0008319999978994019,
      0.0010403000014775898,
      0.0007431000012729783,
      0.0007985000011103693,
      0.0012000000024272595,
      0.0007375999994110316,
      0.0008319999978994019,
      0.0006900000007590279
    ],
    "iter_times": [
      0.1066268000031414,
      0.02254670000183978,
      0.03498539999782224,
      0.016992700002447236,
      0.0321890000050189,
      0.021872500001336448,
      0.029920799999672454,
      0.02397919999930309,
      0.015575000001263106,
      0.023496699999668635
    ],
    "grad_norms": [
      1.803264856338501,
      1.8176648616790771,
      1.8830275535583496,
      1.8894096612930298,
      1.9767972230911255,
      1.8428977727890015,
      1.821277379989624,
      1.8893190622329712,
      1.8966130018234253,
      2.1061203479766846
    ],
    "losses": [
      2.382622718811035,
      2.173360824584961,
      2.483430862426758,
      2.485429286956787,
      2.370844841003418,
      2.193329334259033,
      2.3389053344726562,
      2.4436182975769043,
      2.198896884918213,
      2.4908037185668945
    ],
    "bytes_transferred": [
      437544,
      437544,
      437544,
      437544,
      437544,
      437544,
      437544,
      437544,
      437544,
      437544
    ],
    "epochs": [
      0,
      0,
      0,
      0,
      0,
      0,
      0,
      0,
      0,
      0
    ],
    "steps": [
      0,
      1,
      2,
      3,
      4,
      5,
      6,
      7,
      8,
      9
    ]
  }
}