{
  "rank": 6,
  "world_size": 8,
  "num_steps": 10,
  "statistics": {
    "compute": {
      "count": 10,
      "min": 0.042020300003059674,
      "max": 0.1814014000010502,
      "mean": 0.09031541000113066,
      "std": 0.037492903245158554,
      "p95": 0.12240720000045258,
      "p99": 0.12240720000045258
    },
    "sync": {
      "count": 10,
      "min": 0.015204699997411808,
      "max": 0.06980419999672449,
      "mean": 0.02665947999958007,
      "std": 0.014740762728338111,
      "p95": 0.02624170000126469,
      "p99": 0.02624170000126469
    },
    "optim": {
      "count": 10,
      "min": 0.000599899998633191,
      "max": 0.0010489999986020848,
      "mean": 0.0007848899993405211,
      "std": 0.00011242404069339056,
      "p95": 0.0008812000014586374,
      "p99": 0.0008812000014586374
    },
    "iter": {
      "count": 10,
      "min": 0.05782489999910467,
      "max": 0.20668649999788613,
      "mean": 0.11775978000005125,
      "std": 0.04490004791561308,
      "p95": 0.19326039999577915,
      "p99": 0.19326039999577915
    },
    "grad_norm": {
      "count": 10,
      "min": 0.02096857689321041,
      "max": 0.07141382247209549,
      "mean": 0.04842514414340258,
      "std": 0.016059492209337684,
      "p95": 0.06955880671739578,
      "p99": 0.06955880671739578
    },
    "loss": {
      "count": 10,
      "min": 1.6025772094726562,
      "max": 1.6161351203918457,
      "mean": 1.6111249685287476,
      "std": 0.004559266909389757,
      "p95": 1.6159783601760864,
      "p99": 1.6159783601760864
    }
  },
  "trajectories": {
    "compute_times": [
      0.12240720000045258,
      0.1814014000010502,
      0.05381330000091111,
      0.08211930000106804,
      0.1071762999999919,
      0.042020300003059674,
      0.07511850000082632,
      0.08933190000243485,
      0.073134400001436,
      0.0766315000000759
    ],
    "sync_times": [
      0.06980419999672449,
      0.024520599999959813,
      0.025843800001894124,
      0.02624170000126469,
      0.020671499998570653,
      0.015204699997411808,
      0.023022800000035204,
      0.021162200002436293,
      0.02211629999874276,
      0.018006999998760875
    ],
    "optim_times": [
      0.0010489999986020848,
      0.0007644999968761113,
      0.0007324999969569035,
      0.0008812000014586374,
      0.0007807000001776032,
      0.000599899998633191,
      0.0007954000029712915,
      0.0008009999983187299,
      0.0006926000023668166,
      0.0007520999970438424
    ],
    "iter_times": [
      0.19326039999577915,
      0.20668649999788613,
      0.08038959999976214,
      0.10924220000379137,
      0.12862849999874015,
      0.05782489999910467,
      0.09893670000383281,
      0.11129510000318987,
      0.09594330000254558,
      0.09539059999588062
    ],
    "grad_norms": [
      0.06955880671739578,
      0.07141382247209549,
      0.051299627870321274,
      0.05896368995308876,
      0.04386894404888153,
      0.05538027733564377,
      0.05140511691570282,
      0.02096857689321041,
      0.027222275733947754,
      0.034170303493738174
    ],
    "losses": [
      1.6159783601760864,
      1.6078555583953857,
      1.6025772094726562,
      1.6156724691390991,
      1.6161351203918457,
      1.6156103610992432,
      1.6062772274017334,
      1.609192967414856,
      1.6090539693832397,
      1.61289644241333
    ],
    "bytes_transferred": [
      27188,
      27188,
      27188,
      27188,
      27188,
      27188,
      27188,
      27188,
      27188,
      27188
    ],
    "epochs": [
      0,
      0,
      0,
      0,
      0,
      0,
      0,
      0,
      0,
      0
    ],
    "steps": [
      0,
      1,
      2,
      3,
      4,
      5,
      6,
      7,
      8,
      9
    ]
  }
}