{
  "rank": 1,
  "world_size": 4,
  "num_steps": 10,
  "statistics": {
    "compute": {
      "count": 10,
      "min": 0.005899299998418428,
      "max": 0.012578199999552453,
      "mean": 0.007268319999275264,
      "std": 0.001887463207148318,
      "p95": 0.008257199999206932,
      "p99": 0.008257199999206932
    },
    "sync": {
      "count": 10,
      "min": 0.007626199996593641,
      "max": 0.026187899999058573,
      "mean": 0.018124850000094738,
      "std": 0.005709891898107638,
      "p95": 0.02488409999932628,
      "p99": 0.02488409999932628
    },
    "optim": {
      "count": 10,
      "min": 0.0008017000000108965,
      "max": 0.001467500002036104,
      "mean": 0.0010179900004004595,
      "std": 0.00022001028892485537,
      "p95": 0.0013627000007545575,
      "p99": 0.0013627000007545575
    },
    "iter": {
      "count": 10,
      "min": 0.01486299999669427,
      "max": 0.03438869999808958,
      "mean": 0.02641115999977046,
      "std": 0.006151757057636436,
      "p95": 0.03215650000129244,
      "p99": 0.03215650000129244
    },
    "grad_norm": {
      "count": 10,
      "min": 1.803264856338501,
      "max": 2.1061203479766846,
      "mean": 1.892639172077179,
      "std": 0.08600118901684384,
      "p95": 1.9767972230911255,
      "p99": 1.9767972230911255
    },
    "loss": {
      "count": 10,
      "min": 2.2034668922424316,
      "max": 2.500105142593384,
      "mean": 2.32538104057312,
      "std": 0.0989283814237983,
      "p95": 2.4753060340881348,
      "p99": 2.4753060340881348
    }
  },
  "trajectories": {
    "compute_times": [
      0.012578199999552453,
      0.006115899999713292,
      0.0073182000014639925,
      0.006513599997560959,
      0.008257199999206932,
      0.005899299998418428,
      0.006878899999719579,
      0.006589599997823825,
      0.006435100000089733,
      0.00609719999920344
    ],
    "sync_times": [
      0.0165755000016361,
      0.02488409999932628,
      0.026187899999058573,
      0.009405600001628045,
      0.02176839999810909,
      0.017621899998630397,
      0.021596500002488028,
      0.017128800001955824,
      0.007626199996593641,
      0.01845360000152141
    ],
    "optim_times": [
      0.0013627000007545575,
      0.0011565000022528693,
      0.0008825999975670129,
      0.0009909000000334345,
      0.0009084000012080651,
      0.0008825000004435424,
      0.001467500002036104,
      0.0008581000001868233,
      0.0008017000000108965,
      0.0008689999995112885
    ],
    "iter_times": [
      0.03051640000194311,
      0.03215650000129244,
      0.03438869999808958,
      0.01691009999922244,
      0.030933999998524087,
      0.024403699997492367,
      0.02994290000424371,
      0.024576499999966472,
      0.01486299999669427,
      0.025419800000236137
    ],
    "grad_norms": [
      1.803264856338501,
      1.8176648616790771,
      1.8830275535583496,
      1.8894096612930298,
      1.9767972230911255,
      1.8428977727890015,
      1.821277379989624,
      1.8893190622329712,
      1.8966130018234253,
      2.1061203479766846
    ],
    "losses": [
      2.2264418601989746,
      2.4753060340881348,
      2.2034668922424316,
      2.286500930786133,
      2.405768394470215,
      2.22573184967041,
      2.299717426300049,
      2.500105142593384,
      2.3422935009002686,
      2.288478374481201
    ],
    "bytes_transferred": [
      437544,
      437544,
      437544,
      437544,
      437544,
      437544,
      437544,
      437544,
      437544,
      437544
    ],
    "epochs": [
      0,
      0,
      0,
      0,
      0,
      0,
      0,
      0,
      0,
      0
    ],
    "steps": [
      0,
      1,
      2,
      3,
      4,
      5,
      6,
      7,
      8,
      9
    ]
  }
}