{
  "rank": 3,
  "world_size": 4,
  "num_steps": 10,
  "statistics": {
    "compute": {
      "count": 10,
      "min": 0.0055795999978727195,
      "max": 0.012595699998200871,
      "mean": 0.006992410000020754,
      "std": 0.00196278273962888,
      "p95": 0.007784500001434935,
      "p99": 0.007784500001434935
    },
    "sync": {
      "count": 10,
      "min": 0.009064400001079775,
      "max": 0.09875809999721241,
      "mean": 0.025532720000046537,
      "std": 0.02524906081187857,
      "p95": 0.02971400000024005,
      "p99": 0.02971400000024005
    },
    "optim": {
      "count": 10,
      "min": 0.0007096000008459669,
      "max": 0.001433299999916926,
      "mean": 0.000981070000489126,
      "std": 0.0002296009668896208,
      "p95": 0.001360700000077486,
      "p99": 0.001360700000077486
    },
    "iter": {
      "count": 10,
      "min": 0.01547510000091279,
      "max": 0.11278709999533021,
      "mean": 0.033506200000556416,
      "std": 0.027288481356965873,
      "p95": 0.03723560000071302,
      "p99": 0.03723560000071302
    },
    "grad_norm": {
      "count": 10,
      "min": 1.803264856338501,
      "max": 2.1061203479766846,
      "mean": 1.892639172077179,
      "std": 0.08600118901684384,
      "p95": 1.9767972230911255,
      "p99": 1.9767972230911255
    },
    "loss": {
      "count": 10,
      "min": 2.2366034984588623,
      "max": 2.4405343532562256,
      "mean": 2.3250348806381225,
      "std": 0.04861287249371484,
      "p95": 2.351701259613037,
      "p99": 2.351701259613037
    }
  },
  "trajectories": {
    "compute_times": [
      0.012595699998200871,
      0.006035100002918625,
      0.006473599998571444,
      0.006320799999230076,
      0.006799800001317635,
      0.0055795999978727195,
      0.007784500001434935,
      0.00657850000061444,
      0.0061757999974361155,
      0.0055807000026106834
    ],
    "sync_times": [
      0.09875809999721241,
      0.0102270999996108,
      0.0273522999996203,
      0.01175620000140043,
      0.02971400000024005,
      0.009064400001079775,
      0.020201499999529915,
      0.01592710000113584,
      0.01682530000107363,
      0.015501199999562232
    ],
    "optim_times": [
      0.001433299999916926,
      0.0009132000013778452,
      0.0009065000012924429,
      0.0009231000003637746,
      0.000721799999155337,
      0.0008311000019602943,
      0.001360700000077486,
      0.000991799999610521,
      0.0007096000008459669,
      0.0010196000002906658
    ],
    "iter_times": [
      0.11278709999533021,
      0.01717540000390727,
      0.03473239999948419,
      0.01900010000099428,
      0.03723560000071302,
      0.01547510000091279,
      0.029346700001042336,
      0.023497400001360802,
      0.02371069999935571,
      0.02210150000246358
    ],
    "grad_norms": [
      1.803264856338501,
      1.8176648616790771,
      1.8830275535583496,
      1.8894096612930298,
      1.9767972230911255,
      1.8428977727890015,
      1.821277379989624,
      1.8893190622329712,
      1.8966130018234253,
      2.1061203479766846
    ],
    "losses": [
      2.3202450275421143,
      2.336153030395508,
      2.2366034984588623,
      2.351701259613037,
      2.3333699703216553,
      2.309329032897949,
      2.2926788330078125,
      2.319577932357788,
      2.3101558685302734,
      2.4405343532562256
    ],
    "bytes_transferred": [
      437544,
      437544,
      437544,
      437544,
      437544,
      437544,
      437544,
      437544,
      437544,
      437544
    ],
    "epochs": [
      0,
      0,
      0,
      0,
      0,
      0,
      0,
      0,
      0,
      0
    ],
    "steps": [
      0,
      1,
      2,
      3,
      4,
      5,
      6,
      7,
      8,
      9
    ]
  }
}