{
  "rank": 7,
  "world_size": 8,
  "num_steps": 10,
  "statistics": {
    "compute": {
      "count": 10,
      "min": 0.04390870000133873,
      "max": 0.19194619999689166,
      "mean": 0.09081840000035299,
      "std": 0.041381611137601915,
      "p95": 0.11863069999890286,
      "p99": 0.11863069999890286
    },
    "sync": {
      "count": 10,
      "min": 0.0114222999982303,
      "max": 0.0538379999998142,
      "mean": 0.025267979999989622,
      "std": 0.014442543383530614,
      "p95": 0.050689300001977244,
      "p99": 0.050689300001977244
    },
    "optim": {
      "count": 10,
      "min": 0.0006839000016043428,
      "max": 0.0011392999986128416,
      "mean": 0.0008002299997315277,
      "std": 0.00011692023771302456,
      "p95": 0.0008101999992504716,
      "p99": 0.0008101999992504716
    },
    "iter": {
      "count": 10,
      "min": 0.06409649999841349,
      "max": 0.21234979999644565,
      "mean": 0.11688661000007414,
      "std": 0.04284495260867203,
      "p95": 0.1736079999973299,
      "p99": 0.1736079999973299
    },
    "grad_norm": {
      "count": 10,
      "min": 0.020968575030565262,
      "max": 0.07141382247209549,
      "mean": 0.04842514432966709,
      "std": 0.01605949219712329,
      "p95": 0.06955880671739578,
      "p99": 0.06955880671739578
    },
    "loss": {
      "count": 10,
      "min": 1.6048873662948608,
      "max": 1.6234780550003052,
      "mean": 1.6138124227523805,
      "std": 0.005329422154112453,
      "p95": 1.6198697090148926,
      "p99": 1.6198697090148926
    }
  },
  "trajectories": {
    "compute_times": [
      0.11863069999890286,
      0.19194619999689166,
      0.05919690000155242,
      0.07981609999842476,
      0.11697380000259727,
      0.046907600000849925,
      0.0829596000003221,
      0.08800830000109272,
      0.0798361000015575,
      0.04390870000133873
    ],
    "sync_times": [
      0.0538379999998142,
      0.019593400000303518,
      0.02080249999926309,
      0.016619900001387578,
      0.013833799999702023,
      0.01642119999814895,
      0.01783179999983986,
      0.03162760000122944,
      0.0114222999982303,
      0.050689300001977244
    ],
    "optim_times": [
      0.0011392999986128416,
      0.0008101999992504716,
      0.0007709999990765937,
      0.0007632999986526556,
      0.0007508999988203868,
      0.0007676999994146172,
      0.0007718999986536801,
      0.0007710000027145725,
      0.0006839000016043428,
      0.0007731000005151145
    ],
    "iter_times": [
      0.1736079999973299,
      0.21234979999644565,
      0.0807703999998921,
      0.097199299998465,
      0.13155850000111968,
      0.06409649999841349,
      0.10156329999881564,
      0.12040690000503673,
      0.09194230000139214,
      0.09537110000383109
    ],
    "grad_norms": [
      0.06955880671739578,
      0.07141382247209549,
      0.051299627870321274,
      0.05896368995308876,
      0.04386894404888153,
      0.05538027733564377,
      0.05140511691570282,
      0.020968575030565262,
      0.027222275733947754,
      0.03417030721902847
    ],
    "losses": [
      1.6135461330413818,
      1.6234780550003052,
      1.6097524166107178,
      1.6106384992599487,
      1.6198697090148926,
      1.6151371002197266,
      1.6083073616027832,
      1.6149035692214966,
      1.6176040172576904,
      1.6048873662948608
    ],
    "bytes_transferred": [
      27188,
      27188,
      27188,
      27188,
      27188,
      27188,
      27188,
      27188,
      27188,
      27188
    ],
    "epochs": [
      0,
      0,
      0,
      0,
      0,
      0,
      0,
      0,
      0,
      0
    ],
    "steps": [
      0,
      1,
      2,
      3,
      4,
      5,
      6,
      7,
      8,
      9
    ]
  }
}