{
  "rank": 0,
  "world_size": 1,
  "num_steps": 10,
  "statistics": {
    "compute": {
      "count": 10,
      "min": 0.005004400001780596,
      "max": 0.15280359999815118,
      "mean": 0.02082293999956164,
      "std": 0.04401682695779321,
      "p95": 0.009968899998057168,
      "p99": 0.009968899998057168
    },
    "sync": {
      "count": 10,
      "min": 0.00023639999926672317,
      "max": 0.0017818000014813151,
      "mean": 0.0004359799997473601,
      "std": 0.0004505331753076481,
      "p95": 0.00039619999733986333,
      "p99": 0.00039619999733986333
    },
    "optim": {
      "count": 10,
      "min": 0.0005209000009926967,
      "max": 0.009602000001905253,
      "mean": 0.0015898900004685857,
      "std": 0.0026731349564388263,
      "p95": 0.000909399997908622,
      "p99": 0.000909399997908622
    },
    "iter": {
      "count": 10,
      "min": 0.00590369999918039,
      "max": 0.16418740000153775,
      "mean": 0.022848809999777585,
      "std": 0.04713599093451425,
      "p95": 0.01107909999700496,
      "p99": 0.01107909999700496
    },
    "grad_norm": {
      "count": 10,
      "min": 0.9118325114250183,
      "max": 1.0056116580963135,
      "mean": 0.9408554911613465,
      "std": 0.027371824998981286,
      "p95": 0.9641762375831604,
      "p99": 0.9641762375831604
    },
    "loss": {
      "count": 10,
      "min": 2.2683298587799072,
      "max": 2.3297274112701416,
      "mean": 2.303033876419067,
      "std": 0.018620101292960416,
      "p95": 2.3251190185546875,
      "p99": 2.3251190185546875
    }
  },
  "trajectories": {
    "compute_times": [
      0.15280359999815118,
      0.009968899998057168,
      0.005428000000392785,
      0.005359999999200227,
      0.005004400001780596,
      0.005606599999737227,
      0.006694800002151169,
      0.005163899997569388,
      0.00706720000016503,
      0.005131999998411629
    ],
    "sync_times": [
      0.0017818000014813151,
      0.0002893999990192242,
      0.00023639999926672317,
      0.0002677999982552137,
      0.000294400000711903,
      0.00039619999733986333,
      0.00027830000180983916,
      0.00026020000223070383,
      0.00030449999758275226,
      0.0002507999997760635
    ],
    "optim_times": [
      0.009602000001905253,
      0.0008207999999285676,
      0.0005845000014232937,
      0.0008017000000108965,
      0.000909399997908622,
      0.0006978000019444153,
      0.0006333999990602024,
      0.0005980999994790182,
      0.0007303000020328909,
      0.0005209000009926967
    ],
    "iter_times": [
      0.16418740000153775,
      0.01107909999700496,
      0.006248900001082802,
      0.006429499997466337,
      0.006208200000401121,
      0.006700599999021506,
      0.00760650000302121,
      0.00602219999927911,
      0.008101999999780674,
      0.00590369999918039
    ],
    "grad_norms": [
      1.0056116580963135,
      0.9442993998527527,
      0.9246631264686584,
      0.9283533096313477,
      0.9600938558578491,
      0.9315199851989746,
      0.9641762375831604,
      0.9130914807319641,
      0.9118325114250183,
      0.9249133467674255
    ],
    "losses": [
      2.306931495666504,
      2.2965433597564697,
      2.3131392002105713,
      2.2683298587799072,
      2.3251190185546875,
      2.3000521659851074,
      2.3079075813293457,
      2.3085381984710693,
      2.27405047416687,
      2.3297274112701416
    ],
    "bytes_transferred": [
      437544,
      437544,
      437544,
      437544,
      437544,
      437544,
      437544,
      437544,
      437544,
      437544
    ],
    "epochs": [
      0,
      0,
      0,
      0,
      0,
      0,
      0,
      0,
      0,
      0
    ],
    "steps": [
      0,
      1,
      2,
      3,
      4,
      5,
      6,
      7,
      8,
      9
    ]
  }
}