{
  "rank": 1,
  "world_size": 2,
  "num_steps": 60,
  "statistics": {
    "compute": {
      "count": 60,
      "min": 0.010405900000478141,
      "max": 0.18459419999999227,
      "mean": 0.015670375000020918,
      "std": 0.02207638576350448,
      "p95": 0.01862009999967995,
      "p99": 0.020907300000544637
    },
    "sync": {
      "count": 60,
      "min": 0.0031860000017331913,
      "max": 0.02176359999793931,
      "mean": 0.003919605000252583,
      "std": 0.0023503283488294233,
      "p95": 0.004177099999651546,
      "p99": 0.005572499998379499
    },
    "optim": {
      "count": 60,
      "min": 0.0006431000001612119,
      "max": 0.0030818999985058326,
      "mean": 0.0008076999997380578,
      "std": 0.00030671451146837664,
      "p95": 0.0009141999980784021,
      "p99": 0.0012160999976913445
    },
    "iter": {
      "count": 60,
      "min": 0.014647700001660269,
      "max": 0.2094396999964374,
      "mean": 0.020397680000011558,
      "std": 0.024692633568886537,
      "p95": 0.023707199998170836,
      "p99": 0.025153499998850748
    },
    "grad_norm": {
      "count": 60,
      "min": 0.3226573169231415,
      "max": 0.8380337953567505,
      "mean": 0.4906736806035042,
      "std": 0.10515892828325547,
      "p95": 0.6648776531219482,
      "p99": 0.7166218757629395
    },
    "loss": {
      "count": 60,
      "min": 2.2727787494659424,
      "max": 2.349543333053589,
      "mean": 2.303448295593262,
      "std": 0.014496497384533475,
      "p95": 2.331010103225708,
      "p99": 2.3362889289855957
    }
  },
  "trajectories": {
    "compute_times": [
      0.18459419999999227,
      0.014083699999901,
      0.018861399999877904,
      0.010470199998962926,
      0.012667300001339754,
      0.012507799998275004,
      0.0120031000005838,
      0.01186029999735183,
      0.011897500000486616,
      0.012513900001067668,
      0.010565399999904912,
      0.011955899997701636,
      0.011759199998778058,
      0.011616300002060598,
      0.011132800002087606,
      0.010405900000478141,
      0.010738100001617568,
      0.010941100001218729,
      0.011972899999818765,
      0.011651199998595985,
      0.011650499996903818,
      0.011321199999656528,
      0.012966600002982887,
      0.012208000000100583,
      0.011668600000120932,
      0.01231019999977434,
      0.011769199998525437,
      0.015609199999744305,
      0.011055899998609675,
      0.015087600000697421,
      0.01307969999834313,
      0.01248910000140313,
      0.020907300000544637,
      0.012224299996887567,
      0.011769199998525437,
      0.011621100002230378,
      0.013129900002240902,
      0.013249700001324527,
      0.013480800000252202,
      0.015931800000544172,
      0.013841200001479592,
      0.01862009999967995,
      0.014213399997970555,
      0.01216490000297199,
      0.013836400001309812,
      0.012616100000741426,
      0.01268770000024233,
      0.013446500001009554,
      0.01462589999937336,
      0.013098899999022251,
      0.011831899999378948,
      0.012065099999745144,
      0.011888699998962693,
      0.012122899999667425,
      0.011866900000313763,
      0.01272429999880842,
      0.012705500001175096,
      0.013830500000040047,
      0.012694000000919914,
      0.01161349999892991
    ],
    "sync_times": [
      0.02176359999793931,
      0.0037602000011247583,
      0.004177099999651546,
      0.003467100003035739,
      0.003767300000617979,
      0.00334879999718396,
      0.003509500002110144,
      0.0034368999986327253,
      0.003367200002685422,
      0.0031951000019034836,
      0.003363200001331279,
      0.0035088000004179776,
      0.0033881999988807365,
      0.00339709999752813,
      0.0032228999989456497,
      0.005572499998379499,
      0.003605400001106318,
      0.0034599999999045394,
      0.0034328000001551118,
      0.0032809000003908295,
      0.003406899999390589,
      0.0035248999993200414,
      0.0031860000017331913,
      0.0032897000019147526,
      0.003978200002165977,
      0.0037950000005366746,
      0.0041642999967734795,
      0.003695700001117075,
      0.0033519000025989953,
      0.003351499999553198,
      0.0033438000027672388,
      0.00381070000003092,
      0.0033406999973522034,
      0.0035210000023653265,
      0.0035725999987334944,
      0.003731000000698259,
      0.003651200000604149,
      0.0037115000013727695,
      0.0037489000023924746,
      0.003595800000766758,
      0.0035771000002569053,
      0.004172900000412483,
      0.003482700001768535,
      0.003461000000243075,
      0.0035368999997444917,
      0.003830400000879308,
      0.0035069000005023554,
      0.0034502000016800594,
      0.003446899998380104,
      0.0036767999990843236,
      0.0038607000024057925,
      0.003958099998271791,
      0.003649599999334896,
      0.0034949999972013757,
      0.0038592999990214594,
      0.00350099999923259,
      0.0034808999989763834,
      0.004389700003230246,
      0.0035705000009329524,
      0.0034737999994831625
    ],
    "optim_times": [
      0.0030818999985058326,
      0.0007990000012796372,
      0.0007096000008459669,
      0.0007103999996616039,
      0.0007558999968750868,
      0.0007454999977198895,
      0.0007192999983089976,
      0.0007850000001781154,
      0.0007568999972136226,
      0.0007526999979745597,
      0.000745400000596419,
      0.0007977000022947323,
      0.0007069999992381781,
      0.000729499999579275,
      0.0007576999996672384,
      0.0007726000003458466,
      0.0008254999993368983,
      0.0007570000016130507,
      0.0006431000001612119,
      0.0007523000022047199,
      0.0006628000010096002,
      0.0007861999984015711,
      0.0007278000011865515,
      0.0007594000016979408,
      0.0008491000007779803,
      0.0007316000010177959,
      0.0007740000000922009,
      0.0007561999991594348,
      0.0007375999994110316,
      0.0007346999991568737,
      0.0006868999989819713,
      0.0007638999995833728,
      0.0009055000009539071,
      0.0007473999976355117,
      0.0007427000018651597,
      0.0007284999992407393,
      0.0007010000008449424,
      0.0007496999969589524,
      0.0007808000009390526,
      0.0008146999971359037,
      0.0007583000005979557,
      0.0009141999980784021,
      0.0008172000016202219,
      0.0007076999972923659,
      0.0008075000005192123,
      0.0008062000015343074,
      0.0007345999983954243,
      0.0008727999993425328,
      0.0007509999995818362,
      0.0007329000000027008,
      0.0009401999996043742,
      0.0007403999989037402,
      0.0007280999998329207,
      0.0007561999991594348,
      0.0006874999999126885,
      0.0012160999976913445,
      0.0007829999995010439,
      0.0007067000005918089,
      0.0007537000019510742,
      0.0008032000005187001
    ],