{
  "rank": 0,
  "world_size": 2,
  "num_steps": 60,
  "statistics": {
    "compute": {
      "count": 60,
      "min": 0.01056080000125803,
      "max": 0.2007571000031021,
      "mean": 0.01625400333353658,
      "std": 0.024128267029973765,
      "p95": 0.01993450000009034,
      "p99": 0.023736199997074436
    },
    "sync": {
      "count": 60,
      "min": 0.0018244999992020894,
      "max": 0.01052709999930812,
      "mean": 0.0035468666668748484,
      "std": 0.0013292128415314205,
      "p95": 0.005238099998678081,
      "p99": 0.007682400002522627
    },
    "optim": {
      "count": 60,
      "min": 0.0006810000013501849,
      "max": 0.001302399999985937,
      "mean": 0.0008401700002650614,
      "std": 0.00011292261526943353,
      "p95": 0.0010857999986910727,
      "p99": 0.0012349999997240957
    },
    "iter": {
      "count": 60,
      "min": 0.014558699996996438,
      "max": 0.2125192000021343,
      "mean": 0.02064104000067649,
      "std": 0.025118478695569307,
      "p95": 0.023835000003600726,
      "p99": 0.030936899998778244
    },
    "grad_norm": {
      "count": 60,
      "min": 0.3226573169231415,
      "max": 0.8380337953567505,
      "mean": 0.4906736806035042,
      "std": 0.10515892828325547,
      "p95": 0.6648776531219482,
      "p99": 0.7166218757629395
    },
    "loss": {
      "count": 60,
      "min": 2.2759547233581543,
      "max": 2.352078676223755,
      "mean": 2.3087610562642413,
      "std": 0.014496938251441882,
      "p95": 2.330724000930786,
      "p99": 2.339360475540161
    }
  },
  "trajectories": {
    "compute_times": [
      0.2007571000031021,
      0.023736199997074436,
      0.015188600002147723,
      0.011830299998109695,
      0.012153400002716808,
      0.012566400000650901,
      0.013271700001496356,
      0.012043499998981133,
      0.013018699999520322,
      0.012844500000937842,
      0.011832899999717483,
      0.011426799999753712,
      0.011812400000053458,
      0.01179019999835873,
      0.011259200000495184,
      0.01362429999790038,
      0.01056080000125803,
      0.01106660000004922,
      0.012050400000589434,
      0.01194720000057714,
      0.011708199999702629,
      0.012761599999066675,
      0.013430200000584591,
      0.01252079999903799,
      0.012017799999739509,
      0.012408599999616854,
      0.011701000003085937,
      0.01484590000109165,
      0.01123619999998482,
      0.014919499997631647,
      0.013477899999998044,
      0.012705199998890748,
      0.021267800002533477,
      0.012272899999516085,
      0.011431599999923492,
      0.01161839999986114,
      0.0125183999989531,
      0.012932800000271527,
      0.013084000001981622,
      0.016339499998139217,
      0.013331999998626998,
      0.01993450000009034,
      0.01341099999990547,
      0.013305899999977555,
      0.0137499000011303,
      0.01283750000220607,
      0.01326100000005681,
      0.012785500002792105,
      0.012850899998738896,
      0.01282799999898998,
      0.012008800000330666,
      0.012157500001194421,
      0.01198619999922812,
      0.012178800003312062,
      0.011999700000160374,
      0.012004999996861443,
      0.013783100002910942,
      0.01627790000202367,
      0.012791199998900993,
      0.011776300001656637
    ],
    "sync_times": [
      0.01052709999930812,
      0.006361899999319576,
      0.007682400002522627,
      0.001973099999304395,
      0.004111700000066776,
      0.003268300002673641,
      0.002149300002201926,
      0.0031873000007180963,
      0.0022176000020408537,
      0.002798399997118395,
      0.0020458000035432633,
      0.003983999999036314,
      0.0033750000002328306,
      0.0030469000012089964,
      0.0029727000001003034,
      0.0021525999982259236,
      0.003813899998931447,
      0.0034071000009134877,
      0.0032958000010694377,
      0.002805099997203797,
      0.003201799998350907,
      0.001960900000995025,
      0.0027525000004970934,
      0.0027924999994866084,
      0.00309190000189119,
      0.004088499998033512,
      0.004200900002615526,
      0.004241400001774309,
      0.003292400000646012,
      0.003402099999220809,
      0.002876099999411963,
      0.003397599997697398,
      0.0028514000005088747,
      0.0035779000027105212,
      0.004056900001160102,
      0.0034560000021883752,
      0.0041412999999010935,
      0.0037378000015451107,
      0.0037890999992669094,
      0.002485299999534618,
      0.004275999999663327,
      0.0025601000015740283,
      0.004373799998575123,
      0.0022977999979048036,
      0.0035075000014330726,
      0.003606700000091223,
      0.0030723000018042512,
      0.003933299998607254,
      0.005238099998678081,
      0.0038519000008818693,
      0.003529300000082003,
      0.004019500000140397,
      0.003565600000001723,
      0.0034039000020129606,
      0.0034976999995706137,
      0.004071499999554362,
      0.0028256000005058013,
      0.0018244999992020894,
      0.0034349000015936326,
      0.003351699997438118
    ],
    "optim_times": [
      0.0012349999997240957,
      0.0008388000023842324,
      0.000963999998930376,
      0.0007552999995823484,
      0.0008157999982358888,
      0.0007951000006869435,
      0.0007962999989103992,
      0.0008210000014514662,
      0.000857999999425374,
      0.0007703000010224059,
      0.0006810000013501849,
      0.00079600000026403,
      0.0008482000012008939,
      0.0008469000022159889,
      0.0008038000014494173,
      0.0008364999994228128,
      0.0008120999991660938,
      0.0007809999988239724,
      0.0008379999999306165,
      0.0007962000017869286,
      0.000802099999418715,
      0.0007551000016974285,
      0.0007700999994995072,
      0.0008071999982348643,
      0.0008080000006884802,
      0.000787000000855187,
      0.001103899998270208,
      0.0006952000003366265,
      0.000818799999251496,
      0.000767400000768248,
      0.0008116999997582752,
      0.0009000999998534098,
      0.0008162999984051567,
      0.0007562999999208841,
      0.0008718000026419759,
      0.0008099000006041024,
      0.0010857999986910727,
      0.0008785000027273782,
      0.001302399999985937,
      0.0007928999984869733,
      0.000903299998753937,
      0.0008985999993456062,
      0.0008611999983259011,
      0.0007767999995849095,
      0.0007479000014427584,
      0.0007508000016969163,
      0.0008904999995138496,
      0.0008585000032326207,
      0.0008283999995910563,
      0.000749400001950562,
      0.0008895999999367632,
      0.0007868000029702671,
      0.0007731000005151145,
      0.0008473000016238075,
      0.0008545999990019482,
      0.0008009000011952594,
      0.0008078999999270309,
      0.0006945000022824388,
      0.0007793999975547194,
      0.001080900001397822
    ],