{
  "rank": 5,
  "world_size": 8,
  "num_steps": 60,
  "statistics": {
    "compute": {
      "count": 60,
      "min": 0.00961269999970682,
      "max": 0.4416029999993043,
      "mean": 0.022180163333117283,
      "std": 0.054678950624236805,
      "p95": 0.020711400000436697,
      "p99": 0.029614800001581898
    },
    "sync": {
      "count": 60,
      "min": 0.012041400001180591,
      "max": 0.13694649999888497,
      "mean": 0.022316385000158333,
      "std": 0.016488801971101343,
      "p95": 0.033672800000204006,
      "p99": 0.05036180000024615
    },
    "optim": {
      "count": 60,
      "min": 0.0008783000012044795,
      "max": 0.005060399998910725,
      "mean": 0.0014451816665314253,
      "std": 0.0006520764072934235,
      "p95": 0.0024819999998726416,
      "p99": 0.003296700000646524
    },
    "iter": {
      "count": 60,
      "min": 0.023215400000481168,
      "max": 0.581363399996917,
      "mean": 0.04594172999980704,
      "std": 0.07017427132620166,
      "p95": 0.06043320000026142,
      "p99": 0.06637740000223857
    },
    "grad_norm": {
      "count": 60,
      "min": 0.32315173745155334,
      "max": 0.3546542227268219,
      "mean": 0.3355727622906367,
      "std": 0.007821476467545172,
      "p95": 0.3504560589790344,
      "p99": 0.35186511278152466
    },
    "loss": {
      "count": 60,
      "min": 2.255737543106079,
      "max": 2.357027769088745,
      "mean": 2.309376621246338,
      "std": 0.024601759385087966,
      "p95": 2.348790407180786,
      "p99": 2.3503777980804443
    }
  },
  "trajectories": {
    "compute_times": [
      0.4416029999993043,
      0.014842600001429673,
      0.029614800001581898,
      0.022886999999172986,
      0.016741799998271745,
      0.00961269999970682,
      0.013107999999192543,
      0.011120999999548076,
      0.016512499998498242,
      0.013838699996995274,
      0.013609900001029018,
      0.01177079999979469,
      0.012011099999654107,
      0.014256099999329308,
      0.012750099998811493,
      0.014498599997750716,
      0.011206399998627603,
      0.015626600001269253,
      0.015498799999477342,
      0.015323399999033427,
      0.020711400000436697,
      0.013781500001641689,
      0.013031700000283308,
      0.014239299998735078,
      0.014249200001358986,
      0.015815300001122523,
      0.01661410000087926,
      0.01437870000154362,
      0.01570260000153212,
      0.01692909999837866,
      0.0151867000022321,
      0.015001600000687176,
      0.013110199997754535,
      0.015788699998665834,
      0.015553799999906914,
      0.014731400002347073,
      0.015305199998692842,
      0.016668600001139566,
      0.016592099997069454,
      0.01423639999848092,
      0.016386299997975584,
      0.01376660000096308,
      0.012537299997347873,
      0.015269600000465289,
      0.015605299999151612,
      0.017625199998292373,
      0.01621999999770196,
      0.014583700001821853,
      0.013542100001359358,
      0.013628400000015972,
      0.010462700000061886,
      0.01589830000011716,
      0.015118800001800992,
      0.015007599999080412,
      0.013956400001916336,
      0.012829999999667052,
      0.014619199999287957,
      0.01510960000086925,
      0.017177999998239102,
      0.01740319999953499
    ],
    "sync_times": [
      0.13694649999888497,
      0.05036180000024615,
      0.0257579999997688,
      0.01652059999833,
      0.04447160000199801,
      0.0122546999991755,
      0.029061400000500726,
      0.017837300001701806,
      0.019103300001006573,
      0.01917909999974654,
      0.025659800001449184,
      0.013433300002361648,
      0.012041400001180591,
      0.021111099998961436,
      0.02123349999965285,
      0.021402299997134833,
      0.01227669999934733,
      0.016000799998437287,
      0.018425300000671996,
      0.0183924000011757,
      0.019490599999699043,
      0.015974300000380026,
      0.020279399999708403,
      0.016887099998712074,
      0.02112150000175461,
      0.015793899998243432,
      0.015824300000531366,
      0.019843500002025394,
      0.01513600000180304,
      0.016860600000654813,
      0.0263163000017812,
      0.022489800001494586,
      0.01986919999762904,
      0.01591279999774997,
      0.020282900000893278,
      0.018468899997969856,
      0.018763899999612477,
      0.014735900000232505,
      0.025413299998035654,
      0.018827300002158154,
      0.022265999999945052,
      0.013977500002511078,
      0.023729300002742093,
      0.016636099997413112,
      0.033672800000204006,
      0.018923999999969965,
      0.019006100003025495,
      0.029177300002629636,
      0.022184999997989507,
      0.03095529999700375,
      0.012370300002658041,
      0.018699100000958424,
      0.018169400002079783,
      0.0127530999998271,
      0.016119399999297457,
      0.029538200000388315,
      0.013757699998677708,
      0.025282099999458296,
      0.013408699996944051,
      0.01859330000297632
    ],
    "optim_times": [
      0.0028138999987277202,
      0.0011730000005627517,
      0.005060399998910725,
      0.00196460000006482,
      0.001675999999861233,
      0.001348000001598848,
      0.0008783000012044795,
      0.0009728999975777697,
      0.0011440999987826217,
      0.001118500000302447,
      0.003296700000646524,
      0.0024819999998726416,
      0.0009895000002870802,
      0.0010197000010521151,
      0.0013756999978795648,
      0.0009563000021444168,
      0.0010908000003837515,
      0.0012238000017532613,
      0.001535600000352133,
      0.0011273999989498407,
      0.001186900000902824,
      0.0012170999980298802,
      0.0009625999991840217,
      0.0011536000019987114,
      0.0013128999999025837,
      0.001332100000581704,
      0.001242499998625135,
      0.0013306000000739004,
      0.0016117000013764482,
      0.001211000002513174,
      0.001051699997333344,
      0.0017182000010507181,
      0.0012590000005729962,
      0.001272200002858881,
      0.001273999998375075,
      0.0020365000018500723,
      0.001268699998036027,
      0.0009310999994340818,
      0.000921599999855971,
      0.001732199998514261,
      0.0010398999984317925,
      0.0011793000012403354,
      0.0012786000006599352,
      0.001655600000958657,
      0.001202199997351272,
      0.001460600000427803,
      0.0010000000002037268,
      0.0012655999998969492,
      0.0018768999980238732,
      0.001786499997251667,
      0.0011027000000467524,
      0.0014416999983950518,
      0.001831300000048941,
      0.0013145000011718366,
      0.00199869999778457,
      0.001035299999784911,
      0.0009371000014652964,
      0.001511999998911051,
      0.00105489999987185,
      0.0014640999979746994
    ],