{
  "rank": 3,
  "world_size": 8,
  "num_steps": 60,
  "statistics": {
    "compute": {
      "count": 60,
      "min": 0.00813410000046133,
      "max": 0.44007720000081463,
      "mean": 0.021401293333656212,
      "std": 0.05456304810967122,
      "p95": 0.017858600000181468,
      "p99": 0.024962000003142748
    },
    "sync": {
      "count": 60,
      "min": 0.010218999999779044,
      "max": 0.117046899998968,
      "mean": 0.021351263333114427,
      "std": 0.014326046013282202,
      "p95": 0.03422380000120029,
      "p99": 0.05639119999977993
    },
    "optim": {
      "count": 60,
      "min": 0.0008611999983259011,
      "max": 0.009497499999270076,
      "mean": 0.0016182200000912418,
      "std": 0.0013610855379502897,
      "p95": 0.00238800000079209,
      "p99": 0.007723999999143416
    },
    "iter": {
      "count": 60,
      "min": 0.022185199999512406,
      "max": 0.564848099998926,
      "mean": 0.04437077666686188,
      "std": 0.06821623712148668,
      "p95": 0.05065350000222679,
      "p99": 0.07442350000201259
    },
    "grad_norm": {
      "count": 60,
      "min": 0.32315173745155334,
      "max": 0.3546542227268219,
      "mean": 0.3355727622906367,
      "std": 0.007821476467545172,
      "p95": 0.3504560589790344,
      "p99": 0.35186511278152466
    },
    "loss": {
      "count": 60,
      "min": 2.2737951278686523,
      "max": 2.3445181846618652,
      "mean": 2.309690805276235,
      "std": 0.01672778573444871,
      "p95": 2.3367223739624023,
      "p99": 2.34135103225708
    }
  },
  "trajectories": {
    "compute_times": [
      0.44007720000081463,
      0.014899500001774868,
      0.024962000003142748,
      0.019860600001265993,
      0.014944599999580532,
      0.017015599998558173,
      0.015067700001964113,
      0.01606490000267513,
      0.016457800000353018,
      0.014953400001104455,
      0.013478299999405863,
      0.017858600000181468,
      0.013509699998394353,
      0.012678700000833487,
      0.013470799996866845,
      0.013642599999002414,
      0.013712200001464225,
      0.014710199997352902,
      0.012541099997179117,
      0.015028400001028785,
      0.010412499999802094,
      0.013336500000150409,
      0.013828400002239505,
      0.013839999999618158,
      0.012689299997873604,
      0.015100399999937508,
      0.01166670000020531,
      0.014297999998234445,
      0.01115629999912926,
      0.015187900000455556,
      0.011668099999951664,
      0.008241499999712687,
      0.013897900000301888,
      0.013770100002147956,
      0.017622399998799665,
      0.013357400002860231,
      0.014704899997013854,
      0.015761900001962204,
      0.01305540000248584,
      0.016054800002166303,
      0.012631100002181483,
      0.015964199999871198,
      0.014559100000042235,
      0.012174499999673571,
      0.010639100000844337,
      0.01683200000115903,
      0.013703600001463201,
      0.00813410000046133,
      0.012603899998794077,
      0.015173499999946216,
      0.015331700000388082,
      0.012683200002356898,
      0.0156779999997525,
      0.015918700002657715,
      0.014841799998976057,
      0.014169099998980528,
      0.013688600000023143,
      0.015234099999361206,
      0.015561200001684483,
      0.013971800002764212
    ],
    "sync_times": [
      0.117046899998968,
      0.05639119999977993,
      0.018594499997561797,
      0.020807099997909972,
      0.02821639999820036,
      0.020609500003047287,
      0.018677299998671515,
      0.024423200000455836,
      0.019678199998452328,
      0.01657609999892884,
      0.018562799999926938,
      0.02186979999896721,
      0.015017900001112139,
      0.023525799999333685,
      0.021383999999670777,
      0.01617389999955776,
      0.020462599997699726,
      0.015471099999558646,
      0.013215499999205349,
      0.03422380000120029,
      0.012306500000704546,
      0.01669200000105775,
      0.015360600002168212,
      0.02115570000023581,
      0.023058499999024207,
      0.022550800000317395,
      0.010218999999779044,
      0.016900700000405777,
      0.010600300000078278,
      0.019076500000664964,
      0.0383177000003343,
      0.012846199999330565,
      0.017620399998122593,
      0.015279800001735566,
      0.018338800000492483,
      0.018417899998894427,
      0.021004700000048615,
      0.01545070000065607,
      0.014389600000868086,
      0.02127199999813456,
      0.013074299997242633,
      0.018541299999924377,
      0.021775999997771578,
      0.013101199998345692,
      0.027551700000913115,
      0.01570730000094045,
      0.02822590000141645,
      0.019596800000726944,
      0.020574400001351023,
      0.015263699999195524,
      0.019011000000318745,
      0.012911199999507517,
      0.016577899998083012,
      0.017392500001733424,
      0.01741010000114329,
      0.020638500001950888,
      0.02967239999998128,
      0.019454499997664243,
      0.01836399999956484,
      0.014445099997828947
    ],
    "optim_times": [
      0.007723999999143416,
      0.0031328000004577916,
      0.0015353999988292344,
      0.001226299998961622,
      0.001271900000574533,
      0.0013242999993963167,
      0.001258099997357931,
      0.0010385999994468875,
      0.001398600001266459,
      0.0015294000004359987,
      0.0010172999973292463,
      0.0011587000008148607,
      0.0010590000019874424,
      0.00181460000021616,
      0.00115640000149142,
      0.0023445000006176997,
      0.0009707999997772276,
      0.0016042999995988794,
      0.0009963000011339318,
      0.0014012999999977183,
      0.0013898000033805147,
      0.0017797000000427943,
      0.00130640000134008,
      0.0012295000015001278,
      0.001290200001676567,
      0.001273999998375075,
      0.0018159999999625143,
      0.00123879999955534,
      0.0013041000020166393,
      0.0012709000002359971,
      0.0010148000001208857,
      0.0010975000004691537,
      0.0016869999999471474,
      0.0011873000003106426,
      0.001260000000911532,
      0.00238800000079209,
      0.0011358000010659453,
      0.009497499999270076,
      0.0011229000010644086,
      0.0013503999980457593,
      0.0010236999987682793,
      0.0010929000018222723,
      0.0017454999979236163,
      0.0013163000003260095,
      0.001357500001176959,
      0.001362300001346739,
      0.0013181999966036528,
      0.001269799999136012,
      0.001114499998948304,
      0.0011111999992863275,
      0.0014192999988154043,
      0.001135200000135228,
      0.0015416999995068181,
      0.0017646000014792662,
      0.0012415999990480486,
      0.0018561000033514574,
      0.0008611999983259011,
      0.0011115000015706755,
      0.0015673999987484422,
      0.0012795000002370216
    ],