{
  "rank": 2,
  "world_size": 4,
  "num_steps": 10,
  "statistics": {
    "compute": {
      "count": 10,
      "min": 0.0069137999998929445,
      "max": 0.02141930000288994,
      "mean": 0.010444449999340577,
      "std": 0.004365509173415913,
      "p95": 0.015943399997922825,
      "p99": 0.015943399997922825
    },
    "sync": {
      "count": 10,
      "min": 0.010657300001184922,
      "max": 0.0512300000009418,
      "mean": 0.024844780000057652,
      "std": 0.011426510620593428,
      "p95": 0.034827399998903275,
      "p99": 0.034827399998903275
    },
    "optim": {
      "count": 10,
      "min": 0.0008311999990837649,
      "max": 0.0017225000010512304,
      "mean": 0.0010334900001907955,
      "std": 0.0002490611070135016,
      "p95": 0.0011077000017394312,
      "p99": 0.0011077000017394312
    },
    "iter": {
      "count": 10,
      "min": 0.02093059999970137,
      "max": 0.06889589999991586,
      "mean": 0.036322719999589026,
      "std": 0.012409659515392597,
      "p95": 0.044182900001032976,
      "p99": 0.044182900001032976
    },
    "grad_norm": {
      "count": 10,
      "min": 0.44630756974220276,
      "max": 0.4861167073249817,
      "mean": 0.4737002730369568,
      "std": 0.011354399811438416,
      "p95": 0.4849662184715271,
      "p99": 0.4849662184715271
    },
    "loss": {
      "count": 10,
      "min": 2.2763595581054688,
      "max": 2.33123517036438,
      "mean": 2.305078554153442,
      "std": 0.018502770754103757,
      "p95": 2.3228683471679688,
      "p99": 2.3228683471679688
    }
  },
  "trajectories": {
    "compute_times": [
      0.015943399997922825,
      0.008765399998083012,
      0.009250299997802358,
      0.008388099999137921,
      0.02141930000288994,
      0.008591900001192698,
      0.009439099998417078,
      0.007086099998559803,
      0.00864709999950719,
      0.0069137999998929445
    ],
    "sync_times": [
      0.0512300000009418,
      0.02002070000162348,
      0.019806599997536978,
      0.034827399998903275,
      0.011196600000403123,
      0.01837629999863566,
      0.010657300001184922,
      0.025226100002328167,
      0.02998730000035721,
      0.027119499998661922
    ],
    "optim_times": [
      0.0017225000010512304,
      0.000849000000016531,
      0.00109859999793116,
      0.0009674000029917806,
      0.0011077000017394312,
      0.001010399999358924,
      0.0008342000000993721,
      0.0009093000007851515,
      0.0008311999990837649,
      0.0010045999988506082
    ],
    "iter_times": [
      0.06889589999991586,
      0.029635099999723025,
      0.030155499993270496,
      0.044182900001032976,
      0.033723600005032495,
      0.02797859999918728,
      0.02093059999970137,
      0.03322150000167312,
      0.039465599998948164,
      0.035037899997405475
    ],
    "grad_norms": [
      0.474467009305954,
      0.4743352234363556,
      0.46756744384765625,
      0.4827086925506592,
      0.4830755889415741,
      0.4693204164505005,
      0.4849662184715271,
      0.4861167073249817,
      0.44630756974220276,
      0.46813786029815674
    ],
    "losses": [
      2.3228683471679688,
      2.284285545349121,
      2.2795486450195312,
      2.309699296951294,
      2.320634365081787,
      2.303891658782959,
      2.3017518520355225,
      2.33123517036438,
      2.2763595581054688,
      2.3205111026763916
    ],
    "bytes_transferred": [
      437544,
      437544,
      437544,
      437544,
      437544,
      437544,
      437544,
      437544,
      437544,
      437544
    ],
    "epochs": [
      0,
      0,
      0,
      0,
      0,
      0,
      0,
      0,
      0,
      0
    ],
    "steps": [
      0,
      1,
      2,
      3,
      4,
      5,
      6,
      7,
      8,
      9
    ]
  }
}