{
  "rank": 6,
  "world_size": 8,
  "num_steps": 10,
  "statistics": {
    "compute": {
      "count": 10,
      "min": 0.025077099999180064,
      "max": 0.7730475000025763,
      "mean": 0.1023895199996332,
      "std": 0.22355956320928705,
      "p95": 0.03065499999866006,
      "p99": 0.03065499999866006
    },
    "sync": {
      "count": 10,
      "min": 0.006045300000550924,
      "max": 0.13456469999800902,
      "mean": 0.023078730000997895,
      "std": 0.037253618710785995,
      "p95": 0.014495500003249617,
      "p99": 0.014495500003249617
    },
    "optim": {
      "count": 10,
      "min": 0.0006164000005810522,
      "max": 0.0013092999979562592,
      "mean": 0.0008204999998270068,
      "std": 0.00017405403676292678,
      "p95": 0.0008349999989150092,
      "p99": 0.0008349999989150092
    },
    "iter": {
      "count": 10,
      "min": 0.03191729999889503,
      "max": 0.9089214999985415,
      "mean": 0.12628875000045808,
      "std": 0.26090568917634654,
      "p95": 0.04383280000183731,
      "p99": 0.04383280000183731
    },
    "grad_norm": {
      "count": 10,
      "min": 0.04415564611554146,
      "max": 0.11560528725385666,
      "mean": 0.08388429619371891,
      "std": 0.02277805055545837,
      "p95": 0.11032011359930038,
      "p99": 0.11032011359930038
    },
    "loss": {
      "count": 10,
      "min": 1.5817341804504395,
      "max": 1.6221578121185303,
      "mean": 1.606158971786499,
      "std": 0.011897977498831034,
      "p95": 1.618700623512268,
      "p99": 1.618700623512268
    }
  },
  "trajectories": {
    "compute_times": [
      0.7730475000025763,
      0.025652599997556536,
      0.03065499999866006,
      0.025077099999180064,
      0.02904560000024503,
      0.029968900002131704,
      0.028963199998543132,
      0.02707169999848702,
      0.02817949999734992,
      0.0262341000016022
    ],
    "sync_times": [
      0.13456469999800902,
      0.011919000000489177,
      0.010593499999231426,
      0.006045300000550924,
      0.012492300000303658,
      0.01085610000154702,
      0.014063100003113504,
      0.008155500003340421,
      0.014495500003249617,
      0.007602300000144169
    ],
    "optim_times": [
      0.0013092999979562592,
      0.000829399999929592,
      0.0008349999989150092,
      0.0007948999991640449,
      0.000723700002708938,
      0.0006164000005810522,
      0.0008065000001806766,
      0.0007528999994974583,
      0.0007379000016953796,
      0.0007989999976416584
    ],
    "iter_times": [
      0.9089214999985415,
      0.038400999997975305,
      0.042083499996806495,
      0.03191729999889503,
      0.04226160000325763,
      0.041441400004259776,
      0.04383280000183731,
      0.0359801000013249,
      0.04341290000229492,
      0.03463539999938803
    ],
    "grad_norms": [
      0.10237826406955719,
      0.04415564611554146,
      0.09777824580669403,
      0.08851657807826996,
      0.11032011359930038,
      0.11560528725385666,
      0.09037932008504868,
      0.06020011752843857,
      0.06734514236450195,
      0.062164247035980225
    ],
    "losses": [
      1.6137861013412476,
      1.6221578121185303,
      1.6157740354537964,
      1.618700623512268,
      1.60578453540802,
      1.6002516746520996,
      1.61094069480896,
      1.5960055589675903,
      1.5817341804504395,
      1.5964545011520386
    ],
    "bytes_transferred": [
      27188,
      27188,
      27188,
      27188,
      27188,
      27188,
      27188,
      27188,
      27188,
      27188
    ],
    "epochs": [
      0,
      0,
      0,
      0,
      0,
      0,
      0,
      0,
      0,
      0
    ],
    "steps": [
      0,
      1,
      2,
      3,
      4,
      5,
      6,
      7,
      8,
      9
    ]
  }
}