{
  "rank": 7,
  "world_size": 8,
  "num_steps": 10,
  "statistics": {
    "compute": {
      "count": 10,
      "min": 0.012681099997280398,
      "max": 0.03739009999844711,
      "mean": 0.017468409999491997,
      "std": 0.006950153096889073,
      "p95": 0.02031870000064373,
      "p99": 0.02031870000064373
    },
    "sync": {
      "count": 10,
      "min": 0.0465360000016517,
      "max": 0.13003780000144616,
      "mean": 0.062140200000067126,
      "std": 0.02335321477037091,
      "p95": 0.06435090000013588,
      "p99": 0.06435090000013588
    },
    "optim": {
      "count": 10,
      "min": 0.0008493999994243495,
      "max": 0.0016919999980018474,
      "mean": 0.0011089199997513788,
      "std": 0.00026318419299357557,
      "p95": 0.0014453000003413763,
      "p99": 0.0014453000003413763
    },
    "iter": {
      "count": 10,
      "min": 0.06211339999936172,
      "max": 0.16911989999789512,
      "mean": 0.0807175299993105,
      "std": 0.03001943252877169,
      "p95": 0.08151650000218069,
      "p99": 0.08151650000218069
    },
    "grad_norm": {
      "count": 10,
      "min": 0.1677418202161789,
      "max": 0.1928900182247162,
      "mean": 0.1781605824828148,
      "std": 0.007826382351750077,
      "p95": 0.18653692305088043,
      "p99": 0.18653692305088043
    },
    "loss": {
      "count": 10,
      "min": 2.302150011062622,
      "max": 2.3302228450775146,
      "mean": 2.3122454404830934,
      "std": 0.009437970484194176,
      "p95": 2.329249858856201,
      "p99": 2.329249858856201
    }
  },
  "trajectories": {
    "compute_times": [
      0.03739009999844711,
      0.012681099997280398,
      0.014673499998025363,
      0.02031870000064373,
      0.013584700001956662,
      0.016814399998111185,
      0.013625299998238916,
      0.01570490000085556,
      0.0141710999996576,
      0.015720300001703436
    ],
    "sync_times": [
      0.13003780000144616,
      0.05652820000250358,
      0.0465360000016517,
      0.04931619999842951,
      0.05945819999760715,
      0.04993819999799598,
      0.055288400002609706,
      0.061814299999241484,
      0.0481337999990501,
      0.06435090000013588
    ],
    "optim_times": [
      0.0016919999980018474,
      0.0012556000001495704,
      0.0009038999996846542,
      0.0009591000016371254,
      0.0008732999995118007,
      0.0009661000003688969,
      0.0011338000003888737,
      0.0010106999980052933,
      0.0008493999994243495,
      0.0014453000003413763
    ],
    "iter_times": [
      0.16911989999789512,
      0.07046489999993355,
      0.06211339999936172,
      0.07059400000071037,
      0.07391619999907562,
      0.06771869999647606,
      0.0700475000012375,
      0.07852989999810234,
      0.06315429999813205,
      0.08151650000218069
    ],
    "grad_norms": [
      0.18039004504680634,
      0.1928900182247162,
      0.1682938039302826,
      0.17190776765346527,
      0.18241509795188904,
      0.1677418202161789,
      0.1831062138080597,
      0.17483091354370117,
      0.17349322140216827,
      0.18653692305088043
    ],
    "losses": [
      2.305992841720581,
      2.313706874847412,
      2.3302228450775146,
      2.3061134815216064,
      2.3135266304016113,
      2.302150011062622,
      2.329249858856201,
      2.3106775283813477,
      2.3052616119384766,
      2.3055527210235596
    ],
    "bytes_transferred": [
      437544,
      437544,
      437544,
      437544,
      437544,
      437544,
      437544,
      437544,
      437544,
      437544
    ],
    "epochs": [
      0,
      0,
      0,
      0,
      0,
      0,
      0,
      0,
      0,
      0
    ],
    "steps": [
      0,
      1,
      2,
      3,
      4,
      5,
      6,
      7,
      8,
      9
    ]
  }
}