{
  "rank": 3,
  "world_size": 4,
  "num_steps": 10,
  "statistics": {
    "compute": {
      "count": 10,
      "min": 0.009841700000833953,
      "max": 0.02543340000192984,
      "mean": 0.012359070000093198,
      "std": 0.004407728734087136,
      "p95": 0.012155000000348082,
      "p99": 0.012155000000348082
    },
    "sync": {
      "count": 10,
      "min": 0.007683200001338264,
      "max": 0.08635519999734242,
      "mean": 0.017208909999681055,
      "std": 0.023079038916523048,
      "p95": 0.011349500000505941,
      "p99": 0.011349500000505941
    },
    "optim": {
      "count": 10,
      "min": 0.0008837999994284473,
      "max": 0.0015600000006088521,
      "mean": 0.0010772999998152955,
      "std": 0.00023442950289260042,
      "p95": 0.0015217999971355312,
      "p99": 0.0015217999971355312
    },
    "iter": {
      "count": 10,
      "min": 0.01925159999882453,
      "max": 0.11334859999988112,
      "mean": 0.030645279999589548,
      "std": 0.027617356526559833,
      "p95": 0.023862499998358544,
      "p99": 0.023862499998358544
    },
    "grad_norm": {
      "count": 10,
      "min": 0.999041736125946,
      "max": 1.8739198446273804,
      "mean": 1.3998421609401703,
      "std": 0.2534943695174204,
      "p95": 1.6518504619598389,
      "p99": 1.6518504619598389
    },
    "loss": {
      "count": 10,
      "min": 2.20292592048645,
      "max": 2.3942902088165283,
      "mean": 2.322557783126831,
      "std": 0.06089808207305673,
      "p95": 2.386528491973877,
      "p99": 2.386528491973877
    }
  },
  "trajectories": {
    "compute_times": [
      0.02543340000192984,
      0.012155000000348082,
      0.010675500001525506,
      0.010299199999280972,
      0.01104019999911543,
      0.01016929999968852,
      0.011609699999098666,
      0.01129660000151489,
      0.011070099997596117,
      0.009841700000833953
    ],
    "sync_times": [
      0.08635519999734242,
      0.010185700000874931,
      0.008352400000148918,
      0.010153600000194274,
      0.010338799998862669,
      0.008273600000393344,
      0.01087099999858765,
      0.007683200001338264,
      0.011349500000505941,
      0.008526099998562131
    ],
    "optim_times": [
      0.0015600000006088521,
      0.0015217999971355312,
      0.0009472000019741245,
      0.000974299997324124,
      0.0009719000008772127,
      0.0010222000018984545,
      0.0009467999989283271,
      0.0009934000008797739,
      0.0009515999990981072,
      0.0008837999994284473
    ],
    "iter_times": [
      0.11334859999988112,
      0.023862499998358544,
      0.01997510000364855,
      0.02142709999679937,
      0.02235089999885531,
      0.019465100001980318,
      0.023427499996614642,
      0.019973200003732927,
      0.023371199997200165,
      0.01925159999882453
    ],
    "grad_norms": [
      1.179168939590454,
      0.999041736125946,
      1.1048320531845093,
      1.6224230527877808,
      1.4257936477661133,
      1.43411386013031,
      1.3876078128814697,
      1.6518504619598389,
      1.3196702003479004,
      1.8739198446273804
    ],
    "losses": [
      2.369441509246826,
      2.386528491973877,
      2.20292592048645,
      2.221647262573242,
      2.3085718154907227,
      2.3350038528442383,
      2.3411965370178223,
      2.3942902088165283,
      2.343935012817383,
      2.3220372200012207
    ],
    "bytes_transferred": [
      208552,
      208552,
      208552,
      208552,
      208552,
      208552,
      208552,
      208552,
      208552,
      208552
    ],
    "epochs": [
      0,
      0,
      0,
      0,
      0,
      0,
      0,
      0,
      0,
      0
    ],
    "steps": [
      0,
      1,
      2,
      3,
      4,
      5,
      6,
      7,
      8,
      9
    ]
  }
}