{
  "rank": 5,
  "world_size": 8,
  "num_steps": 10,
  "statistics": {
    "compute": {
      "count": 10,
      "min": 0.011046299998270115,
      "max": 0.03382609999971464,
      "mean": 0.016717209999114857,
      "std": 0.006279464251386756,
      "p95": 0.01873170000180835,
      "p99": 0.01873170000180835
    },
    "sync": {
      "count": 10,
      "min": 0.045690700000704965,
      "max": 0.10410390000106418,
      "mean": 0.06110773000036716,
      "std": 0.016154106304982867,
      "p95": 0.06619230000069365,
      "p99": 0.06619230000069365
    },
    "optim": {
      "count": 10,
      "min": 0.0008941000014601741,
      "max": 0.001760300001478754,
      "mean": 0.001173200000630459,
      "std": 0.0002579266291878969,
      "p95": 0.0014193999995768536,
      "p99": 0.0014193999995768536
    },
    "iter": {
      "count": 10,
      "min": 0.057862900001055095,
      "max": 0.13969030000225757,
      "mean": 0.07899814000011247,
      "std": 0.021511378149001874,
      "p95": 0.08156020000387798,
      "p99": 0.08156020000387798
    },
    "grad_norm": {
      "count": 10,
      "min": 0.1677418202161789,
      "max": 0.1928900182247162,
      "mean": 0.17816058099269866,
      "std": 0.007826382985708771,
      "p95": 0.18653692305088043,
      "p99": 0.18653692305088043
    },
    "loss": {
      "count": 10,
      "min": 2.2931368350982666,
      "max": 2.334249496459961,
      "mean": 2.3119312047958376,
      "std": 0.012347308046575085,
      "p95": 2.325284719467163,
      "p99": 2.325284719467163
    }
  },
  "trajectories": {
    "compute_times": [
      0.03382609999971464,
      0.01668219999919529,
      0.01873170000180835,
      0.01827699999921606,
      0.0140304999986256,
      0.011384299999917857,
      0.011046299998270115,
      0.011682099997415207,
      0.015541099997790297,
      0.01597079999919515
    ],
    "sync_times": [
      0.10410390000106418,
      0.063568600002327,
      0.0496166999982961,
      0.048978999999235384,
      0.06619230000069365,
      0.06467390000034356,
      0.045690700000704965,
      0.06003210000199033,
      0.04702739999993355,
      0.061192699999082834
    ],
    "optim_times": [
      0.001760300001478754,
      0.0013094000023556873,
      0.0008941000014601741,
      0.0014193999995768536,
      0.001262899997527711,
      0.0010431000009702984,
      0.0011259000020800158,
      0.001067900000634836,
      0.0009520000021439046,
      0.0008969999980763532
    ],
    "iter_times": [
      0.13969030000225757,
      0.08156020000387798,
      0.06924250000156462,
      0.0686753999980283,
      0.08148569999684696,
      0.07710130000123172,
      0.057862900001055095,
      0.07278210000004037,
      0.06352049999986775,
      0.07806049999635434
    ],
    "grad_norms": [
      0.18039004504680634,
      0.1928900182247162,
      0.1682938039302826,
      0.17190776765346527,
      0.18241509795188904,
      0.1677418202161789,
      0.1831062138080597,
      0.17483089864253998,
      0.17349322140216827,
      0.18653692305088043
    ],
    "losses": [
      2.320312261581421,
      2.299935817718506,
      2.2931368350982666,
      2.30669903755188,
      2.305851697921753,
      2.3153274059295654,
      2.334249496459961,
      2.299494981765747,
      2.3190197944641113,
      2.325284719467163
    ],
    "bytes_transferred": [
      437544,
      437544,
      437544,
      437544,
      437544,
      437544,
      437544,
      437544,
      437544,
      437544
    ],
    "epochs": [
      0,
      0,
      0,
      0,
      0,
      0,
      0,
      0,
      0,
      0
    ],
    "steps": [
      0,
      1,
      2,
      3,
      4,
      5,
      6,
      7,
      8,
      9
    ]
  }
}