{
  "rank": 4,
  "world_size": 8,
  "num_steps": 10,
  "statistics": {
    "compute": {
      "count": 10,
      "min": 0.008736200001294492,
      "max": 0.03676819999964209,
      "mean": 0.015481430000727414,
      "std": 0.007544945047517043,
      "p95": 0.01830300000074203,
      "p99": 0.01830300000074203
    },
    "sync": {
      "count": 10,
      "min": 0.03371039999910863,
      "max": 0.16897439999956987,
      "mean": 0.06608559000014794,
      "std": 0.035336945789582797,
      "p95": 0.06762449999951059,
      "p99": 0.06762449999951059
    },
    "optim": {
      "count": 10,
      "min": 0.0008001999995030928,
      "max": 0.0017112999994424172,
      "mean": 0.0012012099992716684,
      "std": 0.0002473954419476902,
      "p95": 0.0014224999977159314,
      "p99": 0.0014224999977159314
    },
    "iter": {
      "count": 10,
      "min": 0.04366690000097151,
      "max": 0.20745389999865438,
      "mean": 0.08276823000014702,
      "std": 0.042634768463482645,
      "p95": 0.08227169999736361,
      "p99": 0.08227169999736361
    },
    "grad_norm": {
      "count": 10,
      "min": 0.1677418202161789,
      "max": 0.1928900182247162,
      "mean": 0.1781605824828148,
      "std": 0.007826382351750077,
      "p95": 0.18653692305088043,
      "p99": 0.18653692305088043
    },
    "loss": {
      "count": 10,
      "min": 2.2987492084503174,
      "max": 2.329704523086548,
      "mean": 2.308645176887512,
      "std": 0.00948764493540524,
      "p95": 2.3213388919830322,
      "p99": 2.3213388919830322
    }
  },
  "trajectories": {
    "compute_times": [
      0.03676819999964209,
      0.010779800002637785,
      0.013744600000791252,
      0.013439800000924151,
      0.008736200001294492,
      0.01622250000218628,
      0.011726600001566112,
      0.011676800000714138,
      0.01830300000074203,
      0.013416799996775808
    ],
    "sync_times": [
      0.16897439999956987,
      0.060495100002299296,
      0.0519867000002705,
      0.06762449999951059,
      0.03371039999910863,
      0.058443800000532065,
      0.06095550000100047,
      0.05379280000124709,
      0.04999649999808753,
      0.05487619999985327
    ],
    "optim_times": [
      0.0017112999994424172,
      0.001077200002328027,
      0.0012410999988787808,
      0.0012073999969288707,
      0.0012203000005683862,
      0.0009014999995997641,
      0.0008001999995030928,
      0.0010839999995368998,
      0.0014224999977159314,
      0.001346599998214515
    ],
    "iter_times": [
      0.20745389999865438,
      0.07235210000726511,
      0.06697239999994054,
      0.08227169999736361,
      0.04366690000097151,
      0.07556780000231811,
      0.07348230000206968,
      0.06655360000149813,
      0.06972199999654549,
      0.06963959999484359
    ],
    "grad_norms": [
      0.18039004504680634,
      0.1928900182247162,
      0.1682938039302826,
      0.17190776765346527,
      0.18241509795188904,
      0.1677418202161789,
      0.1831062138080597,
      0.17483091354370117,
      0.17349322140216827,
      0.18653692305088043
    ],
    "losses": [
      2.304636001586914,
      2.329704523086548,
      2.3031461238861084,
      2.3030202388763428,
      2.3213388919830322,
      2.30551815032959,
      2.3137929439544678,
      2.3068535327911377,
      2.2987492084503174,
      2.299692153930664
    ],
    "bytes_transferred": [
      437544,
      437544,
      437544,
      437544,
      437544,
      437544,
      437544,
      437544,
      437544,
      437544
    ],
    "epochs": [
      0,
      0,
      0,
      0,
      0,
      0,
      0,
      0,
      0,
      0
    ],
    "steps": [
      0,
      1,
      2,
      3,
      4,
      5,
      6,
      7,
      8,
      9
    ]
  }
}