{
  "rank": 1,
  "world_size": 4,
  "num_steps": 10,
  "statistics": {
    "compute": {
      "count": 10,
      "min": 0.009752300000400282,
      "max": 0.024911600001360057,
      "mean": 0.012049739999201847,
      "std": 0.004324829221589567,
      "p95": 0.011752799997339025,
      "p99": 0.011752799997339025
    },
    "sync": {
      "count": 10,
      "min": 0.008824299999105278,
      "max": 0.022977200002060272,
      "mean": 0.011353150000286406,
      "std": 0.003980167247932491,
      "p95": 0.011456600001110928,
      "p99": 0.011456600001110928
    },
    "optim": {
      "count": 10,
      "min": 0.0008622999994258862,
      "max": 0.0014873000000079628,
      "mean": 0.001041050000640098,
      "std": 0.00018114759868224385,
      "p95": 0.001217100001667859,
      "p99": 0.001217100001667859
    },
    "iter": {
      "count": 10,
      "min": 0.020056500001373934,
      "max": 0.04937610000342829,
      "mean": 0.02444394000012835,
      "std": 0.008368922544066,
      "p95": 0.022890000000188593,
      "p99": 0.022890000000188593
    },
    "grad_norm": {
      "count": 10,
      "min": 0.999041736125946,
      "max": 1.8739198446273804,
      "mean": 1.3998421728610992,
      "std": 0.2534943924109886,
      "p95": 1.6518505811691284,
      "p99": 1.6518505811691284
    },
    "loss": {
      "count": 10,
      "min": 2.2020206451416016,
      "max": 2.381258964538574,
      "mean": 2.2885687351226807,
      "std": 0.050889606311860625,
      "p95": 2.344151496887207,
      "p99": 2.344151496887207
    }
  },
  "trajectories": {
    "compute_times": [
      0.024911600001360057,
      0.01059489999897778,
      0.011284299998806091,
      0.009752300000400282,
      0.011752799997339025,
      0.010920599997916725,
      0.00984519999838085,
      0.010487500003364403,
      0.010520699997869087,
      0.010427499997604173
    ],
    "sync_times": [
      0.022977200002060272,
      0.008824299999105278,
      0.01031939999666065,
      0.01030689999970491,
      0.00919390000126441,
      0.010981100000208244,
      0.009192900000925874,
      0.011456600001110928,
      0.00906329999997979,
      0.011215900001843693
    ],
    "optim_times": [
      0.0014873000000079628,
      0.001217100001667859,
      0.0008622999994258862,
      0.0008649000010336749,
      0.0009475000006204937,
      0.0009883000020636246,
      0.0010184000020672102,
      0.0009129999998549465,
      0.0011113000000477768,
      0.0010003999996115454
    ],
    "iter_times": [
      0.04937610000342829,
      0.020636299999750918,
      0.022465999994892627,
      0.020924100001138868,
      0.02189419999922393,
      0.022890000000188593,
      0.020056500001373934,
      0.022857100004330277,
      0.020695299997896655,
      0.02264379999905941
    ],
    "grad_norms": [
      1.179168939590454,
      0.999041736125946,
      1.1048320531845093,
      1.6224231719970703,
      1.4257936477661133,
      1.43411386013031,
      1.3876076936721802,
      1.6518505811691284,
      1.3196702003479004,
      1.8739198446273804
    ],
    "losses": [
      2.381258964538574,
      2.219104290008545,
      2.344151496887207,
      2.3102779388427734,
      2.289883613586426,
      2.2532546520233154,
      2.2896549701690674,
      2.2979698181152344,
      2.2020206451416016,
      2.2981109619140625
    ],
    "bytes_transferred": [
      208552,
      208552,
      208552,
      208552,
      208552,
      208552,
      208552,
      208552,
      208552,
      208552
    ],
    "epochs": [
      0,
      0,
      0,
      0,
      0,
      0,
      0,
      0,
      0,
      0
    ],
    "steps": [
      0,
      1,
      2,
      3,
      4,
      5,
      6,
      7,
      8,
      9
    ]
  }
}