{
  "rank": 2,
  "world_size": 4,
  "num_steps": 10,
  "statistics": {
    "compute": {
      "count": 10,
      "min": 0.009796700000151759,
      "max": 0.02642599999671802,
      "mean": 0.012075900000127149,
      "std": 0.004800064550909022,
      "p95": 0.011089399999036686,
      "p99": 0.011089399999036686
    },
    "sync": {
      "count": 10,
      "min": 0.008051299999351613,
      "max": 0.06819689999974798,
      "mean": 0.015868570000020555,
      "std": 0.017497430998724285,
      "p95": 0.011860999999043997,
      "p99": 0.011860999999043997
    },
    "optim": {
      "count": 10,
      "min": 0.0008632000026409514,
      "max": 0.0015276000012818258,
      "mean": 0.0010443400002259295,
      "std": 0.00019372356701398893,
      "p95": 0.001235600000654813,
      "p99": 0.001235600000654813
    },
    "iter": {
      "count": 10,
      "min": 0.019988500000181375,
      "max": 0.09615049999774783,
      "mean": 0.028988810000373632,
      "std": 0.02241717086781249,
      "p95": 0.023025199996482115,
      "p99": 0.023025199996482115
    },
    "grad_norm": {
      "count": 10,
      "min": 0.999041736125946,
      "max": 1.8739198446273804,
      "mean": 1.3998421728610992,
      "std": 0.2534943835554848,
      "p95": 1.6518505811691284,
      "p99": 1.6518505811691284
    },
    "loss": {
      "count": 10,
      "min": 2.2458457946777344,
      "max": 2.4266510009765625,
      "mean": 2.329335165023804,
      "std": 0.05072483283250854,
      "p95": 2.37489652633667,
      "p99": 2.37489652633667
    }
  },
  "trajectories": {
    "compute_times": [
      0.02642599999671802,
      0.010479300002771197,
      0.010552100000495557,
      0.009796700000151759,
      0.011089399999036686,
      0.010204400001384784,
      0.011043200000131037,
      0.010693699998228112,
      0.010553300002356991,
      0.009920899999997346
    ],
    "sync_times": [
      0.06819689999974798,
      0.008801699998002732,
      0.01092390000121668,
      0.011044599999877391,
      0.008051299999351613,
      0.01139310000144178,
      0.008060100000875536,
      0.011341699999320554,
      0.009011400001327274,
      0.011860999999043997
    ],
    "optim_times": [
      0.0015276000012818258,
      0.0009592999995220453,
      0.0008632000026409514,
      0.001235600000654813,
      0.0009169000004476402,
      0.0009729000012157485,
      0.0008851999991748016,
      0.0009897999989334494,
      0.0009585000007064082,
      0.0011343999976816121
    ],
    "iter_times": [
      0.09615049999774783,
      0.020240300000295974,
      0.022339200004353188,
      0.022076900000683963,
      0.02005759999883594,
      0.022570400004042313,
      0.019988500000181375,
      0.023025199996482115,
      0.020523200004390674,
      0.022916299996722955
    ],
    "grad_norms": [
      1.179168939590454,
      0.999041736125946,
      1.1048320531845093,
      1.6224230527877808,
      1.4257936477661133,
      1.4341139793395996,
      1.3876076936721802,
      1.6518505811691284,
      1.3196702003479004,
      1.8739198446273804
    ],
    "losses": [
      2.3531851768493652,
      2.37489652633667,
      2.29384708404541,
      2.3074214458465576,
      2.2458457946777344,
      2.29947566986084,
      2.35196590423584,
      2.3608243465423584,
      2.4266510009765625,
      2.279238700866699
    ],
    "bytes_transferred": [
      208552,
      208552,
      208552,
      208552,
      208552,
      208552,
      208552,
      208552,
      208552,
      208552
    ],
    "epochs": [
      0,
      0,
      0,
      0,
      0,
      0,
      0,
      0,
      0,
      0
    ],
    "steps": [
      0,
      1,
      2,
      3,
      4,
      5,
      6,
      7,
      8,
      9
    ]
  }
}