{
  "rank": 4,
  "world_size": 8,
  "num_steps": 10,
  "statistics": {
    "compute": {
      "count": 10,
      "min": 0.007955599998240359,
      "max": 0.01404019999972661,
      "mean": 0.010959050000019488,
      "std": 0.002252377838858856,
      "p95": 0.013624400002299808,
      "p99": 0.013624400002299808
    },
    "sync": {
      "count": 10,
      "min": 0.012439899997843895,
      "max": 0.0716878999992332,
      "mean": 0.03541752000019187,
      "std": 0.014704733230854038,
      "p95": 0.044280100002652034,
      "p99": 0.044280100002652034
    },
    "optim": {
      "count": 10,
      "min": 0.0008499000032315962,
      "max": 0.0020104000032006297,
      "mean": 0.0011467600012110778,
      "std": 0.0003243764367838268,
      "p95": 0.0012797000017599203,
      "p99": 0.0012797000017599203
    },
    "iter": {
      "count": 10,
      "min": 0.021490899995114887,
      "max": 0.08732270000473363,
      "mean": 0.047523330001422434,
      "std": 0.01604830197053294,
      "p95": 0.05726240000149119,
      "p99": 0.05726240000149119
    },
    "grad_norm": {
      "count": 10,
      "min": 0.3254165053367615,
      "max": 0.3504560589790344,
      "mean": 0.3382708698511124,
      "std": 0.008284283951080556,
      "p95": 0.3504524827003479,
      "p99": 0.3504524827003479
    },
    "loss": {
      "count": 10,
      "min": 2.2671642303466797,
      "max": 2.3782687187194824,
      "mean": 2.3121509552001953,
      "std": 0.02957164041478632,
      "p95": 2.341552495956421,
      "p99": 2.341552495956421
    }
  },
  "trajectories": {
    "compute_times": [
      0.013624400002299808,
      0.008595300001616124,
      0.008572400001867209,
      0.012086599999747705,
      0.007955599998240359,
      0.013279499999043765,
      0.01255479999963427,
      0.009345399997982895,
      0.009536300000036135,
      0.01404019999972661
    ],
    "sync_times": [
      0.0716878999992332,
      0.03813260000242735,
      0.03598739999870304,
      0.044280100002652034,
      0.012439899997843895,
      0.03068849999908707,
      0.03433720000248286,
      0.024151900001015747,
      0.036087899999984074,
      0.02638179999848944
    ],
    "optim_times": [
      0.0020104000032006297,
      0.0011642999998002779,
      0.0009771000004548114,
      0.0008956999990914483,
      0.001095399999030633,
      0.0008499000032315962,
      0.0012668000017583836,
      0.0010752000016509555,
      0.0012797000017599203,
      0.0008531000021321233
    ],
    "iter_times": [
      0.08732270000473363,
      0.047892200003843755,
      0.04553690000102506,
      0.05726240000149119,
      0.021490899995114887,
      0.04481790000136243,
      0.04815880000387551,
      0.0345725000006496,
      0.04690390000178013,
      0.041275100000348175
    ],
    "grad_norms": [
      0.34363359212875366,
      0.33614903688430786,
      0.3504524827003479,
      0.3504560589790344,
      0.34008482098579407,
      0.3322739899158478,
      0.3366731107234955,
      0.34116247296333313,
      0.3264066278934479,
      0.3254165053367615
    ],
    "losses": [
      2.3057730197906494,
      2.304863452911377,
      2.3782687187194824,
      2.341552495956421,
      2.31308650970459,
      2.2671642303466797,
      2.3234610557556152,
      2.2955663204193115,
      2.3110251426696777,
      2.2807486057281494
    ],
    "bytes_transferred": [
      437544,
      437544,
      437544,
      437544,
      437544,
      437544,
      437544,
      437544,
      437544,
      437544
    ],
    "epochs": [
      0,
      0,
      0,
      0,
      0,
      0,
      0,
      0,
      0,
      0
    ],
    "steps": [
      0,
      1,
      2,
      3,
      4,
      5,
      6,
      7,
      8,
      9
    ]
  }
}