{
  "rank": 0,
  "world_size": 2,
  "num_steps": 10,
  "statistics": {
    "compute": {
      "count": 10,
      "min": 0.007193499997811159,
      "max": 0.14883819999886327,
      "mean": 0.023112079999555134,
      "std": 0.04195351676771772,
      "p95": 0.013872399998945184,
      "p99": 0.013872399998945184
    },
    "sync": {
      "count": 10,
      "min": 0.0036677999996754806,
      "max": 0.025425699997867923,
      "mean": 0.011457119999249699,
      "std": 0.006728212584395993,
      "p95": 0.01813449999826844,
      "p99": 0.01813449999826844
    },
    "optim": {
      "count": 10,
      "min": 0.0006279999979597051,
      "max": 0.0021634000004269183,
      "mean": 0.0010199599997577024,
      "std": 0.00042918174807130086,
      "p95": 0.0013452000021061394,
      "p99": 0.0013452000021061394
    },
    "iter": {
      "count": 10,
      "min": 0.012837199999921722,
      "max": 0.17560909999883734,
      "mean": 0.03558915999856253,
      "std": 0.04689461098017491,
      "p95": 0.026696099997934652,
      "p99": 0.026696099997934652
    },
    "grad_norm": {
      "count": 10,
      "min": 0.3210010528564453,
      "max": 0.3445914387702942,
      "mean": 0.33418882489204405,
      "std": 0.007883879466935,
      "p95": 0.344420850276947,
      "p99": 0.344420850276947
    },
    "loss": {
      "count": 10,
      "min": 2.2946083545684814,
      "max": 2.329397678375244,
      "mean": 2.311121678352356,
      "std": 0.00912374973285157,
      "p95": 2.31901216506958,
      "p99": 2.31901216506958
    }
  },
  "trajectories": {
    "compute_times": [
      0.14883819999886327,
      0.011172799997439142,
      0.0073565999991842546,
      0.009492600001976825,
      0.007193499997811159,
      0.013872399998945184,
      0.0079358000002685,
      0.008361000000149943,
      0.0077615000009245705,
      0.009136399999988498
    ],
    "sync_times": [
      0.025425699997867923,
      0.00955709999834653,
      0.016148900002008304,
      0.0036677999996754806,
      0.01457509999818285,
      0.00785869999890565,
      0.0041854999981296714,
      0.010668099999747938,
      0.01813449999826844,
      0.004349800001364201
    ],
    "optim_times": [
      0.0013452000021061394,
      0.0007831000002624933,
      0.0008214999979827553,
      0.0006279999979597051,
      0.0021634000004269183,
      0.0008954999975685496,
      0.0007159000015235506,
      0.0009155000007012859,
      0.0008000999987416435,
      0.0011314000003039837
    ],
    "iter_times": [
      0.17560909999883734,
      0.021512999996048165,
      0.024326999999175314,
      0.013788399999612011,
      0.023931999996420927,
      0.022626599995419383,
      0.012837199999921722,
      0.019944600000599166,
      0.026696099997934652,
      0.014617600001656683
    ],
    "grad_norms": [
      0.344420850276947,
      0.3445914387702942,
      0.3210010528564453,
      0.3404165506362915,
      0.334928035736084,
      0.329715758562088,
      0.33243629336357117,
      0.33228006958961487,
      0.3224189281463623,
      0.3396792709827423
    ],
    "losses": [
      2.329397678375244,
      2.31901216506958,
      2.315112590789795,
      2.2946083545684814,
      2.3119115829467773,
      2.302812337875366,
      2.30552077293396,
      2.305386543273926,
      2.3138468265533447,
      2.313607931137085
    ],
    "bytes_transferred": [
      437544,
      437544,
      437544,
      437544,
      437544,
      437544,
      437544,
      437544,
      437544,
      437544
    ],
    "epochs": [
      0,
      0,
      0,
      0,
      0,
      0,
      0,
      0,
      0,
      0
    ],
    "steps": [
      0,
      1,
      2,
      3,
      4,
      5,
      6,
      7,
      8,
      9
    ]
  }
}