{
  "rank": 7,
  "world_size": 8,
  "num_steps": 10,
  "statistics": {
    "compute": {
      "count": 10,
      "min": 0.007596100000228034,
      "max": 0.014227099996787729,
      "mean": 0.011182419999386184,
      "std": 0.0023801932804326503,
      "p95": 0.013734499996644445,
      "p99": 0.013734499996644445
    },
    "sync": {
      "count": 10,
      "min": 0.015274699999281438,
      "max": 0.06528869999965536,
      "mean": 0.035727720000068075,
      "std": 0.014482999599508072,
      "p95": 0.05323390000194195,
      "p99": 0.05323390000194195
    },
    "optim": {
      "count": 10,
      "min": 0.0008225999990827404,
      "max": 0.001779400001396425,
      "mean": 0.001152610000644927,
      "std": 0.0002577494463960855,
      "p95": 0.0012745999993057922,
      "p99": 0.0012745999993057922
    },
    "iter": {
      "count": 10,
      "min": 0.027045599999837577,
      "max": 0.08129519999783952,
      "mean": 0.048062750000099186,
      "std": 0.015711448378645725,
      "p95": 0.06684529999984079,
      "p99": 0.06684529999984079
    },
    "grad_norm": {
      "count": 10,
      "min": 0.3254165053367615,
      "max": 0.3504560589790344,
      "mean": 0.3382708698511124,
      "std": 0.008284283951080556,
      "p95": 0.3504524827003479,
      "p99": 0.3504524827003479
    },
    "loss": {
      "count": 10,
      "min": 2.2980754375457764,
      "max": 2.347642660140991,
      "mean": 2.3188802003860474,
      "std": 0.013985286301825673,
      "p95": 2.3310470581054688,
      "p99": 2.3310470581054688
    }
  },
  "trajectories": {
    "compute_times": [
      0.014227099996787729,
      0.012825000001612352,
      0.008609200001956197,
      0.013734499996644445,
      0.007839499998226529,
      0.007596100000228034,
      0.01057560000117519,
      0.013371999997616513,
      0.012552099997265032,
      0.01049310000234982
    ],
    "sync_times": [
      0.06528869999965536,
      0.04041829999914626,
      0.03494230000069365,
      0.039680300000327406,
      0.03380539999852772,
      0.033196299998962786,
      0.015274699999281438,
      0.02057760000025155,
      0.05323390000194195,
      0.020859700001892634
    ],
    "optim_times": [
      0.001779400001396425,
      0.0012316000029386487,
      0.0009285000014642719,
      0.0008225999990827404,
      0.0010772999994514976,
      0.0012578000023495406,
      0.0011952999993809499,
      0.0008997000004455913,
      0.0010593000006338116,
      0.0012745999993057922
    ],
    "iter_times": [
      0.08129519999783952,
      0.05447490000369726,
      0.04448000000411412,
      0.05423739999605459,
      0.042722199996205745,
      0.04205020000154036,
      0.027045599999837577,
      0.034849299998313654,
      0.06684529999984079,
      0.032627400003548246
    ],
    "grad_norms": [
      0.34363359212875366,
      0.33614903688430786,
      0.3504524827003479,
      0.3504560589790344,
      0.34008482098579407,
      0.3322739899158478,
      0.3366731107234955,
      0.34116247296333313,
      0.3264066278934479,
      0.3254165053367615
    ],
    "losses": [
      2.313101291656494,
      2.3033931255340576,
      2.3193681240081787,
      2.2980754375457764,
      2.3271374702453613,
      2.3071563243865967,
      2.326423406600952,
      2.3154571056365967,
      2.3310470581054688,
      2.347642660140991
    ],
    "bytes_transferred": [
      437544,
      437544,
      437544,
      437544,
      437544,
      437544,
      437544,
      437544,
      437544,
      437544
    ],
    "epochs": [
      0,
      0,
      0,
      0,
      0,
      0,
      0,
      0,
      0,
      0
    ],
    "steps": [
      0,
      1,
      2,
      3,
      4,
      5,
      6,
      7,
      8,
      9
    ]
  }
}