{
  "rank": 3,
  "world_size": 8,
  "num_steps": 10,
  "statistics": {
    "compute": {
      "count": 10,
      "min": 0.00777879999805009,
      "max": 0.01772000000346452,
      "mean": 0.012568119999923511,
      "std": 0.003251699902555698,
      "p95": 0.017205500000272878,
      "p99": 0.017205500000272878
    },
    "sync": {
      "count": 10,
      "min": 0.01628750000236323,
      "max": 0.04690600000321865,
      "mean": 0.032135660001222276,
      "std": 0.010070482410589042,
      "p95": 0.04049790000135545,
      "p99": 0.04049790000135545
    },
    "optim": {
      "count": 10,
      "min": 0.000976200000877725,
      "max": 0.0017866000016510952,
      "mean": 0.0012482600006478606,
      "std": 0.0002261019071812493,
      "p95": 0.0014353000005939975,
      "p99": 0.0014353000005939975
    },
    "iter": {
      "count": 10,
      "min": 0.027965500004938804,
      "max": 0.06489280000459985,
      "mean": 0.04595204000179365,
      "std": 0.011619093912915877,
      "p95": 0.058014800004457356,
      "p99": 0.058014800004457356
    },
    "grad_norm": {
      "count": 10,
      "min": 0.3254165053367615,
      "max": 0.3504560589790344,
      "mean": 0.3382708698511124,
      "std": 0.008284283951080556,
      "p95": 0.3504524827003479,
      "p99": 0.3504524827003479
    },
    "loss": {
      "count": 10,
      "min": 2.281198501586914,
      "max": 2.3367223739624023,
      "mean": 2.3109982013702393,
      "std": 0.018055554500025512,
      "p95": 2.331920623779297,
      "p99": 2.331920623779297
    }
  },
  "trajectories": {
    "compute_times": [
      0.016200199999730103,
      0.01772000000346452,
      0.009655099998781225,
      0.009847899997112108,
      0.00777879999805009,
      0.01240979999784031,
      0.011262100000749342,
      0.010625000002619345,
      0.012976800000615185,
      0.017205500000272878
    ],
    "sync_times": [
      0.04690600000321865,
      0.03908920000321814,
      0.03980550000051153,
      0.023038900002575247,
      0.03370970000105444,
      0.0383825999997498,
      0.01790679999976419,
      0.01628750000236323,
      0.04049790000135545,
      0.025732499998412095
    ],
    "optim_times": [
      0.0017866000016510952,
      0.0012055999977746978,
      0.001263399997696979,
      0.0012455000032787211,
      0.0012760999998135958,
      0.000976200000877725,
      0.0012597000022651628,
      0.0010529999999562278,
      0.0009812000025704037,
      0.0014353000005939975
    ],
    "iter_times": [
      0.06489280000459985,
      0.058014800004457356,
      0.05072399999698973,
      0.034132300002966076,
      0.04276459999891813,
      0.051768599998467835,
      0.030428600002778694,
      0.027965500004938804,
      0.054455900004541036,
      0.04437329999927897
    ],
    "grad_norms": [
      0.34363359212875366,
      0.33614903688430786,
      0.3504524827003479,
      0.3504560589790344,
      0.34008482098579407,
      0.3322739899158478,
      0.3366731107234955,
      0.34116247296333313,
      0.3264066278934479,
      0.3254165053367615
    ],
    "losses": [
      2.3316915035247803,
      2.2910444736480713,
      2.2923197746276855,
      2.3367223739624023,
      2.331920623779297,
      2.3076155185699463,
      2.3052260875701904,
      2.281198501586914,
      2.3162267208099365,
      2.316016435623169
    ],
    "bytes_transferred": [
      437544,
      437544,
      437544,
      437544,
      437544,
      437544,
      437544,
      437544,
      437544,
      437544
    ],
    "epochs": [
      0,
      0,
      0,
      0,
      0,
      0,
      0,
      0,
      0,
      0
    ],
    "steps": [
      0,
      1,
      2,
      3,
      4,
      5,
      6,
      7,
      8,
      9
    ]
  }
}