{
  "rank": 2,
  "world_size": 8,
  "num_steps": 10,
  "statistics": {
    "compute": {
      "count": 10,
      "min": 0.008842899998853682,
      "max": 0.018537199997808784,
      "mean": 0.012315159998979652,
      "std": 0.0027959014680728313,
      "p95": 0.01585039999918081,
      "p99": 0.01585039999918081
    },
    "sync": {
      "count": 10,
      "min": 0.019555700000637444,
      "max": 0.05391369999779272,
      "mean": 0.032285649999175804,
      "std": 0.011339927169178352,
      "p95": 0.0477656000002753,
      "p99": 0.0477656000002753
    },
    "optim": {
      "count": 10,
      "min": 0.000888000002305489,
      "max": 0.0029318999986571725,
      "mean": 0.0012383899993437808,
      "std": 0.0005887383773152469,
      "p95": 0.0015187000026344322,
      "p99": 0.0015187000026344322
    },
    "iter": {
      "count": 10,
      "min": 0.03291940000053728,
      "max": 0.06654789999811328,
      "mean": 0.04583919999749923,
      "std": 0.011701013506826063,
      "p95": 0.06385549999322393,
      "p99": 0.06385549999322393
    },
    "grad_norm": {
      "count": 10,
      "min": 0.3254165053367615,
      "max": 0.3504560589790344,
      "mean": 0.3382708698511124,
      "std": 0.008284283951080556,
      "p95": 0.3504524827003479,
      "p99": 0.3504524827003479
    },
    "loss": {
      "count": 10,
      "min": 2.276322841644287,
      "max": 2.3312273025512695,
      "mean": 2.3050277471542358,
      "std": 0.01847166359027345,
      "p95": 2.3228683471679688,
      "p99": 2.3228683471679688
    }
  },
  "trajectories": {
    "compute_times": [
      0.01585039999918081,
      0.018537199997808784,
      0.008977999998023733,
      0.011026299998775357,
      0.008842899998853682,
      0.011302099999738857,
      0.012700899998890236,
      0.012475699997594347,
      0.01202969999940251,
      0.011408400001528207
    ],
    "sync_times": [
      0.0477656000002753,
      0.026590800000121817,
      0.05391369999779272,
      0.021091799997520866,
      0.033965999999054475,
      0.025010699999256758,
      0.026279499998054234,
      0.019555700000637444,
      0.04324300000007497,
      0.025439699998969445
    ],
    "optim_times": [
      0.0029318999986571725,
      0.0015187000026344322,
      0.0009637999974074773,
      0.0009539999991829973,
      0.0009494999976595864,
      0.0009866000000329223,
      0.00106229999801144,
      0.000888000002305489,
      0.0010978999998769723,
      0.0010311999976693187
    ],
    "iter_times": [
      0.06654789999811328,
      0.04664670000056503,
      0.06385549999322393,
      0.03307209999547922,
      0.04375839999556774,
      0.03729939999902854,
      0.04004269999495591,
      0.03291940000053728,
      0.056370599999354454,
      0.03787929999816697
    ],
    "grad_norms": [
      0.34363359212875366,
      0.33614903688430786,
      0.3504524827003479,
      0.3504560589790344,
      0.34008482098579407,
      0.3322739899158478,
      0.3366731107234955,
      0.34116247296333313,
      0.3264066278934479,
      0.3254165053367615
    ],
    "losses": [
      2.3228683471679688,
      2.28432297706604,
      2.2797155380249023,
      2.309643268585205,
      2.320681095123291,
      2.303926706314087,
      2.3012945652008057,
      2.3312273025512695,
      2.276322841644287,
      2.320274829864502
    ],
    "bytes_transferred": [
      437544,
      437544,
      437544,
      437544,
      437544,
      437544,
      437544,
      437544,
      437544,
      437544
    ],
    "epochs": [
      0,
      0,
      0,
      0,
      0,
      0,
      0,
      0,
      0,
      0
    ],
    "steps": [
      0,
      1,
      2,
      3,
      4,
      5,
      6,
      7,
      8,
      9
    ]
  }
}