{
  "rank": 7,
  "world_size": 8,
  "num_steps": 10,
  "statistics": {
    "compute": {
      "count": 10,
      "min": 0.12433600000076694,
      "max": 0.3143536999996286,
      "mean": 0.2381365499997628,
      "std": 0.056550051248928916,
      "p95": 0.3093268000011449,
      "p99": 0.3093268000011449
    },
    "sync": {
      "count": 10,
      "min": 0.015280300001904834,
      "max": 1.1561602000001585,
      "mean": 0.14430214000021807,
      "std": 0.337868117828048,
      "p95": 0.08460120000017923,
      "p99": 0.08460120000017923
    },
    "optim": {
      "count": 10,
      "min": 0.0009820000013860408,
      "max": 0.005154399997991277,
      "mean": 0.002342570000473643,
      "std": 0.0015524556019918497,
      "p95": 0.004541800000879448,
      "p99": 0.004541800000879448
    },
    "iter": {
      "count": 10,
      "min": 0.22365069999796106,
      "max": 1.2829527000030794,
      "mean": 0.3847812600004545,
      "std": 0.3023046435108973,
      "p95": 0.3533291999992798,
      "p99": 0.3533291999992798
    },
    "grad_norm": {
      "count": 10,
      "min": 0.1444212943315506,
      "max": 0.25026628375053406,
      "mean": 0.1902051106095314,
      "std": 0.030359738828486443,
      "p95": 0.22816917300224304,
      "p99": 0.22816917300224304
    },
    "loss": {
      "count": 10,
      "min": 2.2944819927215576,
      "max": 2.3265373706817627,
      "mean": 2.3096487283706666,
      "std": 0.01006997513753454,
      "p95": 2.3258092403411865,
      "p99": 2.3258092403411865
    }
  },
  "trajectories": {
    "compute_times": [
      0.12433600000076694,
      0.2235727000006591,
      0.2158975999991526,
      0.3143536999996286,
      0.19138670000029379,
      0.2748353999995743,
      0.3093268000011449,
      0.2910615000000689,
      0.20556649999707588,
      0.23102859999926295
    ],
    "sync_times": [
      1.1561602000001585,
      0.01634360000025481,
      0.03165689999877941,
      0.015280300001904834,
      0.08460120000017923,
      0.041715100000146776,
      0.038848000000143657,
      0.023627300000953255,
      0.01689489999989746,
      0.017893899999762652
    ],
    "optim_times": [
      0.0024565000021539163,
      0.000994999998511048,
      0.0009820000013860408,
      0.0012491000015870668,
      0.001660899997659726,
      0.004541800000879448,
      0.005154399997991277,
      0.004107800003112061,
      0.0011893000009877142,
      0.0010889000004681293
    ],
    "iter_times": [
      1.2829527000030794,
      0.24091129999942495,
      0.24853649999931804,
      0.3308831000031205,
      0.27764879999813274,
      0.3210923000006005,
      0.3533291999992798,
      0.31879660000413423,
      0.22365069999796106,
      0.25001139999949373
    ],
    "grad_norms": [
      0.1747829020023346,
      0.18067538738250732,
      0.1444212943315506,
      0.154531791806221,
      0.20896455645561218,
      0.17949312925338745,
      0.22816917300224304,
      0.25026628375053406,
      0.19185641407966614,
      0.18889017403125763
    ],
    "losses": [
      2.312924861907959,
      2.2996201515197754,
      2.3032846450805664,
      2.3117847442626953,
      2.3258092403411865,
      2.3130710124969482,
      2.301636219024658,
      2.3265373706817627,
      2.3073370456695557,
      2.2944819927215576
    ],
    "bytes_transferred": [
      208552,
      208552,
      208552,
      208552,
      208552,
      208552,
      208552,
      208552,
      208552,
      208552
    ],
    "epochs": [
      0,
      0,
      0,
      0,
      0,
      0,
      0,
      0,
      0,
      0
    ],
    "steps": [
      0,
      1,
      2,
      3,
      4,
      5,
      6,
      7,
      8,
      9
    ]
  }
}