{
  "rank": 2,
  "world_size": 8,
  "num_steps": 10,
  "statistics": {
    "compute": {
      "count": 10,
      "min": 0.09188670000003185,
      "max": 0.27375450000181445,
      "mean": 0.18662953000020935,
      "std": 0.05485328868655141,
      "p95": 0.23379109999950742,
      "p99": 0.23379109999950742
    },
    "sync": {
      "count": 10,
      "min": 0.014077100000577047,
      "max": 0.20602429999780725,
      "mean": 0.11315953999983322,
      "std": 0.06946559617457825,
      "p95": 0.20165350000024773,
      "p99": 0.20165350000024773
    },
    "optim": {
      "count": 10,
      "min": 0.0009365000005345792,
      "max": 0.004273999998986255,
      "mean": 0.0018926600001577753,
      "std": 0.0011756916061931941,
      "p95": 0.0034442999967723154,
      "p99": 0.0034442999967723154
    },
    "iter": {
      "count": 10,
      "min": 0.22775220000039553,
      "max": 0.4299124000026495,
      "mean": 0.3016817300002003,
      "std": 0.06718889814763516,
      "p95": 0.3677814999973634,
      "p99": 0.3677814999973634
    },
    "grad_norm": {
      "count": 10,
      "min": 0.1444212943315506,
      "max": 0.25026628375053406,
      "mean": 0.1902051106095314,
      "std": 0.030359738828486443,
      "p95": 0.22816917300224304,
      "p99": 0.22816917300224304
    },
    "loss": {
      "count": 10,
      "min": 2.2978203296661377,
      "max": 2.3215293884277344,
      "mean": 2.3075512886047362,
      "std": 0.007630226706926239,
      "p95": 2.3177082538604736,
      "p99": 2.3177082538604736
    }
  },
  "trajectories": {
    "compute_times": [
      0.27375450000181445,
      0.1578761000018858,
      0.21424109999861685,
      0.23379109999950742,
      0.2172294999982114,
      0.10079720000067027,
      0.16268370000034338,
      0.2067081999994116,
      0.20732720000160043,
      0.09188670000003185
    ],
    "sync_times": [
      0.1531539999996312,
      0.08759680000002845,
      0.026388700000097742,
      0.1175504999991972,
      0.014077100000577047,
      0.20602429999780725,
      0.20165350000024773,
      0.14230940000197734,
      0.01935819999926025,
      0.16348289999950794
    ],
    "optim_times": [
      0.003003900001203874,
      0.0010366999995312653,
      0.0012615000014193356,
      0.001999300002353266,
      0.0009428000012121629,
      0.0009365000005345792,
      0.0034442999967723154,
      0.004273999998986255,
      0.001066799999534851,
      0.0009608000000298489
    ],
    "iter_times": [
      0.4299124000026495,
      0.2465096000014455,
      0.24189130000013392,
      0.3533409000010579,
      0.2322494000000006,
      0.3077579999990121,
      0.3677814999973634,
      0.3532916000003752,
      0.22775220000039553,
      0.25633039999956964
    ],
    "grad_norms": [
      0.1747829020023346,
      0.18067538738250732,
      0.1444212943315506,
      0.154531791806221,
      0.20896455645561218,
      0.17949312925338745,
      0.22816917300224304,
      0.25026628375053406,
      0.19185641407966614,
      0.18889017403125763
    ],
    "losses": [
      2.302459955215454,
      2.3025152683258057,
      2.311488628387451,
      2.2978203296661377,
      2.300696611404419,
      2.301328659057617,
      2.313493013381958,
      2.3177082538604736,
      2.3215293884277344,
      2.3064727783203125
    ],
    "bytes_transferred": [
      208552,
      208552,
      208552,
      208552,
      208552,
      208552,
      208552,
      208552,
      208552,
      208552
    ],
    "epochs": [
      0,
      0,
      0,
      0,
      0,
      0,
      0,
      0,
      0,
      0
    ],
    "steps": [
      0,
      1,
      2,
      3,
      4,
      5,
      6,
      7,
      8,
      9
    ]
  }
}