{
  "rank": 1,
  "world_size": 2,
  "num_steps": 10,
  "statistics": {
    "compute": {
      "count": 10,
      "min": 0.006988000001001637,
      "max": 0.13816270000097575,
      "mean": 0.021596010000212117,
      "std": 0.038879137651123004,
      "p95": 0.011410799997975118,
      "p99": 0.011410799997975118
    },
    "sync": {
      "count": 10,
      "min": 0.0023054999983287416,
      "max": 0.015451800001756055,
      "mean": 0.0038313900000503053,
      "std": 0.003880308297220322,
      "p95": 0.0031768000008014496,
      "p99": 0.0031768000008014496
    },
    "optim": {
      "count": 10,
      "min": 0.0006332000011752825,
      "max": 0.0011389000028430019,
      "mean": 0.000703750000684522,
      "std": 0.0001457661987953369,
      "p95": 0.0006872000012663193,
      "p99": 0.0006872000012663193
    },
    "iter": {
      "count": 10,
      "min": 0.009926700000505662,
      "max": 0.1547534000055748,
      "mean": 0.026131150000946946,
      "std": 0.04289510997796561,
      "p95": 0.014519800002744887,
      "p99": 0.014519800002744887
    },
    "grad_norm": {
      "count": 10,
      "min": 0.36427557468414307,
      "max": 0.8137511014938354,
      "mean": 0.5645570427179336,
      "std": 0.1146897565188216,
      "p95": 0.6117755770683289,
      "p99": 0.6117755770683289
    },
    "loss": {
      "count": 10,
      "min": 1.529118537902832,
      "max": 1.676133394241333,
      "mean": 1.603178858757019,
      "std": 0.041129063692000825,
      "p95": 1.6405508518218994,
      "p99": 1.6405508518218994
    }
  },
  "trajectories": {
    "compute_times": [
      0.13816270000097575,
      0.007371100000455044,
      0.0077406000018527266,
      0.011410799997975118,
      0.008858500001224456,
      0.010743099999672268,
      0.0077325999991444405,
      0.006988000001001637,
      0.008200299998861738,
      0.008752400000958005
    ],
    "sync_times": [
      0.015451800001756055,
      0.0026051999993796926,
      0.0031768000008014496,
      0.0024531000017304905,
      0.0025452999980188906,
      0.00248239999928046,
      0.002381099999183789,
      0.0023054999983287416,
      0.0023688000001129694,
      0.002543900001910515
    ],
    "optim_times": [
      0.0011389000028430019,
      0.0006627999973716214,
      0.0006587999996554572,
      0.0006559000030392781,
      0.0006420999998226762,
      0.0006395999989763368,
      0.0006544000025314745,
      0.0006332000011752825,
      0.0006646000001637731,
      0.0006872000012663193
    ],
    "iter_times": [
      0.1547534000055748,
      0.010639099997206358,
      0.011576200002309633,
      0.014519800002744887,
      0.012045899999066023,
      0.013865099997929065,
      0.010768100000859704,
      0.009926700000505662,
      0.01123369999913848,
      0.01198350000413484
    ],
    "grad_norms": [
      0.8137511014938354,
      0.5572115182876587,
      0.5920475125312805,
      0.47001731395721436,
      0.6011295318603516,
      0.6117755770683289,
      0.36427557468414307,
      0.44688358902931213,
      0.5800380110740662,
      0.6084406971931458
    ],
    "losses": [
      1.579476237297058,
      1.580283522605896,
      1.676133394241333,
      1.529118537902832,
      1.625550389289856,
      1.5658472776412964,
      1.6402308940887451,
      1.5852594375610352,
      1.6405508518218994,
      1.6093380451202393
    ],
    "bytes_transferred": [
      27188,
      27188,
      27188,
      27188,
      27188,
      27188,
      27188,
      27188,
      27188,
      27188
    ],
    "epochs": [
      0,
      0,
      0,
      0,
      0,
      0,
      0,
      0,
      0,
      0
    ],
    "steps": [
      0,
      1,
      2,
      3,
      4,
      5,
      6,
      7,
      8,
      9
    ]
  }
}