{
  "rank": 3,
  "world_size": 8,
  "num_steps": 10,
  "statistics": {
    "compute": {
      "count": 10,
      "min": 0.21579399999973248,
      "max": 0.3205359999992652,
      "mean": 0.25389837000002446,
      "std": 0.044098063248668294,
      "p95": 0.31930300000021816,
      "p99": 0.31930300000021816
    },
    "sync": {
      "count": 10,
      "min": 0.01207589999830816,
      "max": 0.16465080000125454,
      "mean": 0.03778918999960297,
      "std": 0.04324487142912629,
      "p95": 0.043239700000412995,
      "p99": 0.043239700000412995
    },
    "optim": {
      "count": 10,
      "min": 0.0009219999992637895,
      "max": 0.012173200000688666,
      "mean": 0.0035962600002676483,
      "std": 0.0034269602267117285,
      "p95": 0.007074299999658251,
      "p99": 0.007074299999658251
    },
    "iter": {
      "count": 10,
      "min": 0.2308392000013555,
      "max": 0.39371160000155214,
      "mean": 0.29528381999989506,
      "std": 0.05805008998666142,
      "p95": 0.3747159000013198,
      "p99": 0.3747159000013198
    },
    "grad_norm": {
      "count": 10,
      "min": 0.1444212943315506,
      "max": 0.25026628375053406,
      "mean": 0.1902051106095314,
      "std": 0.030359738828486443,
      "p95": 0.22816917300224304,
      "p99": 0.22816917300224304
    },
    "loss": {
      "count": 10,
      "min": 2.291003942489624,
      "max": 2.320089817047119,
      "mean": 2.3069737911224366,
      "std": 0.00870098644572748,
      "p95": 2.3136324882507324,
      "p99": 2.3136324882507324
    }
  },
  "trajectories": {
    "compute_times": [
      0.2240949000006367,
      0.21625919999860344,
      0.21579399999973248,
      0.3205359999992652,
      0.22438709999914863,
      0.2760868000004848,
      0.31930300000021816,
      0.30795840000064345,
      0.21587999999974272,
      0.21868430000176886
    ],
    "sync_times": [
      0.16465080000125454,
      0.013621900001453469,
      0.03475059999982477,
      0.021812800001498545,
      0.018443399996613152,
      0.01207589999830816,
      0.043239700000412995,
      0.02275529999678838,
      0.028069500000128755,
      0.018471999999746913
    ],
    "optim_times": [
      0.0049658999996609055,
      0.0009581000012985896,
      0.0014742000021215063,
      0.003209399998013396,
      0.001866800001153024,
      0.002227400000265334,
      0.012173200000688666,
      0.0010913000005530193,
      0.007074299999658251,
      0.0009219999992637895
    ],
    "iter_times": [
      0.39371160000155214,
      0.2308392000013555,
      0.25201880000167876,
      0.3455581999987771,
      0.2446972999969148,
      0.2903900999990583,
      0.3747159000013198,
      0.33180499999798485,
      0.25102379999952973,
      0.23807830000077956
    ],
    "grad_norms": [
      0.1747829020023346,
      0.18067538738250732,
      0.1444212943315506,
      0.154531791806221,
      0.20896455645561218,
      0.17949312925338745,
      0.22816917300224304,
      0.25026628375053406,
      0.19185641407966614,
      0.18889017403125763
    ],
    "losses": [
      2.291003942489624,
      2.320089817047119,
      2.311528205871582,
      2.3042314052581787,
      2.308947801589966,
      2.3136324882507324,
      2.311159372329712,
      2.307846784591675,
      2.3094587326049805,
      2.291839361190796
    ],
    "bytes_transferred": [
      208552,
      208552,
      208552,
      208552,
      208552,
      208552,
      208552,
      208552,
      208552,
      208552
    ],
    "epochs": [
      0,
      0,
      0,
      0,
      0,
      0,
      0,
      0,
      0,
      0
    ],
    "steps": [
      0,
      1,
      2,
      3,
      4,
      5,
      6,
      7,
      8,
      9
    ]
  }
}