{
  "rank": 0,
  "world_size": 2,
  "num_steps": 10,
  "statistics": {
    "compute": {
      "count": 10,
      "min": 0.011687799997162074,
      "max": 0.07163130000117235,
      "mean": 0.025209340000583325,
      "std": 0.022510328893840633,
      "p95": 0.06858959999954095,
      "p99": 0.06858959999954095
    },
    "sync": {
      "count": 10,
      "min": 0.0017415999973309226,
      "max": 0.009021799996844493,
      "mean": 0.0032693199980712963,
      "std": 0.0022186037746252064,
      "p95": 0.005754399993747938,
      "p99": 0.005754399993747938
    },
    "optim": {
      "count": 10,
      "min": 0.0006916999991517514,
      "max": 0.0012279000002308749,
      "mean": 0.0007915200010756962,
      "std": 0.0001486330295955596,
      "p95": 0.0008015999992494471,
      "p99": 0.0008015999992494471
    },
    "iter": {
      "count": 10,
      "min": 0.014711500007251743,
      "max": 0.07883929999661632,
      "mean": 0.029270179999730316,
      "std": 0.023992879211599056,
      "p95": 0.07517349999397993,
      "p99": 0.07517349999397993
    },
    "grad_norm": {
      "count": 10,
      "min": 0.052356984466314316,
      "max": 0.12437611818313599,
      "mean": 0.07956568412482738,
      "std": 0.019995411010313026,
      "p95": 0.09428966045379639,
      "p99": 0.09428966045379639
    },
    "loss": {
      "count": 10,
      "min": 1.5977402925491333,
      "max": 1.62270987033844,
      "mean": 1.6118603944778442,
      "std": 0.00698017651975917,
      "p95": 1.6178267002105713,
      "p99": 1.6178267002105713
    }
  },
  "trajectories": {
    "compute_times": [
      0.06858959999954095,
      0.016405499998654705,
      0.07163130000117235,
      0.013419900002190843,
      0.015974300004018005,
      0.015432000000146218,
      0.011687799997162074,
      0.012181899997813161,
      0.012763999999151565,
      0.014007100005983375
    ],
    "sync_times": [
      0.009021799996844493,
      0.005754399993747938,
      0.0027857999957632273,
      0.001980499997443985,
      0.0026613000009092502,
      0.0017415999973309226,
      0.0028286000015214086,
      0.0017724000063026324,
      0.0018980999957420863,
      0.0022486999951070175
    ],
    "optim_times": [
      0.0012279000002308749,
      0.0008015999992494471,
      0.0007563999970443547,
      0.0007638000024599023,
      0.0007499999992433004,
      0.0007344000041484833,
      0.0006916999991517514,
      0.0007572000031359494,
      0.000695100003213156,
      0.0007371000028797425
    ],
    "iter_times": [
      0.07883929999661632,
      0.02296149999165209,
      0.07517349999397993,
      0.01616420000209473,
      0.019385600004170556,
      0.017908000001625624,
      0.015208099997835234,
      0.014711500007251743,
      0.015357199998106807,
      0.016992900003970135
    ],
    "grad_norms": [
      0.07655365020036697,
      0.08196417987346649,
      0.0781586691737175,
      0.12437611818313599,
      0.08954194188117981,
      0.09428966045379639,
      0.06159793585538864,
      0.08154202252626419,
      0.055275678634643555,
      0.052356984466314316
    ],
    "losses": [
      1.6086573600769043,
      1.62270987033844,
      1.6178267002105713,
      1.6147741079330444,
      1.5977402925491333,
      1.6143059730529785,
      1.6019539833068848,
      1.614059567451477,
      1.6144635677337646,
      1.6121125221252441
    ],
    "bytes_transferred": [
      27188,
      27188,
      27188,
      27188,
      27188,
      27188,
      27188,
      27188,
      27188,
      27188
    ],
    "epochs": [
      0,
      0,
      0,
      0,
      0,
      0,
      0,
      0,
      0,
      0
    ],
    "steps": [
      0,
      1,
      2,
      3,
      4,
      5,
      6,
      7,
      8,
      9
    ]
  }
}