{
  "rank": 6,
  "world_size": 8,
  "num_steps": 10,
  "statistics": {
    "compute": {
      "count": 10,
      "min": 0.026424199997563846,
      "max": 0.11114819999784231,
      "mean": 0.039213489999383455,
      "std": 0.02422266266440131,
      "p95": 0.03832490000058897,
      "p99": 0.03832490000058897
    },
    "sync": {
      "count": 10,
      "min": 0.007462200002919417,
      "max": 0.5836914000028628,
      "mean": 0.06842020000040065,
      "std": 0.171801699830758,
      "p95": 0.022291300003416836,
      "p99": 0.022291300003416836
    },
    "optim": {
      "count": 10,
      "min": 0.0007377000001724809,
      "max": 0.0011611000008997507,
      "mean": 0.0008271799997601192,
      "std": 0.00011762849876369459,
      "p95": 0.0008696000004420057,
      "p99": 0.0008696000004420057
    },
    "iter": {
      "count": 10,
      "min": 0.03754999999364372,
      "max": 0.6960007000016049,
      "mean": 0.10846086999954423,
      "std": 0.19589676740575585,
      "p95": 0.05391609999787761,
      "p99": 0.05391609999787761
    },
    "grad_norm": {
      "count": 10,
      "min": 0.04415564984083176,
      "max": 0.11560528725385666,
      "mean": 0.08388429656624793,
      "std": 0.02277804990570676,
      "p95": 0.11032011359930038,
      "p99": 0.11032011359930038
    },
    "loss": {
      "count": 10,
      "min": 1.5817341804504395,
      "max": 1.6221578121185303,
      "mean": 1.606158971786499,
      "std": 0.011897977498831034,
      "p95": 1.618700623512268,
      "p99": 1.618700623512268
    }
  },
  "trajectories": {
    "compute_times": [
      0.11114819999784231,
      0.03832490000058897,
      0.030039400000532623,
      0.02832520000083605,
      0.030868599998939317,
      0.03557610000279965,
      0.026424199997563846,
      0.02848919999814825,
      0.03345469999476336,
      0.029484400001820177
    ],
    "sync_times": [
      0.5836914000028628,
      0.008330899996508379,
      0.01089749999664491,
      0.010818000002473127,
      0.022291300003416836,
      0.007462200002919417,
      0.010336899998947047,
      0.009899800003040582,
      0.008894799997506198,
      0.011579199999687262
    ],
    "optim_times": [
      0.0011611000008997507,
      0.0008696000004420057,
      0.0007519999999203719,
      0.0007875000010244548,
      0.000756199995521456,
      0.0007712000005994923,
      0.0007888999971328303,
      0.000814600003650412,
      0.0007377000001724809,
      0.0008329999982379377
    ],
    "iter_times": [
      0.6960007000016049,
      0.04752539999753935,
      0.041688899997097906,
      0.03993070000433363,
      0.05391609999787761,
      0.04380950000631856,
      0.03754999999364372,
      0.039203600004839245,
      0.04308719999244204,
      0.041896599999745376
    ],
    "grad_norms": [
      0.10237826406955719,
      0.04415564984083176,
      0.09777824580669403,
      0.08851657807826996,
      0.11032011359930038,
      0.11560528725385666,
      0.09037932008504868,
      0.06020011752843857,
      0.06734514236450195,
      0.062164247035980225
    ],
    "losses": [
      1.6137861013412476,
      1.6221578121185303,
      1.6157740354537964,
      1.618700623512268,
      1.60578453540802,
      1.6002516746520996,
      1.61094069480896,
      1.5960055589675903,
      1.5817341804504395,
      1.5964545011520386
    ],
    "bytes_transferred": [
      27188,
      27188,
      27188,
      27188,
      27188,
      27188,
      27188,
      27188,
      27188,
      27188
    ],
    "epochs": [
      0,
      0,
      0,
      0,
      0,
      0,
      0,
      0,
      0,
      0
    ],
    "steps": [
      0,
      1,
      2,
      3,
      4,
      5,
      6,
      7,
      8,
      9
    ]
  }
}