{
  "rank": 1,
  "world_size": 2,
  "num_steps": 10,
  "statistics": {
    "compute": {
      "count": 10,
      "min": 0.011499200001708232,
      "max": 0.07177199999568984,
      "mean": 0.02432012999925064,
      "std": 0.022122418343760223,
      "p95": 0.06501980000030017,
      "p99": 0.06501980000030017
    },
    "sync": {
      "count": 10,
      "min": 0.0024004000006243587,
      "max": 0.014642499998444691,
      "mean": 0.003868789999251021,
      "std": 0.00359493387631161,
      "p95": 0.002980199999001343,
      "p99": 0.002980199999001343
    },
    "optim": {
      "count": 10,
      "min": 0.000618500002019573,
      "max": 0.0011037999938707799,
      "mean": 0.0007166499992308673,
      "std": 0.0001344757079002945,
      "p95": 0.0007511000003432855,
      "p99": 0.0007511000003432855
    },
    "iter": {
      "count": 10,
      "min": 0.014807500003371388,
      "max": 0.08076609999261564,
      "mean": 0.028905569997732528,
      "std": 0.024624281234842928,
      "p95": 0.075278199998138,
      "p99": 0.075278199998138
    },
    "grad_norm": {
      "count": 10,
      "min": 0.052356984466314316,
      "max": 0.12437611818313599,
      "mean": 0.07956568412482738,
      "std": 0.019995411010313026,
      "p95": 0.09428966045379639,
      "p99": 0.09428966045379639
    },
    "loss": {
      "count": 10,
      "min": 1.5968915224075317,
      "max": 1.6200588941574097,
      "mean": 1.6106927275657654,
      "std": 0.0072488858232181335,
      "p95": 1.6187809705734253,
      "p99": 1.6187809705734253
    }
  },
  "trajectories": {
    "compute_times": [
      0.06501980000030017,
      0.014013899999554269,
      0.07177199999568984,
      0.012670799995248672,
      0.01578439999866532,
      0.014577299996744841,
      0.012090800002624746,
      0.011499200001708232,
      0.012262900003406685,
      0.013510199998563621
    ],
    "sync_times": [
      0.014642499998444691,
      0.0027135999989695847,
      0.0027965000044787303,
      0.0028432999970391393,
      0.002980199999001343,
      0.0026249999937135726,
      0.002478099995641969,
      0.0026301000034436584,
      0.0024004000006243587,
      0.0025782000011531636
    ],
    "optim_times": [
      0.0011037999938707799,
      0.0006959000020287931,
      0.0007096999979694374,
      0.0007511000003432855,
      0.0006770999971195124,
      0.0006537000008393079,
      0.0006209999992279336,
      0.0006781999982194975,
      0.000618500002019573,
      0.0006575000006705523
    ],
    "iter_times": [
      0.08076609999261564,
      0.017423400000552647,
      0.075278199998138,
      0.016265199992631096,
      0.019441699994786177,
      0.017855999991297722,
      0.01518989999749465,
      0.014807500003371388,
      0.015281800006050617,
      0.016745900000387337
    ],
    "grad_norms": [
      0.07655365020036697,
      0.08196417987346649,
      0.0781586691737175,
      0.12437611818313599,
      0.08954194188117981,
      0.09428966045379639,
      0.06159793585538864,
      0.08154202252626419,
      0.055275678634643555,
      0.052356984466314316
    ],
    "losses": [
      1.6183356046676636,
      1.6187809705734253,
      1.6124650239944458,
      1.6105962991714478,
      1.6200588941574097,
      1.6136627197265625,
      1.602310299873352,
      1.6044007539749146,
      1.6094251871109009,
      1.5968915224075317
    ],
    "bytes_transferred": [
      27188,
      27188,
      27188,
      27188,
      27188,
      27188,
      27188,
      27188,
      27188,
      27188
    ],
    "epochs": [
      0,
      0,
      0,
      0,
      0,
      0,
      0,
      0,
      0,
      0
    ],
    "steps": [
      0,
      1,
      2,
      3,
      4,
      5,
      6,
      7,
      8,
      9
    ]
  }
}