{
  "rank": 3,
  "world_size": 8,
  "num_steps": 10,
  "statistics": {
    "compute": {
      "count": 10,
      "min": 0.022959000001719687,
      "max": 0.07572660000005271,
      "mean": 0.030871130000741688,
      "std": 0.015120652333613333,
      "p95": 0.030952900000556838,
      "p99": 0.030952900000556838
    },
    "sync": {
      "count": 10,
      "min": 0.009919000003719702,
      "max": 0.07980110000062268,
      "mean": 0.020912620000308378,
      "std": 0.020509391846869316,
      "p95": 0.03169999999954598,
      "p99": 0.03169999999954598
    },
    "optim": {
      "count": 10,
      "min": 0.0007231000054161996,
      "max": 0.0011966999954893254,
      "mean": 0.0008095099990896415,
      "std": 0.00013187937134601704,
      "p95": 0.000807700002042111,
      "p99": 0.000807700002042111
    },
    "iter": {
      "count": 10,
      "min": 0.0368320999914431,
      "max": 0.15672439999616472,
      "mean": 0.05259326000013971,
      "std": 0.03511427825619581,
      "p95": 0.05542480000440264,
      "p99": 0.05542480000440264
    },
    "grad_norm": {
      "count": 10,
      "min": 0.04415564984083176,
      "max": 0.11560528725385666,
      "mean": 0.08388429656624793,
      "std": 0.02277804990570676,
      "p95": 0.11032011359930038,
      "p99": 0.11032011359930038
    },
    "loss": {
      "count": 10,
      "min": 1.6051031351089478,
      "max": 1.6241194009780884,
      "mean": 1.612445628643036,
      "std": 0.005896660846296437,
      "p95": 1.6206433773040771,
      "p99": 1.6206433773040771
    }
  },
  "trajectories": {
    "compute_times": [
      0.07572660000005271,
      0.025070199997571763,
      0.0271608000039123,
      0.02620040000329027,
      0.022959000001719687,
      0.02755359999719076,
      0.02343690000270726,
      0.02357800000027055,
      0.030952900000556838,
      0.026072900000144728
    ],
    "sync_times": [
      0.07980110000062268,
      0.01171030000114115,
      0.009919000003719702,
      0.011032399997930042,
      0.03169999999954598,
      0.013932800000475254,
      0.014362100002472289,
      0.012479599994549062,
      0.012688800001342315,
      0.011500100001285318
    ],
    "optim_times": [
      0.0011966999954893254,
      0.0008068000024650246,
      0.0007788999937474728,
      0.000807700002042111,
      0.0007658000031369738,
      0.0007239999977173284,
      0.0007585999992443249,
      0.00077449999662349,
      0.0007589999950141646,
      0.0007231000054161996
    ],
    "iter_times": [
      0.15672439999616472,
      0.03758730000117794,
      0.037858700001379475,
      0.03804050000326242,
      0.05542480000440264,
      0.04221039999538334,
      0.038557600004423875,
      0.0368320999914431,
      0.04440069999691332,
      0.038296100006846245
    ],
    "grad_norms": [
      0.10237826406955719,
      0.04415564984083176,
      0.09777824580669403,
      0.08851657807826996,
      0.11032011359930038,
      0.11560528725385666,
      0.09037932008504868,
      0.06020011752843857,
      0.06734514236450195,
      0.062164247035980225
    ],
    "losses": [
      1.6119177341461182,
      1.6053134202957153,
      1.613236427307129,
      1.6070817708969116,
      1.6206433773040771,
      1.6241194009780884,
      1.6051031351089478,
      1.6104655265808105,
      1.6117992401123047,
      1.6147762537002563
    ],
    "bytes_transferred": [
      27188,
      27188,
      27188,
      27188,
      27188,
      27188,
      27188,
      27188,
      27188,
      27188
    ],
    "epochs": [
      0,
      0,
      0,
      0,
      0,
      0,
      0,
      0,
      0,
      0
    ],
    "steps": [
      0,
      1,
      2,
      3,
      4,
      5,
      6,
      7,
      8,
      9
    ]
  }
}