{
  "rank": 3,
  "world_size": 8,
  "num_steps": 10,
  "statistics": {
    "compute": {
      "count": 10,
      "min": 0.030801600001723273,
      "max": 0.17755830000169226,
      "mean": 0.07950597000017297,
      "std": 0.04349148925789827,
      "p95": 0.1132566999986011,
      "p99": 0.1132566999986011
    },
    "sync": {
      "count": 10,
      "min": 0.010177900003327522,
      "max": 0.37115800000174204,
      "mean": 0.06081102000061946,
      "std": 0.10443898429712088,
      "p95": 0.05510760000106529,
      "p99": 0.05510760000106529
    },
    "optim": {
      "count": 10,
      "min": 0.0008873000006133225,
      "max": 0.003033499997400213,
      "mean": 0.001322490000165999,
      "std": 0.0006651729457392633,
      "p95": 0.002139500000339467,
      "p99": 0.002139500000339467
    },
    "iter": {
      "count": 10,
      "min": 0.04204090000348515,
      "max": 0.5517498000008345,
      "mean": 0.14163948000095844,
      "std": 0.13951389344787432,
      "p95": 0.1315623999980744,
      "p99": 0.1315623999980744
    },
    "grad_norm": {
      "count": 10,
      "min": 0.178546741604805,
      "max": 0.42565569281578064,
      "mean": 0.28163497895002365,
      "std": 0.07806672196084351,
      "p95": 0.38520604372024536,
      "p99": 0.38520604372024536
    },
    "loss": {
      "count": 10,
      "min": 2.273203134536743,
      "max": 2.3466873168945312,
      "mean": 2.316497874259949,
      "std": 0.02166009874570365,
      "p95": 2.341564416885376,
      "p99": 2.341564416885376
    }
  },
  "trajectories": {
    "compute_times": [
      0.17755830000169226,
      0.0862626000016462,
      0.0894122999998217,
      0.038892000000487315,
      0.030801600001723273,
      0.1132566999986011,
      0.07789769999726559,
      0.040198700000473764,
      0.036607699999876786,
      0.10417210000014165
    ],
    "sync_times": [
      0.37115800000174204,
      0.039032199998473516,
      0.017593700002180412,
      0.04577090000020689,
      0.010177900003327522,
      0.016166199999133823,
      0.013539199997467222,
      0.05510760000106529,
      0.019165500001690816,
      0.020399000000907108
    ],
    "optim_times": [
      0.003033499997400213,
      0.0010127000023203436,
      0.0010318000022380147,
      0.0010729999994509853,
      0.0010613999984343536,
      0.002139500000339467,
      0.0009229000024788547,
      0.0010375999991083518,
      0.001025199999276083,
      0.0008873000006133225
    ],
    "iter_times": [
      0.5517498000008345,
      0.12630750000244007,
      0.10803780000424013,
      0.0857359000001452,
      0.04204090000348515,
      0.1315623999980744,
      0.09235979999721167,
      0.09634390000064741,
      0.056798400000843685,
      0.12545840000166208
    ],
    "grad_norms": [
      0.33937931060791016,
      0.2863592803478241,
      0.22397910058498383,
      0.42565569281578064,
      0.178546741604805,
      0.2989473044872284,
      0.20952743291854858,
      0.38520604372024536,
      0.2675463855266571,
      0.20120249688625336
    ],
    "losses": [
      2.3087685108184814,
      2.3142361640930176,
      2.3466873168945312,
      2.273203134536743,
      2.3222501277923584,
      2.3150248527526855,
      2.293470621109009,
      2.3407976627349854,
      2.341564416885376,
      2.3089759349823
    ],
    "bytes_transferred": [
      208552,
      208552,
      208552,
      208552,
      208552,
      208552,
      208552,
      208552,
      208552,
      208552
    ],
    "epochs": [
      0,
      0,
      0,
      0,
      0,
      0,
      0,
      0,
      0,
      0
    ],
    "steps": [
      0,
      1,
      2,
      3,
      4,
      5,
      6,
      7,
      8,
      9
    ]
  }
}