{
  "rank": 4,
  "world_size": 8,
  "num_steps": 10,
  "statistics": {
    "compute": {
      "count": 10,
      "min": 0.03114149999964866,
      "max": 0.1914863999991212,
      "mean": 0.06879296999904909,
      "std": 0.047352677963535386,
      "p95": 0.10390410000036354,
      "p99": 0.10390410000036354
    },
    "sync": {
      "count": 10,
      "min": 0.016804000002593966,
      "max": 0.34492109999700915,
      "mean": 0.0712604199998168,
      "std": 0.09465036505681614,
      "p95": 0.0976855999979307,
      "p99": 0.0976855999979307
    },
    "optim": {
      "count": 10,
      "min": 0.0008418999968853313,
      "max": 0.007432800000970019,
      "mean": 0.0019101099995168624,
      "std": 0.0019697804120713583,
      "p95": 0.003363599997101119,
      "p99": 0.003363599997101119
    },
    "iter": {
      "count": 10,
      "min": 0.05454739999913727,
      "max": 0.5397710999932315,
      "mean": 0.14196349999838276,
      "std": 0.1362951533224227,
      "p95": 0.14141009999730159,
      "p99": 0.14141009999730159
    },
    "grad_norm": {
      "count": 10,
      "min": 0.178546741604805,
      "max": 0.42565569281578064,
      "mean": 0.28163497895002365,
      "std": 0.07806672196084351,
      "p95": 0.38520604372024536,
      "p99": 0.38520604372024536
    },
    "loss": {
      "count": 10,
      "min": 2.286137819290161,
      "max": 2.334462881088257,
      "mean": 2.30738627910614,
      "std": 0.016127040199611288,
      "p95": 2.331740140914917,
      "p99": 2.331740140914917
    }
  },
  "trajectories": {
    "compute_times": [
      0.1914863999991212,
      0.08675659999789787,
      0.05081330000029993,
      0.03114149999964866,
      0.03562659999806783,
      0.03629169999840087,
      0.07537289999891073,
      0.04045359999872744,
      0.036082999999052845,
      0.10390410000036354
    ],
    "sync_times": [
      0.34492109999700915,
      0.04687770000236924,
      0.06814729999678093,
      0.02384420000089449,
      0.017731500000081724,
      0.0976855999979307,
      0.016804000002593966,
      0.05431719999978668,
      0.019819100001768675,
      0.022456499998952495
    ],
    "optim_times": [
      0.003363599997101119,
      0.001035799999954179,
      0.0010956000005535316,
      0.000956600000790786,
      0.0011893000009877142,
      0.007432800000970019,
      0.0009209999989252537,
      0.0011051000001316424,
      0.0011593999988690484,
      0.0008418999968853313
    ],
    "iter_times": [
      0.5397710999932315,
      0.13467010000022128,
      0.1200561999976344,
      0.05594230000133393,
      0.05454739999913727,
      0.14141009999730159,
      0.09309790000042995,
      0.09587589999864576,
      0.05706149999969057,
      0.12720249999620137
    ],
    "grad_norms": [
      0.33937931060791016,
      0.2863592803478241,
      0.22397910058498383,
      0.42565569281578064,
      0.178546741604805,
      0.2989473044872284,
      0.20952743291854858,
      0.38520604372024536,
      0.2675463855266571,
      0.20120249688625336
    ],
    "losses": [
      2.316336154937744,
      2.3131661415100098,
      2.296619176864624,
      2.286137819290161,
      2.2957496643066406,
      2.331740140914917,
      2.2903826236724854,
      2.295860767364502,
      2.3134074211120605,
      2.334462881088257
    ],
    "bytes_transferred": [
      208552,
      208552,
      208552,
      208552,
      208552,
      208552,
      208552,
      208552,
      208552,
      208552
    ],
    "epochs": [
      0,
      0,
      0,
      0,
      0,
      0,
      0,
      0,
      0,
      0
    ],
    "steps": [
      0,
      1,
      2,
      3,
      4,
      5,
      6,
      7,
      8,
      9
    ]
  }
}