{
  "rank": 1,
  "world_size": 8,
  "num_steps": 10,
  "statistics": {
    "compute": {
      "count": 10,
      "min": 0.03224600000248756,
      "max": 0.1745641000015894,
      "mean": 0.08196659000022918,
      "std": 0.041027457845753616,
      "p95": 0.1125066999993578,
      "p99": 0.1125066999993578
    },
    "sync": {
      "count": 10,
      "min": 0.01155510000171489,
      "max": 0.3731690999993589,
      "mean": 0.05648667000023124,
      "std": 0.10594147963325667,
      "p95": 0.04245000000082655,
      "p99": 0.04245000000082655
    },
    "optim": {
      "count": 10,
      "min": 0.0008963000000221655,
      "max": 0.0038516999993589707,
      "mean": 0.0016148999999131774,
      "std": 0.0009645376621251397,
      "p95": 0.002658800000062911,
      "p99": 0.002658800000062911
    },
    "iter": {
      "count": 10,
      "min": 0.04578190000029281,
      "max": 0.5515849000003072,
      "mean": 0.14006816000037361,
      "std": 0.1403454516368424,
      "p95": 0.12793800000144984,
      "p99": 0.12793800000144984
    },
    "grad_norm": {
      "count": 10,
      "min": 0.178546741604805,
      "max": 0.42565569281578064,
      "mean": 0.28163497895002365,
      "std": 0.07806672196084351,
      "p95": 0.38520604372024536,
      "p99": 0.38520604372024536
    },
    "loss": {
      "count": 10,
      "min": 2.2722535133361816,
      "max": 2.346266031265259,
      "mean": 2.3111777782440184,
      "std": 0.02425204182272332,
      "p95": 2.337984323501587,
      "p99": 2.337984323501587
    }
  },
  "trajectories": {
    "compute_times": [
      0.1745641000015894,
      0.08444370000142953,
      0.08625449999817647,
      0.03517889999784529,
      0.03224600000248756,
      0.1125066999993578,
      0.0849662000000535,
      0.06934739999996964,
      0.03699659999983851,
      0.10316180000154418
    ],
    "sync_times": [
      0.3731690999993589,
      0.04245000000082655,
      0.025469299998803763,
      0.028548500002216315,
      0.012308499997743638,
      0.01155510000171489,
      0.022581700002774596,
      0.013760199999524048,
      0.013984999997774139,
      0.02103930000157561
    ],
    "optim_times": [
      0.0038516999993589707,
      0.001044299999193754,
      0.002658800000062911,
      0.0011110000014014076,
      0.001227400000061607,
      0.0010058000007120427,
      0.0024551999995310325,
      0.0008963000000221655,
      0.000926900000195019,
      0.0009715999985928647
    ],
    "iter_times": [
      0.5515849000003072,
      0.12793800000144984,
      0.11438259999704314,
      0.06483840000146301,
      0.04578190000029281,
      0.12506760000178474,
      0.11000310000235913,
      0.08400389999951585,
      0.05190849999780767,
      0.12517270000171266
    ],
    "grad_norms": [
      0.33937931060791016,
      0.2863592803478241,
      0.22397910058498383,
      0.42565569281578064,
      0.178546741604805,
      0.2989473044872284,
      0.20952743291854858,
      0.38520604372024536,
      0.2675463855266571,
      0.20120249688625336
    ],
    "losses": [
      2.29946231842041,
      2.294816732406616,
      2.2722535133361816,
      2.346266031265259,
      2.337984323501587,
      2.331658124923706,
      2.293217897415161,
      2.3365023136138916,
      2.286207914352417,
      2.313408613204956
    ],
    "bytes_transferred": [
      208552,
      208552,
      208552,
      208552,
      208552,
      208552,
      208552,
      208552,
      208552,
      208552
    ],
    "epochs": [
      0,
      0,
      0,
      0,
      0,
      0,
      0,
      0,
      0,
      0
    ],
    "steps": [
      0,
      1,
      2,
      3,
      4,
      5,
      6,
      7,
      8,
      9
    ]
  }
}