{
  "rank": 5,
  "world_size": 8,
  "num_steps": 10,
  "statistics": {
    "compute": {
      "count": 10,
      "min": 0.03386049999971874,
      "max": 0.10976780000055442,
      "mean": 0.06590919999980542,
      "std": 0.02995147903904202,
      "p95": 0.10158589999991818,
      "p99": 0.10158589999991818
    },
    "sync": {
      "count": 10,
      "min": 0.013292800002091099,
      "max": 0.0543534999997064,
      "mean": 0.026981260000684414,
      "std": 0.012887461242845077,
      "p95": 0.04726379999920027,
      "p99": 0.04726379999920027
    },
    "optim": {
      "count": 10,
      "min": 0.000851400000101421,
      "max": 0.003547600001184037,
      "mean": 0.001494940000702627,
      "std": 0.0008284979701471971,
      "p95": 0.0025652000003901776,
      "p99": 0.0025652000003901776
    },
    "iter": {
      "count": 10,
      "min": 0.05447989999811398,
      "max": 0.1396967000036966,
      "mean": 0.09438540000119247,
      "std": 0.02780629899242858,
      "p95": 0.12459210000088206,
      "p99": 0.12459210000088206
    },
    "grad_norm": {
      "count": 10,
      "min": 0.178546741604805,
      "max": 0.42565569281578064,
      "mean": 0.28163497895002365,
      "std": 0.07806672196084351,
      "p95": 0.38520604372024536,
      "p99": 0.38520604372024536
    },
    "loss": {
      "count": 10,
      "min": 2.283747434616089,
      "max": 2.3324880599975586,
      "mean": 2.3035888195037844,
      "std": 0.016264189974684623,
      "p95": 2.319918155670166,
      "p99": 2.319918155670166
    }
  },
  "trajectories": {
    "compute_times": [
      0.03386049999971874,
      0.09126069999911124,
      0.09459359999891603,
      0.0354062000005797,
      0.035028399997827364,
      0.10976780000055442,
      0.0764484999999695,
      0.0417172000015853,
      0.03942319999987376,
      0.10158589999991818
    ],
    "sync_times": [
      0.04726379999920027,
      0.013292800002091099,
      0.02860270000019227,
      0.02585190000172588,
      0.01829150000048685,
      0.02736370000275201,
      0.01642569999967236,
      0.0543534999997064,
      0.01955699999962235,
      0.018810000001394656
    ],
    "optim_times": [
      0.003547600001184037,
      0.0014107999995758291,
      0.0013958000017737504,
      0.001003000001219334,
      0.0011599999997997656,
      0.0025652000003901776,
      0.001018900002236478,
      0.0010073000012198463,
      0.0009893999995256308,
      0.000851400000101421
    ],
    "iter_times": [
      0.08467190000010305,
      0.10596430000077817,
      0.12459210000088206,
      0.062261100003524916,
      0.05447989999811398,
      0.1396967000036966,
      0.09389310000187834,
      0.09707800000251154,
      0.05996959999902174,
      0.12124730000141426
    ],
    "grad_norms": [
      0.33937931060791016,
      0.2863592803478241,
      0.22397910058498383,
      0.42565569281578064,
      0.178546741604805,
      0.2989473044872284,
      0.20952743291854858,
      0.38520604372024536,
      0.2675463855266571,
      0.20120249688625336
    ],
    "losses": [
      2.318423271179199,
      2.291963577270508,
      2.2864792346954346,
      2.3324880599975586,
      2.319918155670166,
      2.308619260787964,
      2.2986018657684326,
      2.2839465141296387,
      2.283747434616089,
      2.3117008209228516
    ],
    "bytes_transferred": [
      208552,
      208552,
      208552,
      208552,
      208552,
      208552,
      208552,
      208552,
      208552,
      208552
    ],
    "epochs": [
      0,
      0,
      0,
      0,
      0,
      0,
      0,
      0,
      0,
      0
    ],
    "steps": [
      0,
      1,
      2,
      3,
      4,
      5,
      6,
      7,
      8,
      9
    ]
  }
}