{
  "rank": 0,
  "world_size": 8,
  "num_steps": 10,
  "statistics": {
    "compute": {
      "count": 10,
      "min": 0.03354589999798918,
      "max": 0.11417599999913364,
      "mean": 0.06890072999995027,
      "std": 0.028958189232162725,
      "p95": 0.09789150000142399,
      "p99": 0.09789150000142399
    },
    "sync": {
      "count": 10,
      "min": 0.011483700000098906,
      "max": 0.033532800000102725,
      "mean": 0.021726920000219252,
      "std": 0.006781192019214386,
      "p95": 0.02889389999836567,
      "p99": 0.02889389999836567
    },
    "optim": {
      "count": 10,
      "min": 0.0009050000007846393,
      "max": 0.00650350000069011,
      "mean": 0.0018757900001219242,
      "std": 0.0016376769541541064,
      "p95": 0.0028713000028801616,
      "p99": 0.0028713000028801616
    },
    "iter": {
      "count": 10,
      "min": 0.057909100003598724,
      "max": 0.13596930000494467,
      "mean": 0.09250344000029145,
      "std": 0.02524425425780404,
      "p95": 0.11385160000281758,
      "p99": 0.11385160000281758
    },
    "grad_norm": {
      "count": 10,
      "min": 0.178546741604805,
      "max": 0.42565569281578064,
      "mean": 0.28163497895002365,
      "std": 0.07806672196084351,
      "p95": 0.38520604372024536,
      "p99": 0.38520604372024536
    },
    "loss": {
      "count": 10,
      "min": 2.289649486541748,
      "max": 2.3521459102630615,
      "mean": 2.320637655258179,
      "std": 0.018734509290186087,
      "p95": 2.3413336277008057,
      "p99": 2.3413336277008057
    }
  },
  "trajectories": {
    "compute_times": [
      0.03354589999798918,
      0.09562189999996917,
      0.0910096000006888,
      0.03974509999898146,
      0.03653660000054515,
      0.11417599999913364,
      0.07622609999816632,
      0.06838800000332412,
      0.03586659999928088,
      0.09789150000142399
    ],
    "sync_times": [
      0.033532800000102725,
      0.015544500001851702,
      0.019205199998395983,
      0.02889389999836567,
      0.02021240000249236,
      0.018922000002930872,
      0.02864630000112811,
      0.011483700000098906,
      0.025804499997320818,
      0.015023899999505375
    ],
    "optim_times": [
      0.00650350000069011,
      0.0014579999988200143,
      0.0009050000007846393,
      0.0009972999978344887,
      0.001160100000561215,
      0.0028713000028801616,
      0.0015711999985796865,
      0.001001900000119349,
      0.0013533999990613665,
      0.00093620000188821
    ],
    "iter_times": [
      0.07358219999878202,
      0.11262440000064089,
      0.11111979999986943,
      0.06963629999518162,
      0.057909100003598724,
      0.13596930000494467,
      0.10644359999787412,
      0.08087360000354238,
      0.06302449999566306,
      0.11385160000281758
    ],
    "grad_norms": [
      0.33937931060791016,
      0.2863592803478241,
      0.22397910058498383,
      0.42565569281578064,
      0.178546741604805,
      0.2989473044872284,
      0.20952743291854858,
      0.38520604372024536,
      0.2675463855266571,
      0.20120249688625336
    ],
    "losses": [
      2.3051133155822754,
      2.3521459102630615,
      2.332091808319092,
      2.3390305042266846,
      2.3047051429748535,
      2.289649486541748,
      2.3138654232025146,
      2.3413336277008057,
      2.3099842071533203,
      2.3184571266174316
    ],
    "bytes_transferred": [
      208552,
      208552,
      208552,
      208552,
      208552,
      208552,
      208552,
      208552,
      208552,
      208552
    ],
    "epochs": [
      0,
      0,
      0,
      0,
      0,
      0,
      0,
      0,
      0,
      0
    ],
    "steps": [
      0,
      1,
      2,
      3,
      4,
      5,
      6,
      7,
      8,
      9
    ]
  }
}