{
  "rank": 2,
  "world_size": 8,
  "num_steps": 10,
  "statistics": {
    "compute": {
      "count": 10,
      "min": 0.023663800002395874,
      "max": 0.08814369999890914,
      "mean": 0.035119079999640236,
      "std": 0.018027708670275297,
      "p95": 0.035538600001018494,
      "p99": 0.035538600001018494
    },
    "sync": {
      "count": 10,
      "min": 0.012411299998348113,
      "max": 0.05854810000164434,
      "mean": 0.024332469999717433,
      "std": 0.012466950659738069,
      "p95": 0.03137150000111433,
      "p99": 0.03137150000111433
    },
    "optim": {
      "count": 10,
      "min": 0.0007136000022001099,
      "max": 0.0014033000006747898,
      "mean": 0.0009132600007433211,
      "std": 0.00022250251315630875,
      "p95": 0.0011722000017471146,
      "p99": 0.0011722000017471146
    },
    "iter": {
      "count": 10,
      "min": 0.04111390000252868,
      "max": 0.14809510000122827,
      "mean": 0.06036481000010099,
      "std": 0.02987537679924314,
      "p95": 0.05780130000130157,
      "p99": 0.05780130000130157
    },
    "grad_norm": {
      "count": 10,
      "min": 0.04415564611554146,
      "max": 0.11560528725385666,
      "mean": 0.08388429619371891,
      "std": 0.022778051417429494,
      "p95": 0.11032011359930038,
      "p99": 0.11032011359930038
    },
    "loss": {
      "count": 10,
      "min": 1.5935301780700684,
      "max": 1.62923002243042,
      "mean": 1.6150941729545594,
      "std": 0.011625541256946776,
      "p95": 1.6268774271011353,
      "p99": 1.6268774271011353
    }
  },
  "trajectories": {
    "compute_times": [
      0.08814369999890914,
      0.035538600001018494,
      0.023663800002395874,
      0.02569759999823873,
      0.034648299999389565,
      0.02952519999962533,
      0.031195399998978246,
      0.02750219999870751,
      0.028459699999075383,
      0.026816300000064075
    ],
    "sync_times": [
      0.05854810000164434,
      0.021259199998894474,
      0.01663840000037453,
      0.03137150000111433,
      0.01980389999880572,
      0.012411299998348113,
      0.022460500000306638,
      0.021414099999674363,
      0.024605200000223704,
      0.014812499997788109
    ],
    "optim_times": [
      0.0014033000006747898,
      0.000781700000516139,
      0.0008116999997582752,
      0.0007322000019485131,
      0.0011722000017471146,
      0.0007623000019520987,
      0.0007169999989855569,
      0.0009755999999470077,
      0.0010629999997036066,
      0.0007136000022001099
    ],
    "iter_times": [
      0.14809510000122827,
      0.05757950000042911,
      0.04111390000252868,
      0.05780130000130157,
      0.0556243999999424,
      0.04269879999992554,
      0.05437289999827044,
      0.04989189999832888,
      0.05412789999900269,
      0.042342400000052294
    ],
    "grad_norms": [
      0.10237826406955719,
      0.04415564611554146,
      0.09777824580669403,
      0.08851658552885056,
      0.11032011359930038,
      0.11560528725385666,
      0.09037932008504868,
      0.06020011752843857,
      0.06734514236450195,
      0.06216423958539963
    ],
    "losses": [
      1.6246556043624878,
      1.6268774271011353,
      1.609279990196228,
      1.62376070022583,
      1.62923002243042,
      1.609204888343811,
      1.6138286590576172,
      1.5987757444381714,
      1.5935301780700684,
      1.6217985153198242
    ],
    "bytes_transferred": [
      27188,
      27188,
      27188,
      27188,
      27188,
      27188,
      27188,
      27188,
      27188,
      27188
    ],
    "epochs": [
      0,
      0,
      0,
      0,
      0,
      0,
      0,
      0,
      0,
      0
    ],
    "steps": [
      0,
      1,
      2,
      3,
      4,
      5,
      6,
      7,
      8,
      9
    ]
  }
}