{
  "rank": 3,
  "world_size": 8,
  "num_steps": 10,
  "statistics": {
    "compute": {
      "count": 10,
      "min": 0.024166700000932906,
      "max": 0.0807621999992989,
      "mean": 0.03631976000033319,
      "std": 0.015201194918884978,
      "p95": 0.03699449999839999,
      "p99": 0.03699449999839999
    },
    "sync": {
      "count": 10,
      "min": 0.012171700000180863,
      "max": 0.03403940000134753,
      "mean": 0.01912397000087367,
      "std": 0.006095329603931572,
      "p95": 0.023683700001129182,
      "p99": 0.023683700001129182
    },
    "optim": {
      "count": 10,
      "min": 0.0005934000000706874,
      "max": 0.0012421000028552953,
      "mean": 0.0008069800005614525,
      "std": 0.00016357765065277418,
      "p95": 0.0008826999983284622,
      "p99": 0.0008826999983284622
    },
    "iter": {
      "count": 10,
      "min": 0.04083830000308808,
      "max": 0.11604370000350173,
      "mean": 0.05625071000176831,
      "std": 0.020363431459177392,
      "p95": 0.05536500000380329,
      "p99": 0.05536500000380329
    },
    "grad_norm": {
      "count": 10,
      "min": 0.04415564611554146,
      "max": 0.11560529470443726,
      "mean": 0.08388429619371891,
      "std": 0.02277805230348688,
      "p95": 0.11032011359930038,
      "p99": 0.11032011359930038
    },
    "loss": {
      "count": 10,
      "min": 1.6051031351089478,
      "max": 1.6241194009780884,
      "mean": 1.612445628643036,
      "std": 0.005896660846296437,
      "p95": 1.6206433773040771,
      "p99": 1.6206433773040771
    }
  },
  "trajectories": {
    "compute_times": [
      0.0807621999992989,
      0.03699449999839999,
      0.024166700000932906,
      0.030832000000373228,
      0.03580100000181119,
      0.029211600001872284,
      0.033641800000623334,
      0.03049230000033276,
      0.03138799999942421,
      0.0299075000002631
    ],
    "sync_times": [
      0.03403940000134753,
      0.012171700000180863,
      0.01586410000163596,
      0.023683700001129182,
      0.01497910000034608,
      0.01450000000113505,
      0.015953199999785284,
      0.016642900001897942,
      0.02248930000132532,
      0.02091629999995348
    ],
    "optim_times": [
      0.0012421000028552953,
      0.0008826999983284622,
      0.0008075000005192123,
      0.000849300002300879,
      0.0007412000013573561,
      0.0005934000000706874,
      0.0007433999999193475,
      0.0007663999967917334,
      0.0007394000022031832,
      0.0007044000012683682
    ],
    "iter_times": [
      0.11604370000350173,
      0.05004889999690931,
      0.04083830000308808,
      0.05536500000380329,
      0.051521300003514625,
      0.04430500000307802,
      0.050338400000327965,
      0.04790159999902244,
      0.05461670000295271,
      0.05152820000148495
    ],
    "grad_norms": [
      0.10237826406955719,
      0.04415564611554146,
      0.09777824580669403,
      0.08851657807826996,
      0.11032011359930038,
      0.11560529470443726,
      0.09037932008504868,
      0.06020011752843857,
      0.06734514236450195,
      0.06216423958539963
    ],
    "losses": [
      1.6119177341461182,
      1.6053134202957153,
      1.613236427307129,
      1.6070817708969116,
      1.6206433773040771,
      1.6241194009780884,
      1.6051031351089478,
      1.6104655265808105,
      1.6117992401123047,
      1.6147762537002563
    ],
    "bytes_transferred": [
      27188,
      27188,
      27188,
      27188,
      27188,
      27188,
      27188,
      27188,
      27188,
      27188
    ],
    "epochs": [
      0,
      0,
      0,
      0,
      0,
      0,
      0,
      0,
      0,
      0
    ],
    "steps": [
      0,
      1,
      2,
      3,
      4,
      5,
      6,
      7,
      8,
      9
    ]
  }
}