{
  "rank": 6,
  "world_size": 8,
  "num_steps": 10,
  "statistics": {
    "compute": {
      "count": 10,
      "min": 0.026185599999735132,
      "max": 0.0873074999981327,
      "mean": 0.03562162999951397,
      "std": 0.017556184579407177,
      "p95": 0.036987300001783296,
      "p99": 0.036987300001783296
    },
    "sync": {
      "count": 10,
      "min": 0.012199799999507377,
      "max": 0.08390779999899678,
      "mean": 0.025409129999752623,
      "std": 0.019780242660251406,
      "p95": 0.025306899999122834,
      "p99": 0.025306899999122834
    },
    "optim": {
      "count": 10,
      "min": 0.0006629999988945201,
      "max": 0.0012998000020161271,
      "mean": 0.0008585700001276564,
      "std": 0.0001984944844602743,
      "p95": 0.0011459000015747733,
      "p99": 0.0011459000015747733
    },
    "iter": {
      "count": 10,
      "min": 0.040222599996923236,
      "max": 0.1725150999991456,
      "mean": 0.06188932999939425,
      "std": 0.03714999012007454,
      "p95": 0.05667420000463608,
      "p99": 0.05667420000463608
    },
    "grad_norm": {
      "count": 10,
      "min": 0.04415564611554146,
      "max": 0.11560528725385666,
      "mean": 0.08388429582118988,
      "std": 0.022778050942806913,
      "p95": 0.11032011359930038,
      "p99": 0.11032011359930038
    },
    "loss": {
      "count": 10,
      "min": 1.5817341804504395,
      "max": 1.6221578121185303,
      "mean": 1.606158971786499,
      "std": 0.011897977498831034,
      "p95": 1.618700623512268,
      "p99": 1.618700623512268
    }
  },
  "trajectories": {
    "compute_times": [
      0.0873074999981327,
      0.034517799998866394,
      0.027075599999079714,
      0.026185599999735132,
      0.036987300001783296,
      0.031110299998545088,
      0.02735979999852134,
      0.030750199999602046,
      0.027662299999065,
      0.027259900001809
    ],
    "sync_times": [
      0.08390779999899678,
      0.01684209999802988,
      0.025306899999122834,
      0.0173185999992711,
      0.018984000002092216,
      0.021108000000822358,
      0.012199799999507377,
      0.01669910000055097,
      0.02113429999735672,
      0.020590700001775986
    ],
    "optim_times": [
      0.0012998000020161271,
      0.0009298999975726474,
      0.0008035999999265186,
      0.0007871999987401068,
      0.0007029000007605646,
      0.0011459000015747733,
      0.0006629999988945201,
      0.0008011000027181581,
      0.0007628999992448371,
      0.0006893999998283107
    ],
    "iter_times": [
      0.1725150999991456,
      0.05228979999446892,
      0.053186099998129066,
      0.04429139999774634,
      0.05667420000463608,
      0.05336420000094222,
      0.040222599996923236,
      0.048250400002871174,
      0.049559499995666556,
      0.0485400000034133
    ],
    "grad_norms": [
      0.10237826406955719,
      0.04415564611554146,
      0.09777824580669403,
      0.08851657807826996,
      0.11032011359930038,
      0.11560528725385666,
      0.09037932008504868,
      0.06020011380314827,
      0.06734514236450195,
      0.062164247035980225
    ],
    "losses": [
      1.6137861013412476,
      1.6221578121185303,
      1.6157740354537964,
      1.618700623512268,
      1.60578453540802,
      1.6002516746520996,
      1.61094069480896,
      1.5960055589675903,
      1.5817341804504395,
      1.5964545011520386
    ],
    "bytes_transferred": [
      27188,
      27188,
      27188,
      27188,
      27188,
      27188,
      27188,
      27188,
      27188,
      27188
    ],
    "epochs": [
      0,
      0,
      0,
      0,
      0,
      0,
      0,
      0,
      0,
      0
    ],
    "steps": [
      0,
      1,
      2,
      3,
      4,
      5,
      6,
      7,
      8,
      9
    ]
  }
}