{
  "rank": 0,
  "world_size": 2,
  "num_steps": 10,
  "statistics": {
    "compute": {
      "count": 10,
      "min": 0.011140099999465747,
      "max": 0.11011950000101933,
      "mean": 0.024943950000670158,
      "std": 0.028613212989409758,
      "p95": 0.02473210000243853,
      "p99": 0.02473210000243853
    },
    "sync": {
      "count": 10,
      "min": 0.002342699997825548,
      "max": 0.016078999997262144,
      "mean": 0.0039994600003410595,
      "std": 0.00403054147857599,
      "p95": 0.0030099000032350887,
      "p99": 0.0030099000032350887
    },
    "optim": {
      "count": 10,
      "min": 0.0005775999998149928,
      "max": 0.001232700000400655,
      "mean": 0.000721940000585164,
      "std": 0.00017381361399032994,
      "p95": 0.0007106000011845026,
      "p99": 0.0007106000011845026
    },
    "iter": {
      "count": 10,
      "min": 0.014060399997106288,
      "max": 0.12743119999868213,
      "mean": 0.02966535000159638,
      "std": 0.03279134754435845,
      "p95": 0.028284000003623078,
      "p99": 0.028284000003623078
    },
    "grad_norm": {
      "count": 10,
      "min": 0.052356984466314316,
      "max": 0.12437611818313599,
      "mean": 0.07956568412482738,
      "std": 0.019995411010313026,
      "p95": 0.09428966045379639,
      "p99": 0.09428966045379639
    },
    "loss": {
      "count": 10,
      "min": 1.5977402925491333,
      "max": 1.62270987033844,
      "mean": 1.6118603944778442,
      "std": 0.00698017651975917,
      "p95": 1.6178267002105713,
      "p99": 1.6178267002105713
    }
  },
  "trajectories": {
    "compute_times": [
      0.11011950000101933,
      0.016864900000655325,
      0.01420249999864609,
      0.02473210000243853,
      0.015356100000644801,
      0.017235100000107195,
      0.013467700002365746,
      0.012773999998898944,
      0.011140099999465747,
      0.013547500002459856
    ],
    "sync_times": [
      0.016078999997262144,
      0.0024783000008028466,
      0.002585999998700572,
      0.0028734000006807037,
      0.0026580000012472738,
      0.002705700000660727,
      0.002548100001149578,
      0.002713500001846114,
      0.002342699997825548,
      0.0030099000032350887
    ],
    "optim_times": [
      0.001232700000400655,
      0.0006409999987226911,
      0.0006763999990653247,
      0.0006785000005038455,
      0.0006771000007574912,
      0.0006648000016866717,
      0.0006577000021934509,
      0.0007030000015220139,
      0.0005775999998149928,
      0.0007106000011845026
    ],
    "iter_times": [
      0.12743119999868213,
      0.019984200000180863,
      0.017464899996411987,
      0.028284000003623078,
      0.018691200002649566,
      0.020605600002454594,
      0.016673500005708775,
      0.016190500002267072,
      0.014060399997106288,
      0.017268000006879447
    ],
    "grad_norms": [
      0.07655365020036697,
      0.08196417987346649,
      0.0781586691737175,
      0.12437611818313599,
      0.08954194188117981,
      0.09428966045379639,
      0.06159793585538864,
      0.08154202252626419,
      0.055275678634643555,
      0.052356984466314316
    ],
    "losses": [
      1.6086573600769043,
      1.62270987033844,
      1.6178267002105713,
      1.6147741079330444,
      1.5977402925491333,
      1.6143059730529785,
      1.6019539833068848,
      1.614059567451477,
      1.6144635677337646,
      1.6121125221252441
    ],
    "bytes_transferred": [
      27188,
      27188,
      27188,
      27188,
      27188,
      27188,
      27188,
      27188,
      27188,
      27188
    ],
    "epochs": [
      0,
      0,
      0,
      0,
      0,
      0,
      0,
      0,
      0,
      0
    ],
    "steps": [
      0,
      1,
      2,
      3,
      4,
      5,
      6,
      7,
      8,
      9
    ]
  }
}