{
  "rank": 1,
  "world_size": 2,
  "num_steps": 10,
  "statistics": {
    "compute": {
      "count": 10,
      "min": 0.011537999998836312,
      "max": 0.08783240000047954,
      "mean": 0.023387769999681042,
      "std": 0.021797408848558776,
      "p95": 0.025937599999451777,
      "p99": 0.025937599999451777
    },
    "sync": {
      "count": 10,
      "min": 0.0014326000018627383,
      "max": 0.050113799999962794,
      "mean": 0.007243650000236812,
      "std": 0.0143908307365798,
      "p95": 0.007484000001568347,
      "p99": 0.007484000001568347
    },
    "optim": {
      "count": 10,
      "min": 0.0006390000016835984,
      "max": 0.0013608000008389354,
      "mean": 0.0007740599998214748,
      "std": 0.0001992655426380821,
      "p95": 0.0007576999996672384,
      "p99": 0.0007576999996672384
    },
    "iter": {
      "count": 10,
      "min": 0.014261899999837624,
      "max": 0.13930700000128127,
      "mean": 0.031405479999739326,
      "std": 0.03620672032018442,
      "p95": 0.02820879999853787,
      "p99": 0.02820879999853787
    },
    "grad_norm": {
      "count": 10,
      "min": 0.052356984466314316,
      "max": 0.12437611818313599,
      "mean": 0.07956568412482738,
      "std": 0.019995411010313026,
      "p95": 0.09428966045379639,
      "p99": 0.09428966045379639
    },
    "loss": {
      "count": 10,
      "min": 1.5968915224075317,
      "max": 1.6200588941574097,
      "mean": 1.6106927275657654,
      "std": 0.0072488858232181335,
      "p95": 1.6187809705734253,
      "p99": 1.6187809705734253
    }
  },
  "trajectories": {
    "compute_times": [
      0.08783240000047954,
      0.017460499999288004,
      0.014521299999614712,
      0.025937599999451777,
      0.01651549999951385,
      0.01758469999913359,
      0.014085899998462992,
      0.013404400000581518,
      0.011537999998836312,
      0.014997400001448113
    ],
    "sync_times": [
      0.050113799999962794,
      0.007484000001568347,
      0.0021422999998321757,
      0.0015724999975645915,
      0.0014326000018627383,
      0.0023143999969761353,
      0.0019027000016649254,
      0.0019107000007352326,
      0.00207349999982398,
      0.0014900000023772009
    ],
    "optim_times": [
      0.0013608000008389354,
      0.0007264999985636678,
      0.0007576999996672384,
      0.0006987000015215017,
      0.0006390000016835984,
      0.0007489999989047647,
      0.0007053999979689252,
      0.0007019999975454994,
      0.0006504000011773314,
      0.0007511000003432855
    ],
    "iter_times": [
      0.13930700000128127,
      0.02567099999942002,
      0.017421299999114126,
      0.02820879999853787,
      0.018587100003060186,
      0.02064809999501449,
      0.016693999998096842,
      0.01601709999886225,
      0.014261899999837624,
      0.0172385000041686
    ],
    "grad_norms": [
      0.07655365020036697,
      0.08196417987346649,
      0.0781586691737175,
      0.12437611818313599,
      0.08954194188117981,
      0.09428966045379639,
      0.06159793585538864,
      0.08154202252626419,
      0.055275678634643555,
      0.052356984466314316
    ],
    "losses": [
      1.6183356046676636,
      1.6187809705734253,
      1.6124650239944458,
      1.6105962991714478,
      1.6200588941574097,
      1.6136627197265625,
      1.602310299873352,
      1.6044007539749146,
      1.6094251871109009,
      1.5968915224075317
    ],
    "bytes_transferred": [
      27188,
      27188,
      27188,
      27188,
      27188,
      27188,
      27188,
      27188,
      27188,
      27188
    ],
    "epochs": [
      0,
      0,
      0,
      0,
      0,
      0,
      0,
      0,
      0,
      0
    ],
    "steps": [
      0,
      1,
      2,
      3,
      4,
      5,
      6,
      7,
      8,
      9
    ]
  }
}