{
  "rank": 1,
  "world_size": 4,
  "num_steps": 10,
  "statistics": {
    "compute": {
      "count": 10,
      "min": 0.0469846999985748,
      "max": 0.12631210000108695,
      "mean": 0.07383307999989483,
      "std": 0.027072921916379458,
      "p95": 0.1087690999993356,
      "p99": 0.1087690999993356
    },
    "sync": {
      "count": 10,
      "min": 0.00565699999788194,
      "max": 0.0325857999996515,
      "mean": 0.012507849999747123,
      "std": 0.007049641327236971,
      "p95": 0.013255699999717763,
      "p99": 0.013255699999717763
    },
    "optim": {
      "count": 10,
      "min": 0.0008802000011201017,
      "max": 0.0012578999994730111,
      "mean": 0.0009684400003607152,
      "std": 0.00010208242924576203,
      "p95": 0.0009901000012177974,
      "p99": 0.0009901000012177974
    },
    "iter": {
      "count": 10,
      "min": 0.05819500000143307,
      "max": 0.13785400000051595,
      "mean": 0.08730937000000268,
      "std": 0.02487356693693715,
      "p95": 0.11541619999843533,
      "p99": 0.11541619999843533
    },
    "grad_norm": {
      "count": 10,
      "min": 0.15084195137023926,
      "max": 0.29700741171836853,
      "mean": 0.22751302719116212,
      "std": 0.03595312056613376,
      "p95": 0.26545143127441406,
      "p99": 0.26545143127441406
    },
    "loss": {
      "count": 10,
      "min": 2.2917702198028564,
      "max": 2.32011079788208,
      "mean": 2.3081616163253784,
      "std": 0.008219892804253112,
      "p95": 2.3192644119262695,
      "p99": 2.3192644119262695
    }
  },
  "trajectories": {
    "compute_times": [
      0.08506760000091163,
      0.04862519999733195,
      0.08289610000065295,
      0.051171299997804454,
      0.05413010000120266,
      0.1087690999993356,
      0.0469846999985748,
      0.12631210000108695,
      0.047185600000375416,
      0.08718900000167196
    ],
    "sync_times": [
      0.01316199999928358,
      0.013255699999717763,
      0.010808700000779936,
      0.011855900000227848,
      0.009281899998313747,
      0.00565699999788194,
      0.0325857999996515,
      0.010661699998308904,
      0.01009640000120271,
      0.007713400002103299
    ],
    "optim_times": [
      0.0012578999994730111,
      0.0009663999990152661,
      0.0009792000018933322,
      0.0009018999990075827,
      0.0009170000012090895,
      0.0009901000012177974,
      0.0009495000012975652,
      0.0008802000011201017,
      0.0009129999998549465,
      0.0009291999995184597
    ],
    "iter_times": [
      0.09948749999966822,
      0.06284729999606498,
      0.09468400000332622,
      0.06392909999703988,
      0.0643290000007255,
      0.11541619999843533,
      0.08051999999952386,
      0.13785400000051595,
      0.05819500000143307,
      0.09583160000329372
    ],
    "grad_norms": [
      0.2057933807373047,
      0.2199534773826599,
      0.21483555436134338,
      0.2348959892988205,
      0.23239730298519135,
      0.15084195137023926,
      0.29700741171836853,
      0.26545143127441406,
      0.2292655110359192,
      0.22468826174736023
    ],
    "losses": [
      2.3041484355926514,
      2.2917702198028564,
      2.304143190383911,
      2.308241367340088,
      2.3192644119262695,
      2.3057899475097656,
      2.32011079788208,
      2.3142731189727783,
      2.3125364780426025,
      2.3013381958007812
    ],
    "bytes_transferred": [
      208552,
      208552,
      208552,
      208552,
      208552,
      208552,
      208552,
      208552,
      208552,
      208552
    ],
    "epochs": [
      0,
      0,
      0,
      0,
      0,
      0,
      0,
      0,
      0,
      0
    ],
    "steps": [
      0,
      1,
      2,
      3,
      4,
      5,
      6,
      7,
      8,
      9
    ]
  }
}