{
  "rank": 7,
  "world_size": 8,
  "num_steps": 10,
  "statistics": {
    "compute": {
      "count": 10,
      "min": 0.0478411000003689,
      "max": 0.18419060000087484,
      "mean": 0.0875074499999755,
      "std": 0.03761635114642362,
      "p95": 0.10787259999779053,
      "p99": 0.10787259999779053
    },
    "sync": {
      "count": 10,
      "min": 0.015387499999633292,
      "max": 0.14301410000189207,
      "mean": 0.03781389000032505,
      "std": 0.03615120611454458,
      "p95": 0.04503900000054273,
      "p99": 0.04503900000054273
    },
    "optim": {
      "count": 10,
      "min": 0.0008159999997587875,
      "max": 0.0026732999976957217,
      "mean": 0.0016180999999050982,
      "std": 0.0006229166500767597,
      "p95": 0.0026046999992104247,
      "p99": 0.0026046999992104247
    },
    "iter": {
      "count": 10,
      "min": 0.07987430000139284,
      "max": 0.20061320000240812,
      "mean": 0.12693944000020566,
      "std": 0.03782052403712879,
      "p95": 0.19276560000071186,
      "p99": 0.19276560000071186
    },
    "grad_norm": {
      "count": 10,
      "min": 0.178546741604805,
      "max": 0.42565569281578064,
      "mean": 0.2816349849104881,
      "std": 0.07806672811913203,
      "p95": 0.38520607352256775,
      "p99": 0.38520607352256775
    },
    "loss": {
      "count": 10,
      "min": 2.2704594135284424,
      "max": 2.3206887245178223,
      "mean": 2.3014797925949098,
      "std": 0.016403975341324158,
      "p95": 2.3149311542510986,
      "p99": 2.3149311542510986
    }
  },
  "trajectories": {
    "compute_times": [
      0.0478411000003689,
      0.058275200000935,
      0.06330059999891091,
      0.09518430000025546,
      0.18419060000087484,
      0.09259509999901638,
      0.06227430000217282,
      0.0646493999993254,
      0.09889130000010482,
      0.10787259999779053
    ],
    "sync_times": [
      0.14301410000189207,
      0.04503900000054273,
      0.034340800000791205,
      0.026648899998690467,
      0.015387499999633292,
      0.022558600001502782,
      0.015854000001127133,
      0.03080960000079358,
      0.027776499999163207,
      0.016709899999113986
    ],
    "optim_times": [
      0.0019103999984508846,
      0.0012219000018376391,
      0.0011063999991165474,
      0.0026046999992104247,
      0.0010351000018999912,
      0.0019046000015805475,
      0.0017459999980928842,
      0.0011626000014075544,
      0.0026732999976957217,
      0.0008159999997587875
    ],
    "iter_times": [
      0.19276560000071186,
      0.10453610000331537,
      0.09874779999881866,
      0.12443789999815635,
      0.20061320000240812,
      0.11705830000209971,
      0.07987430000139284,
      0.09662160000152653,
      0.12934109999696375,
      0.1253984999966633
    ],
    "grad_norms": [
      0.33937934041023254,
      0.2863592803478241,
      0.22397910058498383,
      0.42565569281578064,
      0.178546741604805,
      0.2989473044872284,
      0.20952743291854858,
      0.38520607352256775,
      0.2675463855266571,
      0.20120249688625336
    ],
    "losses": [
      2.305452346801758,
      2.3206887245178223,
      2.2927420139312744,
      2.3149311542510986,
      2.2704594135284424,
      2.3144900798797607,
      2.275721788406372,
      2.314606189727783,
      2.309088945388794,
      2.296617269515991
    ],
    "bytes_transferred": [
      208552,
      208552,
      208552,
      208552,
      208552,
      208552,
      208552,
      208552,
      208552,
      208552
    ],
    "epochs": [
      0,
      0,
      0,
      0,
      0,
      0,
      0,
      0,
      0,
      0
    ],
    "steps": [
      0,
      1,
      2,
      3,
      4,
      5,
      6,
      7,
      8,
      9
    ]
  }
}