{
  "rank": 2,
  "world_size": 4,
  "num_steps": 10,
  "statistics": {
    "compute": {
      "count": 10,
      "min": 0.04875750000064727,
      "max": 0.1275089000009757,
      "mean": 0.07525945999987016,
      "std": 0.02439014164461677,
      "p95": 0.10717970000041532,
      "p99": 0.10717970000041532
    },
    "sync": {
      "count": 10,
      "min": 0.004367899997305358,
      "max": 0.49051560000225436,
      "mean": 0.05703949000053399,
      "std": 0.14454014773881135,
      "p95": 0.014760999998543411,
      "p99": 0.014760999998543411
    },
    "optim": {
      "count": 10,
      "min": 0.0007772999997541774,
      "max": 0.0017540000008011702,
      "mean": 0.0010119799993844937,
      "std": 0.00027102209100184223,
      "p95": 0.001162699998531025,
      "p99": 0.001162699998531025
    },
    "iter": {
      "count": 10,
      "min": 0.0560007999993104,
      "max": 0.5663551000034204,
      "mean": 0.13331092999978864,
      "std": 0.14656237263231947,
      "p95": 0.13802659999782918,
      "p99": 0.13802659999782918
    },
    "grad_norm": {
      "count": 10,
      "min": 0.15084195137023926,
      "max": 0.29700741171836853,
      "mean": 0.22751302719116212,
      "std": 0.03595312056613376,
      "p95": 0.26545143127441406,
      "p99": 0.26545143127441406
    },
    "loss": {
      "count": 10,
      "min": 2.298022747039795,
      "max": 2.322093963623047,
      "mean": 2.30777792930603,
      "std": 0.007712082490809266,
      "p95": 2.3177618980407715,
      "p99": 2.3177618980407715
    }
  },
  "trajectories": {
    "compute_times": [
      0.07408550000036485,
      0.0504795999986527,
      0.08158459999685874,
      0.04875750000064727,
      0.05811990000074729,
      0.10717970000041532,
      0.07180110000263085,
      0.1275089000009757,
      0.05267739999908372,
      0.08040039999832516
    ],
    "sync_times": [
      0.49051560000225436,
      0.00469130000055884,
      0.012368900002911687,
      0.014489300003333483,
      0.0045785000002069864,
      0.0073521000012988225,
      0.007642100001248764,
      0.009628199997678166,
      0.004367899997305358,
      0.014760999998543411
    ],
    "optim_times": [
      0.0017540000008011702,
      0.0008299000000988599,
      0.001098900000215508,
      0.001162699998531025,
      0.000939599998673657,
      0.0008907000010367483,
      0.0008931999982451089,
      0.0008894999991753139,
      0.0007772999997541774,
      0.0008839999973133672
    ],
    "iter_times": [
      0.5663551000034204,
      0.0560007999993104,
      0.09505239999998594,
      0.06440950000251178,
      0.06363799999962794,
      0.1154225000027509,
      0.08033640000212472,
      0.13802659999782918,
      0.057822599996143254,
      0.09604539999418193
    ],
    "grad_norms": [
      0.2057933807373047,
      0.2199534773826599,
      0.21483555436134338,
      0.2348959892988205,
      0.23239730298519135,
      0.15084195137023926,
      0.29700741171836853,
      0.26545143127441406,
      0.2292655110359192,
      0.22468826174736023
    ],
    "losses": [
      2.302459955215454,
      2.3027756214141846,
      2.311460256576538,
      2.298022747039795,
      2.3008456230163574,
      2.3015055656433105,
      2.3140788078308105,
      2.3177618980407715,
      2.322093963623047,
      2.306774854660034
    ],
    "bytes_transferred": [
      208552,
      208552,
      208552,
      208552,
      208552,
      208552,
      208552,
      208552,
      208552,
      208552
    ],
    "epochs": [
      0,
      0,
      0,
      0,
      0,
      0,
      0,
      0,
      0,
      0
    ],
    "steps": [
      0,
      1,
      2,
      3,
      4,
      5,
      6,
      7,
      8,
      9
    ]
  }
}