{
  "rank": 3,
  "world_size": 4,
  "num_steps": 10,
  "statistics": {
    "compute": {
      "count": 10,
      "min": 0.046834700002364116,
      "max": 0.12928889999966486,
      "mean": 0.0752653299998201,
      "std": 0.025433982979803378,
      "p95": 0.10462019999977201,
      "p99": 0.10462019999977201
    },
    "sync": {
      "count": 10,
      "min": 0.007566599997517187,
      "max": 0.49773780000032275,
      "mean": 0.05727121999989322,
      "std": 0.14682597442690182,
      "p95": 0.01129380000202218,
      "p99": 0.01129380000202218
    },
    "optim": {
      "count": 10,
      "min": 0.000903600001038285,
      "max": 0.002522100003261585,
      "mean": 0.0011910299999726703,
      "std": 0.0004747313290976265,
      "p95": 0.0015294999975594692,
      "p99": 0.0015294999975594692
    },
    "iter": {
      "count": 10,
      "min": 0.05667800000446732,
      "max": 0.5700016999981017,
      "mean": 0.13372757999968599,
      "std": 0.14752103991483084,
      "p95": 0.13777199999822187,
      "p99": 0.13777199999822187
    },
    "grad_norm": {
      "count": 10,
      "min": 0.15084195137023926,
      "max": 0.29700741171836853,
      "mean": 0.22751302719116212,
      "std": 0.03595312056613376,
      "p95": 0.26545143127441406,
      "p99": 0.26545143127441406
    },
    "loss": {
      "count": 10,
      "min": 2.291003942489624,
      "max": 2.3201651573181152,
      "mean": 2.3071089029312133,
      "std": 0.008659419952485668,
      "p95": 2.313920021057129,
      "p99": 2.313920021057129
    }
  },
  "trajectories": {
    "compute_times": [
      0.07073440000021947,
      0.046834700002364116,
      0.08559909999894444,
      0.055047099998773774,
      0.05215909999969881,
      0.10462019999977201,
      0.07178800000110641,
      0.12928889999966486,
      0.04956989999845973,
      0.08701189999919734
    ],
    "sync_times": [
      0.49773780000032275,
      0.008848299999954179,
      0.00813170000037644,
      0.007962299998325761,
      0.01129380000202218,
      0.00758750000022701,
      0.007917899998574285,
      0.007566599997517187,
      0.007635400001163362,
      0.008030900000449037
    ],
    "optim_times": [
      0.0015294999975594692,
      0.0009950000021490268,
      0.0009589999972376972,
      0.0010064999987662304,
      0.002522100003261585,
      0.0010490999993635342,
      0.000903600001038285,
      0.0009165000010398217,
      0.0009968999984266702,
      0.001032100000884384
    ],
    "iter_times": [
      0.5700016999981017,
      0.05667800000446732,
      0.09468979999655858,
      0.06401589999586577,
      0.06597500000498258,
      0.11325679999936256,
      0.08060950000071898,
      0.13777199999822187,
      0.058202199998049764,
      0.09607490000053076
    ],
    "grad_norms": [
      0.2057933807373047,
      0.2199534773826599,
      0.21483555436134338,
      0.2348959892988205,
      0.23239730298519135,
      0.15084195137023926,
      0.29700741171836853,
      0.26545143127441406,
      0.2292655110359192,
      0.22468826174736023
    ],
    "losses": [
      2.291003942489624,
      2.3201651573181152,
      2.3114655017852783,
      2.3043150901794434,
      2.30924391746521,
      2.313920021057129,
      2.311275005340576,
      2.3077902793884277,
      2.3095784187316895,
      2.2923316955566406
    ],
    "bytes_transferred": [
      208552,
      208552,
      208552,
      208552,
      208552,
      208552,
      208552,
      208552,
      208552,
      208552
    ],
    "epochs": [
      0,
      0,
      0,
      0,
      0,
      0,
      0,
      0,
      0,
      0
    ],
    "steps": [
      0,
      1,
      2,
      3,
      4,
      5,
      6,
      7,
      8,
      9
    ]
  }
}