{
  "rank": 0,
  "world_size": 4,
  "num_steps": 10,
  "statistics": {
    "compute": {
      "count": 10,
      "min": 0.048981100000673905,
      "max": 0.1272110000027169,
      "mean": 0.07489362000051188,
      "std": 0.024685953872774773,
      "p95": 0.10778189999837196,
      "p99": 0.10778189999837196
    },
    "sync": {
      "count": 10,
      "min": 0.005020100001274841,
      "max": 0.03468309999880148,
      "mean": 0.011155679999865243,
      "std": 0.00836651915028972,
      "p95": 0.014180399997712811,
      "p99": 0.014180399997712811
    },
    "optim": {
      "count": 10,
      "min": 0.0008134999989124481,
      "max": 0.002383699997153599,
      "mean": 0.0011053100006392924,
      "std": 0.0004463749229512656,
      "p95": 0.0013328999993973412,
      "p99": 0.0013328999993973412
    },
    "iter": {
      "count": 10,
      "min": 0.058106800006498815,
      "max": 0.1373613000032492,
      "mean": 0.0871546100010164,
      "std": 0.02494842276064093,
      "p95": 0.11573470000075758,
      "p99": 0.11573470000075758
    },
    "grad_norm": {
      "count": 10,
      "min": 0.15084195137023926,
      "max": 0.29700741171836853,
      "mean": 0.22751302719116212,
      "std": 0.03595312056613376,
      "p95": 0.26545143127441406,
      "p99": 0.26545143127441406
    },
    "loss": {
      "count": 10,
      "min": 2.2959718704223633,
      "max": 2.3234732151031494,
      "mean": 2.307985234260559,
      "std": 0.0066718278258025634,
      "p95": 2.3119242191314697,
      "p99": 2.3119242191314697
    }
  },
  "trajectories": {
    "compute_times": [
      0.06241059999956633,
      0.05303229999844916,
      0.08371469999838155,
      0.048981100000673905,
      0.05743590000201948,
      0.10778189999837196,
      0.07415640000181156,
      0.1272110000027169,
      0.051848400002199924,
      0.08236390000092797
    ],
    "sync_times": [
      0.03468309999880148,
      0.007470500000636093,
      0.010078899998916313,
      0.014180399997712811,
      0.00585529999807477,
      0.007004099999903701,
      0.005020100001274841,
      0.009271099999750732,
      0.005342300002666889,
      0.012651000000914792
    ],
    "optim_times": [
      0.002383699997153599,
      0.0010039000007964205,
      0.0008981000028143171,
      0.0009603000034985598,
      0.0009166999989247415,
      0.0009487000024819281,
      0.0013328999993973412,
      0.0008792000007815659,
      0.0009161000016320031,
      0.0008134999989124481
    ],
    "iter_times": [
      0.09947739999552141,
      0.061506699999881675,
      0.09469170000011218,
      0.06412180000188528,
      0.06420789999901899,
      0.11573470000075758,
      0.08050940000248374,
      0.1373613000032492,
      0.058106800006498815,
      0.09582840000075521
    ],
    "grad_norms": [
      0.2057933807373047,
      0.2199534773826599,
      0.21483555436134338,
      0.2348959892988205,
      0.23239730298519135,
      0.15084195137023926,
      0.29700741171836853,
      0.26545143127441406,
      0.2292655110359192,
      0.22468826174736023
    ],
    "losses": [
      2.306812047958374,
      2.3050997257232666,
      2.3119242191314697,
      2.3089849948883057,
      2.310671329498291,
      2.2959718704223633,
      2.3234732151031494,
      2.308326244354248,
      2.304029703140259,
      2.3045589923858643
    ],
    "bytes_transferred": [
      208552,
      208552,
      208552,
      208552,
      208552,
      208552,
      208552,
      208552,
      208552,
      208552
    ],
    "epochs": [
      0,
      0,
      0,
      0,
      0,
      0,
      0,
      0,
      0,
      0
    ],
    "steps": [
      0,
      1,
      2,
      3,
      4,
      5,
      6,
      7,
      8,
      9
    ]
  }
}