{
  "rank": 6,
  "world_size": 8,
  "num_steps": 10,
  "statistics": {
    "compute": {
      "count": 10,
      "min": 0.06814530000337982,
      "max": 0.1746292000025278,
      "mean": 0.09793590000117547,
      "std": 0.031155466935904246,
      "p95": 0.1212292999989586,
      "p99": 0.1212292999989586
    },
    "sync": {
      "count": 10,
      "min": 0.01301909999892814,
      "max": 0.7533060999994632,
      "mean": 0.0956111499992403,
      "std": 0.21934631941253002,
      "p95": 0.03604589999667951,
      "p99": 0.03604589999667951
    },
    "optim": {
      "count": 10,
      "min": 0.0009695000007923227,
      "max": 0.0025940000014088582,
      "mean": 0.0013385900001594564,
      "std": 0.0004580067022717767,
      "p95": 0.0016458999998576473,
      "p99": 0.0016458999998576473
    },
    "iter": {
      "count": 10,
      "min": 0.08500700000149664,
      "max": 0.8761812999982794,
      "mean": 0.19488564000057523,
      "std": 0.22962824964795955,
      "p95": 0.21176529999866034,
      "p99": 0.21176529999866034
    },
    "grad_norm": {
      "count": 10,
      "min": 0.178546741604805,
      "max": 0.42565569281578064,
      "mean": 0.2816349849104881,
      "std": 0.07806672811913203,
      "p95": 0.38520607352256775,
      "p99": 0.38520607352256775
    },
    "loss": {
      "count": 10,
      "min": 2.2670443058013916,
      "max": 2.32149338722229,
      "mean": 2.300768256187439,
      "std": 0.015803498225009784,
      "p95": 2.3191468715667725,
      "p99": 2.3191468715667725
    }
  },
  "trajectories": {
    "compute_times": [
      0.1212292999989586,
      0.07045130000187783,
      0.07256770000094548,
      0.10288340000261087,
      0.1746292000025278,
      0.08997109999836539,
      0.06814530000337982,
      0.07013569999980973,
      0.0999712000011641,
      0.10937480000211508
    ],
    "sync_times": [
      0.7533060999994632,
      0.033174399999552406,
      0.027287900000374066,
      0.02092350000020815,
      0.03604589999667951,
      0.01301909999892814,
      0.015650599998480175,
      0.017619700000068406,
      0.018551000001025386,
      0.020533299997623544
    ],
    "optim_times": [
      0.0016458999998576473,
      0.00098230000003241,
      0.0025940000014088582,
      0.0012566000004881062,
      0.0010901999994530343,
      0.001301100001001032,
      0.0012110999996366445,
      0.001068899997335393,
      0.0009695000007923227,
      0.0012663000015891157
    ],
    "iter_times": [
      0.8761812999982794,
      0.10460800000146264,
      0.1024496000027284,
      0.12506350000330713,
      0.21176529999866034,
      0.10429129999829456,
      0.08500700000149664,
      0.08882429999721353,
      0.11949170000298182,
      0.13117440000132774
    ],
    "grad_norms": [
      0.33937934041023254,
      0.2863592803478241,
      0.22397910058498383,
      0.42565569281578064,
      0.178546741604805,
      0.2989473044872284,
      0.20952743291854858,
      0.38520607352256775,
      0.2675463855266571,
      0.20120249688625336
    ],
    "losses": [
      2.2670443058013916,
      2.3105413913726807,
      2.2827541828155518,
      2.2926599979400635,
      2.305544376373291,
      2.2992782592773438,
      2.2994823455810547,
      2.3191468715667725,
      2.32149338722229,
      2.30973744392395
    ],
    "bytes_transferred": [
      208552,
      208552,
      208552,
      208552,
      208552,
      208552,
      208552,
      208552,
      208552,
      208552
    ],
    "epochs": [
      0,
      0,
      0,
      0,
      0,
      0,
      0,
      0,
      0,
      0
    ],
    "steps": [
      0,
      1,
      2,
      3,
      4,
      5,
      6,
      7,
      8,
      9
    ]
  }
}