{
  "rank": 3,
  "world_size": 8,
  "num_steps": 10,
  "statistics": {
    "compute": {
      "count": 10,
      "min": 0.009467099996982142,
      "max": 0.02619569999660598,
      "mean": 0.013346029999593157,
      "std": 0.0044713843101875945,
      "p95": 0.014119700001174351,
      "p99": 0.014119700001174351
    },
    "sync": {
      "count": 10,
      "min": 0.013521699998818804,
      "max": 0.09544040000037057,
      "mean": 0.027637260000119568,
      "std": 0.02315744663209464,
      "p95": 0.03307850000055623,
      "p99": 0.03307850000055623
    },
    "optim": {
      "count": 10,
      "min": 0.0010097000013047364,
      "max": 0.0016644999996060506,
      "mean": 0.0012090500000340398,
      "std": 0.0002226480915158609,
      "p95": 0.0015109000014490448,
      "p99": 0.0015109000014490448
    },
    "iter": {
      "count": 10,
      "min": 0.023998499997105682,
      "max": 0.1233005999965826,
      "mean": 0.04219233999974677,
      "std": 0.02754910143560302,
      "p95": 0.04560949999722652,
      "p99": 0.04560949999722652
    },
    "grad_norm": {
      "count": 10,
      "min": 0.3254165053367615,
      "max": 0.3504560589790344,
      "mean": 0.33827086687088015,
      "std": 0.008284283298524955,
      "p95": 0.3504524827003479,
      "p99": 0.3504524827003479
    },
    "loss": {
      "count": 10,
      "min": 2.281198501586914,
      "max": 2.3367223739624023,
      "mean": 2.3109982013702393,
      "std": 0.018055554500025512,
      "p95": 2.331920623779297,
      "p99": 2.331920623779297
    }
  },
  "trajectories": {
    "compute_times": [
      0.02619569999660598,
      0.012128099999245023,
      0.014119700001174351,
      0.01366280000002007,
      0.011427599998569349,
      0.009467099996982142,
      0.012118400001781993,
      0.010422700001072371,
      0.011888600001839222,
      0.01202959999864106
    ],
    "sync_times": [
      0.09544040000037057,
      0.01619609999761451,
      0.015210099998512305,
      0.021856399998796405,
      0.03307850000055623,
      0.013521699998818804,
      0.020609800001693657,
      0.019933600000513252,
      0.01987080000253627,
      0.02065520000178367
    ],
    "optim_times": [
      0.0016644999996060506,
      0.001022299999021925,
      0.0010640000000421423,
      0.0014005000011820812,
      0.0011033999981009401,
      0.0010097000013047364,
      0.001215500000398606,
      0.0010884000002988614,
      0.0010112999989360105,
      0.0015109000014490448
    ],
    "iter_times": [
      0.1233005999965826,
      0.02934649999588146,
      0.0303937999997288,
      0.036919699999998556,
      0.04560949999722652,
      0.023998499997105682,
      0.033943700003874255,
      0.031444700001884485,
      0.032770700003311504,
      0.034195700001873774
    ],
    "grad_norms": [
      0.34363359212875366,
      0.33614903688430786,
      0.3504524827003479,
      0.3504560589790344,
      0.3400847911834717,
      0.3322739899158478,
      0.3366731107234955,
      0.34116247296333313,
      0.3264066278934479,
      0.3254165053367615
    ],
    "losses": [
      2.3316915035247803,
      2.2910444736480713,
      2.2923197746276855,
      2.3367223739624023,
      2.331920623779297,
      2.3076155185699463,
      2.3052260875701904,
      2.281198501586914,
      2.3162267208099365,
      2.316016435623169
    ],
    "bytes_transferred": [
      437544,
      437544,
      437544,
      437544,
      437544,
      437544,
      437544,
      437544,
      437544,
      437544
    ],
    "epochs": [
      0,
      0,
      0,
      0,
      0,
      0,
      0,
      0,
      0,
      0
    ],
    "steps": [
      0,
      1,
      2,
      3,
      4,
      5,
      6,
      7,
      8,
      9
    ]
  }
}