{
  "rank": 0,
  "world_size": 8,
  "num_steps": 10,
  "statistics": {
    "compute": {
      "count": 10,
      "min": 0.009689200000138953,
      "max": 0.01544579999972484,
      "mean": 0.013226570000188075,
      "std": 0.0018507980933528492,
      "p95": 0.015237200001138262,
      "p99": 0.015237200001138262
    },
    "sync": {
      "count": 10,
      "min": 0.014377399998920737,
      "max": 0.07614109999849461,
      "mean": 0.025664059999689924,
      "std": 0.01726337120586158,
      "p95": 0.026312600002711406,
      "p99": 0.026312600002711406
    },
    "optim": {
      "count": 10,
      "min": 0.0008796000001893844,
      "max": 0.001720799999020528,
      "mean": 0.0012343999998847722,
      "std": 0.00026079981140956403,
      "p95": 0.0016651999976602383,
      "p99": 0.0016651999976602383
    },
    "iter": {
      "count": 10,
      "min": 0.025108099998760736,
      "max": 0.0921063999994658,
      "mean": 0.04012502999976277,
      "std": 0.018001862475281842,
      "p95": 0.042666099998314166,
      "p99": 0.042666099998314166
    },
    "grad_norm": {
      "count": 10,
      "min": 0.3254165053367615,
      "max": 0.3504560589790344,
      "mean": 0.33827086687088015,
      "std": 0.008284283298524955,
      "p95": 0.3504524827003479,
      "p99": 0.3504524827003479
    },
    "loss": {
      "count": 10,
      "min": 2.2690606117248535,
      "max": 2.3299636840820312,
      "mean": 2.3031297445297243,
      "std": 0.018267032968358694,
      "p95": 2.323545217514038,
      "p99": 2.323545217514038
    }
  },
  "trajectories": {
    "compute_times": [
      0.014244500001950655,
      0.012300800000957679,
      0.01544579999972484,
      0.009689200000138953,
      0.010705599997891113,
      0.012256599999091122,
      0.015237200001138262,
      0.014078399999561952,
      0.01339899999948102,
      0.01490860000194516
    ],
    "sync_times": [
      0.07614109999849461,
      0.01619579999896814,
      0.025965099997847574,
      0.014377399998920737,
      0.026312600002711406,
      0.015789400000358,
      0.018190399998275097,
      0.02054169999973965,
      0.02068919999874197,
      0.02243790000284207
    ],
    "optim_times": [
      0.001720799999020528,
      0.0011551999996299855,
      0.0012552000007417519,
      0.0010414999997010455,
      0.0011618000025919173,
      0.0010794000008900184,
      0.0016651999976602383,
      0.001359099998808233,
      0.0008796000001893844,
      0.0010261999996146187
    ],
    "iter_times": [
      0.0921063999994658,
      0.029651799999555806,
      0.042666099998314166,
      0.025108099998760736,
      0.038180000003194436,
      0.02912540000033914,
      0.0350927999970736,
      0.035979199998109834,
      0.034967799998412374,
      0.03837270000440185
    ],
    "grad_norms": [
      0.34363359212875366,
      0.33614903688430786,
      0.3504524827003479,
      0.3504560589790344,
      0.3400847911834717,
      0.3322739899158478,
      0.3366731107234955,
      0.34116247296333313,
      0.3264066278934479,
      0.3254165053367615
    ],
    "losses": [
      2.306931495666504,
      2.296600580215454,
      2.3133885860443115,
      2.2690606117248535,
      2.323545217514038,
      2.2999942302703857,
      2.307511329650879,
      2.309570074081421,
      2.2747316360473633,
      2.3299636840820312
    ],
    "bytes_transferred": [
      437544,
      437544,
      437544,
      437544,
      437544,
      437544,
      437544,
      437544,
      437544,
      437544
    ],
    "epochs": [
      0,
      0,
      0,
      0,
      0,
      0,
      0,
      0,
      0,
      0
    ],
    "steps": [
      0,
      1,
      2,
      3,
      4,
      5,
      6,
      7,
      8,
      9
    ]
  }
}