{
  "rank": 1,
  "world_size": 8,
  "num_steps": 10,
  "statistics": {
    "compute": {
      "count": 10,
      "min": 0.008198700001230463,
      "max": 0.07451399999990826,
      "mean": 0.019981830000688205,
      "std": 0.018298250465715295,
      "p95": 0.01661919999969541,
      "p99": 0.01661919999969541
    },
    "sync": {
      "count": 10,
      "min": 0.010644899997714674,
      "max": 0.771498199999769,
      "mean": 0.09453098999983922,
      "std": 0.22575360790809754,
      "p95": 0.03617080000185524,
      "p99": 0.03617080000185524
    },
    "optim": {
      "count": 10,
      "min": 0.000962399997661123,
      "max": 0.0027066000002378132,
      "mean": 0.0016761999999289402,
      "std": 0.0005856676193630094,
      "p95": 0.002317499998753192,
      "p99": 0.002317499998753192
    },
    "iter": {
      "count": 10,
      "min": 0.019931999999244,
      "max": 0.8481836999999359,
      "mean": 0.11618902000045636,
      "std": 0.24411122978259486,
      "p95": 0.0517662000056589,
      "p99": 0.0517662000056589
    },
    "grad_norm": {
      "count": 10,
      "min": 0.3254165053367615,
      "max": 0.3504560589790344,
      "mean": 0.33827086687088015,
      "std": 0.008284283298524955,
      "p95": 0.3504524827003479,
      "p99": 0.3504524827003479
    },
    "loss": {
      "count": 10,
      "min": 2.2706053256988525,
      "max": 2.335947275161743,
      "mean": 2.2977366209030152,
      "std": 0.017579338324449547,
      "p95": 2.3102316856384277,
      "p99": 2.3102316856384277
    }
  },
  "trajectories": {
    "compute_times": [
      0.07451399999990826,
      0.01661919999969541,
      0.015691100001276936,
      0.014544200003001606,
      0.008198700001230463,
      0.01455569999961881,
      0.01366769999731332,
      0.013973000000987668,
      0.013876200002414407,
      0.014178500001435168
    ],
    "sync_times": [
      0.771498199999769,
      0.01576599999680184,
      0.014157900001009693,
      0.03617080000185524,
      0.010644899997714674,
      0.016855999998369953,
      0.023542300001281546,
      0.015436900001077447,
      0.02131340000050841,
      0.019923500000004424
    ],
    "optim_times": [
      0.002171500000258675,
      0.0017235999985132366,
      0.002317499998753192,
      0.001051200000802055,
      0.0010884000002988614,
      0.0027066000002378132,
      0.000962399997661123,
      0.001296300000831252,
      0.0021193000029597897,
      0.0013251999989734031
    ],
    "iter_times": [
      0.8481836999999359,
      0.034108799995010486,
      0.03216650000103982,
      0.0517662000056589,
      0.019931999999244,
      0.034118299998226576,
      0.03817239999625599,
      0.030706200002896367,
      0.037308900005882606,
      0.035427200000412995
    ],
    "grad_norms": [
      0.34363359212875366,
      0.33614903688430786,
      0.3504524827003479,
      0.3504560589790344,
      0.3400847911834717,
      0.3322739899158478,
      0.3366731107234955,
      0.34116247296333313,
      0.3264066278934479,
      0.3254165053367615
    ],
    "losses": [
      2.3102316856384277,
      2.294260025024414,
      2.335947275161743,
      2.2906060218811035,
      2.275383234024048,
      2.3077728748321533,
      2.3041269779205322,
      2.2920844554901123,
      2.2963483333587646,
      2.2706053256988525
    ],
    "bytes_transferred": [
      437544,
      437544,
      437544,
      437544,
      437544,
      437544,
      437544,
      437544,
      437544,
      437544
    ],
    "epochs": [
      0,
      0,
      0,
      0,
      0,
      0,
      0,
      0,
      0,
      0
    ],
    "steps": [
      0,
      1,
      2,
      3,
      4,
      5,
      6,
      7,
      8,
      9
    ]
  }
}