{
  "rank": 7,
  "world_size": 8,
  "num_steps": 10,
  "statistics": {
    "compute": {
      "count": 10,
      "min": 0.008623900001111906,
      "max": 0.08912599999894155,
      "mean": 0.019177469999704044,
      "std": 0.02342112058783452,
      "p95": 0.015585699999064673,
      "p99": 0.015585699999064673
    },
    "sync": {
      "count": 10,
      "min": 0.020324600001913495,
      "max": 0.07120410000061383,
      "mean": 0.04232921999973769,
      "std": 0.012821541365873622,
      "p95": 0.049101999997219536,
      "p99": 0.049101999997219536
    },
    "optim": {
      "count": 10,
      "min": 0.0008415999982389621,
      "max": 0.002207300000009127,
      "mean": 0.0012914799994177884,
      "std": 0.0003897453628309873,
      "p95": 0.0016595999986748211,
      "p99": 0.0016595999986748211
    },
    "iter": {
      "count": 10,
      "min": 0.034469300000637304,
      "max": 0.1625373999995645,
      "mean": 0.06279816999885952,
      "std": 0.034268945245112155,
      "p95": 0.06294350000098348,
      "p99": 0.06294350000098348
    },
    "grad_norm": {
      "count": 10,
      "min": 0.1677418351173401,
      "max": 0.1928900182247162,
      "mean": 0.1781605839729309,
      "std": 0.007826380368054815,
      "p95": 0.18653692305088043,
      "p99": 0.18653692305088043
    },
    "loss": {
      "count": 10,
      "min": 2.302150011062622,
      "max": 2.3302228450775146,
      "mean": 2.3122454404830934,
      "std": 0.009437970484194176,
      "p95": 2.329249858856201,
      "p99": 2.329249858856201
    }
  },
  "trajectories": {
    "compute_times": [
      0.08912599999894155,
      0.012774300001183292,
      0.015585699999064673,
      0.010059699998237193,
      0.008623900001111906,
      0.009191499997541541,
      0.01045710000107647,
      0.012444799998775125,
      0.014307800000096904,
      0.009203900001011789
    ],
    "sync_times": [
      0.07120410000061383,
      0.020324600001913495,
      0.036094700000830926,
      0.049101999997219536,
      0.031834099998377496,
      0.04476050000084797,
      0.03406119999999646,
      0.04081269999733195,
      0.047507600000244565,
      0.04759070000000065
    ],
    "optim_times": [
      0.002207300000009127,
      0.0013703999975405168,
      0.0014440000013564713,
      0.0008415999982389621,
      0.001066299999365583,
      0.0016595999986748211,
      0.001298700000916142,
      0.000975899998593377,
      0.0011281000006420072,
      0.0009228999988408759
    ],
    "iter_times": [
      0.1625373999995645,
      0.034469300000637304,
      0.05312440000125207,
      0.06000329999369569,
      0.041524299998854985,
      0.05561159999706433,
      0.04581700000198907,
      0.05423339999470045,
      0.06294350000098348,
      0.05771749999985332
    ],
    "grad_norms": [
      0.18039004504680634,
      0.1928900182247162,
      0.1682938039302826,
      0.17190776765346527,
      0.18241509795188904,
      0.1677418351173401,
      0.1831062138080597,
      0.17483091354370117,
      0.17349322140216827,
      0.18653692305088043
    ],
    "losses": [
      2.305992841720581,
      2.313706874847412,
      2.3302228450775146,
      2.3061134815216064,
      2.3135266304016113,
      2.302150011062622,
      2.329249858856201,
      2.3106775283813477,
      2.3052616119384766,
      2.3055527210235596
    ],
    "bytes_transferred": [
      437544,
      437544,
      437544,
      437544,
      437544,
      437544,
      437544,
      437544,
      437544,
      437544
    ],
    "epochs": [
      0,
      0,
      0,
      0,
      0,
      0,
      0,
      0,
      0,
      0
    ],
    "steps": [
      0,
      1,
      2,
      3,
      4,
      5,
      6,
      7,
      8,
      9
    ]
  }
}