{
  "rank": 2,
  "world_size": 4,
  "num_steps": 10,
  "statistics": {
    "compute": {
      "count": 10,
      "min": 0.009125299999141134,
      "max": 0.11522499999773572,
      "mean": 0.02117675999979838,
      "std": 0.031360445915384526,
      "p95": 0.012018499997793697,
      "p99": 0.012018499997793697
    },
    "sync": {
      "count": 10,
      "min": 0.006526399996801047,
      "max": 0.3858795000014652,
      "mean": 0.0501037300000462,
      "std": 0.11244498206012406,
      "p95": 0.04098890000022948,
      "p99": 0.04098890000022948
    },
    "optim": {
      "count": 10,
      "min": 0.0007284999992407393,
      "max": 0.0011732999992091209,
      "mean": 0.0009333799996966263,
      "std": 0.00014343392061528045,
      "p95": 0.0011580999998841435,
      "p99": 0.0011580999998841435
    },
    "iter": {
      "count": 10,
      "min": 0.018009200004598824,
      "max": 0.5022625999990851,
      "mean": 0.0722138699995412,
      "std": 0.14370900466756875,
      "p95": 0.05105059999914374,
      "p99": 0.05105059999914374
    },
    "grad_norm": {
      "count": 10,
      "min": 0.999041736125946,
      "max": 1.8739198446273804,
      "mean": 1.3998421847820282,
      "std": 0.2534943829801438,
      "p95": 1.6518505811691284,
      "p99": 1.6518505811691284
    },
    "loss": {
      "count": 10,
      "min": 2.2458457946777344,
      "max": 2.4266510009765625,
      "mean": 2.329335165023804,
      "std": 0.05072483283250854,
      "p95": 2.37489652633667,
      "p99": 2.37489652633667
    }
  },
  "trajectories": {
    "compute_times": [
      0.11522499999773572,
      0.009125299999141134,
      0.009741499998199288,
      0.010826099998666905,
      0.011280300001089927,
      0.011722500003088498,
      0.010885899999266258,
      0.010117100002389634,
      0.010825400000612717,
      0.012018499997793697
    ],
    "sync_times": [
      0.3858795000014652,
      0.04098890000022948,
      0.024650999999721535,
      0.008123299998260336,
      0.006526399996801047,
      0.007131700000172714,
      0.006940499999473104,
      0.007043900001008296,
      0.007012100002611987,
      0.0067400000007182825
    ],
    "optim_times": [
      0.0011580999998841435,
      0.0009363999997731298,
      0.0009289000008720905,
      0.0011732999992091209,
      0.0007654000000911765,
      0.0007284999992407393,
      0.0009174000006169081,
      0.0008482000012008939,
      0.0008390999973926228,
      0.0010384999986854382
    ],
    "iter_times": [
      0.5022625999990851,
      0.05105059999914374,
      0.03532139999879291,
      0.02012269999613636,
      0.01857209999798215,
      0.01958270000250195,
      0.01874379999935627,
      0.018009200004598824,
      0.018676600000617327,
      0.019796999997197418
    ],
    "grad_norms": [
      1.179168939590454,
      0.999041736125946,
      1.1048320531845093,
      1.6224230527877808,
      1.4257936477661133,
      1.4341139793395996,
      1.3876078128814697,
      1.6518505811691284,
      1.3196702003479004,
      1.8739198446273804
    ],
    "losses": [
      2.3531851768493652,
      2.37489652633667,
      2.29384708404541,
      2.3074214458465576,
      2.2458457946777344,
      2.29947566986084,
      2.35196590423584,
      2.3608243465423584,
      2.4266510009765625,
      2.279238700866699
    ],
    "bytes_transferred": [
      208552,
      208552,
      208552,
      208552,
      208552,
      208552,
      208552,
      208552,
      208552,
      208552
    ],
    "epochs": [
      0,
      0,
      0,
      0,
      0,
      0,
      0,
      0,
      0,
      0
    ],
    "steps": [
      0,
      1,
      2,
      3,
      4,
      5,
      6,
      7,
      8,
      9
    ]
  }
}