{
  "rank": 5,
  "world_size": 8,
  "num_steps": 10,
  "statistics": {
    "compute": {
      "count": 10,
      "min": 0.008468899999570567,
      "max": 0.07790190000014263,
      "mean": 0.019529890000922024,
      "std": 0.019710303958625493,
      "p95": 0.018784100000630133,
      "p99": 0.018784100000630133
    },
    "sync": {
      "count": 10,
      "min": 0.01352229999974952,
      "max": 0.07273499999791966,
      "mean": 0.04105098999898473,
      "std": 0.0203028870291901,
      "p95": 0.07028509999872767,
      "p99": 0.07028509999872767
    },
    "optim": {
      "count": 10,
      "min": 0.0008617999992566183,
      "max": 0.003973499999119667,
      "mean": 0.001593729999876814,
      "std": 0.000891547825976547,
      "p95": 0.0021459000017785,
      "p99": 0.0021459000017785
    },
    "iter": {
      "count": 10,
      "min": 0.02452140000241343,
      "max": 0.15461039999718196,
      "mean": 0.06217460999978357,
      "std": 0.03511211021242498,
      "p95": 0.0809964999971271,
      "p99": 0.0809964999971271
    },
    "grad_norm": {
      "count": 10,
      "min": 0.1677418351173401,
      "max": 0.1928900182247162,
      "mean": 0.1781605839729309,
      "std": 0.007826380368054815,
      "p95": 0.18653692305088043,
      "p99": 0.18653692305088043
    },
    "loss": {
      "count": 10,
      "min": 2.2931368350982666,
      "max": 2.334249496459961,
      "mean": 2.3119312047958376,
      "std": 0.012347308046575085,
      "p95": 2.325284719467163,
      "p99": 2.325284719467163
    }
  },
  "trajectories": {
    "compute_times": [
      0.07790190000014263,
      0.013933900001575239,
      0.016792300000815885,
      0.0142191000013554,
      0.008468899999570567,
      0.014525300000968855,
      0.011611600002652267,
      0.009374800003570272,
      0.018784100000630133,
      0.009686999997938983
    ],
    "sync_times": [
      0.07273499999791966,
      0.017670000001089647,
      0.02343299999847659,
      0.0399528999987524,
      0.029272899999341462,
      0.051095499999064486,
      0.05956329999753507,
      0.01352229999974952,
      0.03297989999919082,
      0.07028509999872767
    ],
    "optim_times": [
      0.003973499999119667,
      0.0021459000017785,
      0.0018321999996260274,
      0.0014250999993237201,
      0.0010943000015686266,
      0.0008617999992566183,
      0.0010927000002993736,
      0.0016242999990936369,
      0.0008630999982415233,
      0.0010244000004604459
    ],
    "iter_times": [
      0.15461039999718196,
      0.03374980000444339,
      0.0420574999989185,
      0.05559709999943152,
      0.038836100000480656,
      0.06648259999928996,
      0.07226760000048671,
      0.02452140000241343,
      0.052627099998062477,
      0.0809964999971271
    ],
    "grad_norms": [
      0.18039004504680634,
      0.1928900182247162,
      0.1682938039302826,
      0.17190776765346527,
      0.18241509795188904,
      0.1677418351173401,
      0.1831062138080597,
      0.17483091354370117,
      0.17349322140216827,
      0.18653692305088043
    ],
    "losses": [
      2.320312261581421,
      2.299935817718506,
      2.2931368350982666,
      2.30669903755188,
      2.305851697921753,
      2.3153274059295654,
      2.334249496459961,
      2.299494981765747,
      2.3190197944641113,
      2.325284719467163
    ],
    "bytes_transferred": [
      437544,
      437544,
      437544,
      437544,
      437544,
      437544,
      437544,
      437544,
      437544,
      437544
    ],
    "epochs": [
      0,
      0,
      0,
      0,
      0,
      0,
      0,
      0,
      0,
      0
    ],
    "steps": [
      0,
      1,
      2,
      3,
      4,
      5,
      6,
      7,
      8,
      9
    ]
  }
}