{
  "rank": 3,
  "world_size": 4,
  "num_steps": 10,
  "statistics": {
    "compute": {
      "count": 10,
      "min": 0.009277400000428315,
      "max": 0.11934639999890351,
      "mean": 0.021085780000066733,
      "std": 0.032758235643795555,
      "p95": 0.010804800000187242,
      "p99": 0.010804800000187242
    },
    "sync": {
      "count": 10,
      "min": 0.007087300000421237,
      "max": 0.4553319999977248,
      "mean": 0.05571039999995264,
      "std": 0.13357331921699356,
      "p95": 0.0407545999987633,
      "p99": 0.0407545999987633
    },
    "optim": {
      "count": 10,
      "min": 0.00087599999824306,
      "max": 0.002698100000998238,
      "mean": 0.0012201099998492282,
      "std": 0.0005021500863298851,
      "p95": 0.0011726999982784037,
      "p99": 0.0011726999982784037
    },
    "iter": {
      "count": 10,
      "min": 0.01750750000064727,
      "max": 0.5758499999938067,
      "mean": 0.07801628999986861,
      "std": 0.16622000405304183,
      "p95": 0.05107279999720049,
      "p99": 0.05107279999720049
    },
    "grad_norm": {
      "count": 10,
      "min": 0.999041736125946,
      "max": 1.8739198446273804,
      "mean": 1.3998421847820282,
      "std": 0.2534943829801438,
      "p95": 1.6518505811691284,
      "p99": 1.6518505811691284
    },
    "loss": {
      "count": 10,
      "min": 2.20292592048645,
      "max": 2.3942902088165283,
      "mean": 2.322557783126831,
      "std": 0.06089808207305673,
      "p95": 2.386528491973877,
      "p99": 2.386528491973877
    }
  },
  "trajectories": {
    "compute_times": [
      0.11934639999890351,
      0.009442200000194134,
      0.009277400000428315,
      0.010767700001451885,
      0.010710300000937423,
      0.010804800000187242,
      0.010151599999517202,
      0.009506700000201818,
      0.010173399998166133,
      0.01067730000067968
    ],
    "sync_times": [
      0.4553319999977248,
      0.0407545999987633,
      0.0077615000009245705,
      0.008460500001092441,
      0.007441599998855963,
      0.007239599999593338,
      0.007518300000810996,
      0.007087300000421237,
      0.007831599999917671,
      0.00767700000142213
    ],
    "optim_times": [
      0.0011715999971784186,
      0.00087599999824306,
      0.0009841000028245617,
      0.0011726999982784037,
      0.0010934000019915402,
      0.0011109000006399583,
      0.0010533999993640464,
      0.0009135000000242144,
      0.0011273999989498407,
      0.002698100000998238
    ],
    "iter_times": [
      0.5758499999938067,
      0.05107279999720049,
      0.018023000004177447,
      0.02040090000082273,
      0.019245300001784926,
      0.01915530000042054,
      0.018723299999692244,
      0.01750750000064727,
      0.019132399997033644,
      0.021052400003100047
    ],
    "grad_norms": [
      1.179168939590454,
      0.999041736125946,
      1.1048320531845093,
      1.6224230527877808,
      1.4257936477661133,
      1.4341139793395996,
      1.3876078128814697,
      1.6518505811691284,
      1.3196702003479004,
      1.8739198446273804
    ],
    "losses": [
      2.369441509246826,
      2.386528491973877,
      2.20292592048645,
      2.221647262573242,
      2.3085718154907227,
      2.3350038528442383,
      2.3411965370178223,
      2.3942902088165283,
      2.343935012817383,
      2.3220372200012207
    ],
    "bytes_transferred": [
      208552,
      208552,
      208552,
      208552,
      208552,
      208552,
      208552,
      208552,
      208552,
      208552
    ],
    "epochs": [
      0,
      0,
      0,
      0,
      0,
      0,
      0,
      0,
      0,
      0
    ],
    "steps": [
      0,
      1,
      2,
      3,
      4,
      5,
      6,
      7,
      8,
      9
    ]
  }
}