{
  "rank": 0,
  "world_size": 4,
  "num_steps": 10,
  "statistics": {
    "compute": {
      "count": 10,
      "min": 0.009607500000129221,
      "max": 0.021618900002067676,
      "mean": 0.011988620000556694,
      "std": 0.0032804810874209845,
      "p95": 0.01234180000028573,
      "p99": 0.01234180000028573
    },
    "sync": {
      "count": 10,
      "min": 0.0065297999972244725,
      "max": 0.04507089999970049,
      "mean": 0.012982780000311323,
      "std": 0.012005246973991699,
      "p95": 0.025415899999643443,
      "p99": 0.025415899999643443
    },
    "optim": {
      "count": 10,
      "min": 0.0008186000013665762,
      "max": 0.0017511000005470123,
      "mean": 0.001001879999967059,
      "std": 0.0002566498659104769,
      "p95": 0.0010270999991917051,
      "p99": 0.0010270999991917051
    },
    "iter": {
      "count": 10,
      "min": 0.018199200003437,
      "max": 0.05640029999995022,
      "mean": 0.025973280000835076,
      "std": 0.011869636052273688,
      "p95": 0.035874799999874085,
      "p99": 0.035874799999874085
    },
    "grad_norm": {
      "count": 10,
      "min": 0.999041736125946,
      "max": 1.8739198446273804,
      "mean": 1.3998421847820282,
      "std": 0.2534943829801438,
      "p95": 1.6518505811691284,
      "p99": 1.6518505811691284
    },
    "loss": {
      "count": 10,
      "min": 2.1903295516967773,
      "max": 2.414867877960205,
      "mean": 2.3244566917419434,
      "std": 0.06546866133444948,
      "p95": 2.400374174118042,
      "p99": 2.400374174118042
    }
  },
  "trajectories": {
    "compute_times": [
      0.021618900002067676,
      0.010510799998883158,
      0.009607500000129221,
      0.011134899999888148,
      0.011343300000589807,
      0.011325100000249222,
      0.010817900001711678,
      0.010446000000229105,
      0.01074000000153319,
      0.01234180000028573
    ],
    "sync_times": [
      0.010066000002552755,
      0.04507089999970049,
      0.025415899999643443,
      0.007844400002795737,
      0.0072163999975600746,
      0.007332600001973333,
      0.006676299999526236,
      0.006774600002245279,
      0.006900899999891408,
      0.0065297999972244725
    ],
    "optim_times": [
      0.0017511000005470123,
      0.0008186000013665762,
      0.000851400000101421,
      0.0009193000005325302,
      0.0009231000003637746,
      0.0010270999991917051,
      0.0009735999992699362,
      0.000978600000962615,
      0.0008975999990070704,
      0.00087839999832795
    ],
    "iter_times": [
      0.03343600000516744,
      0.05640029999995022,
      0.035874799999874085,
      0.019898600003216416,
      0.019482799998513656,
      0.01968480000141426,
      0.01846780000050785,
      0.018199200003437,
      0.018538500000431668,
      0.019749999995838152
    ],
    "grad_norms": [
      1.179168939590454,
      0.999041736125946,
      1.1048320531845093,
      1.6224230527877808,
      1.4257936477661133,
      1.4341139793395996,
      1.3876078128814697,
      1.6518505811691284,
      1.3196702003479004,
      1.8739198446273804
    ],
    "losses": [
      2.414867877960205,
      2.347254753112793,
      2.3415958881378174,
      2.400374174118042,
      2.3142735958099365,
      2.1903295516967773,
      2.309460401535034,
      2.3418521881103516,
      2.2313766479492188,
      2.353181838989258
    ],
    "bytes_transferred": [
      208552,
      208552,
      208552,
      208552,
      208552,
      208552,
      208552,
      208552,
      208552,
      208552
    ],
    "epochs": [
      0,
      0,
      0,
      0,
      0,
      0,
      0,
      0,
      0,
      0
    ],
    "steps": [
      0,
      1,
      2,
      3,
      4,
      5,
      6,
      7,
      8,
      9
    ]
  }
}