{
  "rank": 1,
  "world_size": 4,
  "num_steps": 10,
  "statistics": {
    "compute": {
      "count": 10,
      "min": 0.009365399997477653,
      "max": 0.02006469999832916,
      "mean": 0.011320949999208097,
      "std": 0.0029610168403382585,
      "p95": 0.01142489999983809,
      "p99": 0.01142489999983809
    },
    "sync": {
      "count": 10,
      "min": 0.005856700001459103,
      "max": 0.06689580000238493,
      "mean": 0.01897999000029813,
      "std": 0.019938570898591395,
      "p95": 0.04562259999875096,
      "p99": 0.04562259999875096
    },
    "optim": {
      "count": 10,
      "min": 0.000874699999258155,
      "max": 0.0016560000003664754,
      "mean": 0.0011089099996752338,
      "std": 0.00024382930256368278,
      "p95": 0.001432999997632578,
      "p99": 0.001432999997632578
    },
    "iter": {
      "count": 10,
      "min": 0.016634900002827635,
      "max": 0.08839349999834667,
      "mean": 0.03140984999918146,
      "std": 0.022359959908881073,
      "p95": 0.056958100001793355,
      "p99": 0.056958100001793355
    },
    "grad_norm": {
      "count": 10,
      "min": 0.999041736125946,
      "max": 1.8739198446273804,
      "mean": 1.3998421847820282,
      "std": 0.2534943829801438,
      "p95": 1.6518505811691284,
      "p99": 1.6518505811691284
    },
    "loss": {
      "count": 10,
      "min": 2.2020206451416016,
      "max": 2.381258964538574,
      "mean": 2.2885687351226807,
      "std": 0.050889606311860625,
      "p95": 2.344151496887207,
      "p99": 2.344151496887207
    }
  },
  "trajectories": {
    "compute_times": [
      0.02006469999832916,
      0.01039870000022347,
      0.009365399997477653,
      0.010840799997822614,
      0.010095099998579826,
      0.01051499999812222,
      0.010122200001205783,
      0.009903500002110377,
      0.010479199998371769,
      0.01142489999983809
    ],
    "sync_times": [
      0.06689580000238493,
      0.04562259999875096,
      0.025052900000446243,
      0.008338999999978114,
      0.007927900001959642,
      0.007672199997614371,
      0.007826600001862971,
      0.005856700001459103,
      0.007669499998883111,
      0.00693669999964186
    ],
    "optim_times": [
      0.001432999997632578,
      0.0009368000028189272,
      0.0011868000001413748,
      0.0010742999984358903,
      0.0009614000009605661,
      0.0008766999999352265,
      0.0016560000003664754,
      0.000874699999258155,
      0.00112989999979618,
      0.0009594999974069651
    ],
    "iter_times": [
      0.08839349999834667,
      0.056958100001793355,
      0.03560509999806527,
      0.02025409999623662,
      0.018984400001500035,
      0.019063899995671818,
      0.01960480000343523,
      0.016634900002827635,
      0.01927859999705106,
      0.019321099996886915
    ],
    "grad_norms": [
      1.179168939590454,
      0.999041736125946,
      1.1048320531845093,
      1.6224230527877808,
      1.4257936477661133,
      1.4341139793395996,
      1.3876078128814697,
      1.6518505811691284,
      1.3196702003479004,
      1.8739198446273804
    ],
    "losses": [
      2.381258964538574,
      2.219104290008545,
      2.344151496887207,
      2.3102779388427734,
      2.289883613586426,
      2.2532546520233154,
      2.2896549701690674,
      2.2979698181152344,
      2.2020206451416016,
      2.2981109619140625
    ],
    "bytes_transferred": [
      208552,
      208552,
      208552,
      208552,
      208552,
      208552,
      208552,
      208552,
      208552,
      208552
    ],
    "epochs": [
      0,
      0,
      0,
      0,
      0,
      0,
      0,
      0,
      0,
      0
    ],
    "steps": [
      0,
      1,
      2,
      3,
      4,
      5,
      6,
      7,
      8,
      9
    ]
  }
}