{
  "rank": 0,
  "world_size": 3,
  "num_steps": 50,
  "statistics": {
    "compute": {
      "count": 50,
      "min": 0.006716200000482786,
      "max": 0.185888399999385,
      "mean": 0.01126648600000408,
      "std": 0.024955894658182744,
      "p95": 0.009244200000466662,
      "p99": 0.009851499999967928
    },
    "sync": {
      "count": 50,
      "min": 0.0019240999999965425,
      "max": 0.022983400000157417,
      "mean": 0.0030158420000043406,
      "std": 0.0030530326457757096,
      "p95": 0.003607700000429759,
      "p99": 0.009860099999968952
    },
    "optim": {
      "count": 50,
      "min": 0.00037090000023454195,
      "max": 0.005527299999812385,
      "mean": 0.0005754219999471389,
      "std": 0.0007180513957097455,
      "p95": 0.0006543999998029904,
      "p99": 0.0012040999999953783
    },
    "iter": {
      "count": 50,
      "min": 0.00911390000146639,
      "max": 0.2143990999993548,
      "mean": 0.01485774999995556,
      "std": 0.028550566857998887,
      "p95": 0.012406900000314636,
      "p99": 0.02034639999965293
    },
    "grad_norm": {
      "count": 50,
      "min": 0.11774709820747375,
      "max": 0.3400825262069702,
      "mean": 0.19848765239119529,
      "std": 0.05325601417607439,
      "p95": 0.2808981239795685,
      "p99": 0.31827449798583984
    },
    "loss": {
      "count": 50,
      "min": 1.5828641653060913,
      "max": 1.638553261756897,
      "mean": 1.6093681979179382,
      "std": 0.012240955099397328,
      "p95": 1.623810887336731,
      "p99": 1.6329443454742432
    }
  },
  "trajectories": {
    "compute_times": [
      0.185888399999385,
      0.009244200000466662,
      0.007432600000356615,
      0.008089099999779137,
      0.009851499999967928,
      0.008611299999756739,
      0.00772069999948144,
      0.008289999999760767,
      0.008106799999950454,
      0.007692799999858835,
      0.00814870000067458,
      0.007988899999872956,
      0.006943400000636757,
      0.007846999999856052,
      0.007982000000083644,
      0.007309699999495933,
      0.007769100000587059,
      0.007171500000367814,
      0.007146699999793782,
      0.00787650000074791,
      0.006720299999869894,
      0.007838399999855028,
      0.007684700000027078,
      0.006731400000717258,
      0.007906499999990046,
      0.006880099999762024,
      0.007537700000284531,
      0.008392599999751837,
      0.0077639999999519205,
      0.007580200000120385,
      0.00825780000013765,
      0.007683599999836588,
      0.006813500000134809,
      0.007995800000571762,
      0.00772309999956633,
      0.007030300000224088,
      0.006742399999893678,
      0.007108400000106485,
      0.007670799999687006,
      0.0068745999997190665,
      0.007669800000257965,
      0.007695199999943725,
      0.006890399999974761,
      0.007401799999570358,
      0.006716200000482786,
      0.00784269999985554,
      0.0076524999994944665,
      0.00696070000049076,
      0.009831899999880989,
      0.00861599999916507
    ],
    "sync_times": [
      0.022983400000157417,
      0.0026139000001421664,
      0.0036952000000383123,
      0.00293599999986327,
      0.0023624000004929258,
      0.0028393000002324698,
      0.0021669000007022987,
      0.003607700000429759,
      0.002382499999839638,
      0.0023237999994307756,
      0.002323900000192225,
      0.002424100000098406,
      0.0024161999999705586,
      0.002383199999712815,
      0.0030450000003838795,
      0.0019654999996419065,
      0.002797600000121747,
      0.002514099999643804,
      0.001943100000062259,
      0.0023055999999996857,
      0.0028399000002536923,
      0.002317100000254868,
      0.002412400000139314,
      0.001996800000597432,
      0.0023462999997718725,
      0.0023971000000528875,
      0.0023629999996046536,
      0.002360600000429258,
      0.0026155999994443846,
      0.0024108999996315106,
      0.0023572000000058324,
      0.002289600000040082,
      0.0024353999997401843,
      0.002654699999766308,
      0.002350700000533834,
      0.0024624999996376573,
      0.0024812999999994645,
      0.0021796000000904314,
      0.002236399999674177,
      0.0019240999999965425,
      0.002541699999710545,
      0.0024892999999792664,
      0.002158399999643734,
      0.0023951000002853107,
      0.0022129999997559935,
      0.002530599999772676,
      0.0024276000003737863,
      0.002301600000464532,
      0.009860099999968952,
      0.0024140999994415324
    ],
    "optim_times": [
      0.005527299999812385,
      0.0005142999998497544,
      0.0005264000001261593,
      0.0012040999999953783,
      0.00045339999996940605,
      0.000488499999846681,
      0.00046180000026652124,
      0.0005092000001241104,
      0.00047559999984514434,
      0.00045790000058332225,
      0.00042529999973339727,
      0.0004214000000501983,
      0.0007182999997894512,
      0.00045529999988502823,
      0.0004408999993756879,
      0.00037090000023454195,
      0.00046150000071065733,
      0.0004959999996572151,
      0.0003946999995605438,
      0.000444499999503023,
      0.0006225999995876919,
      0.000410800000281597,
      0.0004000999997515464,
      0.0003857000001517008,
      0.0004177999999228632,
      0.0004383000004963833,
      0.0004802999992534751,
      0.0005154999998921994,
      0.00045839999984309543,
      0.000430400000368536,
      0.00047339999946416356,
      0.0005189999992580852,
      0.0004051000005347305,
      0.0005164999993212405,
      0.0004580000004352769,
      0.00042829999983950984,
      0.00046520000068994705,
      0.0004199999993943493,
      0.0004733000005217036,
      0.0003785999997489853,
      0.0004119000004720874,
      0.00043709999954444356,
      0.0004300999999031774,
      0.0003873000005114591,
      0.000452400000540365,
      0.0004368999998405343,
      0.00039909999941301066,
      0.00040219999937107787,
      0.0006543999998029904,
      0.00041510000028210925
    ],
    "iter_times": [
      0.2143990999993548,
      0.012372400000458583,
      0.011654200000521087,
      0.012229199999637785,
      0.01266730000043026,
      0.01193909999983589,
      0.01034940000045026,
      0.012406900000314636,
      0.010964899999635236,
      0.010474499999872933,
      0.010897900000600202,
      0.01083440000002156,
      0.010077900000396767,
      0.010685499999453896,
      0.011467899999843212,
      0.009646099999372382,
      0.011028200001419464,
      0.010181599999668833,
      0.009484499999416585,
      0.010626600000250619,
      0.010182799999711278,
      0.010566300000391493,
      0.010497199999917939,
      0.00911390000146639,
      0.010670599999684782,
      0.009715500000311295,
      0.01038099999914266,
      0.011268700000073295,
      0.0108379999992394,
      0.010421500000120432,
      0.011088399999607645,
      0.010492199999134755,
      0.009654000000409724,
      0.01116699999965931,
      0.01053180000053544,
      0.009921099999701255,
      0.00968890000058309,
      0.009707999999591266,
      0.010380499999882886,
      0.009177299999464594,
      0.010623400000440597,
      0.010621599999467435,
      0.009478899999521673,
      0.010184200000367127,
      0.009381600000779144,
      0.01081019999946875,
      0.010479199999281263,
      0.00966450000032637,
      0.02034639999965293,
      0.011445199998888711
    ],