{
  "rank": 7,
  "world_size": 8,
  "num_steps": 10,
  "statistics": {
    "compute": {
      "count": 10,
      "min": 0.0436524000033387,
      "max": 0.13117610000335844,
      "mean": 0.0825428300006024,
      "std": 0.03392782004296513,
      "p95": 0.1291170999975293,
      "p99": 0.1291170999975293
    },
    "sync": {
      "count": 10,
      "min": 0.0049377999966964126,
      "max": 0.3168154000013601,
      "mean": 0.04404386999958661,
      "std": 0.09106403100135184,
      "p95": 0.020120900000620168,
      "p99": 0.020120900000620168
    },
    "optim": {
      "count": 10,
      "min": 0.0006568999961018562,
      "max": 0.0011863999970955774,
      "mean": 0.000797549998969771,
      "std": 0.0001575366945859169,
      "p95": 0.0009346999941044487,
      "p99": 0.0009346999941044487
    },
    "iter": {
      "count": 10,
      "min": 0.057569400007196236,
      "max": 0.4464371999929426,
      "mean": 0.1273842499991588,
      "std": 0.11088265542225337,
      "p95": 0.15173130000039237,
      "p99": 0.15173130000039237
    },
    "grad_norm": {
      "count": 10,
      "min": 0.020968575030565262,
      "max": 0.07141382247209549,
      "mean": 0.04842514432966709,
      "std": 0.01605949237245818,
      "p95": 0.06955880671739578,
      "p99": 0.06955880671739578
    },
    "loss": {
      "count": 10,
      "min": 1.6048873662948608,
      "max": 1.6234780550003052,
      "mean": 1.6138124227523805,
      "std": 0.005329422154112453,
      "p95": 1.6198697090148926,
      "p99": 1.6198697090148926
    }
  },
  "trajectories": {
    "compute_times": [
      0.12843539999448694,
      0.1291170999975293,
      0.13117610000335844,
      0.0436524000033387,
      0.0827355000001262,
      0.04873029999725986,
      0.08421159999852534,
      0.07823740000458201,
      0.05260460000135936,
      0.04652790000545792
    ],
    "sync_times": [
      0.3168154000013601,
      0.014806099999987055,
      0.01974809999956051,
      0.020120900000620168,
      0.0049377999966964126,
      0.019783199997618794,
      0.011854299998958595,
      0.015081199999258388,
      0.006925300003786106,
      0.010366399998019915
    ],
    "optim_times": [
      0.0011863999970955774,
      0.0007428000026266091,
      0.000807099997473415,
      0.0008858000001055188,
      0.0006925999987288378,
      0.0006568999961018562,
      0.0006715999988955446,
      0.0009346999941044487,
      0.0007225000008475035,
      0.0006751000037183985
    ],
    "iter_times": [
      0.4464371999929426,
      0.14466600000014296,
      0.15173130000039237,
      0.06465910000406438,
      0.08836589999555144,
      0.06917039999098051,
      0.09673749999637948,
      0.09425329999794485,
      0.06025240000599297,
      0.057569400007196236
    ],
    "grad_norms": [
      0.06955880671739578,
      0.07141382247209549,
      0.051299627870321274,
      0.05896369367837906,
      0.04386894404888153,
      0.05538027733564377,
      0.05140511319041252,
      0.020968575030565262,
      0.027222275733947754,
      0.03417030721902847
    ],
    "losses": [
      1.6135461330413818,
      1.6234780550003052,
      1.6097524166107178,
      1.6106384992599487,
      1.6198697090148926,
      1.6151371002197266,
      1.6083073616027832,
      1.6149035692214966,
      1.6176040172576904,
      1.6048873662948608
    ],
    "bytes_transferred": [
      27188,
      27188,
      27188,
      27188,
      27188,
      27188,
      27188,
      27188,
      27188,
      27188
    ],
    "epochs": [
      0,
      0,
      0,
      0,
      0,
      0,
      0,
      0,
      0,
      0
    ],
    "steps": [
      0,
      1,
      2,
      3,
      4,
      5,
      6,
      7,
      8,
      9
    ]
  }
}