{
  "rank": 2,
  "world_size": 3,
  "num_steps": 50,
  "statistics": {
    "compute": {
      "count": 50,
      "min": 0.0034420000156387687,
      "max": 0.09080419997917488,
      "mean": 0.005965662009548396,
      "std": 0.01214808405236638,
      "p95": 0.006348499970044941,
      "p99": 0.007422700000461191
    },
    "sync": {
      "count": 50,
      "min": 0.004713199974503368,
      "max": 0.028659300005529076,
      "mean": 0.009428803999908269,
      "std": 0.004990256355653317,
      "p95": 0.01759409997612238,
      "p99": 0.02269650000380352
    },
    "optim": {
      "count": 50,
      "min": 0.00043539999751374125,
      "max": 0.005537499964702874,
      "mean": 0.0007624279987066984,
      "std": 0.0007803625945911939,
      "p95": 0.0014470999594777822,
      "p99": 0.0026070000021718442
    },
    "iter": {
      "count": 50,
      "min": 0.00908069999422878,
      "max": 0.12500099994940683,
      "mean": 0.016156894008163364,
      "std": 0.016168516497160657,
      "p95": 0.026340500044170767,
      "p99": 0.027576500026043504
    },
    "grad_norm": {
      "count": 50,
      "min": 0.5109533667564392,
      "max": 0.5670058131217957,
      "mean": 0.5418451726436615,
      "std": 0.0129735955137156,
      "p95": 0.5609617829322815,
      "p99": 0.5632548928260803
    },
    "loss": {
      "count": 50,
      "min": 2.2561657428741455,
      "max": 2.3595471382141113,
      "mean": 2.306237373352051,
      "std": 0.022214995121717186,
      "p95": 2.3347020149230957,
      "p99": 2.3367340564727783
    }
  },
  "trajectories": {
    "compute_times": [
      0.09080419997917488,
      0.004291099961847067,
      0.0038548000156879425,
      0.00529230001848191,
      0.00471900001866743,
      0.0037459000013768673,
      0.004409999994095415,
      0.003652699990198016,
      0.0036548000061884522,
      0.0034420000156387687,
      0.0042492999928072095,
      0.006866100011393428,
      0.0036970999790355563,
      0.0040012000245042145,
      0.003996699990238994,
      0.003578700008802116,
      0.003968699951656163,
      0.0045473999925889075,
      0.004470700048841536,
      0.00385520001873374,
      0.003473200020380318,
      0.003844899998512119,
      0.004306500020902604,
      0.004447100043762475,
      0.0035380999906919897,
      0.0041952000465244055,
      0.0035782000049948692,
      0.0037661000387743115,
      0.007422700000461191,
      0.004065400047693402,
      0.0039015000220388174,
      0.0037788000190630555,
      0.0037604999961331487,
      0.00421220000134781,
      0.0040914000128395855,
      0.004454500041902065,
      0.004537199973128736,
      0.0037308000028133392,
      0.0039243000210262835,
      0.0041464000241830945,
      0.0034653000184334815,
      0.0034901000326499343,
      0.003672500024549663,
      0.003770400013308972,
      0.0037540000048466027,
      0.006348499970044941,
      0.00474399997619912,
      0.005738000036217272,
      0.003840200020931661,
      0.00518720003310591
    ],
    "sync_times": [
      0.028659300005529076,
      0.007292599999345839,
      0.006207600003108382,
      0.013007400033529848,
      0.007446999952662736,
      0.007092699990607798,
      0.02269650000380352,
      0.004950700036715716,
      0.01115649996791035,
      0.011355099966749549,
      0.02163600001949817,
      0.01368539995746687,
      0.006194799963850528,
      0.006758300005458295,
      0.005916399997659028,
      0.011276700010057539,
      0.006058100028894842,
      0.008061499975156039,
      0.005988100019749254,
      0.00606270000571385,
      0.015575799974612892,
      0.0057277000159956515,
      0.00604210002347827,
      0.0059371000388637185,
      0.006883999973069876,
      0.01363390003098175,
      0.006275499996263534,
      0.005795200006105006,
      0.007376299996394664,
      0.007489200041163713,
      0.006825399992521852,
      0.014345100033096969,
      0.005781999963801354,
      0.008247199992183596,
      0.010178500029724091,
      0.006055800011381507,
      0.005427900003269315,
      0.0067814000067301095,
      0.008567599987145513,
      0.004713199974503368,
      0.014506099978461862,
      0.011688099999446422,
      0.005984799994621426,
      0.007952500018291175,
      0.009472400008235127,
      0.01759409997612238,
      0.005899599986150861,
      0.0063858000212349,
      0.014822299999650568,
      0.007970199978444725
    ],
    "optim_times": [
      0.005537499964702874,
      0.0005776999751105905,
      0.0005046000005677342,
      0.0005720999906770885,
      0.0005088999751023948,
      0.0006200000061653554,
      0.0004700000281445682,
      0.000477299967315048,
      0.0004894999437965453,
      0.0005268999957479537,
      0.00045520003186538815,
      0.0005036999937146902,
      0.0006283000111579895,
      0.0005867000436410308,
      0.00047769997036084533,
      0.0005477000377140939,
      0.0014470999594777822,
      0.000514600018505007,
      0.0005725000519305468,
      0.0005254999850876629,
      0.0005424999981187284,
      0.0006251999875530601,
      0.000604800006840378,
      0.00044920004438608885,
      0.0005249999812804163,
      0.000561599968932569,
      0.0005058000097051263,
      0.0005545000312849879,
      0.0005410999874584377,
      0.0010207000304944813,
      0.0004658999969251454,
      0.00044739997247233987,
      0.0005903999553993344,
      0.0005228000227361917,
      0.001422500004991889,
      0.0005308000254444778,
      0.0005922999698668718,
      0.0004847000236622989,
      0.000571400043554604,
      0.00047199998516589403,
      0.00043539999751374125,
      0.0005030000465922058,
      0.0005575999966822565,
      0.000561899971216917,
      0.0006120000034570694,
      0.0026070000021718442,
      0.00166229996830225,
      0.000582000007852912,
      0.0009194999583996832,
      0.0011065999860875309
    ],
    "iter_times": [
      0.12500099994940683,
      0.012161399936303496,
      0.010567000019364059,
      0.018871800042688847,
      0.01267489994643256,
      0.01145859999815002,
      0.027576500026043504,
      0.00908069999422878,
      0.015300799917895347,
      0.015323999978136271,
      0.026340500044170767,
      0.02105519996257499,
      0.010520199954044074,
      0.01134620007360354,
      0.010390799958258867,
      0.015403100056573749,
      0.011473899940028787,
      0.013123499986249954,
      0.011031300120521337,
      0.010443400009535253,
      0.019591499993111938,
      0.01019780000206083,
      0.010953400051221251,
      0.010833400127012283,
      0.010947099945042282,
      0.018390700046438724,
      0.01035950001096353,
      0.010115800076164305,
      0.015340099984314293,
      0.012575300119351596,
      0.011192800011485815,
      0.018571300024632365,
      0.010132899915333837,
      0.012982200016267598,
      0.015692400047555566,
      0.01104110007872805,
      0.010557399946264923,
      0.010996900033205748,
      0.0130633000517264,
      0.009331599983852357,
      0.018406799994409084,
      0.015681200078688562,
      0.010214900015853345,
      0.012284800002817065,
      0.013838400016538799,
      0.026549599948339164,
      0.012305899930652231,
      0.012705800065305084,
      0.019581999978981912,
      0.014263999997638166
    ],