{
  "rank": 5,
  "world_size": 8,
  "num_steps": 10,
  "statistics": {
    "compute": {
      "count": 10,
      "min": 0.04156090000469703,
      "max": 0.1485474000000977,
      "mean": 0.08364406000109739,
      "std": 0.037143080698907725,
      "p95": 0.130966199998511,
      "p99": 0.130966199998511
    },
    "sync": {
      "count": 10,
      "min": 0.008371600000828039,
      "max": 0.3159410000007483,
      "mean": 0.04334133000011207,
      "std": 0.09094402726893581,
      "p95": 0.019717700000910554,
      "p99": 0.019717700000910554
    },
    "optim": {
      "count": 10,
      "min": 0.000650199996016454,
      "max": 0.0013842999978805892,
      "mean": 0.0007924499986984301,
      "std": 0.00020167081725029864,
      "p95": 0.0008192000022972934,
      "p99": 0.0008192000022972934
    },
    "iter": {
      "count": 10,
      "min": 0.05616539999755332,
      "max": 0.4658726999987266,
      "mean": 0.12777783999990788,
      "std": 0.11729718126137063,
      "p95": 0.151334099995438,
      "p99": 0.151334099995438
    },
    "grad_norm": {
      "count": 10,
      "min": 0.020968575030565262,
      "max": 0.07141382247209549,
      "mean": 0.04842514432966709,
      "std": 0.01605949237245818,
      "p95": 0.06955880671739578,
      "p99": 0.06955880671739578
    },
    "loss": {
      "count": 10,
      "min": 1.5993914604187012,
      "max": 1.6204861402511597,
      "mean": 1.609789216518402,
      "std": 0.006609207157164472,
      "p95": 1.6164566278457642,
      "p99": 1.6164566278457642
    }
  },
  "trajectories": {
    "compute_times": [
      0.1485474000000977,
      0.1244862000021385,
      0.130966199998511,
      0.04156090000469703,
      0.08108240000001388,
      0.046390199997404125,
      0.08086560000083409,
      0.08521230000042124,
      0.05383580000489019,
      0.043493600001966115
    ],
    "sync_times": [
      0.3159410000007483,
      0.01797880000231089,
      0.019717700000910554,
      0.0151045000020531,
      0.008371600000828039,
      0.011372199995093979,
      0.015403400000650436,
      0.008728000000701286,
      0.008834200001729187,
      0.011961899996094871
    ],
    "optim_times": [
      0.0013842999978805892,
      0.0008192000022972934,
      0.000650199996016454,
      0.0007572000031359494,
      0.0006966000000829808,
      0.0007286999971256591,
      0.0007379000016953796,
      0.0007006999949226156,
      0.0007397999943350442,
      0.0007098999994923361
    ],
    "iter_times": [
      0.4658726999987266,
      0.1432842000067467,
      0.151334099995438,
      0.05742260000988608,
      0.0901506000009249,
      0.05849109998962376,
      0.09700690000317991,
      0.09464099999604514,
      0.06340980000095442,
      0.05616539999755332
    ],
    "grad_norms": [
      0.06955880671739578,
      0.07141382247209549,
      0.051299627870321274,
      0.05896369367837906,
      0.04386894404888153,
      0.05538027733564377,
      0.05140511319041252,
      0.020968575030565262,
      0.027222275733947754,
      0.03417030721902847
    ],
    "losses": [
      1.6003758907318115,
      1.616234540939331,
      1.6048413515090942,
      1.6102889776229858,
      1.609539270401001,
      1.6074340343475342,
      1.6204861402511597,
      1.5993914604187012,
      1.6128438711166382,
      1.6164566278457642
    ],
    "bytes_transferred": [
      27188,
      27188,
      27188,
      27188,
      27188,
      27188,
      27188,
      27188,
      27188,
      27188
    ],
    "epochs": [
      0,
      0,
      0,
      0,
      0,
      0,
      0,
      0,
      0,
      0
    ],
    "steps": [
      0,
      1,
      2,
      3,
      4,
      5,
      6,
      7,
      8,
      9
    ]
  }
}