{
  "rank": 4,
  "world_size": 8,
  "num_steps": 10,
  "statistics": {
    "compute": {
      "count": 10,
      "min": 0.04425650000484893,
      "max": 0.1437822000007145,
      "mean": 0.08232025999968755,
      "std": 0.03482146592127035,
      "p95": 0.13889219999691704,
      "p99": 0.13889219999691704
    },
    "sync": {
      "count": 10,
      "min": 0.007659100003365893,
      "max": 0.30674659999931464,
      "mean": 0.044092849999287864,
      "std": 0.08849582505981533,
      "p95": 0.05313330000353744,
      "p99": 0.05313330000353744
    },
    "optim": {
      "count": 10,
      "min": 0.0007464999944204465,
      "max": 0.0013775000043096952,
      "mean": 0.000871740000002319,
      "std": 0.00017834850970917964,
      "p95": 0.0009696999986772425,
      "p99": 0.0009696999986772425
    },
    "iter": {
      "count": 10,
      "min": 0.05382140000438085,
      "max": 0.45190630000433885,
      "mean": 0.12728484999897774,
      "std": 0.11349545053440781,
      "p95": 0.15193909999652533,
      "p99": 0.15193909999652533
    },
    "grad_norm": {
      "count": 10,
      "min": 0.020968575030565262,
      "max": 0.07141382247209549,
      "mean": 0.04842514432966709,
      "std": 0.01605949237245818,
      "p95": 0.06955880671739578,
      "p99": 0.06955880671739578
    },
    "loss": {
      "count": 10,
      "min": 1.5994503498077393,
      "max": 1.6185320615768433,
      "mean": 1.610058844089508,
      "std": 0.0065207291157465055,
      "p95": 1.6178631782531738,
      "p99": 1.6178631782531738
    }
  },
  "trajectories": {
    "compute_times": [
      0.1437822000007145,
      0.09597059999941848,
      0.13889219999691704,
      0.045828300004359335,
      0.08126679999986663,
      0.04558159999578493,
      0.08972450000146637,
      0.08339559999876656,
      0.05450429999473272,
      0.04425650000484893
    ],
    "sync_times": [
      0.30674659999931464,
      0.05313330000353744,
      0.012240999996720348,
      0.011098499999206979,
      0.007659100003365893,
      0.010709700000006706,
      0.01155099999596132,
      0.01066789999458706,
      0.008335500002431218,
      0.008785899997747038
    ],
    "optim_times": [
      0.0013775000043096952,
      0.0009696999986772425,
      0.0008059000028879382,
      0.0008161000005202368,
      0.0007616000002599321,
      0.000832600002468098,
      0.0007954999964567833,
      0.0007464999944204465,
      0.0008329999982379377,
      0.0007790000017848797
    ],
    "iter_times": [
      0.45190630000433885,
      0.15007360000163317,
      0.15193909999652533,
      0.05774290000408655,
      0.08968750000349246,
      0.05712389999825973,
      0.10207099999388447,
      0.09480999998777406,
      0.06367279999540187,
      0.05382140000438085
    ],
    "grad_norms": [
      0.06955880671739578,
      0.07141382247209549,
      0.051299627870321274,
      0.05896369367837906,
      0.04386894404888153,
      0.05538027733564377,
      0.05140511319041252,
      0.020968575030565262,
      0.027222275733947754,
      0.03417030721902847
    ],
    "losses": [
      1.6097321510314941,
      1.6119171380996704,
      1.6185320615768433,
      1.6178631782531738,
      1.606907606124878,
      1.6119297742843628,
      1.6172362565994263,
      1.5994503498077393,
      1.6070928573608398,
      1.5999270677566528
    ],
    "bytes_transferred": [
      27188,
      27188,
      27188,
      27188,
      27188,
      27188,
      27188,
      27188,
      27188,
      27188
    ],
    "epochs": [
      0,
      0,
      0,
      0,
      0,
      0,
      0,
      0,
      0,
      0
    ],
    "steps": [
      0,
      1,
      2,
      3,
      4,
      5,
      6,
      7,
      8,
      9
    ]
  }
}