{
  "rank": 1,
  "world_size": 3,
  "num_steps": 50,
  "statistics": {
    "compute": {
      "count": 50,
      "min": 0.00689079999938258,
      "max": 0.1859416000006604,
      "mean": 0.011494342000023607,
      "std": 0.024932363392818097,
      "p95": 0.00928120000025956,
      "p99": 0.010819200000696583
    },
    "sync": {
      "count": 50,
      "min": 0.001419999999598076,
      "max": 0.022919200000615092,
      "mean": 0.0027336040000227515,
      "std": 0.0031391835815654788,
      "p95": 0.0031819000005270937,
      "p99": 0.010290299999724084
    },
    "optim": {
      "count": 50,
      "min": 0.0004000999997515464,
      "max": 0.0055733999997755745,
      "mean": 0.0006049939999866183,
      "std": 0.0007260927305269792,
      "p95": 0.0005602999999609892,
      "p99": 0.001387100000101782
    },
    "iter": {
      "count": 50,
      "min": 0.009085299999242125,
      "max": 0.21443420000105107,
      "mean": 0.014832940000032976,
      "std": 0.028562847510836643,
      "p95": 0.012668000000303437,
      "p99": 0.02091070000005857
    },
    "grad_norm": {
      "count": 50,
      "min": 0.10225610435009003,
      "max": 0.3516606390476227,
      "mean": 0.20865126430988312,
      "std": 0.05740089892469379,
      "p95": 0.28936946392059326,
      "p99": 0.30067887902259827
    },
    "loss": {
      "count": 50,
      "min": 1.5954939126968384,
      "max": 1.6363977193832397,
      "mean": 1.6160210180282593,
      "std": 0.009733621596571077,
      "p95": 1.632459044456482,
      "p99": 1.6356126070022583
    }
  },
  "trajectories": {
    "compute_times": [
      0.1859416000006604,
      0.00928120000025956,
      0.0074799999993047095,
      0.008104800000182877,
      0.010819200000696583,
      0.00918900000033318,
      0.008453200000076322,
      0.00869330000023183,
      0.008403699999689707,
      0.008097300000372343,
      0.007719299999735085,
      0.00795509999989008,
      0.007382499999948777,
      0.007459999999809952,
      0.007905899999968824,
      0.007448000000294996,
      0.008862300000146206,
      0.007072700000207988,
      0.007307599999876402,
      0.007822800000212737,
      0.007128199999897333,
      0.00781619999997929,
      0.007848399999602407,
      0.00689079999938258,
      0.007274800000232062,
      0.006973799999286712,
      0.007854600000428036,
      0.00845019999997021,
      0.007783700000800309,
      0.007857900000090012,
      0.007765800000015588,
      0.007976099999723374,
      0.007516199999372475,
      0.00827930000014021,
      0.007910500000434695,
      0.00769029999992199,
      0.007617000000209373,
      0.007469200000741694,
      0.007219699999950535,
      0.007235899999614048,
      0.008628699999462697,
      0.007772099999783677,
      0.007759000000078231,
      0.0075754000008601,
      0.006933399999979883,
      0.008295599999655678,
      0.007856299999730254,
      0.007277499999872816,
      0.010078100000100676,
      0.008582899999964866
    ],
    "sync_times": [
      0.022919200000615092,
      0.0028989000002184184,
      0.0035514000001057866,
      0.0024440000006507034,
      0.0016597000003457651,
      0.0016119000001708628,
      0.002760100000159582,
      0.0016137000002345303,
      0.0025856000002022483,
      0.0015474000001631794,
      0.0022501999992528,
      0.002177000000301632,
      0.0025556000000506174,
      0.002983999999742082,
      0.0017302000005656737,
      0.0017321000004812959,
      0.0016335999998773332,
      0.002399399999376328,
      0.0019257000003563007,
      0.0020576999995682854,
      0.001791400000001886,
      0.00308119999954215,
      0.0024464000007355935,
      0.0017619000000195228,
      0.003121599999758473,
      0.0023083999994923943,
      0.0020600999996531755,
      0.0023295999999390915,
      0.0022318999999697553,
      0.0020828999995501363,
      0.0027007999997294974,
      0.0022527000000991393,
      0.0017490999998699408,
      0.0031819000005270937,
      0.0014673999994556652,
      0.0017595999997865874,
      0.0016775000003690366,
      0.0020770000000993605,
      0.0024401999999099644,
      0.0016918000001169275,
      0.001635300000089046,
      0.0021747999999206513,
      0.001419999999598076,
      0.001975700000002689,
      0.002371300000049814,
      0.0016767999995863647,
      0.0020774000004166737,
      0.0018692000003284193,
      0.010290299999724084,
      0.0019386000003578374
    ],
    "optim_times": [
      0.0055733999997755745,
      0.0004878999998254585,
      0.0005493999997270294,
      0.00041450000026088674,
      0.0005602999999609892,
      0.0005251000002317596,
      0.000473000000056345,
      0.0004961000004186644,
      0.0004616999995050719,
      0.0010228999999526422,
      0.0004951999999320833,
      0.00045529999988502823,
      0.00041059999966819305,
      0.001387100000101782,
      0.0005037000000811531,
      0.0005078000003777561,
      0.00043699999969248893,
      0.000555999999960477,
      0.0004312999999456224,
      0.0004939999998896383,
      0.0004777000003741705,
      0.0004293000001780456,
      0.0004729000002043904,
      0.00043259999984002206,
      0.00043569999979808927,
      0.0004763999995702761,
      0.0004606000002240762,
      0.000488700000460085,
      0.0005258999999568914,
      0.0004639999997380073,
      0.0004597999995894497,
      0.00046600000041507883,
      0.0004465000001800945,
      0.00043339999956515385,
      0.0004138000003877096,
      0.00045649999992747325,
      0.00045839999984309543,
      0.000404299999900104,
      0.000500399999509682,
      0.0004000999997515464,
      0.00046099999963189475,
      0.0005124999997860868,
      0.0004507000003286521,
      0.0005311999993864447,
      0.000514399999701709,
      0.0004403000002639601,
      0.0004561000005196547,
      0.0005270000001473818,
      0.0005423000002338085,
      0.00046890000066923676
    ],
    "iter_times": [
      0.21443420000105107,
      0.012668000000303437,
      0.011580799999137525,
      0.010963300001094467,
      0.013039200001003337,
      0.011326000000735803,
      0.011686300000292249,
      0.010803100000885024,
      0.011450999999397027,
      0.010667600000488164,
      0.010464699998919968,
      0.010587400000076741,
      0.010348699999667588,
      0.011831099999653816,
      0.01013980000061565,
      0.009687900001154048,
      0.010932899999716028,
      0.010028099999544793,
      0.009664600000178325,
      0.010374499999670661,
      0.00939730000027339,
      0.011326699999699485,
      0.01076770000054239,
      0.009085299999242125,
      0.010832099999788625,
      0.009758599998349382,
      0.010375300000305288,
      0.011268500000369386,
      0.010541500000726955,
      0.010404799999378156,
      0.010926399999334535,
      0.010694800000237592,
      0.00971179999942251,
      0.011894600000232458,
      0.00979170000027807,
      0.00990639999963605,
      0.009752900000421505,
      0.009950500000741158,
      0.010160299999370181,
      0.009327799999482522,
      0.010724999999183638,
      0.010459399999490415,
      0.00962970000000496,
      0.010082300000249234,
      0.009819099999731407,
      0.010412699999506003,
      0.010389800000666582,
      0.009673700000348617,
      0.02091070000005857,
      0.01099040000099194
    ],