{
  "rank": 1,
  "world_size": 3,
  "num_steps": 50,
  "statistics": {
    "compute": {
      "count": 50,
      "min": 0.0036737999762408435,
      "max": 0.09076250001089647,
      "mean": 0.006246789993019775,
      "std": 0.012097792806621255,
      "p95": 0.006177900009788573,
      "p99": 0.00812209997093305
    },
    "sync": {
      "count": 50,
      "min": 0.0039382000104524195,
      "max": 0.03215570002794266,
      "mean": 0.008825046004494652,
      "std": 0.0056892522594393195,
      "p95": 0.015398700023069978,
      "p99": 0.028734499996062368
    },
    "optim": {
      "count": 50,
      "min": 0.0004966999986208975,
      "max": 0.005533499992452562,
      "mean": 0.0009562560031190514,
      "std": 0.0008018937772957011,
      "p95": 0.002126600011251867,
      "p99": 0.002704300044570118
    },
    "iter": {
      "count": 50,
      "min": 0.008578800014220178,
      "max": 0.1250304999994114,
      "mean": 0.016028092000633477,
      "std": 0.016349195510368054,
      "p95": 0.024293600057717413,
      "p99": 0.036599399987608194
    },
    "grad_norm": {
      "count": 50,
      "min": 0.5109533667564392,
      "max": 0.5670058131217957,
      "mean": 0.5418451750278472,
      "std": 0.012973591426761725,
      "p95": 0.5609617829322815,
      "p99": 0.5632548928260803
    },
    "loss": {
      "count": 50,
      "min": 2.2704997062683105,
      "max": 2.374520778656006,
      "mean": 2.3165056467056275,
      "std": 0.021777862103163067,
      "p95": 2.343679904937744,
      "p99": 2.3502707481384277
    }
  },
  "trajectories": {
    "compute_times": [
      0.09076250001089647,
      0.004356899997219443,
      0.0046431999653577805,
      0.004278199980035424,
      0.00557819998357445,
      0.0042347999988123775,
      0.004820999980438501,
      0.004167000006418675,
      0.003954599960707128,
      0.0037532999995164573,
      0.00403869996080175,
      0.0036737999762408435,
      0.0042486999882385135,
      0.004364699998404831,
      0.004591899982187897,
      0.003964700037613511,
      0.004197900008875877,
      0.004588400013744831,
      0.004604199959430844,
      0.003818499972112477,
      0.004036300000734627,
      0.0038295999984256923,
      0.004944699991028756,
      0.004758500028401613,
      0.00442249997286126,
      0.004992100002709776,
      0.003908200014848262,
      0.003816199954599142,
      0.00812209997093305,
      0.004426999948918819,
      0.004296400002203882,
      0.006177900009788573,
      0.003948799974750727,
      0.004367500019725412,
      0.005118400033097714,
      0.004312499950174242,
      0.0047188999596983194,
      0.004357199999503791,
      0.0043043000041507185,
      0.004493100044783205,
      0.0037813999806530774,
      0.003809100016951561,
      0.0042072999640367925,
      0.0045069000334478915,
      0.004358400008641183,
      0.006190599990077317,
      0.004572100006043911,
      0.005220599996391684,
      0.004017099970951676,
      0.005682600021827966
    ],
    "sync_times": [
      0.028734499996062368,
      0.006499400013126433,
      0.0055939999874681234,
      0.011541399988345802,
      0.0056300999713130295,
      0.007253599993418902,
      0.0053810999961569905,
      0.021182000054977834,
      0.010626800009049475,
      0.010559300018940121,
      0.0055009000352583826,
      0.03215570002794266,
      0.004369699978269637,
      0.007578799966722727,
      0.005608299979940057,
      0.010202099976595491,
      0.005717899999581277,
      0.008328499970957637,
      0.005911000014748424,
      0.0039382000104524195,
      0.014978000021073967,
      0.005766800022684038,
      0.004627400019671768,
      0.005793199990876019,
      0.005595099995844066,
      0.012469600012991577,
      0.006252799998037517,
      0.005694699997548014,
      0.00602880003862083,
      0.00692360004177317,
      0.00642569997580722,
      0.0123744000447914,
      0.0052214000024832785,
      0.008046299975831062,
      0.011370199965313077,
      0.004887300019618124,
      0.004846600000746548,
      0.006261100003030151,
      0.007530100003350526,
      0.004494699998758733,
      0.013927899999544024,
      0.010804600024130195,
      0.004307900031562895,
      0.006685899978037924,
      0.007721000001765788,
      0.015398700023069978,
      0.009095999994315207,
      0.0040203999960795045,
      0.01470200001494959,
      0.0066868000430986285
    ],
    "optim_times": [
      0.005533499992452562,
      0.0006302000256255269,
      0.0009767000447027385,
      0.002126600011251867,
      0.001116700004786253,
      0.0007069999701343477,
      0.0005187999922782183,
      0.000624599982984364,
      0.0005477999802678823,
      0.0017034999909810722,
      0.0005077999667264521,
      0.0007698999834246933,
      0.0006719999946653843,
      0.0004966999986208975,
      0.000644999963697046,
      0.0007240999839268625,
      0.0005872000474482775,
      0.0006640000501647592,
      0.0022891999687999487,
      0.0008221000316552818,
      0.0005448000156320632,
      0.000907599984202534,
      0.0007636999944224954,
      0.0006769000319764018,
      0.0006511000101454556,
      0.0006059000152163208,
      0.0006318000378087163,
      0.0006757999653927982,
      0.0009028000058606267,
      0.0006652000010944903,
      0.0006155999726615846,
      0.0007274000090546906,
      0.0006173999863676727,
      0.0006332999910227954,
      0.0005288000102154911,
      0.0007651000050827861,
      0.0007766000344417989,
      0.0005491999909281731,
      0.0009000999853014946,
      0.000603299995418638,
      0.000597400008700788,
      0.0007294000242836773,
      0.0006333999917842448,
      0.0016417000442743301,
      0.0014005000120960176,
      0.002704300044570118,
      0.0013013000134378672,
      0.0007453999714925885,
      0.000783999974373728,
      0.0008696000440977514
    ],
    "iter_times": [
      0.1250304999994114,
      0.011486500035971403,
      0.011213899997528642,
      0.017946199979633093,
      0.012324999959673733,
      0.012195399962365627,
      0.01072089996887371,
      0.025973600044380873,
      0.015129199950024486,
      0.01601610000943765,
      0.010047399962786585,
      0.036599399987608194,
      0.009290399961173534,
      0.012440199963748455,
      0.010845199925825,
      0.014890899998135865,
      0.010503000055905432,
      0.013580900034867227,
      0.012804399942979217,
      0.008578800014220178,
      0.019559100037440658,
      0.010504000005312264,
      0.01033580000512302,
      0.011228600051254034,
      0.010668699978850782,
      0.018067600030917674,
      0.010792800050694495,
      0.010186699917539954,
      0.015053700015414506,
      0.01201579999178648,
      0.011337699950672686,
      0.019279700063634664,
      0.009787599963601679,
      0.01304709998657927,
      0.017017400008626282,
      0.009964899974875152,
      0.010342099994886667,
      0.011167499993462116,
      0.01273449999280274,
      0.009591100038960576,
      0.01830669998889789,
      0.015343100065365434,
      0.009148599987383932,
      0.012834500055760145,
      0.013479900022502989,
      0.024293600057717413,
      0.014969400013796985,
      0.009986399963963777,
      0.019503099960274994,
      0.013239000109024346
    ],