{
  "rank": 0,
  "world_size": 3,
  "num_steps": 50,
  "statistics": {
    "compute": {
      "count": 50,
      "min": 0.003573699970729649,
      "max": 0.09070250001968816,
      "mean": 0.006220007999800146,
      "std": 0.01211273728206151,
      "p95": 0.007090400031302124,
      "p99": 0.008594199956860393
    },
    "sync": {
      "count": 50,
      "min": 0.004629600036423653,
      "max": 0.02860819996567443,
      "mean": 0.009277462002355606,
      "std": 0.004907920233429001,
      "p95": 0.019770200015045702,
      "p99": 0.022226699977181852
    },
    "optim": {
      "count": 50,
      "min": 0.0004175999783910811,
      "max": 0.0050131999887526035,
      "mean": 0.0006745359965134412,
      "std": 0.0006381250930795573,
      "p95": 0.0008366999682039022,
      "p99": 0.00134830002207309
    },
    "iter": {
      "count": 50,
      "min": 0.009471999946981668,
      "max": 0.12432389997411519,
      "mean": 0.016172005998669192,
      "std": 0.016029865254029302,
      "p95": 0.02601089997915551,
      "p99": 0.0273516999441199
    },
    "grad_norm": {
      "count": 50,
      "min": 0.5109533667564392,
      "max": 0.5670058131217957,
      "mean": 0.5418451738357544,
      "std": 0.012973589654834515,
      "p95": 0.5609617829322815,
      "p99": 0.5632548928260803
    },
    "loss": {
      "count": 50,
      "min": 2.268826723098755,
      "max": 2.361504077911377,
      "mean": 2.3081766510009767,
      "std": 0.021254139967942884,
      "p95": 2.3466527462005615,
      "p99": 2.3474981784820557
    }
  },
  "trajectories": {
    "compute_times": [
      0.09070250001968816,
      0.003906600002665073,
      0.004473400011193007,
      0.004839200002606958,
      0.004906199988909066,
      0.0037658000364899635,
      0.0047073999885469675,
      0.004094999982044101,
      0.003716500010341406,
      0.0039425999857485294,
      0.004580200009513646,
      0.007199899991974235,
      0.003912699990905821,
      0.0038315000128932297,
      0.0048272000276483595,
      0.0036891999770887196,
      0.004494699998758733,
      0.004839400004129857,
      0.0037886000354774296,
      0.00364909996278584,
      0.003700300003401935,
      0.0043691000319086015,
      0.003927299985662103,
      0.003991100005805492,
      0.0038872999721206725,
      0.004532100050710142,
      0.0035841999924741685,
      0.004722699988633394,
      0.008594199956860393,
      0.0037650999729521573,
      0.004857400024775416,
      0.0037340999697335064,
      0.003851699992083013,
      0.004722799989394844,
      0.004098800010979176,
      0.0038915000041015446,
      0.004448799998499453,
      0.0038327000220306218,
      0.004048400034662336,
      0.004267400014214218,
      0.007090400031302124,
      0.003649400023277849,
      0.003573699970729649,
      0.003714699996635318,
      0.0037745999870821834,
      0.005210399976931512,
      0.0056668000179342926,
      0.006308699958026409,
      0.004958199977409095,
      0.0063587999902665615
    ],
    "sync_times": [
      0.02860819996567443,
      0.006793799984734505,
      0.011268500005826354,
      0.008237500034738332,
      0.007096400018781424,
      0.007405000040307641,
      0.022226699977181852,
      0.01113719999557361,
      0.010499300027731806,
      0.005044299992732704,
      0.020947499957401305,
      0.005310899985488504,
      0.014007899968419224,
      0.004963100014720112,
      0.012666399998124689,
      0.005254800023976713,
      0.007917299983091652,
      0.00604360003490001,
      0.00668510003015399,
      0.0061351999756880105,
      0.013881599996238947,
      0.0074619000079110265,
      0.0057891999604180455,
      0.005488099996000528,
      0.007553400006145239,
      0.004629600036423653,
      0.012884300027508289,
      0.005175700003746897,
      0.006954299984499812,
      0.005857000011019409,
      0.008149800007231534,
      0.006366299989167601,
      0.012376800004858524,
      0.00721539999358356,
      0.01367209997260943,
      0.005580400000326335,
      0.005734000005759299,
      0.009596900024916977,
      0.0054305000230669975,
      0.010455899988301098,
      0.010835999972186983,
      0.005385399970691651,
      0.006170600012410432,
      0.00799030001508072,
      0.009466400020755827,
      0.0067613000283017755,
      0.019770200015045702,
      0.012874200008809566,
      0.007064900011755526,
      0.009051900007762015
    ],
    "optim_times": [
      0.0050131999887526035,
      0.0006258999928832054,
      0.0008366999682039022,
      0.0005354000022634864,
      0.0004954999894835055,
      0.000519599998369813,
      0.0004175999783910811,
      0.0004534999607130885,
      0.0005541000282391906,
      0.00048509996850043535,
      0.00048320001224055886,
      0.0004993999609723687,
      0.0006017999839968979,
      0.00134830002207309,
      0.0005030000465922058,
      0.0005678999586962163,
      0.0006680000224150717,
      0.0005018999800086021,
      0.0005659000016748905,
      0.0004752000095322728,
      0.0006256999913603067,
      0.0004822000046260655,
      0.0005235000280663371,
      0.0007683999720029533,
      0.0004729999927803874,
      0.0005380999646149576,
      0.000764199998229742,
      0.0007941999938338995,
      0.0005248000379651785,
      0.0007652000058442354,
      0.0004903999506495893,
      0.0005705999792553484,
      0.0006233000312931836,
      0.0006517000147141516,
      0.0004453000146895647,
      0.00048670003889128566,
      0.0005049000028520823,
      0.0004959999932907522,
      0.0006447000196203589,
      0.0005440000095404685,
      0.0004953999887220562,
      0.0004794999840669334,
      0.00048149999929592013,
      0.0005430000019259751,
      0.000555399979930371,
      0.0006007999763824046,
      0.0006262999959290028,
      0.000901699997484684,
      0.0005273999995552003,
      0.0006476999842561781
    ],
    "iter_times": [
      0.12432389997411519,
      0.011326299980282784,
      0.016578599985223264,
      0.013612100039608777,
      0.012498099997173995,
      0.011690400075167418,
      0.0273516999441199,
      0.0156856999383308,
      0.014769900066312402,
      0.009471999946981668,
      0.02601089997915551,
      0.013010199938435107,
      0.018522399943321943,
      0.010142900049686432,
      0.017996600072365254,
      0.00951189995976165,
      0.013080000004265457,
      0.011384900019038469,
      0.01103960006730631,
      0.010259499948006123,
      0.01820759999100119,
      0.012313200044445693,
      0.010239999974146485,
      0.010247599973808974,
      0.011913699971046299,
      0.009699800051748753,
      0.0172327000182122,
      0.01069259998621419,
      0.016073299979325384,
      0.010387299989815801,
      0.013497599982656538,
      0.010670999938156456,
      0.01685180002823472,
      0.012589899997692555,
      0.01821619999827817,
      0.009958600043319166,
      0.010687700007110834,
      0.01392560004023835,
      0.010123600077349693,
      0.015267300012055784,
      0.018421799992211163,
      0.009514299978036433,
      0.010225799982436001,
      0.012248000013642013,
      0.013796399987768382,
      0.012572499981615692,
      0.026063300028908998,
      0.02008459996432066,
      0.012550499988719821,
      0.016058399982284755
    ],