{
  "rank": 2,
  "world_size": 3,
  "num_steps": 50,
  "statistics": {
    "compute": {
      "count": 50,
      "min": 0.0066142000005129375,
      "max": 0.1859617000000071,
      "mean": 0.011435988000102952,
      "std": 0.024980135388238803,
      "p95": 0.010018500000114727,
      "p99": 0.017152700000224286
    },
    "sync": {
      "count": 50,
      "min": 0.0019581000005928217,
      "max": 0.02294609999989916,
      "mean": 0.0028314920000411803,
      "std": 0.002896474329422876,
      "p95": 0.00313449999976001,
      "p99": 0.003375600000254053
    },
    "optim": {
      "count": 50,
      "min": 0.0003457000002526911,
      "max": 0.005548400000407128,
      "mean": 0.0005665020000742516,
      "std": 0.0007171822648897963,
      "p95": 0.0005394999998316052,
      "p99": 0.0009972000007110182
    },
    "iter": {
      "count": 50,
      "min": 0.009155500000815664,
      "max": 0.2144562000003134,
      "mean": 0.014833982000218383,
      "std": 0.028569538017491864,
      "p95": 0.012990399999580404,
      "p99": 0.02105200000005425
    },
    "grad_norm": {
      "count": 50,
      "min": 0.1132734939455986,
      "max": 0.3411954641342163,
      "mean": 0.20728151813149454,
      "std": 0.05183208572794079,
      "p95": 0.30268213152885437,
      "p99": 0.3234090209007263
    },
    "loss": {
      "count": 50,
      "min": 1.5878703594207764,
      "max": 1.646693229675293,
      "mean": 1.6127356791496277,
      "std": 0.012410317339979514,
      "p95": 1.6291568279266357,
      "p99": 1.640279769897461
    }
  },
  "trajectories": {
    "compute_times": [
      0.1859617000000071,
      0.010182600000007369,
      0.008776900000157184,
      0.0077925000005052425,
      0.010018500000114727,
      0.008439799999905517,
      0.007757899999887741,
      0.008701799999471405,
      0.008886000000529748,
      0.00692460000027495,
      0.0083266999999978,
      0.008086499999990338,
      0.006977500000175496,
      0.007350800000494928,
      0.008241600000474136,
      0.007115000000339933,
      0.008366300000488991,
      0.006913100000019767,
      0.007115399999747751,
      0.0075331999996706145,
      0.006951400000616559,
      0.007024600000477221,
      0.007828300000255695,
      0.006769200000235287,
      0.008415799999966111,
      0.00690630000008241,
      0.007717499999671418,
      0.00884429999950953,
      0.007665300000553543,
      0.007627299999512616,
      0.007424800000080722,
      0.007241000000249187,
      0.007022799999504059,
      0.008758400000260735,
      0.006880699999783246,
      0.007090500000231259,
      0.0066142000005129375,
      0.007462300000042887,
      0.007057799999529379,
      0.006851699999970151,
      0.007588200000100187,
      0.007623999999850639,
      0.006962500000554428,
      0.007384000000456581,
      0.0066933000007338705,
      0.007919599999695492,
      0.007668100000046252,
      0.0069813000000067404,
      0.017152700000224286,
      0.008203100000173436
    ],
    "sync_times": [
      0.02294609999989916,
      0.00230219999957626,
      0.0022435000000768923,
      0.0027815999992526486,
      0.0030962999999246676,
      0.0028437000000849366,
      0.0020051000001330976,
      0.0028982000003452413,
      0.002069199999823468,
      0.0026738000005934737,
      0.002035700000305951,
      0.0021962999999232125,
      0.0030876000000716886,
      0.0019703000007211813,
      0.002283200000420038,
      0.002213100000517443,
      0.002064299999801733,
      0.0027712000000974513,
      0.0020922999992762925,
      0.0023000999999567284,
      0.0021031999995102524,
      0.0033596000002944493,
      0.0021711999997933162,
      0.00202270000045246,
      0.001995800000258896,
      0.002438599999550206,
      0.002128600000105507,
      0.0021385000000009313,
      0.002368400000705151,
      0.0023837999997340376,
      0.00313449999976001,
      0.0026819000004252302,
      0.00239770000007411,
      0.0026867999995374703,
      0.002373000000261527,
      0.002372500000092259,
      0.002568300000348245,
      0.0020312000006015296,
      0.002822100000230421,
      0.0019581000005928217,
      0.0026975999999194755,
      0.002425599999696715,
      0.0022613999999521184,
      0.0023230999995575985,
      0.0021139999998922576,
      0.0024931999996624654,
      0.002393099999608239,
      0.0022423000000344473,
      0.003375600000254053,
      0.0022384000003512483
    ],
    "optim_times": [
      0.005548400000407128,
      0.0005055999999967753,
      0.00044940000043425243,
      0.0005284999997456907,
      0.00050809999993362,
      0.0009972000007110182,
      0.0004183999999440857,
      0.00044749999960913556,
      0.0005300000002534944,
      0.00048129999959201086,
      0.00045119999958842527,
      0.0004392000000734697,
      0.00045200000022305176,
      0.0005240999998932239,
      0.0004181000003882218,
      0.00043709999954444356,
      0.00041200000032404205,
      0.0004622000005838345,
      0.00047819999963394366,
      0.00041770000007090857,
      0.0005918999995628837,
      0.000457500000266009,
      0.0004195000001345761,
      0.0003848999995170743,
      0.0004179999996267725,
      0.0004569000002447865,
      0.00044179999986226903,
      0.0004747000002680579,
      0.00045420000060403254,
      0.0004772000002049026,
      0.0004589000000123633,
      0.0004198000005999347,
      0.00040300000000570435,
      0.0005242000006546732,
      0.00038469999981316505,
      0.000489699999889126,
      0.000438100000792474,
      0.0004274000002624234,
      0.00044379999962984584,
      0.0003457000002526911,
      0.000404500000513508,
      0.00043310000000928994,
      0.0004241999995429069,
      0.0004183000000921311,
      0.0005394999998316052,
      0.00044160000015835976,
      0.00043760000062320614,
      0.00044019999950251076,
      0.0005236999995759106,
      0.0004443000007086084
    ],
    "iter_times": [
      0.2144562000003134,
      0.012990399999580404,
      0.011469800000668329,
      0.011102599999503582,
      0.013622899999973015,
      0.012280700000701472,
      0.010181399999964924,
      0.012047499999425781,
      0.01148520000060671,
      0.010079700000460434,
      0.010813599999892176,
      0.01072199999998702,
      0.010517100000470236,
      0.009845200001109333,
      0.010942900001282396,
      0.009765200000401819,
      0.010842600000614766,
      0.010146500000701053,
      0.009685899998657987,
      0.010250999999698251,
      0.009646499999689695,
      0.01084170000103768,
      0.010419000000183587,
      0.009176800000204821,
      0.01082959999985178,
      0.009801799999877403,
      0.010287899999639194,
      0.01145749999977852,
      0.010487900001862727,
      0.010488299999451556,
      0.011018199999853096,
      0.010342700001274352,
      0.009823499999583873,
      0.011969400000452879,
      0.009638399999857938,
      0.009952700000212644,
      0.009620600001653656,
      0.00992090000090684,
      0.010323699999389646,
      0.009155500000815664,
      0.01069030000053317,
      0.010482699999556644,
      0.009648100000049453,
      0.01012540000010631,
      0.009346800000457733,
      0.010854399999516318,
      0.010498800000277697,
      0.009663799999543699,
      0.02105200000005425,
      0.010885800001233292
    ],