{
  "rank": 3,
  "world_size": 4,
  "num_steps": 10,
  "statistics": {
    "compute": {
      "count": 10,
      "min": 0.01871029999892926,
      "max": 0.07763920000070357,
      "mean": 0.02634121999981289,
      "std": 0.01724791545322063,
      "p95": 0.026670600000215927,
      "p99": 0.026670600000215927
    },
    "sync": {
      "count": 10,
      "min": 0.005691800000931835,
      "max": 0.5437896000003093,
      "mean": 0.06148872999983723,
      "std": 0.1607887560753128,
      "p95": 0.015197900000202935,
      "p99": 0.015197900000202935
    },
    "optim": {
      "count": 10,
      "min": 0.0006152999994810671,
      "max": 0.0010813000008056406,
      "mean": 0.0007226200003060512,
      "std": 0.00012704014185860595,
      "p95": 0.000756800000090152,
      "p99": 0.000756800000090152
    },
    "iter": {
      "count": 10,
      "min": 0.025669200000265846,
      "max": 0.6225101000018185,
      "mean": 0.08855256999995617,
      "std": 0.1780481320454926,
      "p95": 0.042625300000509014,
      "p99": 0.042625300000509014
    },
    "grad_norm": {
      "count": 10,
      "min": 0.03566880524158478,
      "max": 0.08148244768381119,
      "mean": 0.061031512543559076,
      "std": 0.013040471607164213,
      "p95": 0.07602803409099579,
      "p99": 0.07602803409099579
    },
    "loss": {
      "count": 10,
      "min": 1.5991765260696411,
      "max": 1.6202212572097778,
      "mean": 1.6120223879814148,
      "std": 0.006116959531953662,
      "p95": 1.6191909313201904,
      "p99": 1.6191909313201904
    }
  },
  "trajectories": {
    "compute_times": [
      0.07763920000070357,
      0.026670600000215927,
      0.022449199997936375,
      0.020780499999091262,
      0.019333500000357162,
      0.019595800000388408,
      0.019002000000909902,
      0.01942579999740701,
      0.01980530000219005,
      0.01871029999892926
    ],
    "sync_times": [
      0.5437896000003093,
      0.015197900000202935,
      0.0058833000002778135,
      0.007976199998665834,
      0.005691800000931835,
      0.008925999998609768,
      0.006483299999672454,
      0.006424100000003818,
      0.008212900000216905,
      0.006302199999481672
    ],
    "optim_times": [
      0.0010813000008056406,
      0.000756800000090152,
      0.0006248999998206273,
      0.0007297999982256442,
      0.0007126000018615741,
      0.0007011000016063917,
      0.0006152999994810671,
      0.0006936999998288229,
      0.0006539999994856771,
      0.0006567000018549152
    ],
    "iter_times": [
      0.6225101000018185,
      0.042625300000509014,
      0.028957399998034816,
      0.02948649999598274,
      0.02573790000315057,
      0.029222900000604568,
      0.026100600000063423,
      0.026543599997239653,
      0.028672200001892634,
      0.025669200000265846
    ],
    "grad_norms": [
      0.06758000701665878,
      0.07162687182426453,
      0.07602803409099579,
      0.08148244768381119,
      0.055389270186424255,
      0.058066222816705704,
      0.05173155665397644,
      0.0630204901099205,
      0.04972141981124878,
      0.03566880524158478
    ],
    "losses": [
      1.6165623664855957,
      1.6113089323043823,
      1.6202212572097778,
      1.6093250513076782,
      1.6139957904815674,
      1.6136562824249268,
      1.6045693159103394,
      1.6191909313201904,
      1.6122174263000488,
      1.5991765260696411
    ],
    "bytes_transferred": [
      27188,
      27188,
      27188,
      27188,
      27188,
      27188,
      27188,
      27188,
      27188,
      27188
    ],
    "epochs": [
      0,
      0,
      0,
      0,
      0,
      0,
      0,
      0,
      0,
      0
    ],
    "steps": [
      0,
      1,
      2,
      3,
      4,
      5,
      6,
      7,
      8,
      9
    ]
  }
}