{
  "rank": 0,
  "world_size": 4,
  "num_steps": 10,
  "statistics": {
    "compute": {
      "count": 10,
      "min": 0.018933699997432996,
      "max": 0.06217889999970794,
      "mean": 0.024700080000184244,
      "std": 0.012691929243743919,
      "p95": 0.02666959999987739,
      "p99": 0.02666959999987739
    },
    "sync": {
      "count": 10,
      "min": 0.005115199997817399,
      "max": 0.5720962999985204,
      "mean": 0.06438856999993732,
      "std": 0.1692587825698286,
      "p95": 0.01526930000181892,
      "p99": 0.01526930000181892
    },
    "optim": {
      "count": 10,
      "min": 0.0006189000014273915,
      "max": 0.0012261999982001726,
      "mean": 0.0007847599998058285,
      "std": 0.00017065386061673315,
      "p95": 0.0009038999996846542,
      "p99": 0.0009038999996846542
    },
    "iter": {
      "count": 10,
      "min": 0.025618299998313887,
      "max": 0.6355013999964285,
      "mean": 0.08987340999992739,
      "std": 0.18193883908324385,
      "p95": 0.042842800001380965,
      "p99": 0.042842800001380965
    },
    "grad_norm": {
      "count": 10,
      "min": 0.03566880524158478,
      "max": 0.08148244768381119,
      "mean": 0.061031512543559076,
      "std": 0.013040471607164213,
      "p95": 0.07602803409099579,
      "p99": 0.07602803409099579
    },
    "loss": {
      "count": 10,
      "min": 1.59779953956604,
      "max": 1.6227117776870728,
      "mean": 1.6118605852127075,
      "std": 0.006981142591543501,
      "p95": 1.6178094148635864,
      "p99": 1.6178094148635864
    }
  },
  "trajectories": {
    "compute_times": [
      0.06217889999970794,
      0.02666959999987739,
      0.022023500001523644,
      0.0205537000001641,
      0.019878800001606578,
      0.018933699997432996,
      0.019310300001961878,
      0.01905299999998533,
      0.019265200000518234,
      0.019134099999064347
    ],
    "sync_times": [
      0.5720962999985204,
      0.01526930000181892,
      0.006117500000982545,
      0.008349299998371862,
      0.005115199997817399,
      0.009621400000469293,
      0.005952600000455277,
      0.0070100000011734664,
      0.008488800001941854,
      0.005865299997822149
    ],
    "optim_times": [
      0.0012261999982001726,
      0.0009038999996846542,
      0.0007043000005069189,
      0.0008305999981530476,
      0.0007122999995772261,
      0.0007600999997521285,
      0.000619800001004478,
      0.0007998000000952743,
      0.0006716999996569939,
      0.0006189000014273915
    ],
    "iter_times": [
      0.6355013999964285,
      0.042842800001380965,
      0.028845300003013108,
      0.02973359999668901,
      0.025706299999001203,
      0.029315199997654418,
      0.025882700003421633,
      0.026862800001254072,
      0.028425700002117082,
      0.025618299998313887
    ],
    "grad_norms": [
      0.06758000701665878,
      0.07162687182426453,
      0.07602803409099579,
      0.08148244768381119,
      0.055389270186424255,
      0.058066222816705704,
      0.05173155665397644,
      0.0630204901099205,
      0.04972141981124878,
      0.03566880524158478
    ],
    "losses": [
      1.6086573600769043,
      1.6227117776870728,
      1.6178094148635864,
      1.6148592233657837,
      1.59779953956604,
      1.6144921779632568,
      1.6018719673156738,
      1.6138564348220825,
      1.6144107580184937,
      1.6121371984481812
    ],
    "bytes_transferred": [
      27188,
      27188,
      27188,
      27188,
      27188,
      27188,
      27188,
      27188,
      27188,
      27188
    ],
    "epochs": [
      0,
      0,
      0,
      0,
      0,
      0,
      0,
      0,
      0,
      0
    ],
    "steps": [
      0,
      1,
      2,
      3,
      4,
      5,
      6,
      7,
      8,
      9
    ]
  }
}