{
  "rank": 1,
  "world_size": 4,
  "num_steps": 10,
  "statistics": {
    "compute": {
      "count": 10,
      "min": 0.018919300000561634,
      "max": 0.08453249999729451,
      "mean": 0.028405920000295737,
      "std": 0.019287859342366567,
      "p95": 0.03573980000146548,
      "p99": 0.03573980000146548
    },
    "sync": {
      "count": 10,
      "min": 0.005280599998513935,
      "max": 0.06805589999930817,
      "mean": 0.012605640000401763,
      "std": 0.018497755966480445,
      "p95": 0.007890900000347756,
      "p99": 0.007890900000347756
    },
    "optim": {
      "count": 10,
      "min": 0.0005788000016764272,
      "max": 0.0012968999981239904,
      "mean": 0.0007660099992790493,
      "std": 0.00018570427753700485,
      "p95": 0.0007808999980625231,
      "p99": 0.0007808999980625231
    },
    "iter": {
      "count": 10,
      "min": 0.02570919999925536,
      "max": 0.15388529999472667,
      "mean": 0.041777569999976547,
      "std": 0.03763981248951287,
      "p95": 0.042329600000812206,
      "p99": 0.042329600000812206
    },
    "grad_norm": {
      "count": 10,
      "min": 0.03566880524158478,
      "max": 0.08148244768381119,
      "mean": 0.061031512543559076,
      "std": 0.013040471845551505,
      "p95": 0.07602803409099579,
      "p99": 0.07602803409099579
    },
    "loss": {
      "count": 10,
      "min": 1.5968812704086304,
      "max": 1.6201289892196655,
      "mean": 1.6107116222381592,
      "std": 0.007267670907143047,
      "p95": 1.6188209056854248,
      "p99": 1.6188209056854248
    }
  },
  "trajectories": {
    "compute_times": [
      0.08453249999729451,
      0.03573980000146548,
      0.02340629999889643,
      0.020888499999273336,
      0.020062900002812967,
      0.018919300000561634,
      0.019792800001596333,
      0.01966570000149659,
      0.020946199998434167,
      0.020105200001125922
    ],
    "sync_times": [
      0.06805589999930817,
      0.0058327000006102026,
      0.005830400001286762,
      0.007005399998888606,
      0.006892700002936181,
      0.007890900000347756,
      0.006393499999830965,
      0.005280599998513935,
      0.006978100002015708,
      0.00589620000027935
    ],
    "optim_times": [
      0.0012968999981239904,
      0.0007570999987365212,
      0.0006861000001663342,
      0.0007488000010198448,
      0.0006952999974600971,
      0.0007808999980625231,
      0.000674899998557521,
      0.0007628999992448371,
      0.0006783999997423962,
      0.0005788000016764272
    ],
    "iter_times": [
      0.15388529999472667,
      0.042329600000812206,
      0.029922800000349525,
      0.028642699999181787,
      0.027650900003209244,
      0.027591099998971913,
      0.02686119999998482,
      0.02570919999925536,
      0.02860270000019227,
      0.0265802000030817
    ],
    "grad_norms": [
      0.06758000701665878,
      0.07162687182426453,
      0.07602803409099579,
      0.08148244768381119,
      0.055389270186424255,
      0.058066226541996,
      0.05173155665397644,
      0.0630204901099205,
      0.04972141608595848,
      0.03566880524158478
    ],
    "losses": [
      1.6183356046676636,
      1.6188209056854248,
      1.6124716997146606,
      1.6106152534484863,
      1.6201289892196655,
      1.613693356513977,
      1.6023129224777222,
      1.604361653327942,
      1.6094945669174194,
      1.5968812704086304
    ],
    "bytes_transferred": [
      27188,
      27188,
      27188,
      27188,
      27188,
      27188,
      27188,
      27188,
      27188,
      27188
    ],
    "epochs": [
      0,
      0,
      0,
      0,
      0,
      0,
      0,
      0,
      0,
      0
    ],
    "steps": [
      0,
      1,
      2,
      3,
      4,
      5,
      6,
      7,
      8,
      9
    ]
  }
}