{
  "rank": 4,
  "world_size": 8,
  "num_steps": 10,
  "statistics": {
    "compute": {
      "count": 10,
      "min": 0.009013699997012736,
      "max": 0.08714569999938249,
      "mean": 0.019644829999742798,
      "std": 0.022616466575868882,
      "p95": 0.017305499997746665,
      "p99": 0.017305499997746665
    },
    "sync": {
      "count": 10,
      "min": 0.015349599998444319,
      "max": 0.09146310000141966,
      "mean": 0.041991300000518095,
      "std": 0.01997500156167249,
      "p95": 0.053750099999888334,
      "p99": 0.053750099999888334
    },
    "optim": {
      "count": 10,
      "min": 0.0008586000003560912,
      "max": 0.0016636999971524347,
      "mean": 0.0011651399996480904,
      "std": 0.0002393029167457004,
      "p95": 0.00146399999721325,
      "p99": 0.00146399999721325
    },
    "iter": {
      "count": 10,
      "min": 0.02528899999379064,
      "max": 0.18027249999795458,
      "mean": 0.06280126999990898,
      "std": 0.04103952101408243,
      "p95": 0.06626929999765707,
      "p99": 0.06626929999765707
    },
    "grad_norm": {
      "count": 10,
      "min": 0.1677418351173401,
      "max": 0.1928900182247162,
      "mean": 0.1781605839729309,
      "std": 0.007826380368054815,
      "p95": 0.18653692305088043,
      "p99": 0.18653692305088043
    },
    "loss": {
      "count": 10,
      "min": 2.2987492084503174,
      "max": 2.329704523086548,
      "mean": 2.308645176887512,
      "std": 0.00948764493540524,
      "p95": 2.3213388919830322,
      "p99": 2.3213388919830322
    }
  },
  "trajectories": {
    "compute_times": [
      0.08714569999938249,
      0.011161700000229757,
      0.010790000000270084,
      0.011546499998075888,
      0.009013699997012736,
      0.014304100001027109,
      0.017305499997746665,
      0.012732400002278155,
      0.01297310000154539,
      0.009475599999859696
    ],
    "sync_times": [
      0.09146310000141966,
      0.028986700002860744,
      0.02194900000176858,
      0.053750099999888334,
      0.015349599998444319,
      0.03818099999989499,
      0.04243459999997867,
      0.034203200000774814,
      0.045770799999445444,
      0.047824900000705384
    ],
    "optim_times": [
      0.0016636999971524347,
      0.0013300999999046326,
      0.0011052000008930918,
      0.0009726999996928498,
      0.0009256999983335845,
      0.00146399999721325,
      0.0011085000005550683,
      0.0010537000016483944,
      0.0008586000003560912,
      0.0011692000007315073
    ],
    "iter_times": [
      0.18027249999795458,
      0.04147850000299513,
      0.03384420000293176,
      0.06626929999765707,
      0.02528899999379064,
      0.05394909999813535,
      0.060848599998280406,
      0.04798930000470136,
      0.059602500001346925,
      0.05846970000129659
    ],
    "grad_norms": [
      0.18039004504680634,
      0.1928900182247162,
      0.1682938039302826,
      0.17190776765346527,
      0.18241509795188904,
      0.1677418351173401,
      0.1831062138080597,
      0.17483091354370117,
      0.17349322140216827,
      0.18653692305088043
    ],
    "losses": [
      2.304636001586914,
      2.329704523086548,
      2.3031461238861084,
      2.3030202388763428,
      2.3213388919830322,
      2.30551815032959,
      2.3137929439544678,
      2.3068535327911377,
      2.2987492084503174,
      2.299692153930664
    ],
    "bytes_transferred": [
      437544,
      437544,
      437544,
      437544,
      437544,
      437544,
      437544,
      437544,
      437544,
      437544
    ],
    "epochs": [
      0,
      0,
      0,
      0,
      0,
      0,
      0,
      0,
      0,
      0
    ],
    "steps": [
      0,
      1,
      2,
      3,
      4,
      5,
      6,
      7,
      8,
      9
    ]
  }
}