{
  "rank": 3,
  "world_size": 8,
  "num_steps": 10,
  "statistics": {
    "compute": {
      "count": 10,
      "min": 0.009307300002546981,
      "max": 0.017353499999444466,
      "mean": 0.012694639999972423,
      "std": 0.0030355230880387625,
      "p95": 0.017221300000528572,
      "p99": 0.017221300000528572
    },
    "sync": {
      "count": 10,
      "min": 0.025829099999100436,
      "max": 0.050628899996809196,
      "mean": 0.038438639999367294,
      "std": 0.00812501302211823,
      "p95": 0.04796820000046864,
      "p99": 0.04796820000046864
    },
    "optim": {
      "count": 10,
      "min": 0.0009596999989298638,
      "max": 0.0017780999987735413,
      "mean": 0.0013050099994870834,
      "std": 0.00030200753080570784,
      "p95": 0.001726599999528844,
      "p99": 0.001726599999528844
    },
    "iter": {
      "count": 10,
      "min": 0.04039109999575885,
      "max": 0.06342110000332468,
      "mean": 0.052438289998826805,
      "std": 0.008148186837549396,
      "p95": 0.06285829999615089,
      "p99": 0.06285829999615089
    },
    "grad_norm": {
      "count": 10,
      "min": 0.1677418351173401,
      "max": 0.1928900182247162,
      "mean": 0.1781605839729309,
      "std": 0.007826380368054815,
      "p95": 0.18653692305088043,
      "p99": 0.18653692305088043
    },
    "loss": {
      "count": 10,
      "min": 2.2878377437591553,
      "max": 2.336939573287964,
      "mean": 2.3093690395355226,
      "std": 0.01268911822780786,
      "p95": 2.3183140754699707,
      "p99": 2.3183140754699707
    }
  },
  "trajectories": {
    "compute_times": [
      0.016341800001100637,
      0.017353499999444466,
      0.012877599998319056,
      0.011258999998972286,
      0.009505999998509651,
      0.009307300002546981,
      0.017221300000528572,
      0.01253799999904004,
      0.011025100000551902,
      0.009516800000710646
    ],
    "sync_times": [
      0.0453527000026952,
      0.02896809999947436,
      0.025829099999100436,
      0.050628899996809196,
      0.03095979999852716,
      0.03224709999994957,
      0.037856399998418055,
      0.04224099999919417,
      0.042335099999036174,
      0.04796820000046864
    ],
    "optim_times": [
      0.001726599999528844,
      0.0011305000007268973,
      0.0016843999983393587,
      0.0009704000003694091,
      0.0013575999983004294,
      0.0017780999987735413,
      0.001107100000808714,
      0.0010551999985182192,
      0.0009596999989298638,
      0.0012805000005755574
    ],
    "iter_times": [
      0.06342110000332468,
      0.047452099999645725,
      0.04039109999575885,
      0.06285829999615089,
      0.04182339999533724,
      0.04333250000127009,
      0.05618479999975534,
      0.05583419999675243,
      0.05431989999851794,
      0.058765500001754845
    ],
    "grad_norms": [
      0.18039004504680634,
      0.1928900182247162,
      0.1682938039302826,
      0.17190776765346527,
      0.18241509795188904,
      0.1677418351173401,
      0.1831062138080597,
      0.17483091354370117,
      0.17349322140216827,
      0.18653692305088043
    ],
    "losses": [
      2.2981104850769043,
      2.309905529022217,
      2.2878377437591553,
      2.3090949058532715,
      2.3105788230895996,
      2.3040480613708496,
      2.3183140754699707,
      2.3180761337280273,
      2.3007850646972656,
      2.336939573287964
    ],
    "bytes_transferred": [
      437544,
      437544,
      437544,
      437544,
      437544,
      437544,
      437544,
      437544,
      437544,
      437544
    ],
    "epochs": [
      0,
      0,
      0,
      0,
      0,
      0,
      0,
      0,
      0,
      0
    ],
    "steps": [
      0,
      1,
      2,
      3,
      4,
      5,
      6,
      7,
      8,
      9
    ]
  }
}