{
  "rank": 0,
  "world_size": 8,
  "num_steps": 10,
  "statistics": {
    "compute": {
      "count": 10,
      "min": 0.009857600001851097,
      "max": 0.11122830000022077,
      "mean": 0.025760660000378265,
      "std": 0.028709195238245923,
      "p95": 0.02067210000313935,
      "p99": 0.02067210000313935
    },
    "sync": {
      "count": 10,
      "min": 0.019073000003118068,
      "max": 0.7048332999984268,
      "mean": 0.10333792000019457,
      "std": 0.200779266362498,
      "p95": 0.06101370000033057,
      "p99": 0.06101370000033057
    },
    "optim": {
      "count": 10,
      "min": 0.0007958000023791101,
      "max": 0.003818900000624126,
      "mean": 0.0013316300002770732,
      "std": 0.0008776895714460943,
      "p95": 0.0018644999981916044,
      "p99": 0.0018644999981916044
    },
    "iter": {
      "count": 10,
      "min": 0.04005100000358652,
      "max": 0.8198804999992717,
      "mean": 0.13043021000084992,
      "std": 0.22996636196794853,
      "p95": 0.07192790000044624,
      "p99": 0.07192790000044624
    },
    "grad_norm": {
      "count": 10,
      "min": 0.1677418351173401,
      "max": 0.1928900182247162,
      "mean": 0.1781605839729309,
      "std": 0.007826380368054815,
      "p95": 0.18653692305088043,
      "p99": 0.18653692305088043
    },
    "loss": {
      "count": 10,
      "min": 2.2946479320526123,
      "max": 2.329397678375244,
      "mean": 2.3110862016677856,
      "std": 0.009144531999808579,
      "p95": 2.319040060043335,
      "p99": 2.319040060043335
    }
  },
  "trajectories": {
    "compute_times": [
      0.11122830000022077,
      0.02067210000313935,
      0.019966500000009546,
      0.01825730000200565,
      0.009857600001851097,
      0.017617600002267864,
      0.018883699998696102,
      0.015347599997767247,
      0.015657500000088476,
      0.01011839999773656
    ],
    "sync_times": [
      0.7048332999984268,
      0.02447319999919273,
      0.019073000003118068,
      0.032311200000549434,
      0.039416999999957625,
      0.04196909999882337,
      0.03936500000054366,
      0.03309350000199629,
      0.037830199999007164,
      0.06101370000033057
    ],
    "optim_times": [
      0.003818900000624126,
      0.0010388000009697862,
      0.0010115000004589092,
      0.0009247999987564981,
      0.0008957999998528976,
      0.0009654999994381797,
      0.0008445000021310989,
      0.0011561999999685213,
      0.0018644999981916044,
      0.0007958000023791101
    ],
    "iter_times": [
      0.8198804999992717,
      0.046184100003301864,
      0.04005100000358652,
      0.05149330000131158,
      0.05017040000166162,
      0.06055220000052941,
      0.05909320000137086,
      0.04959729999973206,
      0.055352199997287244,
      0.07192790000044624
    ],
    "grad_norms": [
      0.18039004504680634,
      0.1928900182247162,
      0.1682938039302826,
      0.17190776765346527,
      0.18241509795188904,
      0.1677418351173401,
      0.1831062138080597,
      0.17483091354370117,
      0.17349322140216827,
      0.18653692305088043
    ],
    "losses": [
      2.329397678375244,
      2.319040060043335,
      2.3151304721832275,
      2.2946479320526123,
      2.3119192123413086,
      2.3026540279388428,
      2.305417537689209,
      2.305286407470703,
      2.313755989074707,
      2.313612699508667
    ],
    "bytes_transferred": [
      437544,
      437544,
      437544,
      437544,
      437544,
      437544,
      437544,
      437544,
      437544,
      437544
    ],
    "epochs": [
      0,
      0,
      0,
      0,
      0,
      0,
      0,
      0,
      0,
      0
    ],
    "steps": [
      0,
      1,
      2,
      3,
      4,
      5,
      6,
      7,
      8,
      9
    ]
  }
}