{
  "rank": 1,
  "world_size": 8,
  "num_steps": 10,
  "statistics": {
    "compute": {
      "count": 10,
      "min": 0.008087300000624964,
      "max": 0.037050400002044626,
      "mean": 0.015956570000344072,
      "std": 0.007670179953069379,
      "p95": 0.018880300001910655,
      "p99": 0.018880300001910655
    },
    "sync": {
      "count": 10,
      "min": 0.022644799999397947,
      "max": 0.059980399997584755,
      "mean": 0.039151729999866804,
      "std": 0.010814578291149261,
      "p95": 0.0469212999996671,
      "p99": 0.0469212999996671
    },
    "optim": {
      "count": 10,
      "min": 0.0008510000006936025,
      "max": 0.0041053000022657216,
      "mean": 0.001828360000217799,
      "std": 0.0009965969001513434,
      "p95": 0.0027645000009215437,
      "p99": 0.0027645000009215437
    },
    "iter": {
      "count": 10,
      "min": 0.03855959999782499,
      "max": 0.1011361000018951,
      "mean": 0.05693666000042867,
      "std": 0.016903626979796013,
      "p95": 0.06225509999785572,
      "p99": 0.06225509999785572
    },
    "grad_norm": {
      "count": 10,
      "min": 0.1677418351173401,
      "max": 0.1928900182247162,
      "mean": 0.1781605839729309,
      "std": 0.007826380368054815,
      "p95": 0.18653692305088043,
      "p99": 0.18653692305088043
    },
    "loss": {
      "count": 10,
      "min": 2.3039913177490234,
      "max": 2.33132004737854,
      "mean": 2.313022518157959,
      "std": 0.008311742937205309,
      "p95": 2.325995445251465,
      "p99": 2.325995445251465
    }
  },
  "trajectories": {
    "compute_times": [
      0.037050400002044626,
      0.018065000000206055,
      0.014853099997708341,
      0.013462599999911617,
      0.008087300000624964,
      0.013891799997509224,
      0.018880300001910655,
      0.013356399998883717,
      0.011105600002338178,
      0.010813200002303347
    ],
    "sync_times": [
      0.059980399997584755,
      0.023249800000485266,
      0.022644799999397947,
      0.040917100002843654,
      0.03012289999969653,
      0.043094699998619035,
      0.03734249999979511,
      0.0469212999996671,
      0.04180810000252677,
      0.04543569999805186
    ],
    "optim_times": [
      0.0041053000022657216,
      0.0013269000010041054,
      0.0010617000007187016,
      0.0008510000006936025,
      0.0010922000001301058,
      0.0014564999983122107,
      0.002652999999554595,
      0.0019773999993049074,
      0.0009950999992724974,
      0.0027645000009215437
    ],
    "iter_times": [
      0.1011361000018951,
      0.042641700001695426,
      0.03855959999782499,
      0.055230700003448874,
      0.0393024000004516,
      0.05844299999444047,
      0.05887580000126036,
      0.06225509999785572,
      0.05390880000413745,
      0.05901340000127675
    ],
    "grad_norms": [
      0.18039004504680634,
      0.1928900182247162,
      0.1682938039302826,
      0.17190776765346527,
      0.18241509795188904,
      0.1677418351173401,
      0.1831062138080597,
      0.17483091354370117,
      0.17349322140216827,
      0.18653692305088043
    ],
    "losses": [
      2.33132004737854,
      2.325995445251465,
      2.3111395835876465,
      2.310492753982544,
      2.3063771724700928,
      2.311250686645508,
      2.30696702003479,
      2.313169479370117,
      2.3039913177490234,
      2.3095216751098633
    ],
    "bytes_transferred": [
      437544,
      437544,
      437544,
      437544,
      437544,
      437544,
      437544,
      437544,
      437544,
      437544
    ],
    "epochs": [
      0,
      0,
      0,
      0,
      0,
      0,
      0,
      0,
      0,
      0
    ],
    "steps": [
      0,
      1,
      2,
      3,
      4,
      5,
      6,
      7,
      8,
      9
    ]
  }
}