{
  "rank": 0,
  "world_size": 8,
  "num_steps": 10,
  "statistics": {
    "compute": {
      "count": 10,
      "min": 0.01800839999850723,
      "max": 0.03594349999912083,
      "mean": 0.022909139999683248,
      "std": 0.006370146690769789,
      "p95": 0.034970099997735815,
      "p99": 0.034970099997735815
    },
    "sync": {
      "count": 10,
      "min": 0.012574699998367578,
      "max": 0.06729939999786438,
      "mean": 0.02394851999961247,
      "std": 0.015247659097430654,
      "p95": 0.027389599999878556,
      "p99": 0.027389599999878556
    },
    "optim": {
      "count": 10,
      "min": 0.0008865999989211559,
      "max": 0.0023155999988375697,
      "mean": 0.0012280799994186964,
      "std": 0.00041030633610914956,
      "p95": 0.0015591999981552362,
      "p99": 0.0015591999981552362
    },
    "iter": {
      "count": 10,
      "min": 0.03165689999514143,
      "max": 0.10382869999375544,
      "mean": 0.04808573999871442,
      "std": 0.020612073517369343,
      "p95": 0.06433749999996508,
      "p99": 0.06433749999996508
    },
    "grad_norm": {
      "count": 10,
      "min": 0.7961502075195312,
      "max": 1.3927916288375854,
      "mean": 1.110623300075531,
      "std": 0.1824041635482243,
      "p95": 1.3240500688552856,
      "p99": 1.3240500688552856
    },
    "loss": {
      "count": 10,
      "min": 2.205620765686035,
      "max": 2.4157919883728027,
      "mean": 2.3382776021957397,
      "std": 0.06979305089502721,
      "p95": 2.414867877960205,
      "p99": 2.414867877960205
    }
  },
  "trajectories": {
    "compute_times": [
      0.034970099997735815,
      0.03594349999912083,
      0.021172099997784244,
      0.020002400000521448,
      0.01908430000185035,
      0.021660900001734262,
      0.01975239999956102,
      0.02024659999733558,
      0.01800839999850723,
      0.018250700002681697
    ],
    "sync_times": [
      0.06729939999786438,
      0.027389599999878556,
      0.01684670000031474,
      0.01728010000078939,
      0.015710200001194607,
      0.026617999999871245,
      0.01566159999856609,
      0.024264100000436883,
      0.012574699998367578,
      0.01584079999884125
    ],
    "optim_times": [
      0.0015591999981552362,
      0.0010044000009656884,
      0.0008865999989211559,
      0.0009677999987616204,
      0.0011512000019138213,
      0.0009755999999470077,
      0.001003999997919891,
      0.0013426000004983507,
      0.0010737999982666224,
      0.0023155999988375697
    ],
    "iter_times": [
      0.10382869999375544,
      0.06433749999996508,
      0.03890539999702014,
      0.03825030000007246,
      0.03594570000495878,
      0.049254500001552515,
      0.036417999996047,
      0.04585329999827081,
      0.03165689999514143,
      0.036407100000360515
    ],
    "grad_norms": [
      0.8591600656509399,
      1.0087898969650269,
      0.7961502075195312,
      1.1317408084869385,
      1.3927916288375854,
      1.196945071220398,
      1.0489228963851929,
      1.2614436149597168,
      1.0862387418746948,
      1.3240500688552856
    ],
    "losses": [
      2.414867877960205,
      2.358530282974243,
      2.353931188583374,
      2.4157919883728027,
      2.300269365310669,
      2.205620765686035,
      2.3281636238098145,
      2.3574838638305664,
      2.233883857727051,
      2.4142332077026367
    ],
    "bytes_transferred": [
      208552,
      208552,
      208552,
      208552,
      208552,
      208552,
      208552,
      208552,
      208552,
      208552
    ],
    "epochs": [
      0,
      0,
      0,
      0,
      0,
      0,
      0,
      0,
      0,
      0
    ],
    "steps": [
      0,
      1,
      2,
      3,
      4,
      5,
      6,
      7,
      8,
      9
    ]
  }
}