{
  "rank": 3,
  "world_size": 8,
  "num_steps": 10,
  "statistics": {
    "compute": {
      "count": 10,
      "min": 0.015340100002504187,
      "max": 0.03315820000352687,
      "mean": 0.021099110000795916,
      "std": 0.006150237509212803,
      "p95": 0.03250990000015008,
      "p99": 0.03250990000015008
    },
    "sync": {
      "count": 10,
      "min": 0.010167899999942165,
      "max": 0.07028900000295835,
      "mean": 0.024643839999771443,
      "std": 0.017069323661022286,
      "p95": 0.03393089999735821,
      "p99": 0.03393089999735821
    },
    "optim": {
      "count": 10,
      "min": 0.0009118000016314909,
      "max": 0.0017292000011366326,
      "mean": 0.0011951899999985472,
      "std": 0.00022780623104921095,
      "p95": 0.0013764000032097101,
      "p99": 0.0013764000032097101
    },
    "iter": {
      "count": 10,
      "min": 0.027110900002298877,
      "max": 0.10517640000762185,
      "mean": 0.04693814000056591,
      "std": 0.022709190097506864,
      "p95": 0.06602569999813568,
      "p99": 0.06602569999813568
    },
    "grad_norm": {
      "count": 10,
      "min": 0.7961502075195312,
      "max": 1.3927916288375854,
      "mean": 1.110623300075531,
      "std": 0.1824041635482243,
      "p95": 1.3240500688552856,
      "p99": 1.3240500688552856
    },
    "loss": {
      "count": 10,
      "min": 2.1985650062561035,
      "max": 2.428422689437866,
      "mean": 2.3321953058242797,
      "std": 0.07144130554689838,
      "p95": 2.3963570594787598,
      "p99": 2.3963570594787598
    }
  },
  "trajectories": {
    "compute_times": [
      0.03315820000352687,
      0.03250990000015008,
      0.017058299999916926,
      0.017079900000680937,
      0.01862740000069607,
      0.02155950000087614,
      0.015340100002504187,
      0.020726099999592407,
      0.018900499999290332,
      0.01603120000072522
    ],
    "sync_times": [
      0.07028900000295835,
      0.03238899999996647,
      0.018416099999740254,
      0.013703399999940302,
      0.012947800001711585,
      0.03393089999735821,
      0.012737099998048507,
      0.01872679999723914,
      0.02313040000080946,
      0.010167899999942165
    ],
    "optim_times": [
      0.0017292000011366326,
      0.0011267999980191234,
      0.001128299998526927,
      0.0009551000002829824,
      0.0010290000027453061,
      0.0013764000032097101,
      0.0011202999994566198,
      0.0013297999976202846,
      0.0012451999973563943,
      0.0009118000016314909
    ],
    "iter_times": [
      0.10517640000762185,
      0.06602569999813568,
      0.03660269999818411,
      0.03173840000090422,
      0.03260420000515296,
      0.05686680000144406,
      0.029197500000009313,
      0.04078269999445183,
      0.043276099997456186,
      0.027110900002298877
    ],
    "grad_norms": [
      0.8591600656509399,
      1.0087898969650269,
      0.7961502075195312,
      1.1317408084869385,
      1.3927916288375854,
      1.196945071220398,
      1.0489228963851929,
      1.2614436149597168,
      1.0862387418746948,
      1.3240500688552856
    ],
    "losses": [
      2.369441509246826,
      2.3963570594787598,
      2.1985650062561035,
      2.2121987342834473,
      2.311058282852173,
      2.3232171535491943,
      2.3451671600341797,
      2.3867716789245605,
      2.3507537841796875,
      2.428422689437866
    ],
    "bytes_transferred": [
      208552,
      208552,
      208552,
      208552,
      208552,
      208552,
      208552,
      208552,
      208552,
      208552
    ],
    "epochs": [
      0,
      0,
      0,
      0,
      0,
      0,
      0,
      0,
      0,
      0
    ],
    "steps": [
      0,
      1,
      2,
      3,
      4,
      5,
      6,
      7,
      8,
      9
    ]
  }
}