{
  "rank": 7,
  "world_size": 8,
  "num_steps": 10,
  "statistics": {
    "compute": {
      "count": 10,
      "min": 0.014984699999331497,
      "max": 0.03126400000110152,
      "mean": 0.019662430000244056,
      "std": 0.004880829869681842,
      "p95": 0.026230899999063695,
      "p99": 0.026230899999063695
    },
    "sync": {
      "count": 10,
      "min": 0.01471500000116066,
      "max": 0.0324164000012388,
      "mean": 0.02101094000026933,
      "std": 0.005670210055651351,
      "p95": 0.02864390000104322,
      "p99": 0.02864390000104322
    },
    "optim": {
      "count": 10,
      "min": 0.0009563999992678873,
      "max": 0.0017088000022340566,
      "mean": 0.0012265899997146335,
      "std": 0.0002657786768695104,
      "p95": 0.0016348999997717328,
      "p99": 0.0016348999997717328
    },
    "iter": {
      "count": 10,
      "min": 0.03247909999845433,
      "max": 0.06093220000184374,
      "mean": 0.04189996000022802,
      "std": 0.009975980072374971,
      "p95": 0.06035610000253655,
      "p99": 0.06035610000253655
    },
    "grad_norm": {
      "count": 10,
      "min": 0.7961502075195312,
      "max": 1.3927916288375854,
      "mean": 1.110623300075531,
      "std": 0.1824041635482243,
      "p95": 1.3240500688552856,
      "p99": 1.3240500688552856
    },
    "loss": {
      "count": 10,
      "min": 2.25453519821167,
      "max": 2.404916286468506,
      "mean": 2.3221919298172,
      "std": 0.04349027712939883,
      "p95": 2.3786396980285645,
      "p99": 2.3786396980285645
    }
  },
  "trajectories": {
    "compute_times": [
      0.026230899999063695,
      0.03126400000110152,
      0.014984699999331497,
      0.01735030000054394,
      0.01569940000263159,
      0.018357000000833068,
      0.016185299999051495,
      0.017837199997302378,
      0.01901180000277236,
      0.019703699999809032
    ],
    "sync_times": [
      0.0324164000012388,
      0.02864390000104322,
      0.015984400000888854,
      0.025747399999090703,
      0.015909300000203075,
      0.020061700000951532,
      0.01893510000081733,
      0.020465899997361703,
      0.01471500000116066,
      0.017230299999937415
    ],
    "optim_times": [
      0.0017088000022340566,
      0.0010242999996989965,
      0.0015099999982339796,
      0.0016348999997717328,
      0.0010929000018222723,
      0.0011678999981086235,
      0.0010221999982604757,
      0.0010331000012229197,
      0.0011153999985253904,
      0.0009563999992678873
    ],
    "iter_times": [
      0.06035610000253655,
      0.06093220000184374,
      0.03247909999845433,
      0.044732599999406375,
      0.03270160000465694,
      0.039586599999893224,
      0.0361425999981293,
      0.039336199995887,
      0.03484220000245841,
      0.037890399999014335
    ],
    "grad_norms": [
      0.8591600656509399,
      1.0087898969650269,
      0.7961502075195312,
      1.1317408084869385,
      1.3927916288375854,
      1.196945071220398,
      1.0489228963851929,
      1.2614436149597168,
      1.0862387418746948,
      1.3240500688552856
    ],
    "losses": [
      2.404916286468506,
      2.31915020942688,
      2.25453519821167,
      2.3093109130859375,
      2.3786396980285645,
      2.2878541946411133,
      2.278780698776245,
      2.3113062381744385,
      2.3245043754577637,
      2.352921485900879
    ],
    "bytes_transferred": [
      208552,
      208552,
      208552,
      208552,
      208552,
      208552,
      208552,
      208552,
      208552,
      208552
    ],
    "epochs": [
      0,
      0,
      0,
      0,
      0,
      0,
      0,
      0,
      0,
      0
    ],
    "steps": [
      0,
      1,
      2,
      3,
      4,
      5,
      6,
      7,
      8,
      9
    ]
  }
}