{
  "rank": 5,
  "world_size": 8,
  "num_steps": 10,
  "statistics": {
    "compute": {
      "count": 10,
      "min": 0.018466199999238597,
      "max": 0.0962894000003871,
      "mean": 0.029586539999581874,
      "std": 0.022499292867446778,
      "p95": 0.031817299997783266,
      "p99": 0.031817299997783266
    },
    "sync": {
      "count": 10,
      "min": 0.013085999999020714,
      "max": 0.699564400001691,
      "mean": 0.08631365999935951,
      "std": 0.20445967942630563,
      "p95": 0.029206100000010338,
      "p99": 0.029206100000010338
    },
    "optim": {
      "count": 10,
      "min": 0.0010946000002149958,
      "max": 0.002178200000344077,
      "mean": 0.001619810000556754,
      "std": 0.0002937933609813536,
      "p95": 0.001877700000477489,
      "p99": 0.001877700000477489
    },
    "iter": {
      "count": 10,
      "min": 0.03309109999827342,
      "max": 0.7974207000042952,
      "mean": 0.11752000999949815,
      "std": 0.22675368613818217,
      "p95": 0.0622464999978547,
      "p99": 0.0622464999978547
    },
    "grad_norm": {
      "count": 10,
      "min": 0.7961502075195312,
      "max": 1.3927916288375854,
      "mean": 1.110623300075531,
      "std": 0.1824041635482243,
      "p95": 1.3240500688552856,
      "p99": 1.3240500688552856
    },
    "loss": {
      "count": 10,
      "min": 2.2454447746276855,
      "max": 2.429318428039551,
      "mean": 2.3346415519714356,
      "std": 0.06716153929397561,
      "p95": 2.414576530456543,
      "p99": 2.414576530456543
    }
  },
  "trajectories": {
    "compute_times": [
      0.0962894000003871,
      0.031817299997783266,
      0.020914699998684227,
      0.020607599999493686,
      0.021420299999590497,
      0.023637700000108453,
      0.020645900000090478,
      0.021275700000842335,
      0.02079059999960009,
      0.018466199999238597
    ],
    "sync_times": [
      0.699564400001691,
      0.029206100000010338,
      0.01641839999865624,
      0.016105499998957384,
      0.014552000000549015,
      0.02038399999946705,
      0.018954899998789188,
      0.017743099997460376,
      0.017122199998993892,
      0.013085999999020714
    ],
    "optim_times": [
      0.001566900002217153,
      0.0012231000000610948,
      0.002178200000344077,
      0.001678700002230471,
      0.0016412000004493166,
      0.0010946000002149958,
      0.0018127000003005378,
      0.0015860999992582947,
      0.001877700000477489,
      0.0015389000000141095
    ],
    "iter_times": [
      0.7974207000042952,
      0.0622464999978547,
      0.039511299997684546,
      0.03839180000068154,
      0.03761350000058883,
      0.0451162999997905,
      0.0414134999991802,
      0.040604899997561006,
      0.03979049999907147,
      0.03309109999827342
    ],
    "grad_norms": [
      0.8591600656509399,
      1.0087898969650269,
      0.7961502075195312,
      1.1317408084869385,
      1.3927916288375854,
      1.196945071220398,
      1.0489228963851929,
      1.2614436149597168,
      1.0862387418746948,
      1.3240500688552856
    ],
    "losses": [
      2.2582294940948486,
      2.414576530456543,
      2.429318428039551,
      2.2454447746276855,
      2.280982494354248,
      2.3686609268188477,
      2.3562490940093994,
      2.2494730949401855,
      2.3986544609069824,
      2.3448262214660645
    ],
    "bytes_transferred": [
      208552,
      208552,
      208552,
      208552,
      208552,
      208552,
      208552,
      208552,
      208552,
      208552
    ],
    "epochs": [
      0,
      0,
      0,
      0,
      0,
      0,
      0,
      0,
      0,
      0
    ],
    "steps": [
      0,
      1,
      2,
      3,
      4,
      5,
      6,
      7,
      8,
      9
    ]
  }
}