{
  "rank": 2,
  "world_size": 8,
  "num_steps": 10,
  "statistics": {
    "compute": {
      "count": 10,
      "min": 0.013780299999780254,
      "max": 0.032270099996821955,
      "mean": 0.020519739999508603,
      "std": 0.005689788166562782,
      "p95": 0.030080100001214305,
      "p99": 0.030080100001214305
    },
    "sync": {
      "count": 10,
      "min": 0.01253260000157752,
      "max": 0.07983100000274135,
      "mean": 0.025366420000136714,
      "std": 0.0191115035990816,
      "p95": 0.03329370000210474,
      "p99": 0.03329370000210474
    },
    "optim": {
      "count": 10,
      "min": 0.0009257999990950339,
      "max": 0.00650830000085989,
      "mean": 0.0017492800005129538,
      "std": 0.00160706448840506,
      "p95": 0.001764000000548549,
      "p99": 0.001764000000548549
    },
    "iter": {
      "count": 10,
      "min": 0.030157799999869894,
      "max": 0.11386510000011185,
      "mean": 0.04763544000015827,
      "std": 0.023350890300168993,
      "p95": 0.05505820000325912,
      "p99": 0.05505820000325912
    },
    "grad_norm": {
      "count": 10,
      "min": 0.7961502075195312,
      "max": 1.3927916288375854,
      "mean": 1.110623300075531,
      "std": 0.1824041635482243,
      "p95": 1.3240500688552856,
      "p99": 1.3240500688552856
    },
    "loss": {
      "count": 10,
      "min": 2.223473072052002,
      "max": 2.465825080871582,
      "mean": 2.3391031503677366,
      "std": 0.07144008464645069,
      "p95": 2.4400954246520996,
      "p99": 2.4400954246520996
    }
  },
  "trajectories": {
    "compute_times": [
      0.032270099996821955,
      0.030080100001214305,
      0.02039149999836809,
      0.01633159999983036,
      0.01929539999764529,
      0.01729400000112946,
      0.020748499999172054,
      0.013780299999780254,
      0.018254499998874962,
      0.016751400002249284
    ],
    "sync_times": [
      0.07983100000274135,
      0.015314099997340236,
      0.024391000002651708,
      0.01253260000157752,
      0.024171799999749055,
      0.01454129999910947,
      0.03329370000210474,
      0.015154900000197813,
      0.0165683999985049,
      0.01786539999739034
    ],
    "optim_times": [
      0.001764000000548549,
      0.0009257999990950339,
      0.0012217000003147405,
      0.0016206000000238419,
      0.0010686999994504731,
      0.0009989000027417205,
      0.00101600000198232,
      0.0012225999998918269,
      0.0011462000002211425,
      0.00650830000085989
    ],
    "iter_times": [
      0.11386510000011185,
      0.046319999997649575,
      0.04600420000133454,
      0.030484800001431722,
      0.04453589999684482,
      0.03283420000298065,
      0.05505820000325912,
      0.030157799999869894,
      0.035969099997601006,
      0.041125100000499515
    ],
    "grad_norms": [
      0.8591600656509399,
      1.0087898969650269,
      0.7961502075195312,
      1.1317408084869385,
      1.3927916288375854,
      1.196945071220398,
      1.0489228963851929,
      1.2614436149597168,
      1.0862387418746948,
      1.3240500688552856
    ],
    "losses": [
      2.3531851768493652,
      2.374746561050415,
      2.2929303646087646,
      2.3297159671783447,
      2.223473072052002,
      2.291567802429199,
      2.3529696464538574,
      2.4400954246520996,
      2.465825080871582,
      2.2665224075317383
    ],
    "bytes_transferred": [
      208552,
      208552,
      208552,
      208552,
      208552,
      208552,
      208552,
      208552,
      208552,
      208552
    ],
    "epochs": [
      0,
      0,
      0,
      0,
      0,
      0,
      0,
      0,
      0,
      0
    ],
    "steps": [
      0,
      1,
      2,
      3,
      4,
      5,
      6,
      7,
      8,
      9
    ]
  }
}