{
  "rank": 3,
  "world_size": 8,
  "num_steps": 10,
  "statistics": {
    "compute": {
      "count": 10,
      "min": 0.01824529999794322,
      "max": 0.07119450000027427,
      "mean": 0.025453399999969407,
      "std": 0.015295084998006412,
      "p95": 0.022289399999863235,
      "p99": 0.022289399999863235
    },
    "sync": {
      "count": 10,
      "min": 0.0062479000007442664,
      "max": 0.031657599996833596,
      "mean": 0.011969380000664387,
      "std": 0.006938592233376408,
      "p95": 0.013362200003030011,
      "p99": 0.013362200003030011
    },
    "optim": {
      "count": 10,
      "min": 0.0006506999998237006,
      "max": 0.0013559999970311765,
      "mean": 0.0007690700000239304,
      "std": 0.0001982207499956498,
      "p95": 0.0007723000016994774,
      "p99": 0.0007723000016994774
    },
    "iter": {
      "count": 10,
      "min": 0.025205899997672532,
      "max": 0.10420809999413905,
      "mean": 0.03819185000065772,
      "std": 0.02218106109457053,
      "p95": 0.0344063000047754,
      "p99": 0.0344063000047754
    },
    "grad_norm": {
      "count": 10,
      "min": 0.15999259054660797,
      "max": 0.44135212898254395,
      "mean": 0.2723010778427124,
      "std": 0.07718379480538178,
      "p95": 0.3397710919380188,
      "p99": 0.3397710919380188
    },
    "loss": {
      "count": 10,
      "min": 1.5502164363861084,
      "max": 1.6657878160476685,
      "mean": 1.5959903597831726,
      "std": 0.03129805932268649,
      "p95": 1.62666654586792,
      "p99": 1.62666654586792
    }
  },
  "trajectories": {
    "compute_times": [
      0.07119450000027427,
      0.01989079999839305,
      0.02152610000121058,
      0.022289399999863235,
      0.020663899998908164,
      0.021004900001571514,
      0.01824529999794322,
      0.019792700000834884,
      0.018592500000522705,
      0.021333900000172434
    ],
    "sync_times": [
      0.031657599996833596,
      0.013362200003030011,
      0.006505800000013551,
      0.009321400000771973,
      0.010536199999478413,
      0.01269230000252719,
      0.0062479000007442664,
      0.008250500002759509,
      0.00958600000012666,
      0.011533900000358699
    ],
    "optim_times": [
      0.0013559999970311765,
      0.0007141999994928483,
      0.0007325000005948823,
      0.0007723000016994774,
      0.0006852000005892478,
      0.000709100000676699,
      0.0007126999989850447,
      0.0006754999994882382,
      0.0006825000018579885,
      0.0006506999998237006
    ],
    "iter_times": [
      0.10420809999413905,
      0.03396720000091591,
      0.028764400001819013,
      0.032383100002334686,
      0.031885299998975825,
      0.0344063000047754,
      0.025205899997672532,
      0.02871870000308263,
      0.028861000002507353,
      0.033518500000354834
    ],
    "grad_norms": [
      0.2186502367258072,
      0.15999259054660797,
      0.2814854085445404,
      0.44135212898254395,
      0.2697281837463379,
      0.19138403236865997,
      0.31590893864631653,
      0.3397710919380188,
      0.28079932928085327,
      0.22393883764743805
    ],
    "losses": [
      1.5502164363861084,
      1.5609571933746338,
      1.5990710258483887,
      1.573608160018921,
      1.62666654586792,
      1.6057024002075195,
      1.6657878160476685,
      1.5894687175750732,
      1.5923731327056885,
      1.5960521697998047
    ],
    "bytes_transferred": [
      27188,
      27188,
      27188,
      27188,
      27188,
      27188,
      27188,
      27188,
      27188,
      27188
    ],
    "epochs": [
      0,
      0,
      0,
      0,
      0,
      0,
      0,
      0,
      0,
      0
    ],
    "steps": [
      0,
      1,
      2,
      3,
      4,
      5,
      6,
      7,
      8,
      9
    ]
  }
}