{
  "rank": 2,
  "world_size": 8,
  "num_steps": 10,
  "statistics": {
    "compute": {
      "count": 10,
      "min": 0.017061499998817453,
      "max": 0.07721000000310596,
      "mean": 0.02573871999993571,
      "std": 0.017259834328597613,
      "p95": 0.022234699998080032,
      "p99": 0.022234699998080032
    },
    "sync": {
      "count": 10,
      "min": 0.005125300001964206,
      "max": 0.025454999999055872,
      "mean": 0.009719560000303318,
      "std": 0.005432855790732955,
      "p95": 0.009986000000935746,
      "p99": 0.009986000000935746
    },
    "optim": {
      "count": 10,
      "min": 0.0006812999999965541,
      "max": 0.0012912999991385732,
      "mean": 0.0007881200006522703,
      "std": 0.0001696322180549838,
      "p95": 0.0007722999980614986,
      "p99": 0.0007722999980614986
    },
    "iter": {
      "count": 10,
      "min": 0.026562200000626035,
      "max": 0.1039563000013004,
      "mean": 0.0362464000008913,
      "std": 0.02266238788201497,
      "p95": 0.032770100002380786,
      "p99": 0.032770100002380786
    },
    "grad_norm": {
      "count": 10,
      "min": 0.15999259054660797,
      "max": 0.44135212898254395,
      "mean": 0.2723010778427124,
      "std": 0.07718379480538178,
      "p95": 0.3397710919380188,
      "p99": 0.3397710919380188
    },
    "loss": {
      "count": 10,
      "min": 1.536437749862671,
      "max": 1.6919267177581787,
      "mean": 1.6187527060508728,
      "std": 0.05014536098871647,
      "p95": 1.6840968132019043,
      "p99": 1.6840968132019043
    }
  },
  "trajectories": {
    "compute_times": [
      0.07721000000310596,
      0.022052500000427244,
      0.021893199998885393,
      0.01810760000080336,
      0.017869100000098115,
      0.017061499998817453,
      0.02135709999856772,
      0.021196300000156043,
      0.022234699998080032,
      0.01840520000041579
    ],
    "sync_times": [
      0.025454999999055872,
      0.009986000000935746,
      0.005911500000365777,
      0.007917500002804445,
      0.007958800000778865,
      0.009713499999634223,
      0.008211099997424753,
      0.005125300001964206,
      0.008647700000437908,
      0.008269199999631383
    ],
    "optim_times": [
      0.0012912999991385732,
      0.0007316000010177959,
      0.0007308000022021588,
      0.000771099999838043,
      0.0007342999997490551,
      0.0007165000024542678,
      0.0007722999980614986,
      0.0007399000023724511,
      0.0007121000016923063,
      0.0006812999999965541
    ],
    "iter_times": [
      0.1039563000013004,
      0.032770100002380786,
      0.02853550000145333,
      0.026796200003445847,
      0.026562200000626035,
      0.027491500000905944,
      0.03034049999405397,
      0.0270615000044927,
      0.031594500000210246,
      0.027355700000043726
    ],
    "grad_norms": [
      0.2186502367258072,
      0.15999259054660797,
      0.2814854085445404,
      0.44135212898254395,
      0.2697281837463379,
      0.19138403236865997,
      0.31590893864631653,
      0.3397710919380188,
      0.28079932928085327,
      0.22393883764743805
    ],
    "losses": [
      1.5676941871643066,
      1.6919267177581787,
      1.5657191276550293,
      1.614538311958313,
      1.6617419719696045,
      1.536437749862671,
      1.6526923179626465,
      1.6061055660247803,
      1.606574296951294,
      1.6840968132019043
    ],
    "bytes_transferred": [
      27188,
      27188,
      27188,
      27188,
      27188,
      27188,
      27188,
      27188,
      27188,
      27188
    ],
    "epochs": [
      0,
      0,
      0,
      0,
      0,
      0,
      0,
      0,
      0,
      0
    ],
    "steps": [
      0,
      1,
      2,
      3,
      4,
      5,
      6,
      7,
      8,
      9
    ]
  }
}