{
  "rank": 0,
  "world_size": 8,
  "num_steps": 10,
  "statistics": {
    "compute": {
      "count": 10,
      "min": 0.01671640000131447,
      "max": 0.08027519999814103,
      "mean": 0.027829579999524866,
      "std": 0.017805820741938913,
      "p95": 0.027257499998086132,
      "p99": 0.027257499998086132
    },
    "sync": {
      "count": 10,
      "min": 0.005338499999197666,
      "max": 0.0215795000003709,
      "mean": 0.008322449999832315,
      "std": 0.004541370375871335,
      "p95": 0.008673100001033163,
      "p99": 0.008673100001033163
    },
    "optim": {
      "count": 10,
      "min": 0.0007254000011016615,
      "max": 0.001376299998810282,
      "mean": 0.0008504699999321019,
      "std": 0.00018437676084457838,
      "p95": 0.0009487999996053986,
      "p99": 0.0009487999996053986
    },
    "iter": {
      "count": 10,
      "min": 0.026142900002014358,
      "max": 0.10323099999732221,
      "mean": 0.037002499999289284,
      "std": 0.022273600175778403,
      "p95": 0.035659599998325575,
      "p99": 0.035659599998325575
    },
    "grad_norm": {
      "count": 10,
      "min": 0.15999259054660797,
      "max": 0.44135212898254395,
      "mean": 0.2723010778427124,
      "std": 0.07718379480538178,
      "p95": 0.3397710919380188,
      "p99": 0.3397710919380188
    },
    "loss": {
      "count": 10,
      "min": 1.5595345497131348,
      "max": 1.727585792541504,
      "mean": 1.6080211639404296,
      "std": 0.04564368218385162,
      "p95": 1.631116271018982,
      "p99": 1.631116271018982
    }
  },
  "trajectories": {
    "compute_times": [
      0.08027519999814103,
      0.026543699998001102,
      0.027257499998086132,
      0.022572499998204876,
      0.019393799997487804,
      0.020165199999610195,
      0.0259585000021616,
      0.02055330000075628,
      0.01885970000148518,
      0.01671640000131447
    ],
    "sync_times": [
      0.0215795000003709,
      0.008167100000719074,
      0.0054555999995500315,
      0.005829300000186777,
      0.0067127000002074055,
      0.007004999999480788,
      0.005338499999197666,
      0.00684479999836185,
      0.0076188999992155,
      0.008673100001033163
    ],
    "optim_times": [
      0.001376299998810282,
      0.0009487999996053986,
      0.0007940000032249372,
      0.0008043999987421557,
      0.000800499998149462,
      0.0007583000005979557,
      0.0007254000011016615,
      0.0007760000007692724,
      0.0007675999986531679,
      0.0007533999996667262
    ],
    "iter_times": [
      0.10323099999732221,
      0.035659599998325575,
      0.0335071000008611,
      0.029206199997133808,
      0.02690699999584467,
      0.027928499999688938,
      0.03202240000246093,
      0.028174099999887403,
      0.02724619999935385,
      0.026142900002014358
    ],
    "grad_norms": [
      0.2186502367258072,
      0.15999259054660797,
      0.2814854085445404,
      0.44135212898254395,
      0.2697281837463379,
      0.19138403236865997,
      0.31590893864631653,
      0.3397710919380188,
      0.28079932928085327,
      0.22393883764743805
    ],
    "losses": [
      1.5989478826522827,
      1.5595345497131348,
      1.5711110830307007,
      1.5956847667694092,
      1.727585792541504,
      1.6302995681762695,
      1.5769612789154053,
      1.5837831497192383,
      1.6051872968673706,
      1.631116271018982
    ],
    "bytes_transferred": [
      27188,
      27188,
      27188,
      27188,
      27188,
      27188,
      27188,
      27188,
      27188,
      27188
    ],
    "epochs": [
      0,
      0,
      0,
      0,
      0,
      0,
      0,
      0,
      0,
      0
    ],
    "steps": [
      0,
      1,
      2,
      3,
      4,
      5,
      6,
      7,
      8,
      9
    ]
  }
}