{
  "rank": 1,
  "world_size": 8,
  "num_steps": 10,
  "statistics": {
    "compute": {
      "count": 10,
      "min": 0.013934299997345079,
      "max": 0.08725209999829531,
      "mean": 0.02650714999945194,
      "std": 0.0206357402273882,
      "p95": 0.02720950000002631,
      "p99": 0.02720950000002631
    },
    "sync": {
      "count": 10,
      "min": 0.006314099999144673,
      "max": 0.03316899999845191,
      "mean": 0.013147359999493347,
      "std": 0.0069314357209251136,
      "p95": 0.013170599999284605,
      "p99": 0.013170599999284605
    },
    "optim": {
      "count": 10,
      "min": 0.0006404999985534232,
      "max": 0.0013269000010041054,
      "mean": 0.0008150699999532662,
      "std": 0.00018396261643795553,
      "p95": 0.0008994999989226926,
      "p99": 0.0008994999989226926
    },
    "iter": {
      "count": 10,
      "min": 0.024771799995505717,
      "max": 0.12174799999775132,
      "mean": 0.04046957999889855,
      "std": 0.027421110807769537,
      "p95": 0.039741399999911664,
      "p99": 0.039741399999911664
    },
    "grad_norm": {
      "count": 10,
      "min": 0.15999259054660797,
      "max": 0.44135212898254395,
      "mean": 0.2723010778427124,
      "std": 0.07718379480538178,
      "p95": 0.3397710919380188,
      "p99": 0.3397710919380188
    },
    "loss": {
      "count": 10,
      "min": 1.53525972366333,
      "max": 1.6752351522445679,
      "mean": 1.6023090362548829,
      "std": 0.039751187158115604,
      "p95": 1.639359951019287,
      "p99": 1.639359951019287
    }
  },
  "trajectories": {
    "compute_times": [
      0.08725209999829531,
      0.026814299999387003,
      0.02720950000002631,
      0.01793539999925997,
      0.018065299998852424,
      0.019619099999545142,
      0.018127000003005378,
      0.013934299997345079,
      0.016555399997741915,
      0.01955910000106087
    ],
    "sync_times": [
      0.03316899999845191,
      0.009591499998350628,
      0.011743399998522364,
      0.013170599999284605,
      0.01296830000137561,
      0.006314099999144673,
      0.010989800000970718,
      0.010073099998407997,
      0.011949499999900581,
      0.011504300000524381
    ],
    "optim_times": [
      0.0013269000010041054,
      0.0008994999989226926,
      0.0007885000013629906,
      0.0007953999993333127,
      0.0007850000001781154,
      0.0006591999990632758,
      0.000732399999833433,
      0.0007643999997526407,
      0.0007589000015286729,
      0.0006404999985534232
    ],
    "iter_times": [
      0.12174799999775132,
      0.037305299996660324,
      0.039741399999911664,
      0.03190139999787789,
      0.03181860000040615,
      0.02659239999775309,
      0.02984920000380953,
      0.024771799995505717,
      0.02926379999917117,
      0.031703900000138674
    ],
    "grad_norms": [
      0.2186502367258072,
      0.15999259054660797,
      0.2814854085445404,
      0.44135212898254395,
      0.2697281837463379,
      0.19138403236865997,
      0.31590893864631653,
      0.3397710919380188,
      0.28079932928085327,
      0.22393883764743805
    ],
    "losses": [
      1.579476237297058,
      1.5829827785491943,
      1.6752351522445679,
      1.53525972366333,
      1.6240121126174927,
      1.5619982481002808,
      1.639359951019287,
      1.5811870098114014,
      1.6362640857696533,
      1.6073150634765625
    ],
    "bytes_transferred": [
      27188,
      27188,
      27188,
      27188,
      27188,
      27188,
      27188,
      27188,
      27188,
      27188
    ],
    "epochs": [
      0,
      0,
      0,
      0,
      0,
      0,
      0,
      0,
      0,
      0
    ],
    "steps": [
      0,
      1,
      2,
      3,
      4,
      5,
      6,
      7,
      8,
      9
    ]
  }
}