{
  "rank": 4,
  "world_size": 8,
  "num_steps": 10,
  "statistics": {
    "compute": {
      "count": 10,
      "min": 0.01978869999948074,
      "max": 0.07443659999989904,
      "mean": 0.026935640000374406,
      "std": 0.015908826506675012,
      "p95": 0.025609500000427943,
      "p99": 0.025609500000427943
    },
    "sync": {
      "count": 10,
      "min": 0.006298200001765508,
      "max": 0.8025863000002573,
      "mean": 0.08856157000045642,
      "std": 0.23801509854036654,
      "p95": 0.011969999999564607,
      "p99": 0.011969999999564607
    },
    "optim": {
      "count": 10,
      "min": 0.0006647999980486929,
      "max": 0.0012391999989631586,
      "mean": 0.0007862500002374873,
      "std": 0.000154850148249939,
      "p95": 0.0008118000005197246,
      "p99": 0.0008118000005197246
    },
    "iter": {
      "count": 10,
      "min": 0.027975500004686182,
      "max": 0.8782620999991195,
      "mean": 0.1162834600010683,
      "std": 0.2540012723758481,
      "p95": 0.03428080000230693,
      "p99": 0.03428080000230693
    },
    "grad_norm": {
      "count": 10,
      "min": 0.15999259054660797,
      "max": 0.44135212898254395,
      "mean": 0.2723010778427124,
      "std": 0.07718379480538178,
      "p95": 0.3397710919380188,
      "p99": 0.3397710919380188
    },
    "loss": {
      "count": 10,
      "min": 1.523803949356079,
      "max": 1.7284519672393799,
      "mean": 1.6042961120605468,
      "std": 0.04945342021481528,
      "p95": 1.637354850769043,
      "p99": 1.637354850769043
    }
  },
  "trajectories": {
    "compute_times": [
      0.07443659999989904,
      0.020531000001938082,
      0.025609500000427943,
      0.023090700000466313,
      0.020976299998437753,
      0.0215624000011303,
      0.020937000001140404,
      0.01978869999948074,
      0.02135189999899012,
      0.021072300001833355
    ],
    "sync_times": [
      0.8025863000002573,
      0.007751600001938641,
      0.007260200000018813,
      0.008592300000600517,
      0.010206499999185326,
      0.011969999999564607,
      0.006298200001765508,
      0.008593699996708892,
      0.01043490000301972,
      0.011922000001504784
    ],
    "optim_times": [
      0.0012391999989631586,
      0.0008118000005197246,
      0.0007287000007636379,
      0.0007349000006797723,
      0.0007114000000001397,
      0.0007484000016120262,
      0.0007403000017802697,
      0.0007337999995797873,
      0.0007492000004276633,
      0.0006647999980486929
    ],
    "iter_times": [
      0.8782620999991195,
      0.029094400004396448,
      0.03359840000121039,
      0.0324179000017466,
      0.03189419999762322,
      0.03428080000230693,
      0.027975500004686182,
      0.02911619999576942,
      0.032536000002437504,
      0.03365910000138683
    ],
    "grad_norms": [
      0.2186502367258072,
      0.15999259054660797,
      0.2814854085445404,
      0.44135212898254395,
      0.2697281837463379,
      0.19138403236865997,
      0.31590893864631653,
      0.3397710919380188,
      0.28079932928085327,
      0.22393883764743805
    ],
    "losses": [
      1.60673189163208,
      1.5929677486419678,
      1.7284519672393799,
      1.6051270961761475,
      1.587388038635254,
      1.523803949356079,
      1.5780091285705566,
      1.637354850769043,
      1.5874543190002441,
      1.5956721305847168
    ],
    "bytes_transferred": [
      27188,
      27188,
      27188,
      27188,
      27188,
      27188,
      27188,
      27188,
      27188,
      27188
    ],
    "epochs": [
      0,
      0,
      0,
      0,
      0,
      0,
      0,
      0,
      0,
      0
    ],
    "steps": [
      0,
      1,
      2,
      3,
      4,
      5,
      6,
      7,
      8,
      9
    ]
  }
}