{
  "rank": 3,
  "world_size": 4,
  "num_steps": 10,
  "statistics": {
    "compute": {
      "count": 10,
      "min": 0.006297900003119139,
      "max": 0.010251700001390418,
      "mean": 0.007257570001092973,
      "std": 0.0010879961947236696,
      "p95": 0.007901799999672221,
      "p99": 0.007901799999672221
    },
    "sync": {
      "count": 10,
      "min": 0.008112299998174421,
      "max": 0.06732349999947473,
      "mean": 0.023127879999447033,
      "std": 0.01611652733652551,
      "p95": 0.02762050000092131,
      "p99": 0.02762050000092131
    },
    "optim": {
      "count": 10,
      "min": 0.0007538000027125236,
      "max": 0.0011980999988736585,
      "mean": 0.0009166900003037881,
      "std": 0.00012322722369871431,
      "p95": 0.0010761999983515125,
      "p99": 0.0010761999983515125
    },
    "iter": {
      "count": 10,
      "min": 0.016047600001911633,
      "max": 0.07877329999973881,
      "mean": 0.03130214000084379,
      "std": 0.017109311534181205,
      "p95": 0.03522450000309618,
      "p99": 0.03522450000309618
    },
    "grad_norm": {
      "count": 10,
      "min": 0.44630756974220276,
      "max": 0.4861167073249817,
      "mean": 0.473700276017189,
      "std": 0.011354402272216275,
      "p95": 0.4849662184715271,
      "p99": 0.4849662184715271
    },
    "loss": {
      "count": 10,
      "min": 2.2806551456451416,
      "max": 2.336768865585327,
      "mean": 2.3110187292099,
      "std": 0.018169119508725285,
      "p95": 2.3321847915649414,
      "p99": 2.3321847915649414
    }
  },
  "trajectories": {
    "compute_times": [
      0.010251700001390418,
      0.006766099999367725,
      0.006999199998972472,
      0.0063359000014315825,
      0.006297900003119139,
      0.007141400001273723,
      0.006733000001986511,
      0.007901799999672221,
      0.007181500001024688,
      0.006967200002691243
    ],
    "sync_times": [
      0.06732349999947473,
      0.02762050000092131,
      0.02617610000015702,
      0.017354399999021553,
      0.011305999996693572,
      0.012672799999563722,
      0.020584099998814054,
      0.01367739999841433,
      0.008112299998174421,
      0.0264517000032356
    ],
    "optim_times": [
      0.0011980999988736585,
      0.0008379000028071459,
      0.000940699999773642,
      0.0008244999989983626,
      0.0009059000003617257,
      0.0008696000004420057,
      0.0010761999983515125,
      0.0008940000006987248,
      0.0007538000027125236,
      0.0008662000000185799
    ],
    "iter_times": [
      0.07877329999973881,
      0.03522450000309618,
      0.034115999998903135,
      0.024514799999451498,
      0.018509800000174437,
      0.02068380000127945,
      0.028393299999152077,
      0.022473199998785276,
      0.016047600001911633,
      0.034285100005945424
    ],
    "grad_norms": [
      0.474467009305954,
      0.4743352234363556,
      0.46756744384765625,
      0.4827086925506592,
      0.4830756187438965,
      0.4693204164505005,
      0.4849662184715271,
      0.4861167073249817,
      0.44630756974220276,
      0.46813786029815674
    ],
    "losses": [
      2.3316915035247803,
      2.291149854660034,
      2.292478322982788,
      2.336768865585327,
      2.3321847915649414,
      2.3073527812957764,
      2.3052902221679688,
      2.2806551456451416,
      2.316131830215454,
      2.316483974456787
    ],
    "bytes_transferred": [
      437544,
      437544,
      437544,
      437544,
      437544,
      437544,
      437544,
      437544,
      437544,
      437544
    ],
    "epochs": [
      0,
      0,
      0,
      0,
      0,
      0,
      0,
      0,
      0,
      0
    ],
    "steps": [
      0,
      1,
      2,
      3,
      4,
      5,
      6,
      7,
      8,
      9
    ]
  }
}