{
  "rank": 1,
  "world_size": 4,
  "num_steps": 10,
  "statistics": {
    "compute": {
      "count": 10,
      "min": 0.006267900000239024,
      "max": 0.03113619999930961,
      "mean": 0.00926969999964058,
      "std": 0.007309172059844225,
      "p95": 0.00797959999908926,
      "p99": 0.00797959999908926
    },
    "sync": {
      "count": 10,
      "min": 0.007148000000597676,
      "max": 0.5426883000000089,
      "mean": 0.06909149000057369,
      "std": 0.15802704667466388,
      "p95": 0.028216500002599787,
      "p99": 0.028216500002599787
    },
    "optim": {
      "count": 10,
      "min": 0.000743799999327166,
      "max": 0.0012915999977849424,
      "mean": 0.0009071499996935017,
      "std": 0.00013973957326047647,
      "p95": 0.0009522000000288244,
      "p99": 0.0009522000000288244
    },
    "iter": {
      "count": 10,
      "min": 0.014476199998171069,
      "max": 0.5751160999971034,
      "mean": 0.07926833999990776,
      "std": 0.16543368236082562,
      "p95": 0.03566220000357134,
      "p99": 0.03566220000357134
    },
    "grad_norm": {
      "count": 10,
      "min": 0.44630756974220276,
      "max": 0.4861167073249817,
      "mean": 0.473700276017189,
      "std": 0.011354402272216275,
      "p95": 0.4849662184715271,
      "p99": 0.4849662184715271
    },
    "loss": {
      "count": 10,
      "min": 2.270514488220215,
      "max": 2.3362972736358643,
      "mean": 2.2977767467498778,
      "std": 0.017683187127629427,
      "p95": 2.3102316856384277,
      "p99": 2.3102316856384277
    }
  },
  "trajectories": {
    "compute_times": [
      0.03113619999930961,
      0.006267900000239024,
      0.00629549999939627,
      0.00797959999908926,
      0.006641100000706501,
      0.006562599999597296,
      0.006323599998722784,
      0.006831800001236843,
      0.0076330000010784715,
      0.007025699997029733
    ],
    "sync_times": [
      0.5426883000000089,
      0.019363899999007117,
      0.007228499998745974,
      0.016606500001216773,
      0.028216500002599787,
      0.020252500002243323,
      0.015942900001391536,
      0.007148000000597676,
      0.0073374999992665835,
      0.02613030000065919
    ],
    "optim_times": [
      0.0012915999977849424,
      0.0008679999991727527,
      0.0009522000000288244,
      0.0008419000005233102,
      0.0008046000002650544,
      0.000743799999327166,
      0.0008803999990050215,
      0.0008807000012893695,
      0.000881600000866456,
      0.0009266999986721203
    ],
    "iter_times": [
      0.5751160999971034,
      0.026499799998418894,
      0.014476199998171069,
      0.025428000000829343,
      0.03566220000357134,
      0.027558900001167785,
      0.02314689999911934,
      0.014860500003123889,
      0.01585210000121151,
      0.03408269999636104
    ],
    "grad_norms": [
      0.474467009305954,
      0.4743352234363556,
      0.46756744384765625,
      0.4827086925506592,
      0.4830756187438965,
      0.4693204164505005,
      0.4849662184715271,
      0.4861167073249817,
      0.44630756974220276,
      0.46813786029815674
    ],
    "losses": [
      2.3102316856384277,
      2.2942745685577393,
      2.3362972736358643,
      2.290440559387207,
      2.2752926349639893,
      2.307643175125122,
      2.304196834564209,
      2.291959524154663,
      2.2969167232513428,
      2.270514488220215
    ],
    "bytes_transferred": [
      437544,
      437544,
      437544,
      437544,
      437544,
      437544,
      437544,
      437544,
      437544,
      437544
    ],
    "epochs": [
      0,
      0,
      0,
      0,
      0,
      0,
      0,
      0,
      0,
      0
    ],
    "steps": [
      0,
      1,
      2,
      3,
      4,
      5,
      6,
      7,
      8,
      9
    ]
  }
}