{
  "rank": 6,
  "world_size": 8,
  "num_steps": 10,
  "statistics": {
    "compute": {
      "count": 10,
      "min": 0.009962799998902483,
      "max": 0.05380470000091009,
      "mean": 0.017950970000674714,
      "std": 0.012569831479879856,
      "p95": 0.02468370000133291,
      "p99": 0.02468370000133291
    },
    "sync": {
      "count": 10,
      "min": 0.013081600001896732,
      "max": 0.5334263000004285,
      "mean": 0.07377780999959213,
      "std": 0.15337370292069494,
      "p95": 0.0364064999994298,
      "p99": 0.0364064999994298
    },
    "optim": {
      "count": 10,
      "min": 0.000872600001457613,
      "max": 0.012007299999822862,
      "mean": 0.0024256100005004555,
      "std": 0.003240152424830935,
      "p95": 0.002534300001570955,
      "p99": 0.002534300001570955
    },
    "iter": {
      "count": 10,
      "min": 0.024502500000380678,
      "max": 0.5897653000029095,
      "mean": 0.09415439000076731,
      "std": 0.16544012831431265,
      "p95": 0.05222759999742266,
      "p99": 0.05222759999742266
    },
    "grad_norm": {
      "count": 10,
      "min": 1.2588934898376465,
      "max": 1.416018009185791,
      "mean": 1.3430238962173462,
      "std": 0.04272763210542498,
      "p95": 1.3833450078964233,
      "p99": 1.3833450078964233
    },
    "loss": {
      "count": 10,
      "min": 2.1599655151367188,
      "max": 2.464938163757324,
      "mean": 2.3259440660476685,
      "std": 0.10001270552274319,
      "p95": 2.452725887298584,
      "p99": 2.452725887298584
    }
  },
  "trajectories": {
    "compute_times": [
      0.05380470000091009,
      0.02468370000133291,
      0.013237200000730809,
      0.014733199997863267,
      0.012788500000169734,
      0.011129000002256362,
      0.011547800000698771,
      0.015284400000382448,
      0.012338400003500283,
      0.009962799998902483
    ],
    "sync_times": [
      0.5334263000004285,
      0.022167899998748908,
      0.02554789999703644,
      0.0364064999994298,
      0.017830900000262773,
      0.03161220000038156,
      0.024602199999208096,
      0.018986300001415657,
      0.014116299997112947,
      0.013081600001896732
    ],
    "optim_times": [
      0.002534300001570955,
      0.001191100000141887,
      0.002232000002550194,
      0.0010879000001295935,
      0.0009481999986746814,
      0.0009858000012172852,
      0.012007299999822862,
      0.000872600001457613,
      0.0009387999998580199,
      0.0014580999995814636
    ],
    "iter_times": [
      0.5897653000029095,
      0.048042700000223704,
      0.04101710000031744,
      0.05222759999742266,
      0.03156759999910719,
      0.04372700000385521,
      0.04815729999972973,
      0.03514330000325572,
      0.02739350000047125,
      0.024502500000380678
    ],
    "grad_norms": [
      1.2588934898376465,
      1.324805736541748,
      1.286511778831482,
      1.3486250638961792,
      1.3659701347351074,
      1.3524179458618164,
      1.3502947092056274,
      1.3433570861816406,
      1.3833450078964233,
      1.416018009185791
    ],
    "losses": [
      2.2794103622436523,
      2.1845147609710693,
      2.287621021270752,
      2.3015613555908203,
      2.1599655151367188,
      2.3170063495635986,
      2.4071483612060547,
      2.452725887298584,
      2.464938163757324,
      2.4045488834381104
    ],
    "bytes_transferred": [
      437544,
      437544,
      437544,
      437544,
      437544,
      437544,
      437544,
      437544,
      437544,
      437544
    ],
    "epochs": [
      0,
      0,
      0,
      0,
      0,
      0,
      0,
      0,
      0,
      0
    ],
    "steps": [
      0,
      1,
      2,
      3,
      4,
      5,
      6,
      7,
      8,
      9
    ]
  }
}