{
  "rank": 2,
  "world_size": 4,
  "num_steps": 10,
  "statistics": {
    "compute": {
      "count": 10,
      "min": 0.0064770999997563194,
      "max": 0.01262739999947371,
      "mean": 0.008116099999824655,
      "std": 0.0017823191421499876,
      "p95": 0.00979390000065905,
      "p99": 0.00979390000065905
    },
    "sync": {
      "count": 10,
      "min": 0.012973699998838129,
      "max": 0.17383289999997942,
      "mean": 0.03284376000010525,
      "std": 0.04702908777633163,
      "p95": 0.02022180000130902,
      "p99": 0.02022180000130902
    },
    "optim": {
      "count": 10,
      "min": 0.0008219000010285527,
      "max": 0.0014084000031289179,
      "mean": 0.0009296500003983966,
      "std": 0.0001717697432922589,
      "p95": 0.0010016999985964503,
      "p99": 0.0010016999985964503
    },
    "iter": {
      "count": 10,
      "min": 0.022644999997282866,
      "max": 0.18503520000376739,
      "mean": 0.0418895100003283,
      "std": 0.04776504396260201,
      "p95": 0.03122090000033495,
      "p99": 0.03122090000033495
    },
    "grad_norm": {
      "count": 10,
      "min": 0.44630756974220276,
      "max": 0.4861167073249817,
      "mean": 0.473700276017189,
      "std": 0.011354402272216275,
      "p95": 0.4849662184715271,
      "p99": 0.4849662184715271
    },
    "loss": {
      "count": 10,
      "min": 2.2763595581054688,
      "max": 2.33123517036438,
      "mean": 2.305078554153442,
      "std": 0.018502770754103757,
      "p95": 2.3228683471679688,
      "p99": 2.3228683471679688
    }
  },
  "trajectories": {
    "compute_times": [
      0.00979390000065905,
      0.01262739999947371,
      0.0069068999982846435,
      0.007894000002124812,
      0.00662949999968987,
      0.007479700001567835,
      0.006971899998461595,
      0.008673399999679532,
      0.007707199998549186,
      0.0064770999997563194
    ],
    "sync_times": [
      0.17383289999997942,
      0.017771599999832688,
      0.018537399999331683,
      0.016484700001456076,
      0.01773960000355146,
      0.01668470000004163,
      0.02022180000130902,
      0.012973699998838129,
      0.016566700000112178,
      0.017624499996600207
    ],
    "optim_times": [
      0.0014084000031289179,
      0.0008219000010285527,
      0.0008655000019643921,
      0.0008369999995920807,
      0.000845300000946736,
      0.0008422999999311287,
      0.0010016999985964503,
      0.000997899998765206,
      0.0008491000007779803,
      0.0008273999992525205
    ],
    "iter_times": [
      0.18503520000376739,
      0.03122090000033495,
      0.02630979999958072,
      0.02521570000317297,
      0.025214400004188064,
      0.025006700001540594,
      0.028195399998367066,
      0.022644999997282866,
      0.025122999999439344,
      0.024928999995609047
    ],
    "grad_norms": [
      0.474467009305954,
      0.4743352234363556,
      0.46756744384765625,
      0.4827086925506592,
      0.4830756187438965,
      0.4693204164505005,
      0.4849662184715271,
      0.4861167073249817,
      0.44630756974220276,
      0.46813786029815674
    ],
    "losses": [
      2.3228683471679688,
      2.284285545349121,
      2.2795486450195312,
      2.309699296951294,
      2.320634365081787,
      2.303891658782959,
      2.3017518520355225,
      2.33123517036438,
      2.2763595581054688,
      2.3205111026763916
    ],
    "bytes_transferred": [
      437544,
      437544,
      437544,
      437544,
      437544,
      437544,
      437544,
      437544,
      437544,
      437544
    ],
    "epochs": [
      0,
      0,
      0,
      0,
      0,
      0,
      0,
      0,
      0,
      0
    ],
    "steps": [
      0,
      1,
      2,
      3,
      4,
      5,
      6,
      7,
      8,
      9
    ]
  }
}