{
  "rank": 2,
  "world_size": 8,
  "num_steps": 10,
  "statistics": {
    "compute": {
      "count": 10,
      "min": 0.025699399997392902,
      "max": 0.08483020000130637,
      "mean": 0.03490548000008857,
      "std": 0.016700401412401037,
      "p95": 0.030856800000037765,
      "p99": 0.030856800000037765
    },
    "sync": {
      "count": 10,
      "min": 0.0064558999984001275,
      "max": 0.02812199999971199,
      "mean": 0.010988749999160063,
      "std": 0.005987363231198692,
      "p95": 0.011908399999811081,
      "p99": 0.011908399999811081
    },
    "optim": {
      "count": 10,
      "min": 0.0007122000024537556,
      "max": 0.0012754999988828786,
      "mean": 0.0007895600010670023,
      "std": 0.00016306718300761566,
      "p95": 0.0007710000027145725,
      "p99": 0.0007710000027145725
    },
    "iter": {
      "count": 10,
      "min": 0.03340879999814206,
      "max": 0.11422769999990123,
      "mean": 0.04668379000031564,
      "std": 0.0226744870190481,
      "p95": 0.04332480000084615,
      "p99": 0.04332480000084615
    },
    "grad_norm": {
      "count": 10,
      "min": 0.04415564611554146,
      "max": 0.11560528725385666,
      "mean": 0.08388429619371891,
      "std": 0.02277805055545837,
      "p95": 0.11032011359930038,
      "p99": 0.11032011359930038
    },
    "loss": {
      "count": 10,
      "min": 1.5935301780700684,
      "max": 1.62923002243042,
      "mean": 1.6150941729545594,
      "std": 0.011625541256946776,
      "p95": 1.6268774271011353,
      "p99": 1.6268774271011353
    }
  },
  "trajectories": {
    "compute_times": [
      0.08483020000130637,
      0.029942400000436464,
      0.029222900000604568,
      0.03026089999912074,
      0.029495200000383193,
      0.02978620000067167,
      0.030856800000037765,
      0.028345599999738624,
      0.025699399997392902,
      0.030615200001193443
    ],
    "sync_times": [
      0.02812199999971199,
      0.009562600000208477,
      0.008379499999136897,
      0.007942000000184635,
      0.011908399999811081,
      0.01082739999765181,
      0.011696999998093816,
      0.007995500000106404,
      0.0069971999982954,
      0.0064558999984001275
    ],
    "optim_times": [
      0.0012754999988828786,
      0.0007651000014448073,
      0.0007283000013558194,
      0.0007269999987329356,
      0.0007456000021193177,
      0.0007135000014386605,
      0.0007710000027145725,
      0.0007337999995797873,
      0.0007122000024537556,
      0.0007236000019474886
    ],
    "iter_times": [
      0.11422769999990123,
      0.04027010000208975,
      0.038330700001097284,
      0.03892989999803831,
      0.04214920000231359,
      0.04132709999976214,
      0.04332480000084615,
      0.037074899999424815,
      0.03340879999814206,
      0.03779470000154106
    ],
    "grad_norms": [
      0.10237826406955719,
      0.04415564611554146,
      0.09777824580669403,
      0.08851657807826996,
      0.11032011359930038,
      0.11560528725385666,
      0.09037932008504868,
      0.06020011752843857,
      0.06734514236450195,
      0.062164247035980225
    ],
    "losses": [
      1.6246556043624878,
      1.6268774271011353,
      1.609279990196228,
      1.62376070022583,
      1.62923002243042,
      1.609204888343811,
      1.6138286590576172,
      1.5987757444381714,
      1.5935301780700684,
      1.6217985153198242
    ],
    "bytes_transferred": [
      27188,
      27188,
      27188,
      27188,
      27188,
      27188,
      27188,
      27188,
      27188,
      27188
    ],
    "epochs": [
      0,
      0,
      0,
      0,
      0,
      0,
      0,
      0,
      0,
      0
    ],
    "steps": [
      0,
      1,
      2,
      3,
      4,
      5,
      6,
      7,
      8,
      9
    ]
  }
}