{
  "rank": 7,
  "world_size": 8,
  "num_steps": 10,
  "statistics": {
    "compute": {
      "count": 10,
      "min": 0.02397660000133328,
      "max": 0.08669110000118962,
      "mean": 0.03287798000019393,
      "std": 0.018026544808337742,
      "p95": 0.030375900001672562,
      "p99": 0.030375900001672562
    },
    "sync": {
      "count": 10,
      "min": 0.007672899999306537,
      "max": 0.06330730000263429,
      "mean": 0.016604549999829032,
      "std": 0.015861983395801048,
      "p95": 0.016686799997842172,
      "p99": 0.016686799997842172
    },
    "optim": {
      "count": 10,
      "min": 0.0006824999982200097,
      "max": 0.0013432999985525385,
      "mean": 0.0008461999990686308,
      "std": 0.0001728636803392341,
      "p95": 0.0008646999995107763,
      "p99": 0.0008646999995107763
    },
    "iter": {
      "count": 10,
      "min": 0.0344081000002916,
      "max": 0.15134170000237646,
      "mean": 0.05032872999909159,
      "std": 0.03389816227626446,
      "p95": 0.04781080000248039,
      "p99": 0.04781080000248039
    },
    "grad_norm": {
      "count": 10,
      "min": 0.04415564611554146,
      "max": 0.11560528725385666,
      "mean": 0.08388429619371891,
      "std": 0.02277805055545837,
      "p95": 0.11032011359930038,
      "p99": 0.11032011359930038
    },
    "loss": {
      "count": 10,
      "min": 1.5931565761566162,
      "max": 1.6249136924743652,
      "mean": 1.6103719234466554,
      "std": 0.008681494219406321,
      "p95": 1.6205928325653076,
      "p99": 1.6205928325653076
    }
  },
  "trajectories": {
    "compute_times": [
      0.08669110000118962,
      0.02722390000053565,
      0.030375900001672562,
      0.025383599997439887,
      0.025989300000219373,
      0.026199100000667386,
      0.029624700000567827,
      0.02649119999841787,
      0.02682439999989583,
      0.02397660000133328
    ],
    "sync_times": [
      0.06330730000263429,
      0.010897999996814178,
      0.016673300000547897,
      0.012972399999853224,
      0.007954199998494005,
      0.011065200000302866,
      0.007672899999306537,
      0.009066400001756847,
      0.016686799997842172,
      0.009749000000738306
    ],
    "optim_times": [
      0.0013432999985525385,
      0.0008386000008613337,
      0.0007616000002599321,
      0.0007795999990776181,
      0.0008210999985749368,
      0.0008259999995061662,
      0.0008646999995107763,
      0.000750399998651119,
      0.0007941999974718783,
      0.0006824999982200097
    ],
    "iter_times": [
      0.15134170000237646,
      0.03896049999821116,
      0.04781080000248039,
      0.03913559999637073,
      0.034764599997288315,
      0.03809030000047642,
      0.03816229999938514,
      0.036307999998825835,
      0.04430539999520988,
      0.0344081000002916
    ],
    "grad_norms": [
      0.10237826406955719,
      0.04415564611554146,
      0.09777824580669403,
      0.08851657807826996,
      0.11032011359930038,
      0.11560528725385666,
      0.09037932008504868,
      0.06020011752843857,
      0.06734514236450195,
      0.062164247035980225
    ],
    "losses": [
      1.6041278839111328,
      1.6016982793807983,
      1.6112257242202759,
      1.6135590076446533,
      1.610023021697998,
      1.6143780946731567,
      1.6100441217422485,
      1.6205928325653076,
      1.6249136924743652,
      1.5931565761566162
    ],
    "bytes_transferred": [
      27188,
      27188,
      27188,
      27188,
      27188,
      27188,
      27188,
      27188,
      27188,
      27188
    ],
    "epochs": [
      0,
      0,
      0,
      0,
      0,
      0,
      0,
      0,
      0,
      0
    ],
    "steps": [
      0,
      1,
      2,
      3,
      4,
      5,
      6,
      7,
      8,
      9
    ]
  }
}