{
  "rank": 5,
  "world_size": 8,
  "num_steps": 10,
  "statistics": {
    "compute": {
      "count": 10,
      "min": 0.024583100002928404,
      "max": 0.7085910999994667,
      "mean": 0.09570485000040208,
      "std": 0.20430502212414592,
      "p95": 0.030435100001341198,
      "p99": 0.030435100001341198
    },
    "sync": {
      "count": 10,
      "min": 0.006883500002004439,
      "max": 0.23689100000046892,
      "mean": 0.03411592999946152,
      "std": 0.0676630340760838,
      "p95": 0.01854029999958584,
      "p99": 0.01854029999958584
    },
    "optim": {
      "count": 10,
      "min": 0.0006466000013460871,
      "max": 0.0012487000021792483,
      "mean": 0.0007999399997061119,
      "std": 0.0001669921989086371,
      "p95": 0.0009174999977403786,
      "p99": 0.0009174999977403786
    },
    "iter": {
      "count": 10,
      "min": 0.032506500003364636,
      "max": 0.9467308000021148,
      "mean": 0.1306207199995697,
      "std": 0.27206910751178437,
      "p95": 0.04818570000134059,
      "p99": 0.04818570000134059
    },
    "grad_norm": {
      "count": 10,
      "min": 0.04415564611554146,
      "max": 0.11560528725385666,
      "mean": 0.08388429619371891,
      "std": 0.02277805055545837,
      "p95": 0.11032011359930038,
      "p99": 0.11032011359930038
    },
    "loss": {
      "count": 10,
      "min": 1.5953388214111328,
      "max": 1.6417174339294434,
      "mean": 1.6150344967842103,
      "std": 0.01423050832563552,
      "p95": 1.632115125656128,
      "p99": 1.632115125656128
    }
  },
  "trajectories": {
    "compute_times": [
      0.7085910999994667,
      0.029870099999243394,
      0.028049600001395447,
      0.024583100002928404,
      0.030435100001341198,
      0.02645449999909033,
      0.028879900000902126,
      0.02578680000078748,
      0.024941499999840744,
      0.029456799999024952
    ],
    "sync_times": [
      0.23689100000046892,
      0.013864599997759797,
      0.009546799999952782,
      0.009613199999876088,
      0.010939699997834396,
      0.011970599996857345,
      0.01854029999958584,
      0.013922400001320057,
      0.006883500002004439,
      0.008987199998955475
    ],
    "optim_times": [
      0.0012487000021792483,
      0.0008209999978134874,
      0.0006953999982215464,
      0.0009174999977403786,
      0.0006466000013460871,
      0.0007697999972151592,
      0.0007655000008526258,
      0.0007576999996672384,
      0.0006815000015194528,
      0.0006957000005058944
    ],
    "iter_times": [
      0.9467308000021148,
      0.04455569999481668,
      0.038291799999569776,
      0.03511380000054487,
      0.04202140000052168,
      0.039194899993162835,
      0.04818570000134059,
      0.040466900001774775,
      0.032506500003364636,
      0.03913969999848632
    ],
    "grad_norms": [
      0.10237826406955719,
      0.04415564611554146,
      0.09777824580669403,
      0.08851657807826996,
      0.11032011359930038,
      0.11560528725385666,
      0.09037932008504868,
      0.06020011752843857,
      0.06734514236450195,
      0.062164247035980225
    ],
    "losses": [
      1.604401707649231,
      1.5953388214111328,
      1.6211152076721191,
      1.605303168296814,
      1.632115125656128,
      1.6026787757873535,
      1.61472749710083,
      1.6272392272949219,
      1.6057080030441284,
      1.6417174339294434
    ],
    "bytes_transferred": [
      27188,
      27188,
      27188,
      27188,
      27188,
      27188,
      27188,
      27188,
      27188,
      27188
    ],
    "epochs": [
      0,
      0,
      0,
      0,
      0,
      0,
      0,
      0,
      0,
      0
    ],
    "steps": [
      0,
      1,
      2,
      3,
      4,
      5,
      6,
      7,
      8,
      9
    ]
  }
}