{
  "rank": 0,
  "world_size": 8,
  "num_steps": 10,
  "statistics": {
    "compute": {
      "count": 10,
      "min": 0.026594200000545243,
      "max": 0.08909239999775309,
      "mean": 0.03626436999984435,
      "std": 0.01782185139939017,
      "p95": 0.03675379999913275,
      "p99": 0.03675379999913275
    },
    "sync": {
      "count": 10,
      "min": 0.00531079999927897,
      "max": 0.05111469999974361,
      "mean": 0.01169480999924417,
      "std": 0.013184165440651164,
      "p95": 0.009028699998452794,
      "p99": 0.009028699998452794
    },
    "optim": {
      "count": 10,
      "min": 0.0007157000000006519,
      "max": 0.0013280000021040905,
      "mean": 0.0008377699999982724,
      "std": 0.00016718876262483657,
      "p95": 0.0008364999994228128,
      "p99": 0.0008364999994228128
    },
    "iter": {
      "count": 10,
      "min": 0.0337760000002163,
      "max": 0.1415350999996008,
      "mean": 0.04879694999908679,
      "std": 0.0310182978702899,
      "p95": 0.042901099997834535,
      "p99": 0.042901099997834535
    },
    "grad_norm": {
      "count": 10,
      "min": 0.04415564611554146,
      "max": 0.11560528725385666,
      "mean": 0.08388429619371891,
      "std": 0.02277805055545837,
      "p95": 0.11032011359930038,
      "p99": 0.11032011359930038
    },
    "loss": {
      "count": 10,
      "min": 1.6037960052490234,
      "max": 1.6286011934280396,
      "mean": 1.6171233654022217,
      "std": 0.007122462023210108,
      "p95": 1.62375807762146,
      "p99": 1.62375807762146
    }
  },
  "trajectories": {
    "compute_times": [
      0.08909239999775309,
      0.03276399999958812,
      0.03675379999913275,
      0.02982999999949243,
      0.027476499999465887,
      0.02970160000040778,
      0.03082379999978002,
      0.028287000001000706,
      0.03132040000127745,
      0.026594200000545243
    ],
    "sync_times": [
      0.05111469999974361,
      0.008119499998429092,
      0.00531079999927897,
      0.006299699998635333,
      0.007949800001370022,
      0.009028699998452794,
      0.008332499997777632,
      0.0077892999979667366,
      0.006595200000447221,
      0.006407900000340305
    ],
    "optim_times": [
      0.0013280000021040905,
      0.0008081000014499296,
      0.0008364999994228128,
      0.0007332999994105194,
      0.0008225000019592699,
      0.0007948999991640449,
      0.0007719999994151294,
      0.000792799997725524,
      0.0007157000000006519,
      0.0007738999993307516
    ],
    "iter_times": [
      0.1415350999996008,
      0.041691599999467144,
      0.042901099997834535,
      0.03686299999753828,
      0.03624880000279518,
      0.03952519999802462,
      0.03992829999697278,
      0.03686909999669297,
      0.03863130000172532,
      0.0337760000002163
    ],
    "grad_norms": [
      0.10237826406955719,
      0.04415564611554146,
      0.09777824580669403,
      0.08851657807826996,
      0.11032011359930038,
      0.11560528725385666,
      0.09037932008504868,
      0.06020011752843857,
      0.06734514236450195,
      0.062164247035980225
    ],
    "losses": [
      1.6216069459915161,
      1.6200978755950928,
      1.6037960052490234,
      1.6128170490264893,
      1.6101316213607788,
      1.622724175453186,
      1.6123104095458984,
      1.6286011934280396,
      1.6153903007507324,
      1.62375807762146
    ],
    "bytes_transferred": [
      27188,
      27188,
      27188,
      27188,
      27188,
      27188,
      27188,
      27188,
      27188,
      27188
    ],
    "epochs": [
      0,
      0,
      0,
      0,
      0,
      0,
      0,
      0,
      0,
      0
    ],
    "steps": [
      0,
      1,
      2,
      3,
      4,
      5,
      6,
      7,
      8,
      9
    ]
  }
}