{
  "rank": 0,
  "world_size": 4,
  "num_steps": 10,
  "statistics": {
    "compute": {
      "count": 10,
      "min": 0.00714710000102059,
      "max": 0.014183300001604948,
      "mean": 0.00883886999981769,
      "std": 0.002082826103271468,
      "p95": 0.011240099996939534,
      "p99": 0.011240099996939534
    },
    "sync": {
      "count": 10,
      "min": 0.008563300001696916,
      "max": 0.19510190000073635,
      "mean": 0.037592600000789386,
      "std": 0.053871057690589814,
      "p95": 0.0540368000001763,
      "p99": 0.0540368000001763
    },
    "optim": {
      "count": 10,
      "min": 0.0007607999978063162,
      "max": 0.0014293999993242323,
      "mean": 0.0009383800002979115,
      "std": 0.00018255831806013892,
      "p95": 0.0010361999993619975,
      "p99": 0.0010361999993619975
    },
    "iter": {
      "count": 10,
      "min": 0.017883100001199637,
      "max": 0.21071460000166553,
      "mean": 0.04736985000090499,
      "std": 0.05573002612087205,
      "p95": 0.06270500000391621,
      "p99": 0.06270500000391621
    },
    "grad_norm": {
      "count": 10,
      "min": 0.44630753993988037,
      "max": 0.4861166775226593,
      "mean": 0.4737002670764923,
      "std": 0.011354407812809079,
      "p95": 0.4849662184715271,
      "p99": 0.4849662184715271
    },
    "loss": {
      "count": 10,
      "min": 2.2688159942626953,
      "max": 2.329972505569458,
      "mean": 2.303069806098938,
      "std": 0.018427797575979548,
      "p95": 2.324084997177124,
      "p99": 2.324084997177124
    }
  },
  "trajectories": {
    "compute_times": [
      0.014183300001604948,
      0.011240099996939534,
      0.00851160000092932,
      0.007456099996488774,
      0.008152999998856103,
      0.00776419999965583,
      0.00843209999948158,
      0.00714710000102059,
      0.007828400001017144,
      0.007672800002183067
    ],
    "sync_times": [
      0.19510190000073635,
      0.015522100002272055,
      0.01701369999864255,
      0.019254700000601588,
      0.01103770000190707,
      0.014002200001414167,
      0.008563300001696916,
      0.01760370000192779,
      0.0540368000001763,
      0.023789899998519104
    ],
    "optim_times": [
      0.0014293999993242323,
      0.0008938999999372754,
      0.0009601000019756611,
      0.0009640999996918254,
      0.0007890000015322585,
      0.0008228000006056391,
      0.000887700000021141,
      0.0010361999993619975,
      0.0008398000027227681,
      0.0007607999978063162
    ],
    "iter_times": [
      0.21071460000166553,
      0.027656099999148864,
      0.026485400001547532,
      0.027674899996782187,
      0.01997970000229543,
      0.022589200001675636,
      0.017883100001199637,
      0.02578700000231038,
      0.06270500000391621,
      0.03222349999850849
    ],
    "grad_norms": [
      0.474467009305954,
      0.4743352234363556,
      0.46756741404533386,
      0.4827086925506592,
      0.4830756187438965,
      0.4693204164505005,
      0.4849662184715271,
      0.4861166775226593,
      0.44630753993988037,
      0.46813786029815674
    ],
    "losses": [
      2.306931495666504,
      2.2966363430023193,
      2.313337564468384,
      2.2688159942626953,
      2.324084997177124,
      2.2997918128967285,
      2.307612180709839,
      2.309194326400757,
      2.2743208408355713,
      2.329972505569458
    ],
    "bytes_transferred": [
      437544,
      437544,
      437544,
      437544,
      437544,
      437544,
      437544,
      437544,
      437544,
      437544
    ],
    "epochs": [
      0,
      0,
      0,
      0,
      0,
      0,
      0,
      0,
      0,
      0
    ],
    "steps": [
      0,
      1,
      2,
      3,
      4,
      5,
      6,
      7,
      8,
      9
    ]
  }
}