{
  "rank": 3,
  "world_size": 4,
  "num_steps": 10,
  "statistics": {
    "compute": {
      "count": 10,
      "min": 0.006309399999736343,
      "max": 0.01297559999875375,
      "mean": 0.007588749999922584,
      "std": 0.0019068098793866561,
      "p95": 0.008426600001257611,
      "p99": 0.008426600001257611
    },
    "sync": {
      "count": 10,
      "min": 0.009204700003465405,
      "max": 0.045323199999984354,
      "mean": 0.023189950000232783,
      "std": 0.010583863265426336,
      "p95": 0.03515989999868907,
      "p99": 0.03515989999868907
    },
    "optim": {
      "count": 10,
      "min": 0.0007126999989850447,
      "max": 0.0020232999995641876,
      "mean": 0.0010720499991293763,
      "std": 0.0003740291837010862,
      "p95": 0.001511699996626703,
      "p99": 0.001511699996626703
    },
    "iter": {
      "count": 10,
      "min": 0.01666309999927762,
      "max": 0.05981049999536481,
      "mean": 0.03185074999928474,
      "std": 0.01187490776378663,
      "p95": 0.04218199999741046,
      "p99": 0.04218199999741046
    },
    "grad_norm": {
      "count": 10,
      "min": 0.44630753993988037,
      "max": 0.4861166775226593,
      "mean": 0.4737002670764923,
      "std": 0.011354407812809079,
      "p95": 0.4849662184715271,
      "p99": 0.4849662184715271
    },
    "loss": {
      "count": 10,
      "min": 2.2806551456451416,
      "max": 2.336768865585327,
      "mean": 2.3110187292099,
      "std": 0.018169119508725285,
      "p95": 2.3321847915649414,
      "p99": 2.3321847915649414
    }
  },
  "trajectories": {
    "compute_times": [
      0.01297559999875375,
      0.008426600001257611,
      0.00753900000199792,
      0.006483000001026085,
      0.0072322999985772185,
      0.006453899997723056,
      0.006712200000038138,
      0.006309399999736343,
      0.006337899998470675,
      0.007417600001645042
    ],
    "sync_times": [
      0.045323199999984354,
      0.014591499999369262,
      0.014182399998389883,
      0.020684999999502907,
      0.017657899999903748,
      0.009204700003465405,
      0.01842419999957201,
      0.03515989999868907,
      0.03178670000124839,
      0.02488400000220281
    ],
    "optim_times": [
      0.001511699996626703,
      0.0009820999985095114,
      0.0008352000004379079,
      0.0009036999981617555,
      0.0009112999978242442,
      0.001004499998089159,
      0.0008927000017138198,
      0.0007126999989850447,
      0.0009433000013814308,
      0.0020232999995641876
    ],
    "iter_times": [
      0.05981049999536481,
      0.024000199999136385,
      0.02255660000082571,
      0.028071699998690747,
      0.02580149999630521,
      0.01666309999927762,
      0.026029100001323968,
      0.04218199999741046,
      0.0390679000011005,
      0.03432490000341204
    ],
    "grad_norms": [
      0.474467009305954,
      0.4743352234363556,
      0.46756741404533386,
      0.4827086925506592,
      0.4830756187438965,
      0.4693204164505005,
      0.4849662184715271,
      0.4861166775226593,
      0.44630753993988037,
      0.46813786029815674
    ],
    "losses": [
      2.3316915035247803,
      2.291149854660034,
      2.292478322982788,
      2.336768865585327,
      2.3321847915649414,
      2.3073527812957764,
      2.3052902221679688,
      2.2806551456451416,
      2.316131830215454,
      2.316483974456787
    ],
    "bytes_transferred": [
      437544,
      437544,
      437544,
      437544,
      437544,
      437544,
      437544,
      437544,
      437544,
      437544
    ],
    "epochs": [
      0,
      0,
      0,
      0,
      0,
      0,
      0,
      0,
      0,
      0
    ],
    "steps": [
      0,
      1,
      2,
      3,
      4,
      5,
      6,
      7,
      8,
      9
    ]
  }
}