{
  "rank": 1,
  "world_size": 4,
  "num_steps": 10,
  "statistics": {
    "compute": {
      "count": 10,
      "min": 0.00656429999799002,
      "max": 0.015550200001598569,
      "mean": 0.008467730000120355,
      "std": 0.002494406825044309,
      "p95": 0.008996199998364318,
      "p99": 0.008996199998364318
    },
    "sync": {
      "count": 10,
      "min": 0.008382700001675403,
      "max": 0.15217829999892274,
      "mean": 0.03347185000020545,
      "std": 0.04139449879201676,
      "p95": 0.05372990000250866,
      "p99": 0.05372990000250866
    },
    "optim": {
      "count": 10,
      "min": 0.0008444000013696495,
      "max": 0.00442779999866616,
      "mean": 0.0013486999996530358,
      "std": 0.001044378676386983,
      "p95": 0.0015207000033115037,
      "p99": 0.0015207000033115037
    },
    "iter": {
      "count": 10,
      "min": 0.01662120000401046,
      "max": 0.1692492000038328,
      "mean": 0.04328827999997884,
      "std": 0.04380338224454948,
      "p95": 0.06349780000164174,
      "p99": 0.06349780000164174
    },
    "grad_norm": {
      "count": 10,
      "min": 0.44630753993988037,
      "max": 0.4861166775226593,
      "mean": 0.4737002670764923,
      "std": 0.011354407812809079,
      "p95": 0.4849662184715271,
      "p99": 0.4849662184715271
    },
    "loss": {
      "count": 10,
      "min": 2.270514488220215,
      "max": 2.3362972736358643,
      "mean": 2.2977767467498778,
      "std": 0.017683187127629427,
      "p95": 2.3102316856384277,
      "p99": 2.3102316856384277
    }
  },
  "trajectories": {
    "compute_times": [
      0.015550200001598569,
      0.008996199998364318,
      0.008777300001383992,
      0.0066710999999486376,
      0.007532900002843235,
      0.007394100000965409,
      0.007206499998574145,
      0.00656429999799002,
      0.008610400000179652,
      0.007374299999355571
    ],
    "sync_times": [
      0.15217829999892274,
      0.01718769999934011,
      0.0130338999988453,
      0.020573300000251038,
      0.017112000001361594,
      0.008382700001675403,
      0.009197999999742024,
      0.018589399998745648,
      0.05372990000250866,
      0.024733300000661984
    ],
    "optim_times": [
      0.0015207000033115037,
      0.00442779999866616,
      0.000893999997060746,
      0.000957899999775691,
      0.0010284999989380594,
      0.0008444000013696495,
      0.0008869000012055039,
      0.0008834999971440993,
      0.0011574999989534263,
      0.0008858000001055188
    ],
    "iter_times": [
      0.1692492000038328,
      0.03061169999637059,
      0.022705199997290038,
      0.028202299999975367,
      0.025673400003142888,
      0.01662120000401046,
      0.017291399999521673,
      0.026037199993879767,
      0.06349780000164174,
      0.032993400000123074
    ],
    "grad_norms": [
      0.474467009305954,
      0.4743352234363556,
      0.46756741404533386,
      0.4827086925506592,
      0.4830756187438965,
      0.4693204164505005,
      0.4849662184715271,
      0.4861166775226593,
      0.44630753993988037,
      0.46813786029815674
    ],
    "losses": [
      2.3102316856384277,
      2.2942745685577393,
      2.3362972736358643,
      2.290440559387207,
      2.2752926349639893,
      2.307643175125122,
      2.304196834564209,
      2.291959524154663,
      2.2969167232513428,
      2.270514488220215
    ],
    "bytes_transferred": [
      437544,
      437544,
      437544,
      437544,
      437544,
      437544,
      437544,
      437544,
      437544,
      437544
    ],
    "epochs": [
      0,
      0,
      0,
      0,
      0,
      0,
      0,
      0,
      0,
      0
    ],
    "steps": [
      0,
      1,
      2,
      3,
      4,
      5,
      6,
      7,
      8,
      9
    ]
  }
}