{
  "rank": 6,
  "world_size": 8,
  "num_steps": 10,
  "statistics": {
    "compute": {
      "count": 10,
      "min": 0.007042700002784841,
      "max": 0.015927899999951478,
      "mean": 0.010561310000775847,
      "std": 0.002682456116218004,
      "p95": 0.012413100001140265,
      "p99": 0.012413100001140265
    },
    "sync": {
      "count": 10,
      "min": 0.010263099997246172,
      "max": 0.06855019999784417,
      "mean": 0.03271294999976817,
      "std": 0.015252923728242704,
      "p95": 0.04046899999957532,
      "p99": 0.04046899999957532
    },
    "optim": {
      "count": 10,
      "min": 0.000891700001375284,
      "max": 0.0020007999992230907,
      "mean": 0.001212150000355905,
      "std": 0.00032357587095380245,
      "p95": 0.0015910000001895241,
      "p99": 0.0015910000001895241
    },
    "iter": {
      "count": 10,
      "min": 0.018546999999671243,
      "max": 0.08256749999782187,
      "mean": 0.04448641000089992,
      "std": 0.01667394602525546,
      "p95": 0.053413600002386374,
      "p99": 0.053413600002386374
    },
    "grad_norm": {
      "count": 10,
      "min": 1.2588934898376465,
      "max": 1.416018009185791,
      "mean": 1.343023908138275,
      "std": 0.04272762404245247,
      "p95": 1.3833450078964233,
      "p99": 1.3833450078964233
    },
    "loss": {
      "count": 10,
      "min": 2.1599655151367188,
      "max": 2.464938163757324,
      "mean": 2.3259440422058106,
      "std": 0.10001268678429896,
      "p95": 2.452725887298584,
      "p99": 2.452725887298584
    }
  },
  "trajectories": {
    "compute_times": [
      0.012016500000754604,
      0.012367000002996065,
      0.015927899999951478,
      0.007671300001675263,
      0.007042700002784841,
      0.012413100001140265,
      0.00921080000262009,
      0.0075537999982771,
      0.011867999997775769,
      0.009541999999783002
    ],
    "sync_times": [
      0.06855019999784417,
      0.025137500000710133,
      0.03060159999949974,
      0.04046899999957532,
      0.010263099997246172,
      0.03982650000034482,
      0.035916199998609954,
      0.015665599999920232,
      0.03552520000084769,
      0.02517460000308347
    ],
    "optim_times": [
      0.0020007999992230907,
      0.0010688000002119225,
      0.0011604999999690335,
      0.000891700001375284,
      0.00124119999964023,
      0.0011740000009012874,
      0.0015910000001895241,
      0.0009544000022287946,
      0.001099200002499856,
      0.0009398999973200262
    ],
    "iter_times": [
      0.08256749999782187,
      0.03857330000391812,
      0.04768999999942025,
      0.049032000002625864,
      0.018546999999671243,
      0.053413600002386374,
      0.04671800000141957,
      0.024173800000426127,
      0.048492400001123315,
      0.0356565000001865
    ],
    "grad_norms": [
      1.2588934898376465,
      1.3248056173324585,
      1.2865118980407715,
      1.3486250638961792,
      1.3659701347351074,
      1.352418065071106,
      1.3502947092056274,
      1.3433570861816406,
      1.3833450078964233,
      1.416018009185791
    ],
    "losses": [
      2.2794103622436523,
      2.1845147609710693,
      2.287621021270752,
      2.3015613555908203,
      2.1599655151367188,
      2.3170063495635986,
      2.4071483612060547,
      2.452725887298584,
      2.464938163757324,
      2.4045486450195312
    ],
    "bytes_transferred": [
      437544,
      437544,
      437544,
      437544,
      437544,
      437544,
      437544,
      437544,
      437544,
      437544
    ],
    "epochs": [
      0,
      0,
      0,
      0,
      0,
      0,
      0,
      0,
      0,
      0
    ],
    "steps": [
      0,
      1,
      2,
      3,
      4,
      5,
      6,
      7,
      8,
      9
    ]
  }
}