{
  "rank": 2,
  "world_size": 4,
  "num_steps": 10,
  "statistics": {
    "compute": {
      "count": 10,
      "min": 0.0067347000003792346,
      "max": 0.03949519999878248,
      "mean": 0.011076959999627434,
      "std": 0.009522735167114245,
      "p95": 0.01034570000047097,
      "p99": 0.01034570000047097
    },
    "sync": {
      "count": 10,
      "min": 0.007440900000801776,
      "max": 0.6118478999997023,
      "mean": 0.07871389000029012,
      "std": 0.178145162381647,
      "p95": 0.053943100003380096,
      "p99": 0.053943100003380096
    },
    "optim": {
      "count": 10,
      "min": 0.0006864000024506822,
      "max": 0.002798499997879844,
      "mean": 0.0010806499998579967,
      "std": 0.0005978830502009903,
      "p95": 0.0013226000010035932,
      "p99": 0.0013226000010035932
    },
    "iter": {
      "count": 10,
      "min": 0.015265300000464777,
      "max": 0.6541415999963647,
      "mean": 0.09087149999977555,
      "std": 0.18818546312635415,
      "p95": 0.06272730000273441,
      "p99": 0.06272730000273441
    },
    "grad_norm": {
      "count": 10,
      "min": 0.44630753993988037,
      "max": 0.4861166775226593,
      "mean": 0.4737002670764923,
      "std": 0.011354407812809079,
      "p95": 0.4849662184715271,
      "p99": 0.4849662184715271
    },
    "loss": {
      "count": 10,
      "min": 2.2763595581054688,
      "max": 2.33123517036438,
      "mean": 2.305078554153442,
      "std": 0.018502770754103757,
      "p95": 2.3228683471679688,
      "p99": 2.3228683471679688
    }
  },
  "trajectories": {
    "compute_times": [
      0.03949519999878248,
      0.01034570000047097,
      0.00856009999915841,
      0.006937699999980396,
      0.007596600000397302,
      0.007982399998581968,
      0.007083899999997811,
      0.0067347000003792346,
      0.007963100000779377,
      0.008070199997746386
    ],
    "sync_times": [
      0.6118478999997023,
      0.01921779999975115,
      0.01831080000192742,
      0.007440900000801776,
      0.011292499999399297,
      0.0162878000010096,
      0.009503599998424761,
      0.01559099999940372,
      0.053943100003380096,
      0.02370349999910104
    ],
    "optim_times": [
      0.002798499997879844,
      0.0013226000010035932,
      0.000887399997736793,
      0.0008866999996826053,
      0.0006864000024506822,
      0.000958200002060039,
      0.0007012999994913116,
      0.0009757999978319276,
      0.0008210999985749368,
      0.0007685000018682331
    ],
    "iter_times": [
      0.6541415999963647,
      0.030886100001225714,
      0.027758299998822622,
      0.015265300000464777,
      0.01957550000224728,
      0.025228400001651607,
      0.017288799997913884,
      0.023301499997614883,
      0.06272730000273441,
      0.03254219999871566
    ],
    "grad_norms": [
      0.474467009305954,
      0.4743352234363556,
      0.46756741404533386,
      0.4827086925506592,
      0.4830756187438965,
      0.4693204164505005,
      0.4849662184715271,
      0.4861166775226593,
      0.44630753993988037,
      0.46813786029815674
    ],
    "losses": [
      2.3228683471679688,
      2.284285545349121,
      2.2795486450195312,
      2.309699296951294,
      2.320634365081787,
      2.303891658782959,
      2.3017518520355225,
      2.33123517036438,
      2.2763595581054688,
      2.3205111026763916
    ],
    "bytes_transferred": [
      437544,
      437544,
      437544,
      437544,
      437544,
      437544,
      437544,
      437544,
      437544,
      437544
    ],
    "epochs": [
      0,
      0,
      0,
      0,
      0,
      0,
      0,
      0,
      0,
      0
    ],
    "steps": [
      0,
      1,
      2,
      3,
      4,
      5,
      6,
      7,
      8,
      9
    ]
  }
}