{
  "rank": 5,
  "world_size": 8,
  "num_steps": 10,
  "statistics": {
    "compute": {
      "count": 10,
      "min": 0.038364600000932114,
      "max": 0.1784092000016244,
      "mean": 0.09096067999998922,
      "std": 0.036880212858083086,
      "p95": 0.11846210000294377,
      "p99": 0.11846210000294377
    },
    "sync": {
      "count": 10,
      "min": 0.0123079000004509,
      "max": 0.08008590000099503,
      "mean": 0.025986400000329014,
      "std": 0.01844823410529541,
      "p95": 0.026724300001660595,
      "p99": 0.026724300001660595
    },
    "optim": {
      "count": 10,
      "min": 0.0006427000007533934,
      "max": 0.0012229999992996454,
      "mean": 0.0007811099996615667,
      "std": 0.00015984671057034014,
      "p95": 0.00083710000035353,
      "p99": 0.00083710000035353
    },
    "iter": {
      "count": 10,
      "min": 0.05854689999978291,
      "max": 0.20451519999915035,
      "mean": 0.1177281899999798,
      "std": 0.04698294097683113,
      "p95": 0.19977100000323844,
      "p99": 0.19977100000323844
    },
    "grad_norm": {
      "count": 10,
      "min": 0.020968575030565262,
      "max": 0.07141382247209549,
      "mean": 0.04842514432966709,
      "std": 0.01605949219712329,
      "p95": 0.06955880671739578,
      "p99": 0.06955880671739578
    },
    "loss": {
      "count": 10,
      "min": 1.5993914604187012,
      "max": 1.6204861402511597,
      "mean": 1.609789216518402,
      "std": 0.006609207157164472,
      "p95": 1.6164566278457642,
      "p99": 1.6164566278457642
    }
  },
  "trajectories": {
    "compute_times": [
      0.11846210000294377,
      0.1784092000016244,
      0.05461739999736892,
      0.08298920000015642,
      0.11408419999861508,
      0.038364600000932114,
      0.07949720000033267,
      0.08864810000159196,
      0.07666129999779514,
      0.07787349999853177
    ],
    "sync_times": [
      0.08008590000099503,
      0.025456399998802226,
      0.0123079000004509,
      0.01827910000065458,
      0.02076889999807463,
      0.019533099999534898,
      0.020038600003317697,
      0.026724300001660595,
      0.016340700000000652,
      0.020329099999798927
    ],
    "optim_times": [
      0.0012229999992996454,
      0.0006495999987237155,
      0.0007752999990771059,
      0.0007470999989891425,
      0.0007882999998400919,
      0.000649199999315897,
      0.0007482999972125981,
      0.00083710000035353,
      0.0007505000030505471,
      0.0006427000007533934
    ],
    "iter_times": [
      0.19977100000323844,
      0.20451519999915035,
      0.06770059999689693,
      0.10201539999980014,
      0.1356413999965298,
      0.05854689999978291,
      0.10028410000086296,
      0.11620950000360608,
      0.09375250000084634,
      0.09884529999908409
    ],
    "grad_norms": [
      0.06955880671739578,
      0.07141382247209549,
      0.051299627870321274,
      0.05896368995308876,
      0.04386894404888153,
      0.05538027733564377,
      0.05140511691570282,
      0.020968575030565262,
      0.027222275733947754,
      0.03417030721902847
    ],
    "losses": [
      1.6003758907318115,
      1.616234540939331,
      1.6048413515090942,
      1.6102889776229858,
      1.609539270401001,
      1.6074340343475342,
      1.6204861402511597,
      1.5993914604187012,
      1.6128438711166382,
      1.6164566278457642
    ],
    "bytes_transferred": [
      27188,
      27188,
      27188,
      27188,
      27188,
      27188,
      27188,
      27188,
      27188,
      27188
    ],
    "epochs": [
      0,
      0,
      0,
      0,
      0,
      0,
      0,
      0,
      0,
      0
    ],
    "steps": [
      0,
      1,
      2,
      3,
      4,
      5,
      6,
      7,
      8,
      9
    ]
  }
}