{
  "rank": 1,
  "world_size": 8,
  "num_steps": 10,
  "statistics": {
    "compute": {
      "count": 10,
      "min": 0.04293369999868446,
      "max": 0.17599600000175997,
      "mean": 0.09212358000004314,
      "std": 0.03881089184358908,
      "p95": 0.14124059999812744,
      "p99": 0.14124059999812744
    },
    "sync": {
      "count": 10,
      "min": 0.01080559999900288,
      "max": 0.03507700000045588,
      "mean": 0.022559629999886966,
      "std": 0.007266137376005741,
      "p95": 0.0303182999996352,
      "p99": 0.0303182999996352
    },
    "optim": {
      "count": 10,
      "min": 0.0006484000005002599,
      "max": 0.0014310000005934853,
      "mean": 0.0008760400000028312,
      "std": 0.0002689434708216063,
      "p95": 0.0013677999995707069,
      "p99": 0.0013677999995707069
    },
    "iter": {
      "count": 10,
      "min": 0.06386719999863999,
      "max": 0.2117214000027161,
      "mean": 0.11555924999993294,
      "std": 0.04241367394919792,
      "p95": 0.17292669999733334,
      "p99": 0.17292669999733334
    },
    "grad_norm": {
      "count": 10,
      "min": 0.020968575030565262,
      "max": 0.07141382247209549,
      "mean": 0.04842514395713806,
      "std": 0.01605949247814754,
      "p95": 0.06955880671739578,
      "p99": 0.06955880671739578
    },
    "loss": {
      "count": 10,
      "min": 1.5968595743179321,
      "max": 1.6201881170272827,
      "mean": 1.6107209086418153,
      "std": 0.007282076856353038,
      "p95": 1.6188348531723022,
      "p99": 1.6188348531723022
    }
  },
  "trajectories": {
    "compute_times": [
      0.14124059999812744,
      0.17599600000175997,
      0.049549899998964975,
      0.07752400000026682,
      0.11239070000010543,
      0.04293369999868446,
      0.08442579999973532,
      0.09012609999990673,
      0.07504520000293269,
      0.07200379999994766
    ],
    "sync_times": [
      0.0303182999996352,
      0.03507700000045588,
      0.026066500002343673,
      0.026062000000820262,
      0.01080559999900288,
      0.020283600002585445,
      0.014176999997289386,
      0.01730179999867687,
      0.027505999998538755,
      0.0179984999995213
    ],
    "optim_times": [
      0.0013677999995707069,
      0.0006484000005002599,
      0.000754400000005262,
      0.0007522000014432706,
      0.0007535000004281756,
      0.0006498999973700847,
      0.0007556999989901669,
      0.0008759000011195894,
      0.0007716000000073109,
      0.0014310000005934853
    ],
    "iter_times": [
      0.17292669999733334,
      0.2117214000027161,
      0.07637080000131391,
      0.10433820000253036,
      0.12394979999953648,
      0.06386719999863999,
      0.09935849999601487,
      0.10830379999970319,
      0.10332280000147875,
      0.09143330000006245
    ],
    "grad_norms": [
      0.06955880671739578,
      0.07141382247209549,
      0.051299627870321274,
      0.05896369367837906,
      0.04386894032359123,
      0.05538027733564377,
      0.05140511319041252,
      0.020968575030565262,
      0.027222275733947754,
      0.03417030721902847
    ],
    "losses": [
      1.6183356046676636,
      1.6188348531723022,
      1.6124693155288696,
      1.610647201538086,
      1.6201881170272827,
      1.613701581954956,
      1.6023114919662476,
      1.6043514013290405,
      1.6095099449157715,
      1.5968595743179321
    ],
    "bytes_transferred": [
      27188,
      27188,
      27188,
      27188,
      27188,
      27188,
      27188,
      27188,
      27188,
      27188
    ],
    "epochs": [
      0,
      0,
      0,
      0,
      0,
      0,
      0,
      0,
      0,
      0
    ],
    "steps": [
      0,
      1,
      2,
      3,
      4,
      5,
      6,
      7,
      8,
      9
    ]
  }
}