{
  "rank": 2,
  "world_size": 8,
  "num_steps": 10,
  "statistics": {
    "compute": {
      "count": 10,
      "min": 0.03937670000232174,
      "max": 0.1803963999991538,
      "mean": 0.09074444999969274,
      "std": 0.038388651541247966,
      "p95": 0.12113529999987804,
      "p99": 0.12113529999987804
    },
    "sync": {
      "count": 10,
      "min": 0.0163170000014361,
      "max": 0.06547040000077686,
      "mean": 0.026988590000473777,
      "std": 0.013766684895841836,
      "p95": 0.03228350000063074,
      "p99": 0.03228350000063074
    },
    "optim": {
      "count": 10,
      "min": 0.0006917999999132007,
      "max": 0.0012344000024313573,
      "mean": 0.0008451500012597535,
      "std": 0.0001558294152953928,
      "p95": 0.001028400001814589,
      "p99": 0.001028400001814589
    },
    "iter": {
      "count": 10,
      "min": 0.06103580000126385,
      "max": 0.21349130000089644,
      "mean": 0.11857819000142626,
      "std": 0.045336781325470726,
      "p95": 0.18784010000308626,
      "p99": 0.18784010000308626
    },
    "grad_norm": {
      "count": 10,
      "min": 0.020968575030565262,
      "max": 0.07141382247209549,
      "mean": 0.048425142839550975,
      "std": 0.01605949205286673,
      "p95": 0.06955880671739578,
      "p99": 0.06955880671739578
    },
    "loss": {
      "count": 10,
      "min": 1.607908010482788,
      "max": 1.6204205751419067,
      "mean": 1.6135614275932313,
      "std": 0.0038447113703458592,
      "p95": 1.6156742572784424,
      "p99": 1.6156742572784424
    }
  },
  "trajectories": {
    "compute_times": [
      0.12113529999987804,
      0.1803963999991538,
      0.048274699998728465,
      0.08140149999962887,
      0.11562269999922137,
      0.03937670000232174,
      0.08007209999777842,
      0.09111370000027819,
      0.07811379999839119,
      0.07193760000154725
    ],
    "sync_times": [
      0.06547040000077686,
      0.03228350000063074,
      0.0286710000000312,
      0.018377300002612174,
      0.0189730000020063,
      0.02088019999791868,
      0.019341999999596737,
      0.0163170000014361,
      0.028372200002195314,
      0.02119929999753367
    ],
    "optim_times": [
      0.0012344000024313573,
      0.000811400001111906,
      0.001028400001814589,
      0.0008545000018784776,
      0.0007513000018661842,
      0.0007789000010234304,
      0.0006917999999132007,
      0.0007363000004261266,
      0.0007783000000927132,
      0.0007862000020395499
    ],
    "iter_times": [
      0.18784010000308626,
      0.21349130000089644,
      0.07797410000057425,
      0.10063330000411952,
      0.13534700000309385,
      0.06103580000126385,
      0.10010589999728836,
      0.10816700000214041,
      0.10726430000067921,
      0.09392310000112047
    ],
    "grad_norms": [
      0.06955880671739578,
      0.07141382247209549,
      0.051299627870321274,
      0.05896368622779846,
      0.04386894404888153,
      0.05538027361035347,
      0.05140511319041252,
      0.020968575030565262,
      0.027222275733947754,
      0.034170303493738174
    ],
    "losses": [
      1.6086984872817993,
      1.614830493927002,
      1.6148182153701782,
      1.607908010482788,
      1.6080405712127686,
      1.6149680614471436,
      1.6156742572784424,
      1.6204205751419067,
      1.614862084388733,
      1.6153935194015503
    ],
    "bytes_transferred": [
      27188,
      27188,
      27188,
      27188,
      27188,
      27188,
      27188,
      27188,
      27188,
      27188
    ],
    "epochs": [
      0,
      0,
      0,
      0,
      0,
      0,
      0,
      0,
      0,
      0
    ],
    "steps": [
      0,
      1,
      2,
      3,
      4,
      5,
      6,
      7,
      8,
      9
    ]
  }
}