{
  "rank": 4,
  "world_size": 8,
  "num_steps": 10,
  "statistics": {
    "compute": {
      "count": 10,
      "min": 0.04050920000008773,
      "max": 0.17536370000016177,
      "mean": 0.09080040999979247,
      "std": 0.036100143875502706,
      "p95": 0.1247932000005676,
      "p99": 0.1247932000005676
    },
    "sync": {
      "count": 10,
      "min": 0.012694600001850631,
      "max": 0.06258950000119512,
      "mean": 0.0247225699997216,
      "std": 0.014164903247166823,
      "p95": 0.0343680999976641,
      "p99": 0.0343680999976641
    },
    "optim": {
      "count": 10,
      "min": 0.0006167999999888707,
      "max": 0.0012486999985412695,
      "mean": 0.0008088799997494789,
      "std": 0.00016103496972647883,
      "p95": 0.0008699999998498242,
      "p99": 0.0008699999998498242
    },
    "iter": {
      "count": 10,
      "min": 0.05382060000192723,
      "max": 0.21054399999775342,
      "mean": 0.11633185999926354,
      "std": 0.046992881650149705,
      "p95": 0.18863140000030398,
      "p99": 0.18863140000030398
    },
    "grad_norm": {
      "count": 10,
      "min": 0.020968575030565262,
      "max": 0.07141382247209549,
      "mean": 0.04842514395713806,
      "std": 0.016059491952662663,
      "p95": 0.06955880671739578,
      "p99": 0.06955880671739578
    },
    "loss": {
      "count": 10,
      "min": 1.5994503498077393,
      "max": 1.6185320615768433,
      "mean": 1.610058844089508,
      "std": 0.0065207291157465055,
      "p95": 1.6178631782531738,
      "p99": 1.6178631782531738
    }
  },
  "trajectories": {
    "compute_times": [
      0.1247932000005676,
      0.17536370000016177,
      0.05560429999968619,
      0.07989150000139489,
      0.10722650000025169,
      0.04050920000008773,
      0.07722129999820027,
      0.09147740000116755,
      0.08316769999873941,
      0.07274929999766755
    ],
    "sync_times": [
      0.06258950000119512,
      0.0343680999976641,
      0.015324199997849064,
      0.014622700000472832,
      0.028233999997610226,
      0.012694600001850631,
      0.018907400000898633,
      0.023250599999300903,
      0.02190619999964838,
      0.015328400000726106
    ],
    "optim_times": [
      0.0012486999985412695,
      0.0008121999999275431,
      0.0008699999998498242,
      0.0007614999994984828,
      0.000818000000435859,
      0.0006167999999888707,
      0.000738800001272466,
      0.0007861999984015711,
      0.0006950999995751772,
      0.0007415000000037253
    ],
    "iter_times": [
      0.18863140000030398,
      0.21054399999775342,
      0.07179849999738508,
      0.0952757000013662,
      0.13627849999829778,
      0.05382060000192723,
      0.09686750000037136,
      0.11551419999887003,
      0.10576899999796296,
      0.08881919999839738
    ],
    "grad_norms": [
      0.06955880671739578,
      0.07141382247209549,
      0.051299627870321274,
      0.05896368622779846,
      0.04386894404888153,
      0.05538027733564377,
      0.05140511691570282,
      0.020968575030565262,
      0.027222275733947754,
      0.03417030721902847
    ],
    "losses": [
      1.6097321510314941,
      1.6119171380996704,
      1.6185320615768433,
      1.6178631782531738,
      1.606907606124878,
      1.6119297742843628,
      1.6172362565994263,
      1.5994503498077393,
      1.6070928573608398,
      1.5999270677566528
    ],
    "bytes_transferred": [
      27188,
      27188,
      27188,
      27188,
      27188,
      27188,
      27188,
      27188,
      27188,
      27188
    ],
    "epochs": [
      0,
      0,
      0,
      0,
      0,
      0,
      0,
      0,
      0,
      0
    ],
    "steps": [
      0,
      1,
      2,
      3,
      4,
      5,
      6,
      7,
      8,
      9
    ]
  }
}