{
  "rank": 0,
  "world_size": 8,
  "num_steps": 10,
  "statistics": {
    "compute": {
      "count": 10,
      "min": 0.03821080000125221,
      "max": 0.16981880000093952,
      "mean": 0.08394429000036326,
      "std": 0.03646382865705969,
      "p95": 0.1108994000023813,
      "p99": 0.1108994000023813
    },
    "sync": {
      "count": 10,
      "min": 0.01310139999986859,
      "max": 0.767936300002475,
      "mean": 0.09923857000030693,
      "std": 0.22313182089852265,
      "p95": 0.0508494999994582,
      "p99": 0.0508494999994582
    },
    "optim": {
      "count": 10,
      "min": 0.0006405999993148725,
      "max": 0.0014307999990705866,
      "mean": 0.0008063499994023004,
      "std": 0.0002122511872498388,
      "p95": 0.0007912000000942498,
      "p99": 0.0007912000000942498
    },
    "iter": {
      "count": 10,
      "min": 0.05895990000135498,
      "max": 0.8626001000011456,
      "mean": 0.18398921000007248,
      "std": 0.2290068644873633,
      "p95": 0.20032670000000508,
      "p99": 0.20032670000000508
    },
    "grad_norm": {
      "count": 10,
      "min": 0.02096857689321041,
      "max": 0.07141382247209549,
      "mean": 0.048425143398344514,
      "std": 0.01605949189819822,
      "p95": 0.06955880671739578,
      "p99": 0.06955880671739578
    },
    "loss": {
      "count": 10,
      "min": 1.5977959632873535,
      "max": 1.62272047996521,
      "mean": 1.6118711233139038,
      "std": 0.006989526886953046,
      "p95": 1.6178091764450073,
      "p99": 1.6178091764450073
    }
  },
  "trajectories": {
    "compute_times": [
      0.0932329999996,
      0.16981880000093952,
      0.05402499999763677,
      0.07964859999992768,
      0.1108994000023813,
      0.040449799998896196,
      0.08042790000035893,
      0.096054900001036,
      0.07667470000160392,
      0.03821080000125221
    ],
    "sync_times": [
      0.767936300002475,
      0.029867299999750685,
      0.031623800001398195,
      0.01689770000302815,
      0.01980339999863645,
      0.017765300002793083,
      0.01310139999986859,
      0.02197889999661129,
      0.02256209999904968,
      0.0508494999994582
    ],
    "optim_times": [
      0.0014307999990705866,
      0.0006405999993148725,
      0.0007073999986459967,
      0.0007587000000057742,
      0.0007912000000942498,
      0.0007447999996657018,
      0.0007057999973767437,
      0.0007416000007651746,
      0.0007826000000932254,
      0.0007599999989906792
    ],
    "iter_times": [
      0.8626001000011456,
      0.20032670000000508,
      0.08635619999768096,
      0.0973050000029616,
      0.131494000001112,
      0.05895990000135498,
      0.09423509999760427,
      0.11877539999841247,
      0.10001940000074683,
      0.08982029999970109
    ],
    "grad_norms": [
      0.06955880671739578,
      0.07141382247209549,
      0.051299624145030975,
      0.05896368622779846,
      0.04386894404888153,
      0.05538027733564377,
      0.05140511691570282,
      0.02096857689321041,
      0.027222275733947754,
      0.034170303493738174
    ],
    "losses": [
      1.6086573600769043,
      1.62272047996521,
      1.6178091764450073,
      1.614903211593628,
      1.5977959632873535,
      1.614594578742981,
      1.6018635034561157,
      1.6137957572937012,
      1.614438533782959,
      1.6121326684951782
    ],
    "bytes_transferred": [
      27188,
      27188,
      27188,
      27188,
      27188,
      27188,
      27188,
      27188,
      27188,
      27188
    ],
    "epochs": [
      0,
      0,
      0,
      0,
      0,
      0,
      0,
      0,
      0,
      0
    ],
    "steps": [
      0,
      1,
      2,
      3,
      4,
      5,
      6,
      7,
      8,
      9
    ]
  }
}