{
  "rank": 1,
  "world_size": 8,
  "num_steps": 60,
  "statistics": {
    "compute": {
      "count": 60,
      "min": 0.03193539999847417,
      "max": 0.252662999999302,
      "mean": 0.1271035250000447,
      "std": 0.06032693083006983,
      "p95": 0.21217650000107824,
      "p99": 0.23924519999854965
    },
    "sync": {
      "count": 60,
      "min": 0.008047799998166738,
      "max": 0.12450790000002598,
      "mean": 0.02729629833332486,
      "std": 0.02120335383685952,
      "p95": 0.06240780000007362,
      "p99": 0.0796699999991688
    },
    "optim": {
      "count": 60,
      "min": 0.0008572000006097369,
      "max": 0.0038531000027433038,
      "mean": 0.0014374799999131937,
      "std": 0.0006236015741323061,
      "p95": 0.0026610999993863516,
      "p99": 0.003149599997414043
    },
    "iter": {
      "count": 60,
      "min": 0.04353699999774108,
      "max": 0.2743919999957143,
      "mean": 0.15583730333328277,
      "std": 0.059404005642910374,
      "p95": 0.2520394999992277,
      "p99": 0.25713460000042687
    },
    "grad_norm": {
      "count": 60,
      "min": 0.178546741604805,
      "max": 0.42565569281578064,
      "mean": 0.2595461909969648,
      "std": 0.056863164129608,
      "p95": 0.3630068600177765,
      "p99": 0.38520604372024536
    },
    "loss": {
      "count": 60,
      "min": 2.2722535133361816,
      "max": 2.346266031265259,
      "mean": 2.303742309411367,
      "std": 0.01412701892934112,
      "p95": 2.331658124923706,
      "p99": 2.337984323501587
    }
  },
  "trajectories": {
    "compute_times": [
      0.06809240000075079,
      0.1396822999995493,
      0.07697249999910127,
      0.14289319999807049,
      0.03623639999932493,
      0.0320296000027156,
      0.16271749999941676,
      0.14685850000023493,
      0.0682083000028797,
      0.21217650000107824,
      0.17801039999903878,
      0.16471209999872372,
      0.13516669999808073,
      0.0697799000008672,
      0.13693530000091414,
      0.16946199999802047,
      0.1723082999997132,
      0.16968619999897783,
      0.03685580000092159,
      0.06422730000122101,
      0.16800249999869266,
      0.14511859999765875,
      0.19933460000174819,
      0.07144120000157272,
      0.1450431999983266,
      0.1749649999983376,
      0.034449799997673836,
      0.1040729000014835,
      0.2044674999997369,
      0.079772299999604,
      0.033619599998928607,
      0.16901850000067498,
      0.19673600000169245,
      0.07189260000086506,
      0.06751140000051237,
      0.12210720000075526,
      0.10629690000132541,
      0.03539040000032401,
      0.20551549999800045,
      0.13801750000129687,
      0.11237400000027264,
      0.10670609999942826,
      0.1968230999991647,
      0.06859470000199508,
      0.0879227000004903,
      0.13993119999940973,
      0.038050099999964004,
      0.10535539999909815,
      0.16861490000155754,
      0.21119560000079218,
      0.0904539000002842,
      0.09844109999903594,
      0.23924519999854965,
      0.252662999999302,
      0.06522930000210181,
      0.17165070000191918,
      0.2372219999997469,
      0.03193539999847417,
      0.1779000000024098,
      0.1701186999998754
    ],
    "sync_times": [
      0.06240780000007362,
      0.01468609999938053,
      0.015381699999124976,
      0.05772190000061528,
      0.022389000001567183,
      0.05439889999979641,
      0.06080440000005183,
      0.022584300000744406,
      0.012425900000380352,
      0.018026099998678546,
      0.019881500000337837,
      0.021420600001874845,
      0.01611159999811207,
      0.01919379999890225,
      0.013795499999105232,
      0.05054940000263741,
      0.019403599999350263,
      0.01832970000032219,
      0.02635759999975562,
      0.019299100000353064,
      0.012176300002465723,
      0.03768010000203503,
      0.008904700000130106,
      0.12450790000002598,
      0.010904399998253211,
      0.022755800000595627,
      0.008047799998166738,
      0.0796699999991688,
      0.009062499997526174,
      0.05142409999825759,
      0.02675240000098711,
      0.018047599998681108,
      0.019146700000419514,
      0.015957100000377977,
      0.013910300000134157,
      0.025316399998700945,
      0.02056079999965732,
      0.020441799999389332,
      0.05060290000255918,
      0.05287700000189943,
      0.05106779999914579,
      0.016289000002871035,
      0.009953400000085821,
      0.06245839999974123,
      0.010997299999871757,
      0.01816820000021835,
      0.05533110000033048,
      0.014915899999323301,
      0.023269799999980023,
      0.017393000001902692,
      0.0181146999966586,
      0.01904399999693851,
      0.011885800002346514,
      0.0202246999979252,
      0.017396999999618856,
      0.01460909999877913,
      0.018463699998392258,
      0.012050100001943065,
      0.018628900001203874,
      0.013600900001620175
    ],
    "optim_times": [
      0.0038531000027433038,
      0.0011411000014049932,
      0.0011922999983653426,
      0.0011266999972576741,
      0.0026003999992099125,
      0.0013261999993119389,
      0.0017578999977558851,
      0.00122660000124597,
      0.0012949999982083682,
      0.0011182999987795483,
      0.0017348000001220498,
      0.002558399999543326,
      0.0016092000005301088,
      0.0020831000001635402,
      0.0009242000014637597,
      0.0009262999992643017,
      0.0010685999986890238,
      0.0008572000006097369,
      0.002450100000714883,
      0.001602599997568177,
      0.000884000000951346,
      0.0016360999979951885,
      0.0011664999983622693,
      0.0013374999980442226,
      0.0009847000001173,
      0.001722099998005433,
      0.0010394000019005034,
      0.0026610999993863516,
      0.0009324000020569656,
      0.0009344999998575076,
      0.001713400000880938,
      0.0014566999998351093,
      0.0011927999985346105,
      0.0012109000017517246,
      0.0009057999996002764,
      0.0012965000023541506,
      0.001123800000641495,
      0.001783600000635488,
      0.00101619999986724,
      0.0010332999991078395,
      0.001072400002158247,
      0.0013054000010015443,
      0.0009333999987575226,
      0.0029594000006909482,
      0.0010389000017312355,
      0.00101619999986724,
      0.0012338999986241106,
      0.0009920000011334196,
      0.0017540000008011702,
      0.003149599997414043,
      0.0009968000013031997,
      0.0017747000019880943,
      0.0009084999983315356,
      0.001504299998487113,
      0.001825999999709893,
      0.001202999999804888,
      0.0011578000012377743,
      0.000982600002316758,
      0.0008908999989216682,
      0.0010655999976734165
    ],