{
  "rank": 0,
  "world_size": 8,
  "num_steps": 60,
  "statistics": {
    "compute": {
      "count": 60,
      "min": 0.03186970000024303,
      "max": 0.2545959999988554,
      "mean": 0.12214138833369362,
      "std": 0.05536593777828682,
      "p95": 0.2024225999994087,
      "p99": 0.2422441999988223
    },
    "sync": {
      "count": 60,
      "min": 0.01101859999835142,
      "max": 0.08913689999826602,
      "mean": 0.03173553666686833,
      "std": 0.022846928595616985,
      "p95": 0.07884669999839389,
      "p99": 0.08328810000239173
    },
    "optim": {
      "count": 60,
      "min": 0.00083969999832334,
      "max": 0.0027545999982976355,
      "mean": 0.0011519416664668824,
      "std": 0.00036653510559922866,
      "p95": 0.0018022999975073617,
      "p99": 0.002220499998657033
    },
    "iter": {
      "count": 60,
      "min": 0.045378699996945215,
      "max": 0.2757285999978194,
      "mean": 0.15502886666702884,
      "std": 0.05994512450106642,
      "p95": 0.2542717000033008,
      "p99": 0.26262719999431283
    },
    "grad_norm": {
      "count": 60,
      "min": 0.178546741604805,
      "max": 0.42565569281578064,
      "mean": 0.2595461909969648,
      "std": 0.056863164129608,
      "p95": 0.3630068600177765,
      "p99": 0.38520604372024536
    },
    "loss": {
      "count": 60,
      "min": 2.2771196365356445,
      "max": 2.3521459102630615,
      "mean": 2.3082632104555767,
      "std": 0.014598936499432573,
      "p95": 2.3320915699005127,
      "p99": 2.3413336277008057
    }
  },
  "trajectories": {
    "compute_times": [
      0.04622869999730028,
      0.1086609000012686,
      0.07212880000224686,
      0.14177140000174404,
      0.03849120000086259,
      0.03716739999799756,
      0.15643790000103763,
      0.14185300000099232,
      0.03797069999927771,
      0.14702630000101635,
      0.1408981999993557,
      0.1357227000007697,
      0.14341179999973974,
      0.07303769999998622,
      0.1395766999994521,
      0.20237980000092648,
      0.16619460000219988,
      0.1654460999998264,
      0.03186970000024303,
      0.07153059999836842,
      0.11035240000273916,
      0.14291489999959595,
      0.17509749999953783,
      0.1708758000022499,
      0.14587119999850984,
      0.16732779999802005,
      0.03556200000093668,
      0.10559189999912633,
      0.17347660000086762,
      0.1128478000027826,
      0.036452700001973426,
      0.1401919000018097,
      0.13728470000205562,
      0.04162720000022091,
      0.06923749999987194,
      0.11997550000160118,
      0.10258340000291355,
      0.03809399999954621,
      0.1725105999976222,
      0.13877190000130213,
      0.11115630000131205,
      0.1000917000019399,
      0.2024225999994087,
      0.09920659999988857,
      0.09145759999955771,
      0.1368079999992915,
      0.0716314000019338,
      0.1019336999997904,
      0.16171079999912763,
      0.17234079999980167,
      0.08977500000037253,
      0.09380609999789158,
      0.2422441999988223,
      0.2545959999988554,
      0.06795070000225678,
      0.17609559999982594,
      0.24059940000006463,
      0.040793800002575153,
      0.1732665999988967,
      0.16614490000210935
    ],
    "sync_times": [
      0.034263400000781985,
      0.04968139999982668,
      0.020200899998599198,
      0.054413000001659384,
      0.019700600001669955,
      0.05957940000007511,
      0.07285070000216365,
      0.013830600000801496,
      0.051400200001808116,
      0.08328810000239173,
      0.0538620000006631,
      0.053471600000193575,
      0.015540899999905378,
      0.016654600000038045,
      0.019509600002493244,
      0.011623400001553819,
      0.012457500000891741,
      0.0212866000001668,
      0.012622199999896111,
      0.02116750000277534,
      0.08073249999870313,
      0.01651800000036019,
      0.04739420000259997,
      0.017341300001135096,
      0.021764000000985106,
      0.012074199999915436,
      0.020624100001441548,
      0.07212209999852348,
      0.05145460000130697,
      0.012533400000393158,
      0.016567899998335633,
      0.05503609999868786,
      0.07884669999839389,
      0.06176749999940512,
      0.018786399999953574,
      0.030863799998769537,
      0.01120009999795002,
      0.020276599996577716,
      0.08913689999826602,
      0.053728399998362875,
      0.0598454999999376,
      0.011501599998155143,
      0.012297299999772804,
      0.01945749999867985,
      0.013225500002590707,
      0.011651900000288151,
      0.022942799998418195,
      0.011460199999419274,
      0.01101859999835142,
      0.06649349999861442,
      0.033080300003348384,
      0.0119689000021026,
      0.01886989999911748,
      0.018929199999547563,
      0.014339000001200475,
      0.015449000002263347,
      0.012715600001683924,
      0.023211299998365575,
      0.018338400001084665,
      0.011163200000737561
    ],
    "optim_times": [
      0.0017700000025797635,
      0.000985999999102205,
      0.0009766000002855435,
      0.0010096999976667576,
      0.0009886000007099938,
      0.0013061999998171814,
      0.000912600000447128,
      0.000990000000456348,
      0.0008723000028112438,
      0.000995300000795396,
      0.001108399999793619,
      0.0008524000004399568,
      0.0011262999978498556,
      0.0009624000012991019,
      0.0010885000010603108,
      0.0009532000003673602,
      0.0008597000014560763,
      0.0011746999989554752,
      0.0008867999968060758,
      0.0011328999971738085,
      0.0009768999989319127,
      0.0015091999994183425,
      0.0011638000032689888,
      0.0018022999975073617,
      0.0011941999982809648,
      0.0009816999991016928,
      0.0009253999996872153,
      0.0008933999997680075,
      0.001258399999642279,
      0.00083969999832334,
      0.0009651999971538316,
      0.0010470999986864626,
      0.000925600001210114,
      0.0016214999996009283,
      0.0010853999992832541,
      0.0027545999982976355,
      0.000941999998758547,
      0.0013021999984630384,
      0.0009796999984246213,
      0.0009042999990924727,
      0.001151100001152372,
      0.0010460999983479269,
      0.000921599999855971,
      0.002220499998657033,
      0.0009580000005371403,
      0.0008761999997659586,
      0.0017358000004605856,
      0.0008541999995941296,
      0.0010307999982615001,
      0.0013131000014254823,
      0.0013943000012659468,
      0.0009603000034985598,
      0.0010700000020733569,
      0.0022033999994164333,
      0.0008987000001070555,
      0.001031799998600036,
      0.0009567000015522353,
      0.0012600999980350025,
      0.0011977000031038187,
      0.001010899999528192
    ],