{
  "rank": 3,
  "world_size": 8,
  "num_steps": 60,
  "statistics": {
    "compute": {
      "count": 60,
      "min": 0.03336910000143689,
      "max": 0.24323720000029425,
      "mean": 0.12323716999987179,
      "std": 0.05994326630377626,
      "p95": 0.208538499999122,
      "p99": 0.24108279999927618
    },
    "sync": {
      "count": 60,
      "min": 0.009129200003371807,
      "max": 0.09173329999975977,
      "mean": 0.031514355000156986,
      "std": 0.021830331096623003,
      "p95": 0.06984659999943688,
      "p99": 0.08522090000042226
    },
    "optim": {
      "count": 60,
      "min": 0.0008447000000160187,
      "max": 0.002796600001602201,
      "mean": 0.0011844233335674896,
      "std": 0.0003993184583247814,
      "p95": 0.002015000001847511,
      "p99": 0.0026937000002362765
    },
    "iter": {
      "count": 60,
      "min": 0.04636210000171559,
      "max": 0.26278300000194577,
      "mean": 0.15593594833359628,
      "std": 0.05826814106342043,
      "p95": 0.24584650000178954,
      "p99": 0.2613132000005862
    },
    "grad_norm": {
      "count": 60,
      "min": 0.178546741604805,
      "max": 0.42565569281578064,
      "mean": 0.2595461909969648,
      "std": 0.056863164129608,
      "p95": 0.3630068600177765,
      "p99": 0.38520604372024536
    },
    "loss": {
      "count": 60,
      "min": 2.273203134536743,
      "max": 2.3466873168945312,
      "mean": 2.308400269349416,
      "std": 0.014344080675110962,
      "p95": 2.3407976627349854,
      "p99": 2.3417768478393555
    }
  },
  "trajectories": {
    "compute_times": [
      0.07019319999744766,
      0.11068149999846355,
      0.0714165999997931,
      0.17285960000299383,
      0.03336910000143689,
      0.03776160000052187,
      0.1928578999977617,
      0.14461709999886807,
      0.03756780000185245,
      0.208538499999122,
      0.14386999999987893,
      0.13962180000089575,
      0.13742509999792674,
      0.07096249999813153,
      0.06688239999857615,
      0.168755599999713,
      0.17253379999965546,
      0.16929660000096192,
      0.0354579000013473,
      0.06829090000246651,
      0.10705629999938537,
      0.1375523000024259,
      0.2062580000019807,
      0.17283229999884497,
      0.11369049999848357,
      0.17204759999731323,
      0.036283699999330565,
      0.10499510000227019,
      0.17351010000129463,
      0.11021869999967748,
      0.03722949999792036,
      0.16873409999971045,
      0.2025255999978981,
      0.041197300000931136,
      0.03597069999887026,
      0.12278679999872111,
      0.10717400000066846,
      0.03845300000102725,
      0.20853580000039074,
      0.13922589999856427,
      0.10890199999994365,
      0.10445229999822914,
      0.19705760000215378,
      0.10289149999880465,
      0.08951120000347146,
      0.1413423000012699,
      0.07125280000036582,
      0.10402629999953206,
      0.1659786999989592,
      0.17288729999927455,
      0.09022560000084923,
      0.07478180000180146,
      0.24108279999927618,
      0.23579849999805447,
      0.03664570000182721,
      0.17143939999732538,
      0.24323720000029425,
      0.03780389999883482,
      0.17901809999966645,
      0.13665839999885065
    ],
    "sync_times": [
      0.06018639999820152,
      0.0592426000002888,
      0.016957399999228073,
      0.02830299999914132,
      0.011903099999472033,
      0.06984659999943688,
      0.023231200000736862,
      0.015385099999548402,
      0.05525839999972959,
      0.01989060000050813,
      0.054095600000437116,
      0.05646109999725013,
      0.011675399997329805,
      0.015031299997644965,
      0.09173329999975977,
      0.052907700002833735,
      0.01718129999790108,
      0.017668300002696924,
      0.02275530000042636,
      0.01275530000202707,
      0.08522090000042226,
      0.013114499997755047,
      0.011177100001077633,
      0.01212850000229082,
      0.05924359999698936,
      0.012212900001031812,
      0.010276400000293506,
      0.07194929999968736,
      0.05344350000086706,
      0.013100799998937873,
      0.023554800001875265,
      0.010902500001975568,
      0.013400299998465925,
      0.055688199998257915,
      0.0582306999967841,
      0.02353940000102739,
      0.01785300000119605,
      0.019020200001250487,
      0.051161199997295626,
      0.048414700002467725,
      0.052462800002103904,
      0.019707899999048095,
      0.013714599997911137,
      0.02488130000347155,
      0.010690000002796296,
      0.018566400001873262,
      0.012710000002698507,
      0.022766899997805012,
      0.020417499999894062,
      0.05515369999920949,
      0.02339180000126362,
      0.043709100002160994,
      0.01913799999965704,
      0.009129200003371807,
      0.06233720000091125,
      0.010613999998895451,
      0.018430700001772493,
      0.013221900000644382,
      0.015653400001610862,
      0.04806339999777265
    ],
    "optim_times": [
      0.0016550000000279397,
      0.0026937000002362765,
      0.0011933000023418572,
      0.001317500002187444,
      0.001089900000806665,
      0.002796600001602201,
      0.002015000001847511,
      0.0009157999993476551,
      0.0010211000007984694,
      0.001105199997255113,
      0.0012255999972694553,
      0.002149799998733215,
      0.0010022999995271675,
      0.0009331999972346239,
      0.0009596999989298638,
      0.0009561000006215181,
      0.0008491000007779803,
      0.0012769000022672117,
      0.0014110000010987278,
      0.0009301999998569954,
      0.001138899999205023,
      0.0009594999974069651,
      0.0012606999989657197,
      0.0009006000000226777,
      0.0011540999985300004,
      0.0009072000029846095,
      0.0009308000007877126,
      0.0009463999995205086,
      0.0012337000007391907,
      0.0008908000017981976,
      0.0014704999994137324,
      0.0011771999998018146,
      0.0010130000009667128,
      0.0009055000009539071,
      0.0011064999998779967,
      0.001275400001759408,
      0.0010416999975859653,
      0.0013695999987248797,
      0.0008463000012852717,
      0.0009962000003724825,
      0.0008447000000160187,
      0.0013859999999112915,
      0.0008801000003586523,
      0.001698000000033062,
      0.0009557000012136996,
      0.0009221000000252388,
      0.0010595999992801808,
      0.0009176000021398067,
      0.0009062000026460737,
      0.0011623000027611852,
      0.0013599999983853195,
      0.0009688999998616055,
      0.0010924000016530044,
      0.0009188000003632624,
      0.0017726000005495735,
      0.0011113000000477768,
      0.0011150999998790212,
      0.0008904999995138496,
      0.0009901000012177974,
      0.0010918000007222872
    ],