{
  "rank": 0,
  "world_size": 8,
  "num_steps": 10,
  "statistics": {
    "compute": {
      "count": 10,
      "min": 0.015357399999629706,
      "max": 0.055666199998086086,
      "mean": 0.02172578999961843,
      "std": 0.01152558987867617,
      "p95": 0.02374240000062855,
      "p99": 0.02374240000062855
    },
    "sync": {
      "count": 10,
      "min": 0.01191610000023502,
      "max": 0.017958000000362517,
      "mean": 0.014375140000265674,
      "std": 0.0017608559777073497,
      "p95": 0.016478099998494145,
      "p99": 0.016478099998494145
    },
    "optim": {
      "count": 10,
      "min": 0.0007260999991558492,
      "max": 0.002091199999995297,
      "mean": 0.0010509699994145194,
      "std": 0.00040676596489337143,
      "p95": 0.0014722999985679053,
      "p99": 0.0014722999985679053
    },
    "iter": {
      "count": 10,
      "min": 0.028851399998529814,
      "max": 0.07475739999790676,
      "mean": 0.03715189999929862,
      "std": 0.01275260784653973,
      "p95": 0.03783280000061495,
      "p99": 0.03783280000061495
    },
    "grad_norm": {
      "count": 10,
      "min": 0.15999260544776917,
      "max": 0.44135209918022156,
      "mean": 0.27230107188224795,
      "std": 0.07718378211414578,
      "p95": 0.3397710621356964,
      "p99": 0.3397710621356964
    },
    "loss": {
      "count": 10,
      "min": 1.5595345497131348,
      "max": 1.727585792541504,
      "mean": 1.6080211639404296,
      "std": 0.04564368218385162,
      "p95": 1.631116271018982,
      "p99": 1.631116271018982
    }
  },
  "trajectories": {
    "compute_times": [
      0.055666199998086086,
      0.02374240000062855,
      0.015878399997745873,
      0.016596099998423597,
      0.01871499999833759,
      0.015357399999629706,
      0.017930299996805843,
      0.01683010000124341,
      0.018306100002519088,
      0.018235900002764538
    ],
    "sync_times": [
      0.017958000000362517,
      0.013165399999707006,
      0.012722200001007877,
      0.016478099998494145,
      0.014849800001684343,
      0.01274339999872609,
      0.014907799999491544,
      0.014118800001597265,
      0.01489180000135093,
      0.01191610000023502
    ],
    "optim_times": [
      0.0011331999994581565,
      0.0009250000002793968,
      0.0014722999985679053,
      0.0008118000005197246,
      0.0007596999967063311,
      0.0007506000001740176,
      0.0009298000004491769,
      0.0009099999988393392,
      0.0007260999991558492,
      0.002091199999995297
    ],
    "iter_times": [
      0.07475739999790676,
      0.03783280000061495,
      0.030072899997321656,
      0.033885999997437466,
      0.034324499996728264,
      0.028851399998529814,
      0.033767899996746564,
      0.03185890000168001,
      0.03392400000302587,
      0.032243200002994854
    ],
    "grad_norms": [
      0.21865025162696838,
      0.15999260544776917,
      0.281485378742218,
      0.44135209918022156,
      0.2697281837463379,
      0.19138403236865997,
      0.31590893864631653,
      0.3397710621356964,
      0.28079932928085327,
      0.22393883764743805
    ],
    "losses": [
      1.5989478826522827,
      1.5595345497131348,
      1.5711110830307007,
      1.5956847667694092,
      1.727585792541504,
      1.6302995681762695,
      1.5769612789154053,
      1.5837831497192383,
      1.6051872968673706,
      1.631116271018982
    ],
    "bytes_transferred": [
      27188,
      27188,
      27188,
      27188,
      27188,
      27188,
      27188,
      27188,
      27188,
      27188
    ],
    "epochs": [
      0,
      0,
      0,
      0,
      0,
      0,
      0,
      0,
      0,
      0
    ],
    "steps": [
      0,
      1,
      2,
      3,
      4,
      5,
      6,
      7,
      8,
      9
    ]
  }
}