{
  "rank": 7,
  "world_size": 8,
  "num_steps": 10,
  "statistics": {
    "compute": {
      "count": 10,
      "min": 0.010951899999781745,
      "max": 0.13366820000010193,
      "mean": 0.02527514999892446,
      "std": 0.0361498212201614,
      "p95": 0.015761299997393508,
      "p99": 0.015761299997393508
    },
    "sync": {
      "count": 10,
      "min": 0.012287999998079613,
      "max": 0.7136695000008331,
      "mean": 0.08853048000019044,
      "std": 0.20841372995003066,
      "p95": 0.025173299996822607,
      "p99": 0.025173299996822607
    },
    "optim": {
      "count": 10,
      "min": 0.0009716000022308435,
      "max": 0.0021010000018577557,
      "mean": 0.0013368600008107022,
      "std": 0.00034302031203932773,
      "p95": 0.0017703000012261327,
      "p99": 0.0017703000012261327
    },
    "iter": {
      "count": 10,
      "min": 0.02501019999908749,
      "max": 0.8494387000027928,
      "mean": 0.1151424899999256,
      "std": 0.24480000055782816,
      "p95": 0.039461199994548224,
      "p99": 0.039461199994548224
    },
    "grad_norm": {
      "count": 10,
      "min": 0.3254165053367615,
      "max": 0.3504560589790344,
      "mean": 0.33827086687088015,
      "std": 0.008284283298524955,
      "p95": 0.3504524827003479,
      "p99": 0.3504524827003479
    },
    "loss": {
      "count": 10,
      "min": 2.2980754375457764,
      "max": 2.347642660140991,
      "mean": 2.3188802003860474,
      "std": 0.013985286301825673,
      "p95": 2.3310470581054688,
      "p99": 2.3310470581054688
    }
  },
  "trajectories": {
    "compute_times": [
      0.13366820000010193,
      0.015761299997393508,
      0.01335800000015297,
      0.010951899999781745,
      0.013375899998209206,
      0.013654999998834683,
      0.013919699998950819,
      0.013205199997173622,
      0.012343399997917004,
      0.012512900000729132
    ],
    "sync_times": [
      0.7136695000008331,
      0.019356900000275346,
      0.020741100001032464,
      0.012287999998079613,
      0.023847200001910096,
      0.016514800001459662,
      0.01565409999966505,
      0.025173299996822607,
      0.021750500000052853,
      0.01630940000177361
    ],
    "optim_times": [
      0.0021010000018577557,
      0.0011484999995445833,
      0.0011400000003050081,
      0.0017703000012261327,
      0.0013792999998258892,
      0.0011096000016550533,
      0.001133900001150323,
      0.0010827000005519949,
      0.0009716000022308435,
      0.0015316999997594394
    ],
    "iter_times": [
      0.8494387000027928,
      0.036266699997213436,
      0.03523910000149044,
      0.02501019999908749,
      0.03860239999994519,
      0.0312794000019494,
      0.03070769999976619,
      0.039461199994548224,
      0.0350655000002007,
      0.030354000002262183
    ],
    "grad_norms": [
      0.34363359212875366,
      0.33614903688430786,
      0.3504524827003479,
      0.3504560589790344,
      0.3400847911834717,
      0.3322739899158478,
      0.3366731107234955,
      0.34116247296333313,
      0.3264066278934479,
      0.3254165053367615
    ],
    "losses": [
      2.313101291656494,
      2.3033931255340576,
      2.3193681240081787,
      2.2980754375457764,
      2.3271374702453613,
      2.3071563243865967,
      2.326423406600952,
      2.3154571056365967,
      2.3310470581054688,
      2.347642660140991
    ],
    "bytes_transferred": [
      437544,
      437544,
      437544,
      437544,
      437544,
      437544,
      437544,
      437544,
      437544,
      437544
    ],
    "epochs": [
      0,
      0,
      0,
      0,
      0,
      0,
      0,
      0,
      0,
      0
    ],
    "steps": [
      0,
      1,
      2,
      3,
      4,
      5,
      6,
      7,
      8,
      9
    ]
  }
}