{
  "rank": 4,
  "world_size": 8,
  "num_steps": 10,
  "statistics": {
    "compute": {
      "count": 10,
      "min": 0.008639100000436883,
      "max": 0.015649999997549457,
      "mean": 0.012875870000061695,
      "std": 0.0017691997533782944,
      "p95": 0.014871400002448354,
      "p99": 0.014871400002448354
    },
    "sync": {
      "count": 10,
      "min": 0.010903100002906285,
      "max": 0.04988400000002002,
      "mean": 0.022544130000460426,
      "std": 0.01113035677943956,
      "p95": 0.0339693999994779,
      "p99": 0.0339693999994779
    },
    "optim": {
      "count": 10,
      "min": 0.0009250000002793968,
      "max": 0.0020714999991469085,
      "mean": 0.001250959999015322,
      "std": 0.00030741698128291866,
      "p95": 0.00146139999924344,
      "p99": 0.00146139999924344
    },
    "iter": {
      "count": 10,
      "min": 0.02065290000246023,
      "max": 0.06760549999671639,
      "mean": 0.03667095999953744,
      "std": 0.012493760056145668,
      "p95": 0.04753040000287001,
      "p99": 0.04753040000287001
    },
    "grad_norm": {
      "count": 10,
      "min": 0.3254165053367615,
      "max": 0.3504560589790344,
      "mean": 0.33827086687088015,
      "std": 0.008284283298524955,
      "p95": 0.3504524827003479,
      "p99": 0.3504524827003479
    },
    "loss": {
      "count": 10,
      "min": 2.2671642303466797,
      "max": 2.3782687187194824,
      "mean": 2.3121509313583375,
      "std": 0.02957161671014666,
      "p95": 2.341552257537842,
      "p99": 2.341552257537842
    }
  },
  "trajectories": {
    "compute_times": [
      0.015649999997549457,
      0.013403400000242982,
      0.014871400002448354,
      0.012803199999325443,
      0.012983900000108406,
      0.01181459999861545,
      0.013081299999612384,
      0.012455900003260467,
      0.008639100000436883,
      0.013055899999017129
    ],
    "sync_times": [
      0.04988400000002002,
      0.01526170000215643,
      0.017849299998488277,
      0.015710499999840977,
      0.027326300001732307,
      0.014316900000267196,
      0.02086829999825568,
      0.0339693999994779,
      0.010903100002906285,
      0.019351800001459196
    ],
    "optim_times": [
      0.0020714999991469085,
      0.0010135999982594512,
      0.001282999997783918,
      0.0012136999976064544,
      0.0012175000010756776,
      0.001108099997509271,
      0.00146139999924344,
      0.0011051000001316424,
      0.0011106999991170596,
      0.0009250000002793968
    ],
    "iter_times": [
      0.06760549999671639,
      0.029678700000658864,
      0.03400369999872055,
      0.029727399996772874,
      0.04152770000291639,
      0.027239599996391917,
      0.0354109999971115,
      0.04753040000287001,
      0.02065290000246023,
      0.03333270000075572
    ],
    "grad_norms": [
      0.34363359212875366,
      0.33614903688430786,
      0.3504524827003479,
      0.3504560589790344,
      0.3400847911834717,
      0.3322739899158478,
      0.3366731107234955,
      0.34116247296333313,
      0.3264066278934479,
      0.3254165053367615
    ],
    "losses": [
      2.3057730197906494,
      2.304863452911377,
      2.3782687187194824,
      2.341552257537842,
      2.31308650970459,
      2.2671642303466797,
      2.3234610557556152,
      2.2955663204193115,
      2.3110251426696777,
      2.2807486057281494
    ],
    "bytes_transferred": [
      437544,
      437544,
      437544,
      437544,
      437544,
      437544,
      437544,
      437544,
      437544,
      437544
    ],
    "epochs": [
      0,
      0,
      0,
      0,
      0,
      0,
      0,
      0,
      0,
      0
    ],
    "steps": [
      0,
      1,
      2,
      3,
      4,
      5,
      6,
      7,
      8,
      9
    ]
  }
}