{
  "rank": 6,
  "world_size": 8,
  "num_steps": 10,
  "statistics": {
    "compute": {
      "count": 10,
      "min": 0.009914599999319762,
      "max": 0.014513900001475122,
      "mean": 0.012166369999977177,
      "std": 0.0015045752957863164,
      "p95": 0.01418779999949038,
      "p99": 0.01418779999949038
    },
    "sync": {
      "count": 10,
      "min": 0.015335100000811508,
      "max": 0.031618900000466965,
      "mean": 0.02279197000025306,
      "std": 0.004345372632974598,
      "p95": 0.02657560000079684,
      "p99": 0.02657560000079684
    },
    "optim": {
      "count": 10,
      "min": 0.001037399997585453,
      "max": 0.0017608999987714924,
      "mean": 0.001231019999613636,
      "std": 0.00022886551394250634,
      "p95": 0.0014134999983070884,
      "p99": 0.0014134999983070884
    },
    "iter": {
      "count": 10,
      "min": 0.02794710000307532,
      "max": 0.04789370000071358,
      "mean": 0.03618935999984387,
      "std": 0.005539349613087504,
      "p95": 0.040711599995120196,
      "p99": 0.040711599995120196
    },
    "grad_norm": {
      "count": 10,
      "min": 0.3254165053367615,
      "max": 0.3504560589790344,
      "mean": 0.33827086687088015,
      "std": 0.008284283298524955,
      "p95": 0.3504524827003479,
      "p99": 0.3504524827003479
    },
    "loss": {
      "count": 10,
      "min": 2.2693378925323486,
      "max": 2.344625473022461,
      "mean": 2.306963562965393,
      "std": 0.02014582059389194,
      "p95": 2.326917886734009,
      "p99": 2.326917886734009
    }
  },
  "trajectories": {
    "compute_times": [
      0.014513900001475122,
      0.011914999999135034,
      0.01038949999929173,
      0.009914599999319762,
      0.012098799998057075,
      0.01402540000344743,
      0.011804000001575332,
      0.011355499998899177,
      0.011459199999080738,
      0.01418779999949038
    ],
    "sync_times": [
      0.031618900000466965,
      0.02402029999939259,
      0.02105400000073132,
      0.01771500000177184,
      0.02657560000079684,
      0.021316499998647487,
      0.02170010000190814,
      0.02310629999919911,
      0.015335100000811508,
      0.025477899998804787
    ],
    "optim_times": [
      0.0017608999987714924,
      0.0014134999983070884,
      0.0010417999983474147,
      0.0013609999987238552,
      0.001037399997585453,
      0.001040900002408307,
      0.0013746000004175585,
      0.00108140000156709,
      0.0011528000031830743,
      0.0010458999968250282
    ],
    "iter_times": [
      0.04789370000071358,
      0.037348799996834714,
      0.032485299998370465,
      0.02899059999981546,
      0.03971179999643937,
      0.036382800004503224,
      0.03487870000390103,
      0.035543199999665376,
      0.02794710000307532,
      0.040711599995120196
    ],
    "grad_norms": [
      0.34363359212875366,
      0.33614903688430786,
      0.3504524827003479,
      0.3504560589790344,
      0.3400847911834717,
      0.3322739899158478,
      0.3366731107234955,
      0.34116247296333313,
      0.3264066278934479,
      0.3254165053367615
    ],
    "losses": [
      2.3091495037078857,
      2.3032612800598145,
      2.344625473022461,
      2.326917886734009,
      2.301640510559082,
      2.2925662994384766,
      2.3007888793945312,
      2.326587677001953,
      2.2693378925323486,
      2.294760227203369
    ],
    "bytes_transferred": [
      437544,
      437544,
      437544,
      437544,
      437544,
      437544,
      437544,
      437544,
      437544,
      437544
    ],
    "epochs": [
      0,
      0,
      0,
      0,
      0,
      0,
      0,
      0,
      0,
      0
    ],
    "steps": [
      0,
      1,
      2,
      3,
      4,
      5,
      6,
      7,
      8,
      9
    ]
  }
}