{
  "rank": 5,
  "world_size": 8,
  "num_steps": 10,
  "statistics": {
    "compute": {
      "count": 10,
      "min": 0.010860700000193901,
      "max": 0.019504299998516217,
      "mean": 0.014117500000065775,
      "std": 0.0026115944811059407,
      "p95": 0.0178459999988263,
      "p99": 0.0178459999988263
    },
    "sync": {
      "count": 10,
      "min": 0.010020900001109112,
      "max": 0.1521138999996765,
      "mean": 0.0329646899994259,
      "std": 0.03990012136017156,
      "p95": 0.02477519999956712,
      "p99": 0.02477519999956712
    },
    "optim": {
      "count": 10,
      "min": 0.0008594999999331776,
      "max": 0.0015514000006078277,
      "mean": 0.0011082200002419996,
      "std": 0.0001853904087821984,
      "p95": 0.001242999998794403,
      "p99": 0.001242999998794403
    },
    "iter": {
      "count": 10,
      "min": 0.022066600002290215,
      "max": 0.17316959999880055,
      "mean": 0.048190409999733674,
      "std": 0.04191423674618187,
      "p95": 0.03846669999984442,
      "p99": 0.03846669999984442
    },
    "grad_norm": {
      "count": 10,
      "min": 0.3254165053367615,
      "max": 0.3504560589790344,
      "mean": 0.33827086687088015,
      "std": 0.008284283298524955,
      "p95": 0.3504524827003479,
      "p99": 0.3504524827003479
    },
    "loss": {
      "count": 10,
      "min": 2.255737543106079,
      "max": 2.3501815795898438,
      "mean": 2.311593770980835,
      "std": 0.02778899424443581,
      "p95": 2.3395345211029053,
      "p99": 2.3395345211029053
    }
  },
  "trajectories": {
    "compute_times": [
      0.019504299998516217,
      0.0178459999988263,
      0.01535669999793754,
      0.014668200001324294,
      0.012326000000030035,
      0.012993699998332886,
      0.010860700000193901,
      0.012732200000755256,
      0.013093200002913363,
      0.011794000001827953
    ],
    "sync_times": [
      0.1521138999996765,
      0.019516799999109935,
      0.01784409999891068,
      0.021059599999716738,
      0.022420399996917695,
      0.022408100001484854,
      0.010020900001109112,
      0.02477519999956712,
      0.021583599998848513,
      0.01790429999891785
    ],
    "optim_times": [
      0.0015514000006078277,
      0.0009880000034172554,
      0.001242999998794403,
      0.0009570999973220751,
      0.0011431000020820647,
      0.001113199999963399,
      0.001185000000987202,
      0.0009592999995220453,
      0.0010825999997905456,
      0.0008594999999331776
    ],
    "iter_times": [
      0.17316959999880055,
      0.03835080000135349,
      0.03444379999564262,
      0.03668489999836311,
      0.035889499999029795,
      0.03651499999978114,
      0.022066600002290215,
      0.03846669999984442,
      0.03575940000155242,
      0.03055780000067898
    ],
    "grad_norms": [
      0.34363359212875366,
      0.33614903688430786,
      0.3504524827003479,
      0.3504560589790344,
      0.3400847911834717,
      0.3322739899158478,
      0.3366731107234955,
      0.34116247296333313,
      0.3264066278934479,
      0.3254165053367615
    ],
    "losses": [
      2.3280158042907715,
      2.3395345211029053,
      2.3180336952209473,
      2.26952862739563,
      2.3132574558258057,
      2.255737543106079,
      2.323927879333496,
      2.3152706623077393,
      2.3501815795898438,
      2.302449941635132
    ],
    "bytes_transferred": [
      437544,
      437544,
      437544,
      437544,
      437544,
      437544,
      437544,
      437544,
      437544,
      437544
    ],
    "epochs": [
      0,
      0,
      0,
      0,
      0,
      0,
      0,
      0,
      0,
      0
    ],
    "steps": [
      0,
      1,
      2,
      3,
      4,
      5,
      6,
      7,
      8,
      9
    ]
  }
}