{
  "rank": 1,
  "world_size": 4,
  "num_steps": 10,
  "statistics": {
    "compute": {
      "count": 10,
      "min": 0.008679600003233645,
      "max": 0.025796099998842692,
      "mean": 0.010939349999898696,
      "std": 0.004969911987240957,
      "p95": 0.01017370000045048,
      "p99": 0.01017370000045048
    },
    "sync": {
      "count": 10,
      "min": 0.006493199998658383,
      "max": 0.04935549999936484,
      "mean": 0.018250759999864384,
      "std": 0.012651055181431461,
      "p95": 0.028253599997697165,
      "p99": 0.028253599997697165
    },
    "optim": {
      "count": 10,
      "min": 0.0007499000021198299,
      "max": 0.0024378000016440637,
      "mean": 0.0010381999993114733,
      "std": 0.00047711974870516175,
      "p95": 0.0011252999975113198,
      "p99": 0.0011252999975113198
    },
    "iter": {
      "count": 10,
      "min": 0.016794299994217,
      "max": 0.07627689999571885,
      "mean": 0.030228309999074554,
      "std": 0.016963890996087378,
      "p95": 0.03779790000044159,
      "p99": 0.03779790000044159
    },
    "grad_norm": {
      "count": 10,
      "min": 0.2320503443479538,
      "max": 0.25954535603523254,
      "mean": 0.2446007564663887,
      "std": 0.008953561574654332,
      "p95": 0.2588455379009247,
      "p99": 0.2588455379009247
    },
    "loss": {
      "count": 10,
      "min": 2.3039958477020264,
      "max": 2.33132004737854,
      "mean": 2.313033103942871,
      "std": 0.008302708977563194,
      "p95": 2.3259801864624023,
      "p99": 2.3259801864624023
    }
  },
  "trajectories": {
    "compute_times": [
      0.025796099998842692,
      0.00886969999919529,
      0.00937770000018645,
      0.009495500002230983,
      0.009156899999652524,
      0.009705199998279568,
      0.008679600003233645,
      0.008863299997756258,
      0.01017370000045048,
      0.009275799999159062
    ],
    "sync_times": [
      0.04935549999936484,
      0.008074500001384877,
      0.017278999999689404,
      0.018333899999561254,
      0.02436870000019553,
      0.016129800002090633,
      0.028253599997697165,
      0.007044499998301035,
      0.006493199998658383,
      0.007174900001700735
    ],
    "optim_times": [
      0.0011252999975113198,
      0.0008763999976508785,
      0.0024378000016440637,
      0.0009623000005376525,
      0.00087839999832795,
      0.0007608999985677656,
      0.0008646999995107763,
      0.0008864999981597066,
      0.0008397999990847893,
      0.0007499000021198299
    ],
    "iter_times": [
      0.07627689999571885,
      0.017820599998231046,
      0.02909450000151992,
      0.02879170000232989,
      0.034403999998176005,
      0.026595899998937966,
      0.03779790000044159,
      0.016794299994217,
      0.017506699998193653,
      0.017200600002979627
    ],
    "grad_norms": [
      0.2588455379009247,
      0.24860064685344696,
      0.2320503443479538,
      0.24305865168571472,
      0.24800953269004822,
      0.23516444861888885,
      0.24147923290729523,
      0.24407841265201569,
      0.23517540097236633,
      0.25954535603523254
    ],
    "losses": [
      2.33132004737854,
      2.3259801864624023,
      2.3111579418182373,
      2.31048321723938,
      2.3064441680908203,
      2.3112502098083496,
      2.3069863319396973,
      2.313206195831299,
      2.3039958477020264,
      2.309506893157959
    ],
    "bytes_transferred": [
      437544,
      437544,
      437544,
      437544,
      437544,
      437544,
      437544,
      437544,
      437544,
      437544
    ],
    "epochs": [
      0,
      0,
      0,
      0,
      0,
      0,
      0,
      0,
      0,
      0
    ],
    "steps": [
      0,
      1,
      2,
      3,
      4,
      5,
      6,
      7,
      8,
      9
    ]
  }
}