{
  "rank": 0,
  "world_size": 4,
  "num_steps": 10,
  "statistics": {
    "compute": {
      "count": 10,
      "min": 0.008820600000035483,
      "max": 0.018930999998701736,
      "mean": 0.010359850000531879,
      "std": 0.002877961470063174,
      "p95": 0.010103200002049562,
      "p99": 0.010103200002049562
    },
    "sync": {
      "count": 10,
      "min": 0.006956699999136617,
      "max": 0.08177540000178851,
      "mean": 0.02189671999949496,
      "std": 0.0211131138086274,
      "p95": 0.027852399998664623,
      "p99": 0.027852399998664623
    },
    "optim": {
      "count": 10,
      "min": 0.0007508999988203868,
      "max": 0.001702000001387205,
      "mean": 0.00099272999977984,
      "std": 0.0002661183319185577,
      "p95": 0.001227700002345955,
      "p99": 0.001227700002345955
    },
    "iter": {
      "count": 10,
      "min": 0.017010899999149842,
      "max": 0.10240840000187745,
      "mean": 0.03324929999980668,
      "std": 0.02404277065585529,
      "p95": 0.03742389999752049,
      "p99": 0.03742389999752049
    },
    "grad_norm": {
      "count": 10,
      "min": 0.2320503443479538,
      "max": 0.25954535603523254,
      "mean": 0.2446007564663887,
      "std": 0.008953561574654332,
      "p95": 0.2588455379009247,
      "p99": 0.2588455379009247
    },
    "loss": {
      "count": 10,
      "min": 2.2947025299072266,
      "max": 2.329397678375244,
      "mean": 2.311107325553894,
      "std": 0.00914538199510235,
      "p95": 2.3190674781799316,
      "p99": 2.3190674781799316
    }
  },
  "trajectories": {
    "compute_times": [
      0.018930999998701736,
      0.009608700001990655,
      0.009208700001181569,
      0.009629100000893231,
      0.00955469999826164,
      0.010103200002049562,
      0.008820600000035483,
      0.00911640000049374,
      0.009555399999953806,
      0.009070700001757359
    ],
    "sync_times": [
      0.08177540000178851,
      0.012426099998265272,
      0.016532999998162268,
      0.01913319999948726,
      0.024579699998867,
      0.015601499999320367,
      0.027852399998664623,
      0.007035900001937989,
      0.007073299999319715,
      0.006956699999136617
    ],
    "optim_times": [
      0.001702000001387205,
      0.00087340000027325,
      0.001227700002345955,
      0.0008270999969681725,
      0.0008572999977332074,
      0.0009127000012085773,
      0.0007508999988203868,
      0.0009527000001980923,
      0.000840000000607688,
      0.0009834999982558656
    ],
    "iter_times": [
      0.10240840000187745,
      0.022908200000529177,
      0.02696940000168979,
      0.029589399997348664,
      0.03499169999486185,
      0.026617400002578506,
      0.03742389999752049,
      0.017105000002629822,
      0.01746869999988121,
      0.017010899999149842
    ],
    "grad_norms": [
      0.2588455379009247,
      0.24860064685344696,
      0.2320503443479538,
      0.24305865168571472,
      0.24800953269004822,
      0.23516444861888885,
      0.24147923290729523,
      0.24407841265201569,
      0.23517540097236633,
      0.25954535603523254
    ],
    "losses": [
      2.329397678375244,
      2.3190674781799316,
      2.3151559829711914,
      2.2947025299072266,
      2.311925172805786,
      2.302595376968384,
      2.305448293685913,
      2.305286407470703,
      2.313784122467041,
      2.3137102127075195
    ],
    "bytes_transferred": [
      437544,
      437544,
      437544,
      437544,
      437544,
      437544,
      437544,
      437544,
      437544,
      437544
    ],
    "epochs": [
      0,
      0,
      0,
      0,
      0,
      0,
      0,
      0,
      0,
      0
    ],
    "steps": [
      0,
      1,
      2,
      3,
      4,
      5,
      6,
      7,
      8,
      9
    ]
  }
}