{
  "rank": 3,
  "world_size": 4,
  "num_steps": 10,
  "statistics": {
    "compute": {
      "count": 10,
      "min": 0.00818000000072061,
      "max": 0.014721299998200266,
      "mean": 0.009493959999599611,
      "std": 0.0017970482165795706,
      "p95": 0.00962979999894742,
      "p99": 0.00962979999894742
    },
    "sync": {
      "count": 10,
      "min": 0.006643099997745594,
      "max": 0.02928000000247266,
      "mean": 0.014987830000609392,
      "std": 0.00744549970033023,
      "p95": 0.023745100002997788,
      "p99": 0.023745100002997788
    },
    "optim": {
      "count": 10,
      "min": 0.000787499997386476,
      "max": 0.0014900999995006714,
      "mean": 0.0010220799998933217,
      "std": 0.00023965934506950683,
      "p95": 0.0013091000000713393,
      "p99": 0.0013091000000713393
    },
    "iter": {
      "count": 10,
      "min": 0.01639449999493081,
      "max": 0.03857300000527175,
      "mean": 0.025503870000102326,
      "std": 0.00753642975465686,
      "p95": 0.03307629999835626,
      "p99": 0.03307629999835626
    },
    "grad_norm": {
      "count": 10,
      "min": 0.2320503443479538,
      "max": 0.25954535603523254,
      "mean": 0.2446007564663887,
      "std": 0.008953561574654332,
      "p95": 0.2588455379009247,
      "p99": 0.2588455379009247
    },
    "loss": {
      "count": 10,
      "min": 2.287782669067383,
      "max": 2.3370158672332764,
      "mean": 2.309392976760864,
      "std": 0.01271051085191986,
      "p95": 2.31831955909729,
      "p99": 2.31831955909729
    }
  },
  "trajectories": {
    "compute_times": [
      0.014721299998200266,
      0.00911659999837866,
      0.009401400002388982,
      0.00962979999894742,
      0.008543699997971999,
      0.00938029999815626,
      0.00818000000072061,
      0.008514999997714767,
      0.00863020000178949,
      0.00882130000172765
    ],
    "sync_times": [
      0.013296599998284364,
      0.007705700001679361,
      0.01744899999903282,
      0.02031600000191247,
      0.023745100002997788,
      0.016369400000257883,
      0.02928000000247266,
      0.006643099997745594,
      0.008026800001971424,
      0.007046599999739556
    ],
    "optim_times": [
      0.0013091000000713393,
      0.0008084000000962988,
      0.0014900999995006714,
      0.0009890000001178123,
      0.000787499997386476,
      0.0008094000004348345,
      0.0011130000020784792,
      0.00123639999947045,
      0.0008871999998518731,
      0.000790699999924982
    ],
    "iter_times": [
      0.02932699999655597,
      0.01763070000015432,
      0.028340500000922475,
      0.030934800000977702,
      0.03307629999835626,
      0.02655909999884898,
      0.03857300000527175,
      0.01639449999493081,
      0.017544200003612787,
      0.016658600001392188
    ],
    "grad_norms": [
      0.2588455379009247,
      0.24860064685344696,
      0.2320503443479538,
      0.24305865168571472,
      0.24800953269004822,
      0.23516444861888885,
      0.24147923290729523,
      0.24407841265201569,
      0.23517540097236633,
      0.25954535603523254
    ],
    "losses": [
      2.2981104850769043,
      2.3098833560943604,
      2.287782669067383,
      2.309187650680542,
      2.3106789588928223,
      2.304096221923828,
      2.31831955909729,
      2.3180463314056396,
      2.3008086681365967,
      2.3370158672332764
    ],
    "bytes_transferred": [
      437544,
      437544,
      437544,
      437544,
      437544,
      437544,
      437544,
      437544,
      437544,
      437544
    ],
    "epochs": [
      0,
      0,
      0,
      0,
      0,
      0,
      0,
      0,
      0,
      0
    ],
    "steps": [
      0,
      1,
      2,
      3,
      4,
      5,
      6,
      7,
      8,
      9
    ]
  }
}