{
  "rank": 2,
  "world_size": 4,
  "num_steps": 10,
  "statistics": {
    "compute": {
      "count": 10,
      "min": 0.0075397000000521075,
      "max": 0.015410399999382207,
      "mean": 0.009596139999484877,
      "std": 0.0020286885265769585,
      "p95": 0.009696699999039993,
      "p99": 0.009696699999039993
    },
    "sync": {
      "count": 10,
      "min": 0.006658599999354919,
      "max": 0.16905960000076448,
      "mean": 0.03038950000081968,
      "std": 0.046955073454751584,
      "p95": 0.03469300000142539,
      "p99": 0.03469300000142539
    },
    "optim": {
      "count": 10,
      "min": 0.0008004000010259915,
      "max": 0.001368400000501424,
      "mean": 0.0010272399998939364,
      "std": 0.0001684758566946757,
      "p95": 0.0012205999992147554,
      "p99": 0.0012205999992147554
    },
    "iter": {
      "count": 10,
      "min": 0.016719500003091525,
      "max": 0.1858384000006481,
      "mean": 0.041012880000198496,
      "std": 0.048977761035664626,
      "p95": 0.044872400001622736,
      "p99": 0.044872400001622736
    },
    "grad_norm": {
      "count": 10,
      "min": 0.2320503443479538,
      "max": 0.25954535603523254,
      "mean": 0.2446007564663887,
      "std": 0.008953561574654332,
      "p95": 0.2588455379009247,
      "p99": 0.2588455379009247
    },
    "loss": {
      "count": 10,
      "min": 2.301973581314087,
      "max": 2.331055164337158,
      "mean": 2.315652298927307,
      "std": 0.00877778678002822,
      "p95": 2.323254108428955,
      "p99": 2.323254108428955
    }
  },
  "trajectories": {
    "compute_times": [
      0.015410399999382207,
      0.008909099997254089,
      0.00832290000107605,
      0.009696699999039993,
      0.009257399997295579,
      0.008846299999277107,
      0.0075397000000521075,
      0.009222300002875272,
      0.009608799999114126,
      0.009147799999482231
    ],
    "sync_times": [
      0.16905960000076448,
      0.01690690000032191,
      0.00717600000280072,
      0.01938510000036331,
      0.03469300000142539,
      0.018824800001311814,
      0.016809400000056485,
      0.006658599999354919,
      0.006715300001815194,
      0.007666299999982584
    ],
    "optim_times": [
      0.001368400000501424,
      0.0011403999997128267,
      0.0012205999992147554,
      0.0009482999994361307,
      0.0009220000029017683,
      0.0009135000000242144,
      0.0008574999992561061,
      0.0009974999993573874,
      0.0011037999975087587,
      0.0008004000010259915
    ],
    "iter_times": [
      0.1858384000006481,
      0.026956399997288827,
      0.016719500003091525,
      0.030030099998839432,
      0.044872400001622736,
      0.028584600000613136,
      0.0252065999993647,
      0.01687840000158758,
      0.01742789999843808,
      0.017614500000490807
    ],
    "grad_norms": [
      0.2588455379009247,
      0.24860064685344696,
      0.2320503443479538,
      0.24305865168571472,
      0.24800953269004822,
      0.23516444861888885,
      0.24147923290729523,
      0.24407841265201569,
      0.23517540097236633,
      0.25954535603523254
    ],
    "losses": [
      2.313377618789673,
      2.331055164337158,
      2.3193156719207764,
      2.323254108428955,
      2.301973581314087,
      2.3069357872009277,
      2.3227221965789795,
      2.3202462196350098,
      2.3049893379211426,
      2.3126533031463623
    ],
    "bytes_transferred": [
      437544,
      437544,
      437544,
      437544,
      437544,
      437544,
      437544,
      437544,
      437544,
      437544
    ],
    "epochs": [
      0,
      0,
      0,
      0,
      0,
      0,
      0,
      0,
      0,
      0
    ],
    "steps": [
      0,
      1,
      2,
      3,
      4,
      5,
      6,
      7,
      8,
      9
    ]
  }
}