{
  "rank": 2,
  "world_size": 8,
  "num_steps": 10,
  "statistics": {
    "compute": {
      "count": 10,
      "min": 0.03783500000281492,
      "max": 0.13552070000150707,
      "mean": 0.07293519000158995,
      "std": 0.03165886816689628,
      "p95": 0.11179290000291076,
      "p99": 0.11179290000291076
    },
    "sync": {
      "count": 10,
      "min": 0.009615499999199528,
      "max": 0.2905280999984825,
      "mean": 0.04838753000149154,
      "std": 0.08220759810338656,
      "p95": 0.054989200005366,
      "p99": 0.054989200005366
    },
    "optim": {
      "count": 10,
      "min": 0.000622500003373716,
      "max": 0.0011962999997194856,
      "mean": 0.0007639100003871135,
      "std": 0.00015206563997902328,
      "p95": 0.0007986000055097975,
      "p99": 0.0007986000055097975
    },
    "iter": {
      "count": 10,
      "min": 0.051537800005462486,
      "max": 0.40351730000111274,
      "mean": 0.1220866300034686,
      "std": 0.10000830307553293,
      "p95": 0.1526637999995728,
      "p99": 0.1526637999995728
    },
    "grad_norm": {
      "count": 10,
      "min": 0.020968575030565262,
      "max": 0.07141382247209549,
      "mean": 0.04842514432966709,
      "std": 0.01605949237245818,
      "p95": 0.06955880671739578,
      "p99": 0.06955880671739578
    },
    "loss": {
      "count": 10,
      "min": 1.607908010482788,
      "max": 1.6204205751419067,
      "mean": 1.6135614275932313,
      "std": 0.0038447113703458592,
      "p95": 1.6156742572784424,
      "p99": 1.6156742572784424
    }
  },
  "trajectories": {
    "compute_times": [
      0.11179290000291076,
      0.08962389999942388,
      0.13552070000150707,
      0.03783500000281492,
      0.05235670000547543,
      0.0423776999959955,
      0.08706170000368729,
      0.07966940000187606,
      0.05332710000220686,
      0.039786800000001676
    ],
    "sync_times": [
      0.2905280999984825,
      0.054989200005366,
      0.016477400000439957,
      0.016409700001531746,
      0.048485100000107195,
      0.009771100005309563,
      0.015507999996771105,
      0.009615499999199528,
      0.011094100002082996,
      0.010997100005624816
    ],
    "optim_times": [
      0.0011962999997194856,
      0.0007986000055097975,
      0.0006656999976257794,
      0.0007193999990704469,
      0.0007719999994151294,
      0.0006936999998288229,
      0.0007188999952632003,
      0.0006981000042287633,
      0.000622500003373716,
      0.0007538999998359941
    ],
    "iter_times": [
      0.40351730000111274,
      0.14541170001029968,
      0.1526637999995728,
      0.054964100003417116,
      0.10161380000499776,
      0.052842500001133885,
      0.1032885999957216,
      0.08998300000530435,
      0.06504370000766357,
      0.051537800005462486
    ],
    "grad_norms": [
      0.06955880671739578,
      0.07141382247209549,
      0.051299627870321274,
      0.05896369367837906,
      0.04386894404888153,
      0.05538027733564377,
      0.05140511319041252,
      0.020968575030565262,
      0.027222275733947754,
      0.03417030721902847
    ],
    "losses": [
      1.6086984872817993,
      1.614830493927002,
      1.6148182153701782,
      1.607908010482788,
      1.6080405712127686,
      1.6149680614471436,
      1.6156742572784424,
      1.6204205751419067,
      1.614862084388733,
      1.6153935194015503
    ],
    "bytes_transferred": [
      27188,
      27188,
      27188,
      27188,
      27188,
      27188,
      27188,
      27188,
      27188,
      27188
    ],
    "epochs": [
      0,
      0,
      0,
      0,
      0,
      0,
      0,
      0,
      0,
      0
    ],
    "steps": [
      0,
      1,
      2,
      3,
      4,
      5,
      6,
      7,
      8,
      9
    ]
  }
}