{
  "rank": 6,
  "world_size": 8,
  "num_steps": 10,
  "statistics": {
    "compute": {
      "count": 10,
      "min": 0.04083790000004228,
      "max": 0.12879789999715285,
      "mean": 0.07608587000067928,
      "std": 0.03504691181981665,
      "p95": 0.12851450000016484,
      "p99": 0.12851450000016484
    },
    "sync": {
      "count": 10,
      "min": 0.008441599995421711,
      "max": 0.2964420999996946,
      "mean": 0.046541789999901086,
      "std": 0.08387018969374463,
      "p95": 0.04619269999966491,
      "p99": 0.04619269999966491
    },
    "optim": {
      "count": 10,
      "min": 0.0006888000061735511,
      "max": 0.0011966000020038337,
      "mean": 0.0008282999995572026,
      "std": 0.0001659038877646529,
      "p95": 0.0010909999982686713,
      "p99": 0.0010909999982686713
    },
    "iter": {
      "count": 10,
      "min": 0.05344099999638274,
      "max": 0.41395460000785533,
      "mean": 0.12345596000013756,
      "std": 0.10264636584304629,
      "p95": 0.14932309999130666,
      "p99": 0.14932309999130666
    },
    "grad_norm": {
      "count": 10,
      "min": 0.020968575030565262,
      "max": 0.07141382247209549,
      "mean": 0.04842514432966709,
      "std": 0.01605949237245818,
      "p95": 0.06955880671739578,
      "p99": 0.06955880671739578
    },
    "loss": {
      "count": 10,
      "min": 1.6025772094726562,
      "max": 1.6161351203918457,
      "mean": 1.6111249685287476,
      "std": 0.004559266909389757,
      "p95": 1.6159783601760864,
      "p99": 1.6159783601760864
    }
  },
  "trajectories": {
    "compute_times": [
      0.11631590000615688,
      0.12851450000016484,
      0.12879789999715285,
      0.04083790000004228,
      0.04922439999791095,
      0.041069300001254305,
      0.08557310000469442,
      0.07881410000118194,
      0.04915749999781838,
      0.04255410000041593
    ],
    "sync_times": [
      0.2964420999996946,
      0.017605100001674145,
      0.019669599998451304,
      0.011866100001498125,
      0.04619269999966491,
      0.013236499995400663,
      0.019526100004441105,
      0.016605600001639687,
      0.008441599995421711,
      0.015832500001124572
    ],
    "optim_times": [
      0.0011966000020038337,
      0.0007942000011098571,
      0.0008555999957025051,
      0.0007369999948423356,
      0.0007022999998298474,
      0.0007668999969610013,
      0.0010909999982686713,
      0.0006888000061735511,
      0.0007224000000860542,
      0.0007282000005943701
    ],
    "iter_times": [
      0.41395460000785533,
      0.14691380000294885,
      0.14932309999130666,
      0.05344099999638274,
      0.09611939999740571,
      0.05507269999361597,
      0.1061902000074042,
      0.09610850000899518,
      0.05832149999332614,
      0.05911480000213487
    ],
    "grad_norms": [
      0.06955880671739578,
      0.07141382247209549,
      0.051299627870321274,
      0.05896369367837906,
      0.04386894404888153,
      0.05538027733564377,
      0.05140511319041252,
      0.020968575030565262,
      0.027222275733947754,
      0.03417030721902847
    ],
    "losses": [
      1.6159783601760864,
      1.6078555583953857,
      1.6025772094726562,
      1.6156724691390991,
      1.6161351203918457,
      1.6156103610992432,
      1.6062772274017334,
      1.609192967414856,
      1.6090539693832397,
      1.61289644241333
    ],
    "bytes_transferred": [
      27188,
      27188,
      27188,
      27188,
      27188,
      27188,
      27188,
      27188,
      27188,
      27188
    ],
    "epochs": [
      0,
      0,
      0,
      0,
      0,
      0,
      0,
      0,
      0,
      0
    ],
    "steps": [
      0,
      1,
      2,
      3,
      4,
      5,
      6,
      7,
      8,
      9
    ]
  }
}