{
  "rank": 0,
  "world_size": 8,
  "num_steps": 10,
  "statistics": {
    "compute": {
      "count": 10,
      "min": 0.03749880000395933,
      "max": 0.14054010000108974,
      "mean": 0.07516419000021415,
      "std": 0.03657995857199604,
      "p95": 0.1389649000047939,
      "p99": 0.1389649000047939
    },
    "sync": {
      "count": 10,
      "min": 0.007824100001016632,
      "max": 0.07282439999835333,
      "mean": 0.020195639999292324,
      "std": 0.017945709567850215,
      "p95": 0.021560900000622496,
      "p99": 0.021560900000622496
    },
    "optim": {
      "count": 10,
      "min": 0.0006403000006685033,
      "max": 0.0022869000022183172,
      "mean": 0.001042180001968518,
      "std": 0.0004593480791205815,
      "p95": 0.0013354000038816594,
      "p99": 0.0013354000038816594
    },
    "iter": {
      "count": 10,
      "min": 0.055813500002841465,
      "max": 0.15497690000484,
      "mean": 0.096402010001475,
      "std": 0.033939494044260235,
      "p95": 0.15162480000435608,
      "p99": 0.15162480000435608
    },
    "grad_norm": {
      "count": 10,
      "min": 0.020968575030565262,
      "max": 0.07141382247209549,
      "mean": 0.04842514432966709,
      "std": 0.01605949237245818,
      "p95": 0.06955880671739578,
      "p99": 0.06955880671739578
    },
    "loss": {
      "count": 10,
      "min": 1.5977959632873535,
      "max": 1.62272047996521,
      "mean": 1.6118711233139038,
      "std": 0.006989526886953046,
      "p95": 1.6178091764450073,
      "p99": 1.6178091764450073
    }
  },
  "trajectories": {
    "compute_times": [
      0.053203299998131115,
      0.14054010000108974,
      0.1389649000047939,
      0.0419700999991619,
      0.08216220000031171,
      0.04644379999808734,
      0.083786199997121,
      0.08372280000185128,
      0.03749880000395933,
      0.04334969999763416
    ],
    "sync_times": [
      0.017325499997241423,
      0.009749299999384675,
      0.015093299996806309,
      0.012928700001793914,
      0.01189219999650959,
      0.017243000002054032,
      0.007824100001016632,
      0.015514999999140855,
      0.021560900000622496,
      0.07282439999835333
    ],
    "optim_times": [
      0.0022869000022183172,
      0.0013354000038816594,
      0.0009187000032397918,
      0.0009147000018856488,
      0.000756499997805804,
      0.0006403000006685033,
      0.0010868000026675873,
      0.0007861000049160793,
      0.0006790000043110922,
      0.0010173999980906956
    ],
    "iter_times": [
      0.07281569999759085,
      0.15162480000435608,
      0.15497690000484,
      0.055813500002841465,
      0.0948108999946271,
      0.06432710000080988,
      0.09269710000080522,
      0.10002390000590822,
      0.05973870000889292,
      0.11719149999407819
    ],
    "grad_norms": [
      0.06955880671739578,
      0.07141382247209549,
      0.051299627870321274,
      0.05896369367837906,
      0.04386894404888153,
      0.05538027733564377,
      0.05140511319041252,
      0.020968575030565262,
      0.027222275733947754,
      0.03417030721902847
    ],
    "losses": [
      1.6086573600769043,
      1.62272047996521,
      1.6178091764450073,
      1.614903211593628,
      1.5977959632873535,
      1.614594578742981,
      1.6018635034561157,
      1.6137957572937012,
      1.614438533782959,
      1.6121326684951782
    ],
    "bytes_transferred": [
      27188,
      27188,
      27188,
      27188,
      27188,
      27188,
      27188,
      27188,
      27188,
      27188
    ],
    "epochs": [
      0,
      0,
      0,
      0,
      0,
      0,
      0,
      0,
      0,
      0
    ],
    "steps": [
      0,
      1,
      2,
      3,
      4,
      5,
      6,
      7,
      8,
      9
    ]
  }
}