{
  "rank": 3,
  "world_size": 4,
  "num_steps": 10,
  "statistics": {
    "compute": {
      "count": 10,
      "min": 0.04678839999905904,
      "max": 0.13938270000289776,
      "mean": 0.060396319999927076,
      "std": 0.027025578442092486,
      "p95": 0.06899870000052033,
      "p99": 0.06899870000052033
    },
    "sync": {
      "count": 10,
      "min": 0.005192600001464598,
      "max": 0.022581799999898067,
      "mean": 0.010233769999467767,
      "std": 0.005051970424820134,
      "p95": 0.013763599999947473,
      "p99": 0.013763599999947473
    },
    "optim": {
      "count": 10,
      "min": 0.0009336000002804212,
      "max": 0.002338499998586485,
      "mean": 0.0011879999998200218,
      "std": 0.0003961089316109711,
      "p95": 0.0012788999993063044,
      "p99": 0.0012788999993063044
    },
    "iter": {
      "count": 10,
      "min": 0.056334399996558204,
      "max": 0.15040890000454965,
      "mean": 0.07181808999921487,
      "std": 0.027069255807562507,
      "p95": 0.07662640000125975,
      "p99": 0.07662640000125975
    },
    "grad_norm": {
      "count": 10,
      "min": 0.15084195137023926,
      "max": 0.29700741171836853,
      "mean": 0.22751302719116212,
      "std": 0.03595312056613376,
      "p95": 0.26545143127441406,
      "p99": 0.26545143127441406
    },
    "loss": {
      "count": 10,
      "min": 2.291003942489624,
      "max": 2.3201651573181152,
      "mean": 2.307108926773071,
      "std": 0.008659438705715512,
      "p95": 2.313920259475708,
      "p99": 2.313920259475708
    }
  },
  "trajectories": {
    "compute_times": [
      0.05020460000014282,
      0.06899870000052033,
      0.04841600000145263,
      0.04825599999821861,
      0.053691799999796785,
      0.0479708999991999,
      0.05073949999859906,
      0.04951459999938379,
      0.04678839999905904,
      0.13938270000289776
    ],
    "sync_times": [
      0.022581799999898067,
      0.006623599998420104,
      0.013019599999097409,
      0.013763599999947473,
      0.005192600001464598,
      0.01124359999812441,
      0.0052280000018072315,
      0.006485899997642264,
      0.008267099998192862,
      0.00993190000008326
    ],
    "optim_times": [
      0.002338499998586485,
      0.0010041000023193192,
      0.0009336000002804212,
      0.0009892999987641815,
      0.0009461999979976099,
      0.0010813999979291111,
      0.0011673000008158851,
      0.001046400000632275,
      0.0012788999993063044,
      0.0010943000015686266
    ],
    "iter_times": [
      0.07512489999862737,
      0.07662640000125975,
      0.06236920000083046,
      0.06300889999693027,
      0.05983059999925899,
      0.06029589999525342,
      0.057134800001222175,
      0.05704689999765833,
      0.056334399996558204,
      0.15040890000454965
    ],
    "grad_norms": [
      0.2057933807373047,
      0.2199534773826599,
      0.21483555436134338,
      0.2348959892988205,
      0.23239730298519135,
      0.15084195137023926,
      0.29700741171836853,
      0.26545143127441406,
      0.2292655110359192,
      0.22468826174736023
    ],
    "losses": [
      2.291003942489624,
      2.3201651573181152,
      2.3114655017852783,
      2.3043150901794434,
      2.30924391746521,
      2.313920259475708,
      2.311275005340576,
      2.3077902793884277,
      2.3095784187316895,
      2.2923316955566406
    ],
    "bytes_transferred": [
      208552,
      208552,
      208552,
      208552,
      208552,
      208552,
      208552,
      208552,
      208552,
      208552
    ],
    "epochs": [
      0,
      0,
      0,
      0,
      0,
      0,
      0,
      0,
      0,
      0
    ],
    "steps": [
      0,
      1,
      2,
      3,
      4,
      5,
      6,
      7,
      8,
      9
    ]
  }
}