{
  "rank": 6,
  "world_size": 8,
  "num_steps": 10,
  "statistics": {
    "compute": {
      "count": 10,
      "min": 0.03602830000090762,
      "max": 0.15062440000110655,
      "mean": 0.06983025000117778,
      "std": 0.03592644643304058,
      "p95": 0.10519840000051772,
      "p99": 0.10519840000051772
    },
    "sync": {
      "count": 10,
      "min": 0.013203800001065247,
      "max": 0.43028399999820977,
      "mean": 0.07331747999996878,
      "std": 0.12190047596745454,
      "p95": 0.09568990000116173,
      "p99": 0.09568990000116173
    },
    "optim": {
      "count": 10,
      "min": 0.0009042000019690022,
      "max": 0.0028817999991588295,
      "mean": 0.0016699699997843708,
      "std": 0.0005937473950489907,
      "p95": 0.002585399997769855,
      "p99": 0.002585399997769855
    },
    "iter": {
      "count": 10,
      "min": 0.05091620000166586,
      "max": 0.5837901999984751,
      "mean": 0.14481770000093092,
      "std": 0.14925164982759284,
      "p95": 0.13430890000381623,
      "p99": 0.13430890000381623
    },
    "grad_norm": {
      "count": 10,
      "min": 0.178546741604805,
      "max": 0.42565569281578064,
      "mean": 0.28163497895002365,
      "std": 0.07806672196084351,
      "p95": 0.38520604372024536,
      "p99": 0.38520604372024536
    },
    "loss": {
      "count": 10,
      "min": 2.2670443058013916,
      "max": 2.32149338722229,
      "mean": 2.300768256187439,
      "std": 0.015803498225009784,
      "p95": 2.3191468715667725,
      "p99": 2.3191468715667725
    }
  },
  "trajectories": {
    "compute_times": [
      0.15062440000110655,
      0.08638180000343709,
      0.0487966000000597,
      0.03764249999949243,
      0.03602830000090762,
      0.03741300000183401,
      0.0813588000019081,
      0.07669270000042161,
      0.038166000002092915,
      0.10519840000051772
    ],
    "sync_times": [
      0.43028399999820977,
      0.03292899999723886,
      0.07174820000000182,
      0.02309869999953662,
      0.013203800001065247,
      0.09568990000116173,
      0.0171440000012808,
      0.016357100001187064,
      0.013702600001124665,
      0.01901749999888125
    ],
    "optim_times": [
      0.0028817999991588295,
      0.002585399997769855,
      0.0012676000005740207,
      0.0017690999993646983,
      0.0016840999996929895,
      0.0012060000008204952,
      0.001619300001038937,
      0.0009042000019690022,
      0.0015997999980754685,
      0.0011823999993794132
    ],
    "iter_times": [
      0.5837901999984751,
      0.12189619999844581,
      0.12181240000063553,
      0.06251029999839375,
      0.05091620000166586,
      0.13430890000381623,
      0.10012210000422783,
      0.09395400000357768,
      0.05346840000129305,
      0.12539829999877838
    ],
    "grad_norms": [
      0.33937931060791016,
      0.2863592803478241,
      0.22397910058498383,
      0.42565569281578064,
      0.178546741604805,
      0.2989473044872284,
      0.20952743291854858,
      0.38520604372024536,
      0.2675463855266571,
      0.20120249688625336
    ],
    "losses": [
      2.2670443058013916,
      2.3105413913726807,
      2.2827541828155518,
      2.2926599979400635,
      2.305544376373291,
      2.2992782592773438,
      2.2994823455810547,
      2.3191468715667725,
      2.32149338722229,
      2.30973744392395
    ],
    "bytes_transferred": [
      208552,
      208552,
      208552,
      208552,
      208552,
      208552,
      208552,
      208552,
      208552,
      208552
    ],
    "epochs": [
      0,
      0,
      0,
      0,
      0,
      0,
      0,
      0,
      0,
      0
    ],
    "steps": [
      0,
      1,
      2,
      3,
      4,
      5,
      6,
      7,
      8,
      9
    ]
  }
}