{
  "rank": 1,
  "world_size": 4,
  "num_steps": 10,
  "statistics": {
    "compute": {
      "count": 10,
      "min": 0.04297899999801302,
      "max": 0.16401070000210893,
      "mean": 0.06792478999959713,
      "std": 0.043132426388947834,
      "p95": 0.1431516999982705,
      "p99": 0.1431516999982705
    },
    "sync": {
      "count": 10,
      "min": 0.005262999999104068,
      "max": 0.0685349999985192,
      "mean": 0.01965658999943116,
      "std": 0.018331284575070432,
      "p95": 0.03672489999735262,
      "p99": 0.03672489999735262
    },
    "optim": {
      "count": 10,
      "min": 0.0008624000001873355,
      "max": 0.0014143000007607043,
      "mean": 0.0010486600000149337,
      "std": 0.00016503276161350866,
      "p95": 0.0012443999985407572,
      "p99": 0.0012443999985407572
    },
    "iter": {
      "count": 10,
      "min": 0.05616600000212202,
      "max": 0.23396000000138883,
      "mean": 0.08863003999904322,
      "std": 0.055570768882192575,
      "p95": 0.1496590999959153,
      "p99": 0.1496590999959153
    },
    "grad_norm": {
      "count": 10,
      "min": 0.15084195137023926,
      "max": 0.29700741171836853,
      "mean": 0.22751302719116212,
      "std": 0.03595312056613376,
      "p95": 0.26545143127441406,
      "p99": 0.26545143127441406
    },
    "loss": {
      "count": 10,
      "min": 2.2917702198028564,
      "max": 2.32011079788208,
      "mean": 2.3081616163253784,
      "std": 0.008219892804253112,
      "p95": 2.3192644119262695,
      "p99": 2.3192644119262695
    }
  },
  "trajectories": {
    "compute_times": [
      0.16401070000210893,
      0.04931440000291332,
      0.04297899999801302,
      0.04610499999762396,
      0.049983099997916725,
      0.04531259999930626,
      0.04776119999951334,
      0.046980600000097184,
      0.04364960000020801,
      0.1431516999982705
    ],
    "sync_times": [
      0.0685349999985192,
      0.03672489999735262,
      0.018521900001360336,
      0.015917199998511933,
      0.008999300000141375,
      0.013784299997496419,
      0.00800840000010794,
      0.0092664000003424,
      0.01154550000137533,
      0.005262999999104068
    ],
    "optim_times": [
      0.0014143000007607043,
      0.0009863999985100236,
      0.0009544999993522651,
      0.0009552000010444317,
      0.0009534000018902589,
      0.0008624000001873355,
      0.0011907000007340685,
      0.0009543999985908158,
      0.000970900000538677,
      0.0012443999985407572
    ],
    "iter_times": [
      0.23396000000138883,
      0.08702569999877596,
      0.062455399998725625,
      0.06297739999718033,
      0.05993579999994836,
      0.05995929999699001,
      0.056960300000355346,
      0.0572013999990304,
      0.05616600000212202,
      0.1496590999959153
    ],
    "grad_norms": [
      0.2057933807373047,
      0.2199534773826599,
      0.21483555436134338,
      0.2348959892988205,
      0.23239730298519135,
      0.15084195137023926,
      0.29700741171836853,
      0.26545143127441406,
      0.2292655110359192,
      0.22468826174736023
    ],
    "losses": [
      2.3041484355926514,
      2.2917702198028564,
      2.304143190383911,
      2.308241367340088,
      2.3192644119262695,
      2.3057899475097656,
      2.32011079788208,
      2.3142731189727783,
      2.3125364780426025,
      2.3013381958007812
    ],
    "bytes_transferred": [
      208552,
      208552,
      208552,
      208552,
      208552,
      208552,
      208552,
      208552,
      208552,
      208552
    ],
    "epochs": [
      0,
      0,
      0,
      0,
      0,
      0,
      0,
      0,
      0,
      0
    ],
    "steps": [
      0,
      1,
      2,
      3,
      4,
      5,
      6,
      7,
      8,
      9
    ]
  }
}