{
  "rank": 2,
  "world_size": 4,
  "num_steps": 10,
  "statistics": {
    "compute": {
      "count": 10,
      "min": 0.0347829999991518,
      "max": 0.14081919999807724,
      "mean": 0.06775873999904433,
      "std": 0.03688623711740856,
      "p95": 0.13565160000143806,
      "p99": 0.13565160000143806
    },
    "sync": {
      "count": 10,
      "min": 0.0054136999970069155,
      "max": 0.026464900001883507,
      "mean": 0.012364030000026106,
      "std": 0.008440974048785207,
      "p95": 0.025038400002813432,
      "p99": 0.025038400002813432
    },
    "optim": {
      "count": 10,
      "min": 0.0008956000019679777,
      "max": 0.0017478000008850358,
      "mean": 0.0012011000006168615,
      "std": 0.00032136145678077205,
      "p95": 0.0017225000010512304,
      "p99": 0.0017225000010512304
    },
    "iter": {
      "count": 10,
      "min": 0.04147319999901811,
      "max": 0.16085640000164858,
      "mean": 0.0813238699996873,
      "std": 0.04023310492216388,
      "p95": 0.15031719999751658,
      "p99": 0.15031719999751658
    },
    "grad_norm": {
      "count": 10,
      "min": 0.15084195137023926,
      "max": 0.29700741171836853,
      "mean": 0.22751302719116212,
      "std": 0.03595312056613376,
      "p95": 0.26545143127441406,
      "p99": 0.26545143127441406
    },
    "loss": {
      "count": 10,
      "min": 2.298022747039795,
      "max": 2.322093963623047,
      "mean": 2.30777792930603,
      "std": 0.007712082490809266,
      "p95": 2.3177618980407715,
      "p99": 2.3177618980407715
    }
  },
  "trajectories": {
    "compute_times": [
      0.13565160000143806,
      0.07786469999700785,
      0.03771449999840115,
      0.0347829999991518,
      0.04936520000046585,
      0.05332540000017616,
      0.04795190000004368,
      0.050670499997067964,
      0.04944139999861363,
      0.14081919999807724
    ],
    "sync_times": [
      0.02365740000095684,
      0.025038400002813432,
      0.026464900001883507,
      0.005785900000773836,
      0.009732599999551894,
      0.005660499999066815,
      0.007741800000076182,
      0.0054136999970069155,
      0.005542700000660261,
      0.008602399997471366
    ],
    "optim_times": [
      0.0015473999992536847,
      0.0017225000010512304,
      0.0017478000008850358,
      0.0009042999990924727,
      0.0011217999999644235,
      0.0010218999996141065,
      0.0009716000022308435,
      0.0009467000018048566,
      0.0011314000003039837,
      0.0008956000019679777
    ],
    "iter_times": [
      0.16085640000164858,
      0.10462560000087251,
      0.0659272000011697,
      0.04147319999901811,
      0.060219599999982165,
      0.06000779999885708,
      0.056665300002350705,
      0.057030899995879736,
      0.05611549999957788,
      0.15031719999751658
    ],
    "grad_norms": [
      0.2057933807373047,
      0.2199534773826599,
      0.21483555436134338,
      0.2348959892988205,
      0.23239730298519135,
      0.15084195137023926,
      0.29700741171836853,
      0.26545143127441406,
      0.2292655110359192,
      0.22468826174736023
    ],
    "losses": [
      2.302459955215454,
      2.3027756214141846,
      2.311460256576538,
      2.298022747039795,
      2.3008456230163574,
      2.3015055656433105,
      2.3140788078308105,
      2.3177618980407715,
      2.322093963623047,
      2.306774854660034
    ],
    "bytes_transferred": [
      208552,
      208552,
      208552,
      208552,
      208552,
      208552,
      208552,
      208552,
      208552,
      208552
    ],
    "epochs": [
      0,
      0,
      0,
      0,
      0,
      0,
      0,
      0,
      0,
      0
    ],
    "steps": [
      0,
      1,
      2,
      3,
      4,
      5,
      6,
      7,
      8,
      9
    ]
  }
}