{
  "rank": 0,
  "world_size": 4,
  "num_steps": 10,
  "statistics": {
    "compute": {
      "count": 10,
      "min": 0.04530240000167396,
      "max": 0.1729751999992004,
      "mean": 0.07321929000099772,
      "std": 0.04361187523142518,
      "p95": 0.1410801000020001,
      "p99": 0.1410801000020001
    },
    "sync": {
      "count": 10,
      "min": 0.005974699997750577,
      "max": 0.04500960000223131,
      "mean": 0.01359911000035936,
      "std": 0.01075106453350628,
      "p95": 0.01440569999977015,
      "p99": 0.01440569999977015
    },
    "optim": {
      "count": 10,
      "min": 0.0008158000018738676,
      "max": 0.0014522000019496772,
      "mean": 0.0010208999989117728,
      "std": 0.000175477987804937,
      "p95": 0.001132800000050338,
      "p99": 0.001132800000050338
    },
    "iter": {
      "count": 10,
      "min": 0.055707399998937035,
      "max": 0.2194370000033814,
      "mean": 0.08783930000026885,
      "std": 0.05197264548856162,
      "p95": 0.15026710000165622,
      "p99": 0.15026710000165622
    },
    "grad_norm": {
      "count": 10,
      "min": 0.15084195137023926,
      "max": 0.29700741171836853,
      "mean": 0.22751302719116212,
      "std": 0.03595312056613376,
      "p95": 0.26545143127441406,
      "p99": 0.26545143127441406
    },
    "loss": {
      "count": 10,
      "min": 2.2959718704223633,
      "max": 2.3234732151031494,
      "mean": 2.307985234260559,
      "std": 0.0066718278258025634,
      "p95": 2.3119242191314697,
      "p99": 2.3119242191314697
    }
  },
  "trajectories": {
    "compute_times": [
      0.1729751999992004,
      0.08087220000015805,
      0.047986500001570676,
      0.047648100000515115,
      0.04843099999925471,
      0.050024100000882754,
      0.04764110000178334,
      0.05023220000293804,
      0.04530240000167396,
      0.1410801000020001
    ],
    "sync_times": [
      0.04500960000223131,
      0.012079899999662302,
      0.013468699999066303,
      0.01440569999977015,
      0.010066000002552755,
      0.009240899998985697,
      0.008229300001403317,
      0.005974699997750577,
      0.009446000000025379,
      0.008070300002145814
    ],
    "optim_times": [
      0.0014522000019496772,
      0.0008699999998498242,
      0.0009064999976544641,
      0.0008158000018738676,
      0.001132800000050338,
      0.0008877999971446116,
      0.001047999998263549,
      0.0010201999975834042,
      0.0009589999972376972,
      0.0011166999975102954
    ],
    "iter_times": [
      0.2194370000033814,
      0.09382209999967017,
      0.06236169999829144,
      0.06286960000215913,
      0.0596298000018578,
      0.06015279999701306,
      0.05691840000145021,
      0.057227099998272024,
      0.055707399998937035,
      0.15026710000165622
    ],
    "grad_norms": [
      0.2057933807373047,
      0.2199534773826599,
      0.21483555436134338,
      0.2348959892988205,
      0.23239730298519135,
      0.15084195137023926,
      0.29700741171836853,
      0.26545143127441406,
      0.2292655110359192,
      0.22468826174736023
    ],
    "losses": [
      2.306812047958374,
      2.3050997257232666,
      2.3119242191314697,
      2.3089849948883057,
      2.310671329498291,
      2.2959718704223633,
      2.3234732151031494,
      2.308326244354248,
      2.304029703140259,
      2.3045589923858643
    ],
    "bytes_transferred": [
      208552,
      208552,
      208552,
      208552,
      208552,
      208552,
      208552,
      208552,
      208552,
      208552
    ],
    "epochs": [
      0,
      0,
      0,
      0,
      0,
      0,
      0,
      0,
      0,
      0
    ],
    "steps": [
      0,
      1,
      2,
      3,
      4,
      5,
      6,
      7,
      8,
      9
    ]
  }
}