{
  "rank": 3,
  "world_size": 8,
  "num_steps": 10,
  "statistics": {
    "compute": {
      "count": 10,
      "min": 0.010752499998488929,
      "max": 0.0752474999972037,
      "mean": 0.025559449999855134,
      "std": 0.018031146016552577,
      "p95": 0.03852310000002035,
      "p99": 0.03852310000002035
    },
    "sync": {
      "count": 10,
      "min": 0.011544799999683164,
      "max": 0.5433850999979768,
      "mean": 0.07679302999968059,
      "std": 0.15572907120926788,
      "p95": 0.03645430000324268,
      "p99": 0.03645430000324268
    },
    "optim": {
      "count": 10,
      "min": 0.0009619999982533045,
      "max": 0.002034299999650102,
      "mean": 0.0014717700003529898,
      "std": 0.00033952398724595653,
      "p95": 0.0019188000005669892,
      "p99": 0.0019188000005669892
    },
    "iter": {
      "count": 10,
      "min": 0.026730900000984548,
      "max": 0.6206668999948306,
      "mean": 0.10382424999988871,
      "std": 0.1728457381927207,
      "p95": 0.07641910000165808,
      "p99": 0.07641910000165808
    },
    "grad_norm": {
      "count": 10,
      "min": 0.1677418202161789,
      "max": 0.1928900182247162,
      "mean": 0.1781605824828148,
      "std": 0.007826382351750077,
      "p95": 0.18653692305088043,
      "p99": 0.18653692305088043
    },
    "loss": {
      "count": 10,
      "min": 2.2878377437591553,
      "max": 2.336939573287964,
      "mean": 2.3093690395355226,
      "std": 0.01268911822780786,
      "p95": 2.3183140754699707,
      "p99": 2.3183140754699707
    }
  },
  "trajectories": {
    "compute_times": [
      0.0752474999972037,
      0.022374000000127126,
      0.03852310000002035,
      0.022673899999062996,
      0.014842100001260405,
      0.018516700001782738,
      0.018026400000962894,
      0.020444099998712773,
      0.010752499998488929,
      0.014194200000929413
    ],
    "sync_times": [
      0.5433850999979768,
      0.03180479999718955,
      0.03645430000324268,
      0.025436700001591817,
      0.027881599999091122,
      0.019746099998883437,
      0.021411199999420205,
      0.03537839999989956,
      0.014887299999827519,
      0.011544799999683164
    ],
    "optim_times": [
      0.002034299999650102,
      0.0012438000012480188,
      0.0014416999983950518,
      0.0009619999982533045,
      0.0014757999997527804,
      0.0018098000000463799,
      0.0012220000025990885,
      0.0019188000005669892,
      0.0010911000026680995,
      0.0015184000003500842
    ],
    "iter_times": [
      0.6206668999948306,
      0.05542259999856469,
      0.07641910000165808,
      0.04907259999890812,
      0.04419950000010431,
      0.040072600000712555,
      0.04065960000298219,
      0.05774129999917932,
      0.026730900000984548,
      0.02725740000096266
    ],
    "grad_norms": [
      0.18039004504680634,
      0.1928900182247162,
      0.1682938039302826,
      0.17190776765346527,
      0.18241509795188904,
      0.1677418202161789,
      0.1831062138080597,
      0.17483091354370117,
      0.17349322140216827,
      0.18653692305088043
    ],
    "losses": [
      2.2981104850769043,
      2.309905529022217,
      2.2878377437591553,
      2.3090949058532715,
      2.3105788230895996,
      2.3040480613708496,
      2.3183140754699707,
      2.3180761337280273,
      2.3007850646972656,
      2.336939573287964
    ],
    "bytes_transferred": [
      437544,
      437544,
      437544,
      437544,
      437544,
      437544,
      437544,
      437544,
      437544,
      437544
    ],
    "epochs": [
      0,
      0,
      0,
      0,
      0,
      0,
      0,
      0,
      0,
      0
    ],
    "steps": [
      0,
      1,
      2,
      3,
      4,
      5,
      6,
      7,
      8,
      9
    ]
  }
}