{
  "rank": 0,
  "world_size": 2,
  "num_steps": 10,
  "statistics": {
    "compute": {
      "count": 10,
      "min": 0.00750289999996312,
      "max": 0.13183329999810667,
      "mean": 0.02142459999959101,
      "std": 0.036846144179004,
      "p95": 0.014078399999561952,
      "p99": 0.014078399999561952
    },
    "sync": {
      "count": 10,
      "min": 0.0024129999983415473,
      "max": 0.010340300003008451,
      "mean": 0.004202459999942221,
      "std": 0.0029375088032648714,
      "p95": 0.009774499998457031,
      "p99": 0.009774499998457031
    },
    "optim": {
      "count": 10,
      "min": 0.0007794000011926983,
      "max": 0.001975700000912184,
      "mean": 0.0009987600009480958,
      "std": 0.00036224855081849663,
      "p95": 0.0013553000026149675,
      "p99": 0.0013553000026149675
    },
    "iter": {
      "count": 10,
      "min": 0.011130800001410535,
      "max": 0.14296309999917867,
      "mean": 0.026625820000481325,
      "std": 0.038904073033540716,
      "p95": 0.021184100005484652,
      "p99": 0.021184100005484652
    },
    "grad_norm": {
      "count": 10,
      "min": 1.6741831302642822,
      "max": 2.5056915283203125,
      "mean": 2.0883066177368166,
      "std": 0.2720314558068832,
      "p95": 2.3676528930664062,
      "p99": 2.3676528930664062
    },
    "loss": {
      "count": 10,
      "min": 2.2179393768310547,
      "max": 2.4378907680511475,
      "mean": 2.344711089134216,
      "std": 0.07074268040841802,
      "p95": 2.414867877960205,
      "p99": 2.414867877960205
    }
  },
  "trajectories": {
    "compute_times": [
      0.13183329999810667,
      0.010049200001958525,
      0.014078399999561952,
      0.008828099998936523,
      0.008927499999117572,
      0.008099899998342153,
      0.00750289999996312,
      0.007978699999512173,
      0.007975500000611646,
      0.008972499999799766
    ],
    "sync_times": [
      0.009774499998457031,
      0.010340300003008451,
      0.003105600000708364,
      0.0024946999983512796,
      0.002708100000745617,
      0.002948699999251403,
      0.0027775999988080002,
      0.0025287999997090083,
      0.0029333000020415056,
      0.0024129999983415473
    ],
    "optim_times": [
      0.0013553000026149675,
      0.0007946000005176757,
      0.0007794000011926983,
      0.001975700000912184,
      0.000824400001874892,
      0.0008869000012055039,
      0.0008503000026394147,
      0.000847700001031626,
      0.0008535999986634124,
      0.0008196999988285825
    ],
    "iter_times": [
      0.14296309999917867,
      0.021184100005484652,
      0.017963400001463015,
      0.013298499998199986,
      0.01246000000173808,
      0.01193549999879906,
      0.011130800001410535,
      0.011355200000252808,
      0.011762400001316564,
      0.012205199996969895
    ],
    "grad_norms": [
      2.5056915283203125,
      1.883408784866333,
      1.8391836881637573,
      2.271617889404297,
      2.3676528930664062,
      2.283217668533325,
      2.135451555252075,
      2.191721200942993,
      1.7309378385543823,
      1.6741831302642822
    ],
    "losses": [
      2.414867877960205,
      2.369657039642334,
      2.3615951538085938,
      2.4038352966308594,
      2.3373637199401855,
      2.2179393768310547,
      2.2969212532043457,
      2.4378907680511475,
      2.2319817543029785,
      2.375058650970459
    ],
    "bytes_transferred": [
      208552,
      208552,
      208552,
      208552,
      208552,
      208552,
      208552,
      208552,
      208552,
      208552
    ],
    "epochs": [
      0,
      0,
      0,
      0,
      0,
      0,
      0,
      0,
      0,
      0
    ],
    "steps": [
      0,
      1,
      2,
      3,
      4,
      5,
      6,
      7,
      8,
      9
    ]
  }
}