{
  "rank": 1,
  "world_size": 2,
  "num_steps": 10,
  "statistics": {
    "compute": {
      "count": 10,
      "min": 0.006946800000150688,
      "max": 0.1362382000006619,
      "mean": 0.02142714999972668,
      "std": 0.038318193137679514,
      "p95": 0.013614600000437349,
      "p99": 0.013614600000437349
    },
    "sync": {
      "count": 10,
      "min": 0.0032916999989538454,
      "max": 0.016385499999159947,
      "mean": 0.004873849999785307,
      "std": 0.0038587863769860386,
      "p95": 0.004550000001472654,
      "p99": 0.004550000001472654
    },
    "optim": {
      "count": 10,
      "min": 0.0006904000001668464,
      "max": 0.0013259000006655697,
      "mean": 0.0008365099994989578,
      "std": 0.00017440934346372915,
      "p95": 0.0009004000021377578,
      "p99": 0.0009004000021377578
    },
    "iter": {
      "count": 10,
      "min": 0.011020400001143571,
      "max": 0.1539496000004874,
      "mean": 0.027137509999010944,
      "std": 0.042318806081294125,
      "p95": 0.017785100000764942,
      "p99": 0.017785100000764942
    },
    "grad_norm": {
      "count": 10,
      "min": 1.6741831302642822,
      "max": 2.5056915283203125,
      "mean": 2.0883066177368166,
      "std": 0.2720314558068832,
      "p95": 2.3676528930664062,
      "p99": 2.3676528930664062
    },
    "loss": {
      "count": 10,
      "min": 2.1553540229797363,
      "max": 2.381258964538574,
      "mean": 2.283358097076416,
      "std": 0.06169378667971654,
      "p95": 2.3377175331115723,
      "p99": 2.3377175331115723
    }
  },
  "trajectories": {
    "compute_times": [
      0.1362382000006619,
      0.010688900001696311,
      0.013614600000437349,
      0.008020900000701658,
      0.008034299997234484,
      0.007629100000485778,
      0.006946800000150688,
      0.007234099997731391,
      0.007721599999058526,
      0.008142999999108724
    ],
    "sync_times": [
      0.016385499999159947,
      0.004181899999821326,
      0.0033610000027692877,
      0.004550000001472654,
      0.0033404999994672835,
      0.00359309999839752,
      0.0032916999989538454,
      0.0033990999982052017,
      0.0033159000013256446,
      0.0033197999982803594
    ],
    "optim_times": [
      0.0013259000006655697,
      0.0007882999998400919,
      0.000809499997558305,
      0.0009004000021377578,
      0.0007738999993307516,
      0.0008591999976488296,
      0.0007819000020390376,
      0.0007004999970376957,
      0.0006904000001668464,
      0.0007350999985646922
    ],
    "iter_times": [
      0.1539496000004874,
      0.01565910000135773,
      0.017785100000764942,
      0.01347130000431207,
      0.01214869999603252,
      0.012081399996532127,
      0.011020400001143571,
      0.011333699992974289,
      0.011727900000551017,
      0.012197899995953776
    ],
    "grad_norms": [
      2.5056915283203125,
      1.883408784866333,
      1.8391836881637573,
      2.271617889404297,
      2.3676528930664062,
      2.283217668533325,
      2.135451555252075,
      2.191721200942993,
      1.7309378385543823,
      1.6741831302642822
    ],
    "losses": [
      2.381258964538574,
      2.2258715629577637,
      2.3377175331115723,
      2.289581775665283,
      2.3197195529937744,
      2.252516269683838,
      2.2446303367614746,
      2.323641538619995,
      2.1553540229797363,
      2.3032894134521484
    ],
    "bytes_transferred": [
      208552,
      208552,
      208552,
      208552,
      208552,
      208552,
      208552,
      208552,
      208552,
      208552
    ],
    "epochs": [
      0,
      0,
      0,
      0,
      0,
      0,
      0,
      0,
      0,
      0
    ],
    "steps": [
      0,
      1,
      2,
      3,
      4,
      5,
      6,
      7,
      8,
      9
    ]
  }
}