{
  "rank": 7,
  "world_size": 8,
  "num_steps": 10,
  "statistics": {
    "compute": {
      "count": 10,
      "min": 0.016022399999201298,
      "max": 0.04434159999800613,
      "mean": 0.02369948999985354,
      "std": 0.009547913215050784,
      "p95": 0.04034400000091409,
      "p99": 0.04034400000091409
    },
    "sync": {
      "count": 10,
      "min": 0.011596000000281492,
      "max": 0.5352745999989565,
      "mean": 0.07472854000006919,
      "std": 0.15386855649692058,
      "p95": 0.05224319999979343,
      "p99": 0.05224319999979343
    },
    "optim": {
      "count": 10,
      "min": 0.0010469000008015428,
      "max": 0.002502199997252319,
      "mean": 0.0013476500003889668,
      "std": 0.00041143255514908294,
      "p95": 0.0014816000002610963,
      "p99": 0.0014816000002610963
    },
    "iter": {
      "count": 10,
      "min": 0.031033400002343114,
      "max": 0.578120799997123,
      "mean": 0.0997756800003117,
      "std": 0.16045901170636953,
      "p95": 0.09806639999806066,
      "p99": 0.09806639999806066
    },
    "grad_norm": {
      "count": 10,
      "min": 0.1677418202161789,
      "max": 0.1928900182247162,
      "mean": 0.1781605824828148,
      "std": 0.007826382351750077,
      "p95": 0.18653692305088043,
      "p99": 0.18653692305088043
    },
    "loss": {
      "count": 10,
      "min": 2.302150011062622,
      "max": 2.3302228450775146,
      "mean": 2.312245416641235,
      "std": 0.00943792752842397,
      "p95": 2.329249620437622,
      "p99": 2.329249620437622
    }
  },
  "trajectories": {
    "compute_times": [
      0.04034400000091409,
      0.022819500001787674,
      0.04434159999800613,
      0.018289999999979045,
      0.016219299999647774,
      0.016022399999201298,
      0.019296099999337457,
      0.020462500000576256,
      0.019797799999651033,
      0.01940169999943464
    ],
    "sync_times": [
      0.5352745999989565,
      0.026390700000774814,
      0.05224319999979343,
      0.011596000000281492,
      0.025141300000541378,
      0.015542199998890283,
      0.021164300000236835,
      0.019523999999364605,
      0.020695100000011735,
      0.01971400000184076
    ],
    "optim_times": [
      0.002502199997252319,
      0.0011847000023408327,
      0.0014816000002610963,
      0.001147400002082577,
      0.001476999997976236,
      0.0011407000019971747,
      0.0011015999989467673,
      0.0010988000030920375,
      0.0012955999991390854,
      0.0010469000008015428
    ],
    "iter_times": [
      0.578120799997123,
      0.05039490000490332,
      0.09806639999806066,
      0.031033400002343114,
      0.04283759999816539,
      0.032705300000088755,
      0.04156199999852106,
      0.0410853000030329,
      0.041788499998801854,
      0.04016260000207694
    ],
    "grad_norms": [
      0.18039004504680634,
      0.1928900182247162,
      0.1682938039302826,
      0.17190776765346527,
      0.18241509795188904,
      0.1677418202161789,
      0.1831062138080597,
      0.17483091354370117,
      0.17349322140216827,
      0.18653692305088043
    ],
    "losses": [
      2.305992841720581,
      2.313706874847412,
      2.3302228450775146,
      2.3061134815216064,
      2.3135266304016113,
      2.302150011062622,
      2.329249620437622,
      2.3106775283813477,
      2.3052616119384766,
      2.3055527210235596
    ],
    "bytes_transferred": [
      437544,
      437544,
      437544,
      437544,
      437544,
      437544,
      437544,
      437544,
      437544,
      437544
    ],
    "epochs": [
      0,
      0,
      0,
      0,
      0,
      0,
      0,
      0,
      0,
      0
    ],
    "steps": [
      0,
      1,
      2,
      3,
      4,
      5,
      6,
      7,
      8,
      9
    ]
  }
}