{
  "rank": 3,
  "world_size": 8,
  "num_steps": 10,
  "statistics": {
    "compute": {
      "count": 10,
      "min": 0.041853400001855334,
      "max": 0.15069759999823873,
      "mean": 0.08800078999956895,
      "std": 0.03517615052909676,
      "p95": 0.11823989999902551,
      "p99": 0.11823989999902551
    },
    "sync": {
      "count": 10,
      "min": 0.00632959999711602,
      "max": 0.08613079999850015,
      "mean": 0.01950517999976,
      "std": 0.022503829136614736,
      "p95": 0.017949100001715124,
      "p99": 0.017949100001715124
    },
    "optim": {
      "count": 10,
      "min": 0.0006096999968576711,
      "max": 0.0013220999971963465,
      "mean": 0.0008109399990644306,
      "std": 0.00018390521544498569,
      "p95": 0.0008830000006128103,
      "p99": 0.0008830000006128103
    },
    "iter": {
      "count": 10,
      "min": 0.0529041999943729,
      "max": 0.17175609999685548,
      "mean": 0.10831690999839338,
      "std": 0.040887708647984154,
      "p95": 0.15826019999440177,
      "p99": 0.15826019999440177
    },
    "grad_norm": {
      "count": 10,
      "min": 0.020968575030565262,
      "max": 0.07141382247209549,
      "mean": 0.04842514432966709,
      "std": 0.01605949237245818,
      "p95": 0.06955880671739578,
      "p99": 0.06955880671739578
    },
    "loss": {
      "count": 10,
      "min": 1.599137783050537,
      "max": 1.6202284097671509,
      "mean": 1.6120068669319152,
      "std": 0.006131406423867254,
      "p95": 1.619126796722412,
      "p99": 1.619126796722412
    }
  },
  "trajectories": {
    "compute_times": [
      0.08430320000115898,
      0.11823989999902551,
      0.11690200000157347,
      0.07665989999804879,
      0.08522119999906863,
      0.041853400001855334,
      0.04471700000067358,
      0.04582449999725213,
      0.11558919999879436,
      0.15069759999823873
    ],
    "sync_times": [
      0.08613079999850015,
      0.017029400001774775,
      0.011343400001351256,
      0.014413400000194088,
      0.01094329999978072,
      0.017949100001715124,
      0.010185699997236952,
      0.00632959999711602,
      0.01377420000062557,
      0.006952899999305373
    ],
    "optim_times": [
      0.0013220999971963465,
      0.0008830000006128103,
      0.0007096999979694374,
      0.0007342999997490551,
      0.0007459000007656869,
      0.0007307000014407095,
      0.0008311999990837649,
      0.0007501000000047497,
      0.0007926999969640747,
      0.0006096999968576711
    ],
    "iter_times": [
      0.17175609999685548,
      0.1361523000014131,
      0.12895510000089416,
      0.09180759999799193,
      0.09691039999961504,
      0.06053320000501117,
      0.055733899996994296,
      0.0529041999943729,
      0.130156099996384,
      0.15826019999440177
    ],
    "grad_norms": [
      0.06955880671739578,
      0.07141382247209549,
      0.051299627870321274,
      0.05896369367837906,
      0.04386894404888153,
      0.05538027733564377,
      0.05140511319041252,
      0.020968575030565262,
      0.027222275733947754,
      0.03417030721902847
    ],
    "losses": [
      1.6165623664855957,
      1.611295461654663,
      1.6202284097671509,
      1.6093461513519287,
      1.6140238046646118,
      1.6136592626571655,
      1.604466438293457,
      1.619126796722412,
      1.6122221946716309,
      1.599137783050537
    ],
    "bytes_transferred": [
      27188,
      27188,
      27188,
      27188,
      27188,
      27188,
      27188,
      27188,
      27188,
      27188
    ],
    "epochs": [
      0,
      0,
      0,
      0,
      0,
      0,
      0,
      0,
      0,
      0
    ],
    "steps": [
      0,
      1,
      2,
      3,
      4,
      5,
      6,
      7,
      8,
      9
    ]
  }
}