{
  "rank": 1,
  "world_size": 2,
  "num_steps": 10,
  "statistics": {
    "compute": {
      "count": 10,
      "min": 0.004237299999658717,
      "max": 0.03928470000028028,
      "mean": 0.00853919000001042,
      "std": 0.010255182488331582,
      "p95": 0.005603800000244519,
      "p99": 0.005603800000244519
    },
    "sync": {
      "count": 10,
      "min": 0.003521799997542985,
      "max": 0.03219309999985853,
      "mean": 0.008678649999637855,
      "std": 0.008616333765815208,
      "p95": 0.015971799999533687,
      "p99": 0.015971799999533687
    },
    "optim": {
      "count": 10,
      "min": 0.0005944000004092231,
      "max": 0.0012795000002370216,
      "mean": 0.0007446600000548642,
      "std": 0.0001892980942395546,
      "p95": 0.0007827000008546747,
      "p99": 0.0007827000008546747
    },
    "iter": {
      "count": 10,
      "min": 0.008946599999035243,
      "max": 0.07275730000037584,
      "mean": 0.01796249999970314,
      "std": 0.018613713669246454,
      "p95": 0.02163490000020829,
      "p99": 0.02163490000020829
    },
    "grad_norm": {
      "count": 10,
      "min": 2.4780428409576416,
      "max": 2.8842148780822754,
      "mean": 2.7168668031692507,
      "std": 0.13734947606745979,
      "p95": 2.8655383586883545,
      "p99": 2.8655383586883545
    },
    "loss": {
      "count": 10,
      "min": 2.2012228965759277,
      "max": 2.5085408687591553,
      "mean": 2.3244882345199587,
      "std": 0.10127864305674557,
      "p95": 2.475344181060791,
      "p99": 2.475344181060791
    }
  },
  "trajectories": {
    "compute_times": [
      0.03928470000028028,
      0.005603800000244519,
      0.004985799998394214,
      0.00489219999872148,
      0.00517020000188495,
      0.004237299999658717,
      0.0053642000020772684,
      0.0054799999998067506,
      0.004979800000000978,
      0.005393899999035057
    ],
    "sync_times": [
      0.03219309999985853,
      0.005165800001122989,
      0.0038438999981735833,
      0.015971799999533687,
      0.0038736999995307997,
      0.004114899998967303,
      0.003597400002036011,
      0.006952200001251185,
      0.007551899998361478,
      0.003521799997542985
    ],
    "optim_times": [
      0.0012795000002370216,
      0.0007827000008546747,
      0.000623500000074273,
      0.0007709000019531231,
      0.0005994999992253724,
      0.0005944000004092231,
      0.0006769999999960419,
      0.0007260999991558492,
      0.0007301000005099922,
      0.0006628999981330708
    ],
    "iter_times": [
      0.07275730000037584,
      0.011552300002222182,
      0.00945319999664207,
      0.02163490000020829,
      0.009643400000641122,
      0.008946599999035243,
      0.009638600004109321,
      0.013158300000213785,
      0.013261799998872448,
      0.009578599994711112
    ],
    "grad_norms": [
      2.7194480895996094,
      2.8314905166625977,
      2.6568429470062256,
      2.4780428409576416,
      2.8368771076202393,
      2.586740255355835,
      2.541379928588867,
      2.7680931091308594,
      2.8655383586883545,
      2.8842148780822754
    ],
    "losses": [
      2.2264418601989746,
      2.475344181060791,
      2.2012228965759277,
      2.2843661308288574,
      2.4089837074279785,
      2.2250020503997803,
      2.289483070373535,
      2.5085408687591553,
      2.334947347640991,
      2.2905502319335938
    ],
    "bytes_transferred": [
      437544,
      437544,
      437544,
      437544,
      437544,
      437544,
      437544,
      437544,
      437544,
      437544
    ],
    "epochs": [
      0,
      0,
      0,
      0,
      0,
      0,
      0,
      0,
      0,
      0
    ],
    "steps": [
      0,
      1,
      2,
      3,
      4,
      5,
      6,
      7,
      8,
      9
    ]
  }
}