{
  "rank": 2,
  "world_size": 8,
  "num_steps": 10,
  "statistics": {
    "compute": {
      "count": 10,
      "min": 0.043675599998096004,
      "max": 0.15299070000037318,
      "mean": 0.0908972499990341,
      "std": 0.034746960629618934,
      "p95": 0.12251589999868884,
      "p99": 0.12251589999868884
    },
    "sync": {
      "count": 10,
      "min": 0.007628900002600858,
      "max": 0.13129120000303374,
      "mean": 0.02223006000094756,
      "std": 0.03637522612604695,
      "p95": 0.013000999999349006,
      "p99": 0.013000999999349006
    },
    "optim": {
      "count": 10,
      "min": 0.0006749000021954998,
      "max": 0.001224999999976717,
      "mean": 0.000783900000169524,
      "std": 0.00014911416417347562,
      "p95": 0.000769800000853138,
      "p99": 0.000769800000853138
    },
    "iter": {
      "count": 10,
      "min": 0.05472580000059679,
      "max": 0.22459620000154246,
      "mean": 0.11391121000015118,
      "std": 0.050672574362221154,
      "p95": 0.16311530000166385,
      "p99": 0.16311530000166385
    },
    "grad_norm": {
      "count": 10,
      "min": 0.020968575030565262,
      "max": 0.07141382247209549,
      "mean": 0.04842514432966709,
      "std": 0.01605949237245818,
      "p95": 0.06955880671739578,
      "p99": 0.06955880671739578
    },
    "loss": {
      "count": 10,
      "min": 1.607908010482788,
      "max": 1.6204205751419067,
      "mean": 1.6135614275932313,
      "std": 0.0038447113703458592,
      "p95": 1.6156742572784424,
      "p99": 1.6156742572784424
    }
  },
  "trajectories": {
    "compute_times": [
      0.092079999998532,
      0.12251589999868884,
      0.11867789999814704,
      0.07893159999730415,
      0.08880240000144113,
      0.049394800000300165,
      0.048185299998294795,
      0.043675599998096004,
      0.11371829999916372,
      0.15299070000037318
    ],
    "sync_times": [
      0.13129120000303374,
      0.010654900001100032,
      0.013000999999349006,
      0.010198799998761388,
      0.009646900001825998,
      0.00990069999897969,
      0.010259599999699276,
      0.010318200002075173,
      0.007628900002600858,
      0.009400400002050446
    ],
    "optim_times": [
      0.001224999999976717,
      0.0007695999993302394,
      0.0007359000010183081,
      0.000738499998988118,
      0.000769800000853138,
      0.0007358000002568588,
      0.0007332999994105194,
      0.0007320000004256144,
      0.0006749000021954998,
      0.000724199999240227
    ],
    "iter_times": [
      0.22459620000154246,
      0.1339403999991191,
      0.13241479999851435,
      0.08986889999505365,
      0.09921910000412026,
      0.060031299999536714,
      0.05917819999740459,
      0.05472580000059679,
      0.12202210000396008,
      0.16311530000166385
    ],
    "grad_norms": [
      0.06955880671739578,
      0.07141382247209549,
      0.051299627870321274,
      0.05896369367837906,
      0.04386894404888153,
      0.05538027733564377,
      0.05140511319041252,
      0.020968575030565262,
      0.027222275733947754,
      0.03417030721902847
    ],
    "losses": [
      1.6086984872817993,
      1.614830493927002,
      1.6148182153701782,
      1.607908010482788,
      1.6080405712127686,
      1.6149680614471436,
      1.6156742572784424,
      1.6204205751419067,
      1.614862084388733,
      1.6153935194015503
    ],
    "bytes_transferred": [
      27188,
      27188,
      27188,
      27188,
      27188,
      27188,
      27188,
      27188,
      27188,
      27188
    ],
    "epochs": [
      0,
      0,
      0,
      0,
      0,
      0,
      0,
      0,
      0,
      0
    ],
    "steps": [
      0,
      1,
      2,
      3,
      4,
      5,
      6,
      7,
      8,
      9
    ]
  }
}