{
  "rank": 4,
  "world_size": 8,
  "num_steps": 10,
  "statistics": {
    "compute": {
      "count": 10,
      "min": 0.010589000001345994,
      "max": 0.029821000000083586,
      "mean": 0.018747649999932038,
      "std": 0.0071128799733426494,
      "p95": 0.028486300001532072,
      "p99": 0.028486300001532072
    },
    "sync": {
      "count": 10,
      "min": 0.04817729999922449,
      "max": 1.221449799999391,
      "mean": 0.1911520899997413,
      "std": 0.3443631230457791,
      "p95": 0.12294000000110827,
      "p99": 0.12294000000110827
    },
    "optim": {
      "count": 10,
      "min": 0.0009273000032408163,
      "max": 0.011803299999883166,
      "mean": 0.0024643800003104842,
      "std": 0.00318634753038602,
      "p95": 0.0032739999987825286,
      "p99": 0.0032739999987825286
    },
    "iter": {
      "count": 10,
      "min": 0.05990860000019893,
      "max": 1.258628100000351,
      "mean": 0.2123641199999838,
      "std": 0.35024552770693035,
      "p95": 0.15470030000142287,
      "p99": 0.15470030000142287
    },
    "grad_norm": {
      "count": 10,
      "min": 0.3254165053367615,
      "max": 0.3504560887813568,
      "mean": 0.33827086389064787,
      "std": 0.008284284712649186,
      "p95": 0.3504524827003479,
      "p99": 0.3504524827003479
    },
    "loss": {
      "count": 10,
      "min": 2.2671642303466797,
      "max": 2.3782687187194824,
      "mean": 2.3121509552001953,
      "std": 0.02957164041478632,
      "p95": 2.341552495956421,
      "p99": 2.341552495956421
    }
  },
  "trajectories": {
    "compute_times": [
      0.02537500000107684,
      0.029821000000083586,
      0.028486300001532072,
      0.025052299999515526,
      0.013797999999951571,
      0.012220100001286482,
      0.014932799997041002,
      0.014942499998142011,
      0.01225949999934528,
      0.010589000001345994
    ],
    "sync_times": [
      1.221449799999391,
      0.10501619999922696,
      0.12294000000110827,
      0.11169770000196877,
      0.06803299999955925,
      0.05621090000204276,
      0.05997179999758373,
      0.05573299999741721,
      0.06229119999989052,
      0.04817729999922449
    ],
    "optim_times": [
      0.011803299999883166,
      0.0009273000032408163,
      0.0032739999987825286,
      0.0019057000026805326,
      0.0011890999994648155,
      0.0009288000001106411,
      0.0014354000013554469,
      0.0010991999988618772,
      0.0009386999990965705,
      0.0011422999996284489
    ],
    "iter_times": [
      1.258628100000351,
      0.13576450000255136,
      0.15470030000142287,
      0.13865570000416483,
      0.08302009999897564,
      0.06935980000343989,
      0.07633999999598018,
      0.0717746999944211,
      0.07548939999833237,
      0.05990860000019893
    ],
    "grad_norms": [
      0.3436335623264313,
      0.33614903688430786,
      0.3504524827003479,
      0.3504560887813568,
      0.3400847911834717,
      0.3322739899158478,
      0.3366731107234955,
      0.34116244316101074,
      0.3264066278934479,
      0.3254165053367615
    ],
    "losses": [
      2.3057730197906494,
      2.304863452911377,
      2.3782687187194824,
      2.341552495956421,
      2.31308650970459,
      2.2671642303466797,
      2.3234610557556152,
      2.2955663204193115,
      2.3110251426696777,
      2.2807486057281494
    ],
    "bytes_transferred": [
      437544,
      437544,
      437544,
      437544,
      437544,
      437544,
      437544,
      437544,
      437544,
      437544
    ],
    "epochs": [
      0,
      0,
      0,
      0,
      0,
      0,
      0,
      0,
      0,
      0
    ],
    "steps": [
      0,
      1,
      2,
      3,
      4,
      5,
      6,
      7,
      8,
      9
    ]
  }
}