{
  "rank": 1,
  "world_size": 2,
  "num_steps": 10,
  "statistics": {
    "compute": {
      "count": 10,
      "min": 0.006842500002676388,
      "max": 0.019713300000148593,
      "mean": 0.010650980000355048,
      "std": 0.004194421668426576,
      "p95": 0.016018499998608604,
      "p99": 0.016018499998608604
    },
    "sync": {
      "count": 10,
      "min": 0.0032584000000497326,
      "max": 0.11030980000214186,
      "mean": 0.016515470000376807,
      "std": 0.031525981079972426,
      "p95": 0.016080599998531397,
      "p99": 0.016080599998531397
    },
    "optim": {
      "count": 10,
      "min": 0.0007321999983105343,
      "max": 0.0019565000002330635,
      "mean": 0.000947219999943627,
      "std": 0.00034504216207949473,
      "p95": 0.0009707999997772276,
      "p99": 0.0009707999997772276
    },
    "iter": {
      "count": 10,
      "min": 0.011669300001813099,
      "max": 0.13099390000206768,
      "mean": 0.028113670000675484,
      "std": 0.034852115022030686,
      "p95": 0.0324847999982012,
      "p99": 0.0324847999982012
    },
    "grad_norm": {
      "count": 10,
      "min": 0.3210010528564453,
      "max": 0.3445914387702942,
      "mean": 0.33418882489204405,
      "std": 0.007883879466935,
      "p95": 0.344420850276947,
      "p99": 0.344420850276947
    },
    "loss": {
      "count": 10,
      "min": 2.303971529006958,
      "max": 2.33132004737854,
      "mean": 2.312987446784973,
      "std": 0.008331896379591391,
      "p95": 2.325941324234009,
      "p99": 2.325941324234009
    }
  },
  "trajectories": {
    "compute_times": [
      0.014447699999436736,
      0.009239200000592973,
      0.019713300000148593,
      0.007689800000662217,
      0.016018499998608604,
      0.008329899999807822,
      0.007985700001881924,
      0.00800359999993816,
      0.006842500002676388,
      0.008239599999797065
    ],
    "sync_times": [
      0.016080599998531397,
      0.011096499998529907,
      0.11030980000214186,
      0.006371700001182035,
      0.00352529999872786,
      0.0032584000000497326,
      0.0034621000013430603,
      0.0033442000021750573,
      0.003912500000296859,
      0.0037936000007903203
    ],
    "optim_times": [
      0.0019565000002330635,
      0.0009204999987559859,
      0.0009707999997772276,
      0.0007321999983105343,
      0.0007879000004322734,
      0.0007704999989073258,
      0.0007818000012775883,
      0.000762400002713548,
      0.0009142999988398515,
      0.0008753000001888722
    ],
    "iter_times": [
      0.0324847999982012,
      0.021256199997878866,
      0.13099390000206768,
      0.014793700000154786,
      0.020331699997768737,
      0.01235879999876488,
      0.012229600004502572,
      0.012110200004826766,
      0.011669300001813099,
      0.012908500000776257
    ],
    "grad_norms": [
      0.344420850276947,
      0.3445914387702942,
      0.3210010528564453,
      0.3404165506362915,
      0.334928035736084,
      0.329715758562088,
      0.33243629336357117,
      0.33228006958961487,
      0.3224189281463623,
      0.3396792709827423
    ],
    "losses": [
      2.33132004737854,
      2.325941324234009,
      2.311124324798584,
      2.3104426860809326,
      2.306162118911743,
      2.311248540878296,
      2.3068182468414307,
      2.3132283687591553,
      2.303971529006958,
      2.309617280960083
    ],
    "bytes_transferred": [
      437544,
      437544,
      437544,
      437544,
      437544,
      437544,
      437544,
      437544,
      437544,
      437544
    ],
    "epochs": [
      0,
      0,
      0,
      0,
      0,
      0,
      0,
      0,
      0,
      0
    ],
    "steps": [
      0,
      1,
      2,
      3,
      4,
      5,
      6,
      7,
      8,
      9
    ]
  }
}