{
  "rank": 2,
  "world_size": 8,
  "num_steps": 10,
  "statistics": {
    "compute": {
      "count": 10,
      "min": 0.01199819999965257,
      "max": 0.07410449999952107,
      "mean": 0.025561870000092312,
      "std": 0.01817280166346544,
      "p95": 0.03959229999964009,
      "p99": 0.03959229999964009
    },
    "sync": {
      "count": 10,
      "min": 0.056902299998910166,
      "max": 0.48127309999836143,
      "mean": 0.12064142999988689,
      "std": 0.12328164790940763,
      "p95": 0.1340755999990506,
      "p99": 0.1340755999990506
    },
    "optim": {
      "count": 10,
      "min": 0.0008928000024752691,
      "max": 0.013255299996671965,
      "mean": 0.0026154299997870113,
      "std": 0.0036089575840602137,
      "p95": 0.00299299999824143,
      "p99": 0.00299299999824143
    },
    "iter": {
      "count": 10,
      "min": 0.07451160000346135,
      "max": 0.5686328999945545,
      "mean": 0.14881872999976622,
      "std": 0.14437027245463233,
      "p95": 0.16920549999849754,
      "p99": 0.16920549999849754
    },
    "grad_norm": {
      "count": 10,
      "min": 0.3254165053367615,
      "max": 0.3504560887813568,
      "mean": 0.3382708698511124,
      "std": 0.008284287682094589,
      "p95": 0.3504524827003479,
      "p99": 0.3504524827003479
    },
    "loss": {
      "count": 10,
      "min": 2.276322841644287,
      "max": 2.3312273025512695,
      "mean": 2.3050277471542358,
      "std": 0.01847166359027345,
      "p95": 2.3228683471679688,
      "p99": 2.3228683471679688
    }
  },
  "trajectories": {
    "compute_times": [
      0.07410449999952107,
      0.029986599998665042,
      0.02394300000014482,
      0.03959229999964009,
      0.014012999999977183,
      0.014682299999549286,
      0.015641100002540043,
      0.017145800000434974,
      0.01451190000079805,
      0.01199819999965257
    ],
    "sync_times": [
      0.48127309999836143,
      0.1340755999990506,
      0.09157110000160174,
      0.1285911999984819,
      0.062534600001527,
      0.0589365000014368,
      0.06848059999902034,
      0.056902299998910166,
      0.061524099997768644,
      0.06252520000271033
    ],
    "optim_times": [
      0.013255299996671965,
      0.0023928999980853405,
      0.00299299999824143,
      0.0010220000003755558,
      0.0013891000016883481,
      0.0008928000024752691,
      0.0009482999994361307,
      0.0010704000014811754,
      0.0009400999988429248,
      0.0012504000005719718
    ],
    "iter_times": [
      0.5686328999945545,
      0.166455099995801,
      0.11850709999998799,
      0.16920549999849754,
      0.07793670000319253,
      0.07451160000346135,
      0.08507000000099652,
      0.07511850000082632,
      0.07697609999740962,
      0.07577380000293488
    ],
    "grad_norms": [
      0.34363359212875366,
      0.33614903688430786,
      0.3504524827003479,
      0.3504560887813568,
      0.3400847911834717,
      0.3322739899158478,
      0.3366731107234955,
      0.34116247296333313,
      0.3264066278934479,
      0.3254165053367615
    ],
    "losses": [
      2.3228683471679688,
      2.28432297706604,
      2.2797155380249023,
      2.309643268585205,
      2.320681095123291,
      2.303926706314087,
      2.3012945652008057,
      2.3312273025512695,
      2.276322841644287,
      2.320274829864502
    ],
    "bytes_transferred": [
      437544,
      437544,
      437544,
      437544,
      437544,
      437544,
      437544,
      437544,
      437544,
      437544
    ],
    "epochs": [
      0,
      0,
      0,
      0,
      0,
      0,
      0,
      0,
      0,
      0
    ],
    "steps": [
      0,
      1,
      2,
      3,
      4,
      5,
      6,
      7,
      8,
      9
    ]
  }
}