{
  "rank": 0,
  "world_size": 2,
  "num_steps": 60,
  "statistics": {
    "compute": {
      "count": 60,
      "min": 0.004786400000739377,
      "max": 0.017143299999588635,
      "mean": 0.006926736666779713,
      "std": 0.0024438690167872873,
      "p95": 0.013891900001908652,
      "p99": 0.01641120000203955
    },
    "sync": {
      "count": 60,
      "min": 0.002261599998746533,
      "max": 0.029107899998052744,
      "mean": 0.00804888666680199,
      "std": 0.00833582037914378,
      "p95": 0.025221500000043306,
      "p99": 0.02779030000237981
    },
    "optim": {
      "count": 60,
      "min": 0.000659799999993993,
      "max": 0.0014326000018627383,
      "mean": 0.0008522133333220457,
      "std": 0.00016617617736418424,
      "p95": 0.0012028999990434386,
      "p99": 0.0014201000012690201
    },
    "iter": {
      "count": 60,
      "min": 0.009154600000329083,
      "max": 0.03784570000061649,
      "mean": 0.01582783666690375,
      "std": 0.009091605971260481,
      "p95": 0.033489300003566314,
      "p99": 0.036448299997573486
    },
    "grad_norm": {
      "count": 60,
      "min": 0.6163185238838196,
      "max": 0.7076342701911926,
      "mean": 0.6625562816858291,
      "std": 0.017096690160475582,
      "p95": 0.6927463412284851,
      "p99": 0.7001007795333862
    },
    "loss": {
      "count": 60,
      "min": 2.2690787315368652,
      "max": 2.3606162071228027,
      "mean": 2.3080143610636394,
      "std": 0.019581434467545105,
      "p95": 2.3430492877960205,
      "p99": 2.347961902618408
    }
  },
  "trajectories": {
    "compute_times": [
      0.013891900001908652,
      0.014584100001229672,
      0.017143299999588635,
      0.006137500000477303,
      0.00825020000047516,
      0.006177799998113187,
      0.01641120000203955,
      0.007191800003056414,
      0.007826300003216602,
      0.009859899997536559,
      0.0062290999994729646,
      0.006408599998394493,
      0.007766200000332901,
      0.00689559999955236,
      0.006133999999292428,
      0.006005899998854147,
      0.005720699999073986,
      0.00543420000030892,
      0.0062776000013400335,
      0.006102499999542488,
      0.007013600003119791,
      0.006228800000826595,
      0.00615049999760231,
      0.005935100001806859,
      0.006010599998262478,
      0.006392899998900248,
      0.0064149000027100556,
      0.00555510000049253,
      0.00599809999766876,
      0.005955500000709435,
      0.007116200002201367,
      0.0052300999996077735,
      0.0062400000024354085,
      0.006119300000136718,
      0.004786400000739377,
      0.006194999998115236,
      0.006298100001004059,
      0.00635110000075656,
      0.0057716999981494155,
      0.00617939999938244,
      0.006037999999534804,
      0.006209099999978207,
      0.006133800001407508,
      0.006011299999954645,
      0.005583300000580493,
      0.005036999998992542,
      0.006075599998439429,
      0.00652030000128434,
      0.006638200000452343,
      0.006082399999286281,
      0.00785610000093584,
      0.005609600000752835,
      0.005561499998293584,
      0.0063914999991538934,
      0.006394899999577319,
      0.006095000000641448,
      0.006453399997553788,
      0.0065858000016305596,
      0.005784599998150952,
      0.0061520000017480925
    ],
    "sync_times": [
      0.012162000002717832,
      0.012239299998327624,
      0.007268100001965649,
      0.029107899998052744,
      0.024393400002736598,
      0.023463399997126544,
      0.020542199999908917,
      0.02495690000068862,
      0.003995600000052946,
      0.0035379000000830274,
      0.022159699998155702,
      0.025221500000043306,
      0.002735199999733595,
      0.002978700002131518,
      0.0034277000013389625,
      0.0034794000021065585,
      0.0034734999971988145,
      0.003394200000911951,
      0.00319139999919571,
      0.003261699999711709,
      0.0030721000002813525,
      0.004832700000406476,
      0.0032606999993731733,
      0.003111500001978129,
      0.01883530000122846,
      0.002924100001109764,
      0.0030541000014636666,
      0.0031127000002015848,
      0.0034137000002374407,
      0.003254300001572119,
      0.02465220000158297,
      0.003178700000717072,
      0.0033505999999761116,
      0.019187099998816848,
      0.02779030000237981,
      0.003303299999970477,
      0.003421200002776459,
      0.0031643000002077315,
      0.004028199997264892,
      0.013860300001397263,
      0.003772100000787759,
      0.003404699997190619,
      0.004075900000316324,
      0.0036297999977250583,
      0.0031816000009712297,
      0.0035184999978810083,
      0.003128899999865098,
      0.00339229999735835,
      0.0033450000009906944,
      0.0034795999999914784,
      0.002261599998746533,
      0.0032446000004711095,
      0.0041401999988011084,
      0.005017899999074871,
      0.003468599999905564,
      0.026894000002357643,
      0.0031472999980906025,
      0.0031976999998732936,
      0.003187800000887364,
      0.003648000001703622
    ],
    "optim_times": [
      0.0014326000018627383,
      0.0010813000008056406,
      0.0007952999985718634,
      0.0012028999990434386,
      0.0007299999997485429,
      0.0007867999993322883,
      0.0008922999986680225,
      0.0009226000001945067,
      0.000776400000177091,
      0.0006659999999101274,
      0.0011847999994643033,
      0.0007656999987375457,
      0.0009661999974923674,
      0.000834399997984292,
      0.0007522000014432706,
      0.0007820999999239575,
      0.0008629000003566034,
      0.0008177000017894898,
      0.0007750000004307367,
      0.0008019999986572657,
      0.0007803000007697847,
      0.0008011999998416286,
      0.0013224000031186733,
      0.0009234999997715931,
      0.0007459000007656869,
      0.0008457000003545545,
      0.0007544999971287325,
      0.0008205000012821984,
      0.0014201000012690201,
      0.0008395000004384201,
      0.0008177999989129603,
      0.0007458000000042375,
      0.0007733999991614837,
      0.000659799999993993,
      0.000912600000447128,
      0.0008343000008608215,
      0.000809000001027016,
      0.0008162999984051567,
      0.0008200000011129305,
      0.0007275000025401823,
      0.0008330000018759165,
      0.0009640999996918254,
      0.0008095999983197544,
      0.000778000001446344,
      0.0007812000003468711,
      0.0007552000024588779,
      0.0007838000019546598,
      0.0008006999996723607,
      0.0008259999995061662,
      0.0007941999974718783,
      0.0006758999988960568,
      0.0011997000001429114,
      0.0007621999975526705,
      0.0007363999975495972,
      0.0008178999996744096,
      0.0007561000020359643,
      0.0007642999989911914,
      0.0007430999976349995,
      0.0007782000029692426,
      0.0007738999993307516
    ],