{
  "rank": 1,
  "world_size": 2,
  "num_steps": 60,
  "statistics": {
    "compute": {
      "count": 60,
      "min": 0.004682200000388548,
      "max": 0.015046299999085022,
      "mean": 0.006254653333659614,
      "std": 0.001638218359999271,
      "p95": 0.008231799998611677,
      "p99": 0.013006500001210952
    },
    "sync": {
      "count": 60,
      "min": 0.003542800001014257,
      "max": 0.043556599997828016,
      "mean": 0.008524385000055191,
      "std": 0.009195525501596758,
      "p95": 0.025971499999286607,
      "p99": 0.037466800000402145
    },
    "optim": {
      "count": 60,
      "min": 0.0006303000009211246,
      "max": 0.013404600002104416,
      "mean": 0.0010591950005012527,
      "std": 0.001701450811466602,
      "p95": 0.001450300002034055,
      "p99": 0.004933100000926061
    },
    "iter": {
      "count": 60,
      "min": 0.009107900001254166,
      "max": 0.05051210000237916,
      "mean": 0.015838233334216058,
      "std": 0.010252764485941573,
      "p95": 0.03405460000067251,
      "p99": 0.04982439999366761
    },
    "grad_norm": {
      "count": 60,
      "min": 0.6163185238838196,
      "max": 0.7076342701911926,
      "mean": 0.6625562816858291,
      "std": 0.017096690160475582,
      "p95": 0.6927463412284851,
      "p99": 0.7001007795333862
    },
    "loss": {
      "count": 60,
      "min": 2.249553918838501,
      "max": 2.3741798400878906,
      "mean": 2.3117940624554953,
      "std": 0.022611586797517968,
      "p95": 2.3413665294647217,
      "p99": 2.347332715988159
    }
  },
  "trajectories": {
    "compute_times": [
      0.013006500001210952,
      0.015046299999085022,
      0.0073055000029853545,
      0.006381899998814333,
      0.008112200001050951,
      0.008231799998611677,
      0.006485099998826627,
      0.006278100001509301,
      0.007194899997557513,
      0.008910100001230603,
      0.0059228000027360395,
      0.0061810999977751635,
      0.006557800003065495,
      0.005994300001475494,
      0.005791599996882724,
      0.005712500002118759,
      0.005531300001166528,
      0.004901399999653222,
      0.00567840000076103,
      0.005772500000603031,
      0.006439900000259513,
      0.00615250000191736,
      0.005771899999672314,
      0.005935299999691779,
      0.005686499996954808,
      0.005740199998399476,
      0.0059208999991824385,
      0.005091099999845028,
      0.005594400001427857,
      0.006029800002579577,
      0.0063942000015231315,
      0.004682200000388548,
      0.005680700000084471,
      0.005613899997115368,
      0.0048626000025251415,
      0.005764900000940543,
      0.005807200002891477,
      0.005825899999763351,
      0.006113000003097113,
      0.005473799999890616,
      0.005607800001598662,
      0.005935599998338148,
      0.006557199998496799,
      0.0057010000018635765,
      0.005039199997554533,
      0.004725599999801489,
      0.005667000001267297,
      0.006106100001488812,
      0.006326699996861862,
      0.005645600002026185,
      0.005867700001545018,
      0.005285899998852983,
      0.005221600000368198,
      0.006380300001183059,
      0.006101399998442503,
      0.005787699999928009,
      0.00602440000147908,
      0.00617440000132774,
      0.005443100002594292,
      0.006103899999288842
    ],
    "sync_times": [
      0.0195977999974275,
      0.005961700000625569,
      0.012403599997924175,
      0.020515500000328757,
      0.037466800000402145,
      0.01848950000203331,
      0.016291600000840845,
      0.02594680000038352,
      0.004491200001211837,
      0.022516599998198217,
      0.004071100000146544,
      0.025971499999286607,
      0.0038352000010490883,
      0.004048999999213265,
      0.003897399998095352,
      0.003767800000787247,
      0.0041091999992204364,
      0.003768900001887232,
      0.0038287999996100552,
      0.0036271999997552484,
      0.003961200000048848,
      0.004723400001239497,
      0.0037083000024722423,
      0.0037029999984952156,
      0.019177499998477288,
      0.003976100000727456,
      0.003584099998988677,
      0.003784800002904376,
      0.004059099999722093,
      0.003800899998168461,
      0.025579700002708705,
      0.0037116999992576893,
      0.004140799999731826,
      0.043556599997828016,
      0.0037393000020529144,
      0.004166000002442161,
      0.0038825999981781933,
      0.003542800001014257,
      0.004097799999726703,
      0.014545199999702163,
      0.004220400001941016,
      0.003716100000019651,
      0.003886500002408866,
      0.004056099998706486,
      0.0036669000000983942,
      0.003977399999712361,
      0.0035973000012745615,
      0.003942399998777546,
      0.003860799999529263,
      0.003973999999288935,
      0.004206699999485863,
      0.004492200001550373,
      0.00448560000222642,
      0.0036534999999275897,
      0.0038113999980851077,
      0.027391899999201996,
      0.003633500000432832,
      0.0036467999998421874,
      0.0035969999989902135,
      0.003598499999498017
    ],
    "optim_times": [
      0.001450300002034055,
      0.013404600002104416,
      0.0012203999976918567,
      0.000898600002983585,
      0.004933100000926061,
      0.0008715000003576279,
      0.0009557999983371701,
      0.0008933999997680075,
      0.0009006000000226777,
      0.0007437000022036955,
      0.0007161000030464493,
      0.0007588000007672235,
      0.0009628999978303909,
      0.0006482999997388106,
      0.0006926999994902872,
      0.0007460999986506067,
      0.000745400000596419,
      0.0007063000011839904,
      0.0007560999983979855,
      0.0006709000008413568,
      0.0008521000017935876,
      0.0006822000032116193,
      0.0007244000007631257,
      0.0007948000020405743,
      0.0006577999993169215,
      0.0006905000009282958,
      0.0006759000025340356,
      0.0007172000005084556,
      0.0007148000004235655,
      0.0007203999994089827,
      0.0006885000002512243,
      0.0007140000016079284,
      0.0007344000005105045,
      0.0006538999987242278,
      0.0007057000002532732,
      0.0007115999978850596,
      0.000818799999251496,
      0.0006979000027058646,
      0.0007571999994979706,
      0.0006303000009211246,
      0.000771400002122391,
      0.000809799999842653,
      0.000740400002541719,
      0.0007073000015225261,
      0.000671500001772074,
      0.0007002999991527759,
      0.0006990000001678709,
      0.0007068999984767288,
      0.0007624999998370185,
      0.0007456999992427882,
      0.0006500999988929834,
      0.0007978000030561816,
      0.001611100000445731,
      0.0007439000000886153,
      0.0007418999994115438,
      0.0006968000016058795,
      0.0006474000001617242,
      0.0007418999994115438,
      0.0009030000001075678,
      0.0006850000027043279
    ],