{
  "rank": 2,
  "world_size": 8,
  "num_steps": 60,
  "statistics": {
    "compute": {
      "count": 60,
      "min": 0.023663500000111526,
      "max": 0.2783344000017678,
      "mean": 0.03305307666699567,
      "std": 0.03220773736971558,
      "p95": 0.0360846000003221,
      "p99": 0.04597510000166949
    },
    "sync": {
      "count": 60,
      "min": 0.012417499998264248,
      "max": 0.6312432999984594,
      "mean": 0.027695953333325935,
      "std": 0.0786353038109073,
      "p95": 0.023200899999210378,
      "p99": 0.025671200000942918
    },
    "optim": {
      "count": 60,
      "min": 0.0006028999996487983,
      "max": 0.00127509999947506,
      "mean": 0.0007270000000668612,
      "std": 8.79652033558161e-05,
      "p95": 0.0007829000023775734,
      "p99": 0.00089990000196849
    },
    "iter": {
      "count": 60,
      "min": 0.03827610000007553,
      "max": 0.9108527999997023,
      "mean": 0.06147603000038847,
      "std": 0.11069399322539403,
      "p95": 0.05562330000248039,
      "p99": 0.06453540000438807
    },
    "grad_norm": {
      "count": 60,
      "min": 0.04415564611554146,
      "max": 0.12112286686897278,
      "mean": 0.07939859287192425,
      "std": 0.020722513944938546,
      "p95": 0.11560528725385666,
      "p99": 0.11970217525959015
    },
    "loss": {
      "count": 60,
      "min": 1.5879584550857544,
      "max": 1.6467273235321045,
      "mean": 1.6133271157741547,
      "std": 0.011969012078988242,
      "p95": 1.6338722705841064,
      "p99": 1.6400588750839233
    }
  },
  "trajectories": {
    "compute_times": [
      0.2783344000017678,
      0.04256610000084038,
      0.03112139999939245,
      0.025879600001644576,
      0.02462089999971795,
      0.029395599998679245,
      0.03408520000084536,
      0.030407099999138154,
      0.02545060000193189,
      0.023663500000111526,
      0.02741559999776655,
      0.026429300000017975,
      0.02675499999895692,
      0.023965899999893736,
      0.02425059999950463,
      0.027176399999007117,
      0.032066899999335874,
      0.033339099998556776,
      0.025074700002733152,
      0.032371799999964423,
      0.030490999997709878,
      0.0256517999987409,
      0.025393600000825245,
      0.02382180000131484,
      0.025151099998765858,
      0.027062900000601076,
      0.029117199999745935,
      0.02489159999822732,
      0.02829360000032466,
      0.027574100000492763,
      0.029514100002415944,
      0.02925390000018524,
      0.0344031000022369,
      0.031522000001132255,
      0.02636030000212486,
      0.027225599998928374,
      0.030656599999929313,
      0.02577490000112448,
      0.023866800001997035,
      0.02518870000130846,
      0.028422400002455106,
      0.024878500000340864,
      0.028775799997674767,
      0.032103099998494145,
      0.029705600001761923,
      0.03603260000090813,
      0.03039580000040587,
      0.0360846000003221,
      0.030663699999422533,
      0.025940200001059566,
      0.026073900000483263,
      0.027553800002351636,
      0.028445100000681123,
      0.02637999999933527,
      0.029071500001009554,
      0.03088249999927939,
      0.031614200001058634,
      0.028216900002007606,
      0.030384900001081405,
      0.04597510000166949
    ],
    "sync_times": [
      0.6312432999984594,
      0.014436199999181554,
      0.018843699999706587,
      0.0201956999990216,
      0.013097400002152426,
      0.02549440000075265,
      0.013279099999635946,
      0.01703079999788315,
      0.020187300000543473,
      0.01752959999794257,
      0.01921549999678973,
      0.015028500001790235,
      0.025671200000942918,
      0.01930290000018431,
      0.01564220000000205,
      0.017239299999346258,
      0.017612100000405917,
      0.016875499997695442,
      0.01654469999994035,
      0.021404200000688434,
      0.016415699999924982,
      0.017895800003316253,
      0.013431100000161678,
      0.02253760000166949,
      0.01745399999708752,
      0.01426999999966938,
      0.017239299999346258,
      0.014167400000587804,
      0.017942099999345373,
      0.021769999999378342,
      0.012622800000826828,
      0.02319279999937862,
      0.014903100000083214,
      0.01777099999890197,
      0.014730799997778377,
      0.0203962000014144,
      0.013960899999801768,
      0.017460699997172924,
      0.020688200002041413,
      0.012470499998016749,
      0.01697730000159936,
      0.01546779999989667,
      0.01910900000075344,
      0.019148499999573687,
      0.017241900000954047,
      0.015751499999169027,
      0.014260100000683451,
      0.016862399999808986,
      0.019045299999561394,
      0.023200899999210378,
      0.01339660000303411,
      0.014836700000159908,
      0.0190191000001505,
      0.012417499998264248,
      0.01628500000151689,
      0.015583200001856312,
      0.020675899999332614,
      0.017805600000428967,
      0.01964870000301744,
      0.017830600001616403
    ],
    "optim_times": [
      0.00127509999947506,
      0.0007829000023775734,
      0.0007077999980538152,
      0.0007575999989057891,
      0.0007809999988239724,
      0.0007333000030484982,
      0.0007611000000906643,
      0.0007236999990709592,
      0.0007693000006838702,
      0.0006657999983872287,
      0.0007549000001745299,
      0.0007817999976396095,
      0.0007192000011855271,
      0.0007130999983928632,
      0.0006028999996487983,
      0.0007093999993230682,
      0.0007432000020344276,
      0.000729499999579275,
      0.0006367999994836282,
      0.0007283999984792899,
      0.0007294000024558045,
      0.0007154000013542827,
      0.000738499998988118,
      0.0006939999984751921,
      0.0007187000010162592,
      0.0007263999978022184,
      0.0007475999991584104,
      0.0007213999997475185,
      0.0007033000001683831,
      0.000683400001435075,
      0.000712799999746494,
      0.0007217000020318665,
      0.0007643999997526407,
      0.0007702000002609566,
      0.000635200001852354,
      0.0007348000035563018,
      0.0007337999995797873,
      0.0007272000002558343,
      0.0007963999996718485,
      0.00061690000075032,
      0.0007633000022906344,
      0.0006089000016800128,
      0.0006410999994841404,
      0.000654499999654945,
      0.0007064999990689103,
      0.0006485000012617093,
      0.00089990000196849,
      0.0006495999987237155,
      0.0007009000000834931,
      0.0007695000022067688,
      0.0007447999996657018,
      0.0006901999986439478,
      0.0007363999975495972,
      0.0006515999994007871,
      0.000738499998988118,
      0.0007016999988991302,
      0.0006839000016043428,
      0.0007666999990760814,
      0.0006654999997408595,
      0.0007297000011021737
    ],