{
  "rank": 0,
  "world_size": 2,
  "num_steps": 10,
  "statistics": {
    "compute": {
      "count": 10,
      "min": 0.007044199999654666,
      "max": 0.013701100000616862,
      "mean": 0.008562889999666368,
      "std": 0.001786153749204244,
      "p95": 0.009064699999726145,
      "p99": 0.009064699999726145
    },
    "sync": {
      "count": 10,
      "min": 0.0029432999981509056,
      "max": 0.02436659999875701,
      "mean": 0.009891279999283142,
      "std": 0.00736163441682702,
      "p95": 0.018334299998969072,
      "p99": 0.018334299998969072
    },
    "optim": {
      "count": 10,
      "min": 0.0007241000021167565,
      "max": 0.0012924000002385583,
      "mean": 0.0008751700010179775,
      "std": 0.000151066184068054,
      "p95": 0.0009042999990924727,
      "p99": 0.0009042999990924727
    },
    "iter": {
      "count": 10,
      "min": 0.011989200000243727,
      "max": 0.03287880000061705,
      "mean": 0.019329339999967488,
      "std": 0.007565554366449305,
      "p95": 0.02677350000158185,
      "p99": 0.02677350000158185
    },
    "grad_norm": {
      "count": 10,
      "min": 0.3210010528564453,
      "max": 0.3445914387702942,
      "mean": 0.33418882489204405,
      "std": 0.007883879466935,
      "p95": 0.344420850276947,
      "p99": 0.344420850276947
    },
    "loss": {
      "count": 10,
      "min": 2.2946083545684814,
      "max": 2.329397678375244,
      "mean": 2.311121678352356,
      "std": 0.00912374973285157,
      "p95": 2.31901216506958,
      "p99": 2.31901216506958
    }
  },
  "trajectories": {
    "compute_times": [
      0.013701100000616862,
      0.009064699999726145,
      0.007831300001271302,
      0.0080232000000251,
      0.007044199999654666,
      0.008436299998720642,
      0.008239499999035615,
      0.007555500000307802,
      0.007944999997562263,
      0.007788099999743281
    ],
    "sync_times": [
      0.010289199999533594,
      0.011079299998527858,
      0.003612199998315191,
      0.0035356000007595867,
      0.0042146000014327,
      0.0032352999987779185,
      0.0029432999981509056,
      0.018334299998969072,
      0.017302399999607587,
      0.02436659999875701
    ],
    "optim_times": [
      0.0012924000002385583,
      0.0008954000004450791,
      0.0009042999990924727,
      0.0007948000020405743,
      0.0007812000003468711,
      0.0008925000001909211,
      0.000806400003057206,
      0.0008837000023049768,
      0.0007769000003463589,
      0.0007241000021167565
    ],
    "iter_times": [
      0.025282700000389013,
      0.021039399998699082,
      0.012347799998678965,
      0.01235360000282526,
      0.012040000001434237,
      0.012564099997689482,
      0.011989200000243727,
      0.02677350000158185,
      0.02602429999751621,
      0.03287880000061705
    ],
    "grad_norms": [
      0.344420850276947,
      0.3445914387702942,
      0.3210010528564453,
      0.3404165506362915,
      0.334928035736084,
      0.329715758562088,
      0.33243629336357117,
      0.33228006958961487,
      0.3224189281463623,
      0.3396792709827423
    ],
    "losses": [
      2.329397678375244,
      2.31901216506958,
      2.315112590789795,
      2.2946083545684814,
      2.3119115829467773,
      2.302812337875366,
      2.30552077293396,
      2.305386543273926,
      2.3138468265533447,
      2.313607931137085
    ],
    "bytes_transferred": [
      437544,
      437544,
      437544,
      437544,
      437544,
      437544,
      437544,
      437544,
      437544,
      437544
    ],
    "epochs": [
      0,
      0,
      0,
      0,
      0,
      0,
      0,
      0,
      0,
      0
    ],
    "steps": [
      0,
      1,
      2,
      3,
      4,
      5,
      6,
      7,
      8,
      9
    ]
  }
}