{
  "rank": 2,
  "world_size": 8,
  "num_steps": 10,
  "statistics": {
    "compute": {
      "count": 10,
      "min": 0.009403399999428075,
      "max": 0.023643900000024587,
      "mean": 0.014101400001163712,
      "std": 0.003500125041353237,
      "p95": 0.014895100001012906,
      "p99": 0.014895100001012906
    },
    "sync": {
      "count": 10,
      "min": 0.010919600001216168,
      "max": 0.07771209999918938,
      "mean": 0.024994299999889336,
      "std": 0.01852301611950504,
      "p95": 0.02848180000000866,
      "p99": 0.02848180000000866
    },
    "optim": {
      "count": 10,
      "min": 0.000985200000286568,
      "max": 0.0018693999991228338,
      "mean": 0.0012691800002357922,
      "std": 0.00025718519686812776,
      "p95": 0.0015607000023010187,
      "p99": 0.0015607000023010187
    },
    "iter": {
      "count": 10,
      "min": 0.02156500000273809,
      "max": 0.10291670000151498,
      "mean": 0.040364880001288836,
      "std": 0.021947519402307953,
      "p95": 0.04274749999967753,
      "p99": 0.04274749999967753
    },
    "grad_norm": {
      "count": 10,
      "min": 0.3254165053367615,
      "max": 0.3504560589790344,
      "mean": 0.33827086687088015,
      "std": 0.008284283298524955,
      "p95": 0.3504524827003479,
      "p99": 0.3504524827003479
    },
    "loss": {
      "count": 10,
      "min": 2.276322841644287,
      "max": 2.3312273025512695,
      "mean": 2.3050277471542358,
      "std": 0.01847166359027345,
      "p95": 2.3228683471679688,
      "p99": 2.3228683471679688
    }
  },
  "trajectories": {
    "compute_times": [
      0.023643900000024587,
      0.014895100001012906,
      0.012003800002275966,
      0.014068700002098922,
      0.013521299999410985,
      0.014409900002647191,
      0.013516000002709916,
      0.009403399999428075,
      0.012948100000357954,
      0.012603800001670606
    ],
    "sync_times": [
      0.07771209999918938,
      0.021485199999006,
      0.010919600001216168,
      0.02115819999744417,
      0.02364529999977094,
      0.01703550000092946,
      0.025885499999276362,
      0.01111990000208607,
      0.02848180000000866,
      0.012499899999966146
    ],
    "optim_times": [
      0.0015607000023010187,
      0.001071599999704631,
      0.0011721000009856652,
      0.001302099997701589,
      0.0012805000005755574,
      0.0018693999991228338,
      0.0010909000011452008,
      0.0010417000012239441,
      0.0013175999993109144,
      0.000985200000286568
    ],
    "iter_times": [
      0.10291670000151498,
      0.03745189999972354,
      0.0240955000044778,
      0.03652899999724468,
      0.038447099999757484,
      0.033314800002699485,
      0.04049240000313148,
      0.02156500000273809,
      0.04274749999967753,
      0.02608890000192332
    ],
    "grad_norms": [
      0.34363359212875366,
      0.33614903688430786,
      0.3504524827003479,
      0.3504560589790344,
      0.3400847911834717,
      0.3322739899158478,
      0.3366731107234955,
      0.34116247296333313,
      0.3264066278934479,
      0.3254165053367615
    ],
    "losses": [
      2.3228683471679688,
      2.28432297706604,
      2.2797155380249023,
      2.309643268585205,
      2.320681095123291,
      2.303926706314087,
      2.3012945652008057,
      2.3312273025512695,
      2.276322841644287,
      2.320274829864502
    ],
    "bytes_transferred": [
      437544,
      437544,
      437544,
      437544,
      437544,
      437544,
      437544,
      437544,
      437544,
      437544
    ],
    "epochs": [
      0,
      0,
      0,
      0,
      0,
      0,
      0,
      0,
      0,
      0
    ],
    "steps": [
      0,
      1,
      2,
      3,
      4,
      5,
      6,
      7,
      8,
      9
    ]
  }
}