{
  "rank": 4,
  "world_size": 8,
  "num_steps": 10,
  "statistics": {
    "compute": {
      "count": 10,
      "min": 0.007168600001023151,
      "max": 0.06398990000161575,
      "mean": 0.015972019999753683,
      "std": 0.01616607148966178,
      "p95": 0.015328599998611026,
      "p99": 0.015328599998611026
    },
    "sync": {
      "count": 10,
      "min": 0.05054960000052233,
      "max": 0.08642110000073444,
      "mean": 0.06100519999963581,
      "std": 0.0097969405430928,
      "p95": 0.06598209999719984,
      "p99": 0.06598209999719984
    },
    "optim": {
      "count": 10,
      "min": 0.0010518000017327722,
      "max": 0.028485599999839906,
      "mean": 0.004316249999828869,
      "std": 0.008151346109914763,
      "p95": 0.005305499998939922,
      "p99": 0.005305499998939922
    },
    "iter": {
      "count": 10,
      "min": 0.058823000003030756,
      "max": 0.15571650000129011,
      "mean": 0.08129346999921835,
      "std": 0.025964117263448473,
      "p95": 0.08875990000160527,
      "p99": 0.08875990000160527
    },
    "grad_norm": {
      "count": 10,
      "min": 1.2588934898376465,
      "max": 1.416018009185791,
      "mean": 1.3430238962173462,
      "std": 0.04272763210542498,
      "p95": 1.3833450078964233,
      "p99": 1.3833450078964233
    },
    "loss": {
      "count": 10,
      "min": 2.1845040321350098,
      "max": 2.462568521499634,
      "mean": 2.3188478469848635,
      "std": 0.09283821880415673,
      "p95": 2.4513747692108154,
      "p99": 2.4513747692108154
    }
  },
  "trajectories": {
    "compute_times": [
      0.06398990000161575,
      0.010470199998962926,
      0.011798100000305567,
      0.011766499999794178,
      0.012126399997214321,
      0.007168600001023151,
      0.010564399999566376,
      0.007467899999028305,
      0.015328599998611026,
      0.009039600001415238
    ],
    "sync_times": [
      0.08642110000073444,
      0.06496250000054715,
      0.057667299999593524,
      0.05998379999800818,
      0.06130029999985709,
      0.05054960000052233,
      0.06598209999719984,
      0.054279899999528425,
      0.05767070000001695,
      0.05123470000035013
    ],
    "optim_times": [
      0.005305499998939922,
      0.0011870000016642734,
      0.0010820999996212777,
      0.0011909999993804377,
      0.0010576999993645586,
      0.0011048000014852732,
      0.0010518000017327722,
      0.0015557999977318104,
      0.0011411999985284638,
      0.028485599999839906
    ],
    "iter_times": [
      0.15571650000129011,
      0.07661970000117435,
      0.07054749999952037,
      0.0729412999971828,
      0.07448439999643597,
      0.058823000003030756,
      0.07759829999849899,
      0.06330359999628854,
      0.07414049999715644,
      0.08875990000160527
    ],
    "grad_norms": [
      1.2588934898376465,
      1.324805736541748,
      1.286511778831482,
      1.3486250638961792,
      1.3659701347351074,
      1.3524179458618164,
      1.3502947092056274,
      1.3433570861816406,
      1.3833450078964233,
      1.416018009185791
    ],
    "losses": [
      2.4022998809814453,
      2.29447340965271,
      2.271573066711426,
      2.367892026901245,
      2.20285701751709,
      2.2913732528686523,
      2.462568521499634,
      2.4513747692108154,
      2.1845040321350098,
      2.2595624923706055
    ],
    "bytes_transferred": [
      437544,
      437544,
      437544,
      437544,
      437544,
      437544,
      437544,
      437544,
      437544,
      437544
    ],
    "epochs": [
      0,
      0,
      0,
      0,
      0,
      0,
      0,
      0,
      0,
      0
    ],
    "steps": [
      0,
      1,
      2,
      3,
      4,
      5,
      6,
      7,
      8,
      9
    ]
  }
}