{
  "rank": 1,
  "world_size": 2,
  "num_steps": 10,
  "statistics": {
    "compute": {
      "count": 10,
      "min": 0.006768200000806246,
      "max": 0.014384800000698306,
      "mean": 0.008067300000038812,
      "std": 0.0021691603943273198,
      "p95": 0.00871759999790811,
      "p99": 0.00871759999790811
    },
    "sync": {
      "count": 10,
      "min": 0.0037682000001950655,
      "max": 0.02537799999845447,
      "mean": 0.010883820000162813,
      "std": 0.006893899685052821,
      "p95": 0.016419600000517676,
      "p99": 0.016419600000517676
    },
    "optim": {
      "count": 10,
      "min": 0.0008152999980666209,
      "max": 0.0016192000002774876,
      "mean": 0.001016400000662543,
      "std": 0.00024094280232933455,
      "p95": 0.0013144000004103873,
      "p99": 0.0013144000004103873
    },
    "iter": {
      "count": 10,
      "min": 0.011351699999067932,
      "max": 0.03419939999730559,
      "mean": 0.01996752000086417,
      "std": 0.007706598251420012,
      "p95": 0.02823300000090967,
      "p99": 0.02823300000090967
    },
    "grad_norm": {
      "count": 10,
      "min": 0.6403612494468689,
      "max": 0.6927463412284851,
      "mean": 0.6645904660224915,
      "std": 0.015105227727771783,
      "p95": 0.6885051131248474,
      "p99": 0.6885051131248474
    },
    "loss": {
      "count": 10,
      "min": 2.2704553604125977,
      "max": 2.3361332416534424,
      "mean": 2.297705149650574,
      "std": 0.017588592533021214,
      "p95": 2.3102316856384277,
      "p99": 2.3102316856384277
    }
  },
  "trajectories": {
    "compute_times": [
      0.014384800000698306,
      0.007506999998440733,
      0.00765750000209664,
      0.007388599999103462,
      0.00871759999790811,
      0.00713480000194977,
      0.006885099999635713,
      0.007172400000854395,
      0.007056999998894753,
      0.006768200000806246
    ],
    "sync_times": [
      0.012228999999933876,
      0.02537799999845447,
      0.006501899999420857,
      0.015409100000397302,
      0.015509800003201235,
      0.004334600002039224,
      0.016419600000517676,
      0.004291299999749754,
      0.004996699997718679,
      0.0037682000001950655
    ],
    "optim_times": [
      0.0016192000002774876,
      0.0013144000004103873,
      0.0009478000029048417,
      0.0009830000017245766,
      0.0009539000020595267,
      0.0008789999992586672,
      0.0008916000006138347,
      0.0009367999991809484,
      0.0008230000021285377,
      0.0008152999980666209
    ],
    "iter_times": [
      0.02823300000090967,
      0.03419939999730559,
      0.015107200004422339,
      0.02378070000122534,
      0.02518130000316887,
      0.012348400003247662,
      0.024196300000767224,
      0.012400499999785097,
      0.01287669999874197,
      0.011351699999067932
    ],
    "grad_norms": [
      0.6565757393836975,
      0.6606143712997437,
      0.668342113494873,
      0.6670703887939453,
      0.6638910174369812,
      0.6927463412284851,
      0.6885051131248474,
      0.6544438004493713,
      0.6403612494468689,
      0.6533545255661011
    ],
    "losses": [
      2.3102316856384277,
      2.2941718101501465,
      2.3361332416534424,
      2.2912962436676025,
      2.2752609252929688,
      2.306962728500366,
      2.3038055896759033,
      2.291637897491455,
      2.297096014022827,
      2.2704553604125977
    ],
    "bytes_transferred": [
      437544,
      437544,
      437544,
      437544,
      437544,
      437544,
      437544,
      437544,
      437544,
      437544
    ],
    "epochs": [
      0,
      0,
      0,
      0,
      0,
      0,
      0,
      0,
      0,
      0
    ],
    "steps": [
      0,
      1,
      2,
      3,
      4,
      5,
      6,
      7,
      8,
      9
    ]
  }
}