{
  "rank": 7,
  "world_size": 8,
  "num_steps": 10,
  "statistics": {
    "compute": {
      "count": 10,
      "min": 0.007473499998013722,
      "max": 0.06765699999959907,
      "mean": 0.017054389999975682,
      "std": 0.01707379323623964,
      "p95": 0.016697499999281717,
      "p99": 0.016697499999281717
    },
    "sync": {
      "count": 10,
      "min": 0.04410670000288519,
      "max": 0.08624689999851398,
      "mean": 0.060033000000112226,
      "std": 0.012131333397852974,
      "p95": 0.070747300000221,
      "p99": 0.070747300000221
    },
    "optim": {
      "count": 10,
      "min": 0.0009292999966419302,
      "max": 0.004953399999067187,
      "mean": 0.0014622099999542116,
      "std": 0.0011697639318908285,
      "p95": 0.0013169000012567267,
      "p99": 0.0013169000012567267
    },
    "iter": {
      "count": 10,
      "min": 0.05276650000087102,
      "max": 0.15885729999718023,
      "mean": 0.07854960000004212,
      "std": 0.028763639235873825,
      "p95": 0.08856209999794373,
      "p99": 0.08856209999794373
    },
    "grad_norm": {
      "count": 10,
      "min": 1.2588934898376465,
      "max": 1.416018009185791,
      "mean": 1.3430238842964173,
      "std": 0.04272763718827191,
      "p95": 1.3833450078964233,
      "p99": 1.3833450078964233
    },
    "loss": {
      "count": 10,
      "min": 2.138636589050293,
      "max": 2.375284194946289,
      "mean": 2.2651094436645507,
      "std": 0.0892695574135614,
      "p95": 2.36612868309021,
      "p99": 2.36612868309021
    }
  },
  "trajectories": {
    "compute_times": [
      0.06765699999959907,
      0.012616399999387795,
      0.013335300001926953,
      0.016697499999281717,
      0.008812000000034459,
      0.011507799998071278,
      0.00844649999999092,
      0.007473499998013722,
      0.013605100000859238,
      0.010392800002591684
    ],
    "sync_times": [
      0.08624689999851398,
      0.058011099998111604,
      0.05284450000181096,
      0.070747300000221,
      0.04824999999982538,
      0.0695677000003343,
      0.05644399999800953,
      0.04410670000288519,
      0.06412559999807854,
      0.04998620000333176
    ],
    "optim_times": [
      0.004953399999067187,
      0.0009292999966419302,
      0.0009534000018902589,
      0.0011172999984410126,
      0.0009725999989314005,
      0.0011651000022538938,
      0.000959000000875676,
      0.0011862999999721069,
      0.0010688000002119225,
      0.0013169000012567267
    ],
    "iter_times": [
      0.15885729999718023,
      0.07155679999414133,
      0.06713320000562817,
      0.08856209999794373,
      0.058034599998791236,
      0.08224060000065947,
      0.06584949999887613,
      0.05276650000087102,
      0.0787994999991497,
      0.06169590000718017
    ],
    "grad_norms": [
      1.2588934898376465,
      1.3248056173324585,
      1.286511778831482,
      1.3486250638961792,
      1.3659701347351074,
      1.3524179458618164,
      1.3502947092056274,
      1.3433570861816406,
      1.3833450078964233,
      1.416018009185791
    ],
    "losses": [
      2.173316717147827,
      2.3447265625,
      2.292140007019043,
      2.2346529960632324,
      2.1419076919555664,
      2.138636589050293,
      2.36612868309021,
      2.375284194946289,
      2.356523036956787,
      2.2277779579162598
    ],
    "bytes_transferred": [
      437544,
      437544,
      437544,
      437544,
      437544,
      437544,
      437544,
      437544,
      437544,
      437544
    ],
    "epochs": [
      0,
      0,
      0,
      0,
      0,
      0,
      0,
      0,
      0,
      0
    ],
    "steps": [
      0,
      1,
      2,
      3,
      4,
      5,
      6,
      7,
      8,
      9
    ]
  }
}