{
  "rank": 0,
  "world_size": 2,
  "num_steps": 10,
  "statistics": {
    "compute": {
      "count": 10,
      "min": 0.006264999999984866,
      "max": 0.013348500000574859,
      "mean": 0.007709180000165361,
      "std": 0.0019395531690121078,
      "p95": 0.007799499999237014,
      "p99": 0.007799499999237014
    },
    "sync": {
      "count": 10,
      "min": 0.0046241000018198974,
      "max": 0.08284460000140825,
      "mean": 0.016386920000513783,
      "std": 0.022755237985893594,
      "p95": 0.01696539999829838,
      "p99": 0.01696539999829838
    },
    "optim": {
      "count": 10,
      "min": 0.0007523000022047199,
      "max": 0.001834999999118736,
      "mean": 0.0009846400000242284,
      "std": 0.00032464609986683376,
      "p95": 0.0013192000005801674,
      "p99": 0.0013192000005801674
    },
    "iter": {
      "count": 10,
      "min": 0.012150900001870468,
      "max": 0.09751230000256328,
      "mean": 0.025080740000703372,
      "std": 0.0247154229214222,
      "p95": 0.025144499995803926,
      "p99": 0.025144499995803926
    },
    "grad_norm": {
      "count": 10,
      "min": 0.6403612494468689,
      "max": 0.6927463412284851,
      "mean": 0.6645904660224915,
      "std": 0.015105227727771783,
      "p95": 0.6885051131248474,
      "p99": 0.6885051131248474
    },
    "loss": {
      "count": 10,
      "min": 2.2690787315368652,
      "max": 2.3298451900482178,
      "mean": 2.3031163930892946,
      "std": 0.018360737314575083,
      "p95": 2.3242106437683105,
      "p99": 2.3242106437683105
    }
  },
  "trajectories": {
    "compute_times": [
      0.013348500000574859,
      0.007530999999289634,
      0.007649999999557622,
      0.007799499999237014,
      0.007329699998081196,
      0.006784799999877578,
      0.006527200002892641,
      0.007117500001186272,
      0.006264999999984866,
      0.006738600000971928
    ],
    "sync_times": [
      0.08284460000140825,
      0.005553799997869646,
      0.006148899999971036,
      0.016294500001095003,
      0.01696539999829838,
      0.004747500002849847,
      0.01692399999956251,
      0.0046241000018198974,
      0.005068900001788279,
      0.0046975000004749745
    ],
    "optim_times": [
      0.0013192000005801674,
      0.001834999999118736,
      0.0010082999979204033,
      0.0008691000002727378,
      0.0008493999994243495,
      0.0007523000022047199,
      0.0007774000005156267,
      0.0007987999997567385,
      0.0008170000000973232,
      0.0008199000003514811
    ],
    "iter_times": [
      0.09751230000256328,
      0.014919799996278016,
      0.014807199997449061,
      0.024963100000604754,
      0.025144499995803926,
      0.012284600004932145,
      0.02422860000297078,
      0.012540400002762908,
      0.012150900001870468,
      0.012256000001798384
    ],
    "grad_norms": [
      0.6565757393836975,
      0.6606143712997437,
      0.668342113494873,
      0.6670703887939453,
      0.6638910174369812,
      0.6927463412284851,
      0.6885051131248474,
      0.6544438004493713,
      0.6403612494468689,
      0.6533545255661011
    ],
    "losses": [
      2.306931495666504,
      2.2966153621673584,
      2.3129711151123047,
      2.2690787315368652,
      2.3242106437683105,
      2.3002896308898926,
      2.3073885440826416,
      2.309554100036621,
      2.2742791175842285,
      2.3298451900482178
    ],
    "bytes_transferred": [
      437544,
      437544,
      437544,
      437544,
      437544,
      437544,
      437544,
      437544,
      437544,
      437544
    ],
    "epochs": [
      0,
      0,
      0,
      0,
      0,
      0,
      0,
      0,
      0,
      0
    ],
    "steps": [
      0,
      1,
      2,
      3,
      4,
      5,
      6,
      7,
      8,
      9
    ]
  }
}