{
  "rank": 3,
  "world_size": 8,
  "num_steps": 10,
  "statistics": {
    "compute": {
      "count": 10,
      "min": 0.009552900002745446,
      "max": 0.059012099998653866,
      "mean": 0.01668564999999944,
      "std": 0.014230544582752294,
      "p95": 0.015344600000389619,
      "p99": 0.015344600000389619
    },
    "sync": {
      "count": 10,
      "min": 0.04874030000064522,
      "max": 0.08687450000070385,
      "mean": 0.05928323000007367,
      "std": 0.010605689331058257,
      "p95": 0.06667490000108955,
      "p99": 0.06667490000108955
    },
    "optim": {
      "count": 10,
      "min": 0.0008855000014591496,
      "max": 0.028522100001282524,
      "mean": 0.004290270000274177,
      "std": 0.008170470607036741,
      "p95": 0.005215699999098433,
      "p99": 0.005215699999098433
    },
    "iter": {
      "count": 10,
      "min": 0.06231550000302377,
      "max": 0.15110229999845615,
      "mean": 0.08025915000034729,
      "std": 0.025079270853333824,
      "p95": 0.09139600000344217,
      "p99": 0.09139600000344217
    },
    "grad_norm": {
      "count": 10,
      "min": 1.2588934898376465,
      "max": 1.416018009185791,
      "mean": 1.343023908138275,
      "std": 0.04272761633866263,
      "p95": 1.3833450078964233,
      "p99": 1.3833450078964233
    },
    "loss": {
      "count": 10,
      "min": 2.2354989051818848,
      "max": 2.4548568725585938,
      "mean": 2.326220965385437,
      "std": 0.052211588933689546,
      "p95": 2.3501012325286865,
      "p99": 2.3501012325286865
    }
  },
  "trajectories": {
    "compute_times": [
      0.059012099998653866,
      0.010884299997997005,
      0.011929700001928722,
      0.015344600000389619,
      0.015340399997512577,
      0.009969099999580067,
      0.011778399999457179,
      0.011143499999889173,
      0.011901500001840759,
      0.009552900002745446
    ],
    "sync_times": [
      0.08687450000070385,
      0.0539662999981374,
      0.04874030000064522,
      0.06667490000108955,
      0.05167739999887999,
      0.05954290000227047,
      0.05590379999921424,
      0.063616200000979,
      0.05251499999940279,
      0.0533209999994142
    ],
    "optim_times": [
      0.005215699999098433,
      0.0012071999990439508,
      0.0016455000004498288,
      0.0011167000011482742,
      0.0008979000012914184,
      0.0010245000012218952,
      0.0008855000014591496,
      0.0011099000003014226,
      0.00127769999744487,
      0.028522100001282524
    ],
    "iter_times": [
      0.15110229999845615,
      0.06605779999517836,
      0.06231550000302377,
      0.08313620000262745,
      0.06791569999768399,
      0.07053650000307243,
      0.06856770000013057,
      0.0758696000011696,
      0.06569419999868842,
      0.09139600000344217
    ],
    "grad_norms": [
      1.2588934898376465,
      1.324805736541748,
      1.2865118980407715,
      1.3486250638961792,
      1.3659701347351074,
      1.3524179458618164,
      1.3502947092056274,
      1.3433570861816406,
      1.3833450078964233,
      1.416018009185791
    ],
    "losses": [
      2.3202450275421143,
      2.336732864379883,
      2.2354989051818848,
      2.3501012325286865,
      2.333057403564453,
      2.3091537952423096,
      2.2925500869750977,
      2.3196468353271484,
      2.310366630554199,
      2.4548568725585938
    ],
    "bytes_transferred": [
      437544,
      437544,
      437544,
      437544,
      437544,
      437544,
      437544,
      437544,
      437544,
      437544
    ],
    "epochs": [
      0,
      0,
      0,
      0,
      0,
      0,
      0,
      0,
      0,
      0
    ],
    "steps": [
      0,
      1,
      2,
      3,
      4,
      5,
      6,
      7,
      8,
      9
    ]
  }
}