{
  "rank": 1,
  "world_size": 8,
  "num_steps": 10,
  "statistics": {
    "compute": {
      "count": 10,
      "min": 0.008181400000466965,
      "max": 0.058353899999929126,
      "mean": 0.01618979000086256,
      "std": 0.014180011993764653,
      "p95": 0.015185000000201399,
      "p99": 0.015185000000201399
    },
    "sync": {
      "count": 10,
      "min": 0.040810700000292854,
      "max": 0.08739729999797419,
      "mean": 0.060164309999163376,
      "std": 0.01275768419068907,
      "p95": 0.07072039999911794,
      "p99": 0.07072039999911794
    },
    "optim": {
      "count": 10,
      "min": 0.0008455999995931052,
      "max": 0.005086099998152349,
      "mean": 0.0017418599996744887,
      "std": 0.0012328056817386334,
      "p95": 0.002685299998120172,
      "p99": 0.002685299998120172
    },
    "iter": {
      "count": 10,
      "min": 0.05264940000415663,
      "max": 0.15083729999605566,
      "mean": 0.07809595999970043,
      "std": 0.02588354948270624,
      "p95": 0.08437699999922188,
      "p99": 0.08437699999922188
    },
    "grad_norm": {
      "count": 10,
      "min": 1.2588934898376465,
      "max": 1.416018009185791,
      "mean": 1.3430238842964173,
      "std": 0.04272763718827191,
      "p95": 1.3833450078964233,
      "p99": 1.3833450078964233
    },
    "loss": {
      "count": 10,
      "min": 2.2031948566436768,
      "max": 2.4943737983703613,
      "mean": 2.3247912645339968,
      "std": 0.09735560314477965,
      "p95": 2.472130298614502,
      "p99": 2.472130298614502
    }
  },
  "trajectories": {
    "compute_times": [
      0.058353899999929126,
      0.010168100001465064,
      0.01234180000028573,
      0.011799399999290472,
      0.01078600000255392,
      0.009505500001978362,
      0.012336499999946682,
      0.008181400000466965,
      0.015185000000201399,
      0.013240300002507865
    ],
    "sync_times": [
      0.08739729999797419,
      0.05185910000000149,
      0.07072039999911794,
      0.06443189999845345,
      0.040810700000292854,
      0.05695009999908507,
      0.05369549999886658,
      0.0651661999982025,
      0.045601199999509845,
      0.06501070000012987
    ],
    "optim_times": [
      0.005086099998152349,
      0.0008455999995931052,
      0.0013147999998182058,
      0.0010806999998749234,
      0.0010527000013098586,
      0.0018783000014082063,
      0.0010777999996207654,
      0.0009014999995997641,
      0.001495799999247538,
      0.002685299998120172
    ],
    "iter_times": [
      0.15083729999605566,
      0.06287280000105966,
      0.08437699999922188,
      0.07731199999761884,
      0.05264940000415663,
      0.06833390000247164,
      0.06710979999843403,
      0.07424909999826923,
      0.06228199999895878,
      0.08093630000075791
    ],
    "grad_norms": [
      1.2588934898376465,
      1.3248056173324585,
      1.286511778831482,
      1.3486250638961792,
      1.3659701347351074,
      1.3524179458618164,
      1.3502947092056274,
      1.3433570861816406,
      1.3833450078964233,
      1.416018009185791
    ],
    "losses": [
      2.2264418601989746,
      2.472130298614502,
      2.2031948566436768,
      2.2881202697753906,
      2.4035568237304688,
      2.2258944511413574,
      2.3056626319885254,
      2.4943737983703613,
      2.3454065322875977,
      2.2831311225891113
    ],
    "bytes_transferred": [
      437544,
      437544,
      437544,
      437544,
      437544,
      437544,
      437544,
      437544,
      437544,
      437544
    ],
    "epochs": [
      0,
      0,
      0,
      0,
      0,
      0,
      0,
      0,
      0,
      0
    ],
    "steps": [
      0,
      1,
      2,
      3,
      4,
      5,
      6,
      7,
      8,
      9
    ]
  }
}