{
  "rank": 2,
  "world_size": 8,
  "num_steps": 10,
  "statistics": {
    "compute": {
      "count": 10,
      "min": 0.007746100000076694,
      "max": 0.06572209999649203,
      "mean": 0.016379710000182967,
      "std": 0.01652982393514493,
      "p95": 0.012806900002033217,
      "p99": 0.012806900002033217
    },
    "sync": {
      "count": 10,
      "min": 0.04353760000230977,
      "max": 0.09375989999898593,
      "mean": 0.0643336700002692,
      "std": 0.01585048464502558,
      "p95": 0.08802969999669585,
      "p99": 0.08802969999669585
    },
    "optim": {
      "count": 10,
      "min": 0.0008889000018825755,
      "max": 0.005000100001780083,
      "mean": 0.001572380000652629,
      "std": 0.001172447621968431,
      "p95": 0.0017418999996152706,
      "p99": 0.0017418999996152706
    },
    "iter": {
      "count": 10,
      "min": 0.054729700004827464,
      "max": 0.15875189999496797,
      "mean": 0.0822857600011048,
      "std": 0.029207106486620407,
      "p95": 0.10811929999908898,
      "p99": 0.10811929999908898
    },
    "grad_norm": {
      "count": 10,
      "min": 1.2588934898376465,
      "max": 1.416018009185791,
      "mean": 1.3430238962173462,
      "std": 0.04272763210542498,
      "p95": 1.3833450078964233,
      "p99": 1.3833450078964233
    },
    "loss": {
      "count": 10,
      "min": 2.1733155250549316,
      "max": 2.4877805709838867,
      "mean": 2.35673406124115,
      "std": 0.1203091539436412,
      "p95": 2.485816717147827,
      "p99": 2.485816717147827
    }
  },
  "trajectories": {
    "compute_times": [
      0.06572209999649203,
      0.011902900001587113,
      0.012601399997947738,
      0.011260600000241539,
      0.008958500002336223,
      0.009219699997629505,
      0.010961400002997834,
      0.007746100000076694,
      0.012806900002033217,
      0.01261750000048778
    ],
    "sync_times": [
      0.08802969999669585,
      0.05576610000207438,
      0.06975310000052559,
      0.060766399998101406,
      0.04471030000058818,
      0.06095660000210046,
      0.05474870000034571,
      0.07130830000096466,
      0.04353760000230977,
      0.09375989999898593
    ],
    "optim_times": [
      0.005000100001780083,
      0.0008889000018825755,
      0.0012891000005765818,
      0.0010684999979275744,
      0.0010609000019030645,
      0.001589100000273902,
      0.001048300000547897,
      0.0011105000012321398,
      0.0009265000007872004,
      0.0017418999996152706
    ],
    "iter_times": [
      0.15875189999496797,
      0.06855790000554407,
      0.08364359999904991,
      0.07309549999627052,
      0.054729700004827464,
      0.07176540000000386,
      0.06675840000389144,
      0.0801649000022735,
      0.05727100000513019,
      0.10811929999908898
    ],
    "grad_norms": [
      1.2588934898376465,
      1.324805736541748,
      1.286511778831482,
      1.3486250638961792,
      1.3659701347351074,
      1.3524179458618164,
      1.3502947092056274,
      1.3433570861816406,
      1.3833450078964233,
      1.416018009185791
    ],
    "losses": [
      2.382622718811035,
      2.1733155250549316,
      2.4825010299682617,
      2.4877805709838867,
      2.3689792156219482,
      2.190835475921631,
      2.3393211364746094,
      2.45290470123291,
      2.203263521194458,
      2.485816717147827
    ],
    "bytes_transferred": [
      437544,
      437544,
      437544,
      437544,
      437544,
      437544,
      437544,
      437544,
      437544,
      437544
    ],
    "epochs": [
      0,
      0,
      0,
      0,
      0,
      0,
      0,
      0,
      0,
      0
    ],
    "steps": [
      0,
      1,
      2,
      3,
      4,
      5,
      6,
      7,
      8,
      9
    ]
  }
}