{
  "rank": 4,
  "world_size": 8,
  "num_steps": 10,
  "statistics": {
    "compute": {
      "count": 10,
      "min": 0.0396669000001566,
      "max": 0.1804560999989917,
      "mean": 0.12296948000002886,
      "std": 0.04215710977529349,
      "p95": 0.16790969999783556,
      "p99": 0.16790969999783556
    },
    "sync": {
      "count": 10,
      "min": 0.027745200000936165,
      "max": 0.1058504000029643,
      "mean": 0.045451080000566434,
      "std": 0.021203760464738087,
      "p95": 0.049288099999103,
      "p99": 0.049288099999103
    },
    "optim": {
      "count": 10,
      "min": 0.0009271999988413882,
      "max": 0.003002299999934621,
      "mean": 0.001513850000264938,
      "std": 0.0006194259244630015,
      "p95": 0.002208599998994032,
      "p99": 0.002208599998994032
    },
    "iter": {
      "count": 10,
      "min": 0.08032690000254661,
      "max": 0.28788120000172057,
      "mean": 0.16993441000086024,
      "std": 0.0516456849739529,
      "p95": 0.1965820999976131,
      "p99": 0.1965820999976131
    },
    "grad_norm": {
      "count": 10,
      "min": 0.178546741604805,
      "max": 0.42565569281578064,
      "mean": 0.2816349819302559,
      "std": 0.07806672416525984,
      "p95": 0.38520604372024536,
      "p99": 0.38520604372024536
    },
    "loss": {
      "count": 10,
      "min": 2.286137819290161,
      "max": 2.334462881088257,
      "mean": 2.30738627910614,
      "std": 0.016127040199611288,
      "p95": 2.331740140914917,
      "p99": 2.331740140914917
    }
  },
  "trajectories": {
    "compute_times": [
      0.1804560999989917,
      0.13739559999885387,
      0.0396669000001566,
      0.06922739999936312,
      0.1518047999998089,
      0.1461940000008326,
      0.10295100000075763,
      0.13393310000174097,
      0.16790969999783556,
      0.10015620000194758
    ],
    "sync_times": [
      0.1058504000029643,
      0.03801060000114376,
      0.039542800001072465,
      0.04460639999888372,
      0.032470800000737654,
      0.03154100000028848,
      0.047822000000451226,
      0.037633500000083586,
      0.027745200000936165,
      0.049288099999103
    ],
    "optim_times": [
      0.0015746999997645617,
      0.0009466000010434072,
      0.001117200001317542,
      0.0013460000009217765,
      0.001221100003022002,
      0.0011052000008930918,
      0.0016895999979169574,
      0.003002299999934621,
      0.0009271999988413882,
      0.002208599998994032
    ],
    "iter_times": [
      0.28788120000172057,
      0.17635280000104103,
      0.08032690000254661,
      0.11517979999916861,
      0.18549670000356855,
      0.17884020000201417,
      0.15246259999912581,
      0.17456890000175918,
      0.1965820999976131,
      0.1516529000000446
    ],
    "grad_norms": [
      0.33937934041023254,
      0.2863592803478241,
      0.22397910058498383,
      0.42565569281578064,
      0.178546741604805,
      0.2989473044872284,
      0.20952743291854858,
      0.38520604372024536,
      0.2675463855266571,
      0.20120249688625336
    ],
    "losses": [
      2.316336154937744,
      2.3131661415100098,
      2.296619176864624,
      2.286137819290161,
      2.2957496643066406,
      2.331740140914917,
      2.2903826236724854,
      2.295860767364502,
      2.3134074211120605,
      2.334462881088257
    ],
    "bytes_transferred": [
      208552,
      208552,
      208552,
      208552,
      208552,
      208552,
      208552,
      208552,
      208552,
      208552
    ],
    "epochs": [
      0,
      0,
      0,
      0,
      0,
      0,
      0,
      0,
      0,
      0
    ],
    "steps": [
      0,
      1,
      2,
      3,
      4,
      5,
      6,
      7,
      8,
      9
    ]
  }
}