{
  "rank": 1,
  "world_size": 8,
  "num_steps": 10,
  "statistics": {
    "compute": {
      "count": 10,
      "min": 0.03286400000069989,
      "max": 0.18706120000206283,
      "mean": 0.1157578200007265,
      "std": 0.0432417479790082,
      "p95": 0.15460979999988922,
      "p99": 0.15460979999988922
    },
    "sync": {
      "count": 10,
      "min": 0.03000439999959781,
      "max": 0.12011329999950249,
      "mean": 0.04483717000002798,
      "std": 0.02551333978150186,
      "p95": 0.04504559999986668,
      "p99": 0.04504559999986668
    },
    "optim": {
      "count": 10,
      "min": 0.000981199998932425,
      "max": 0.0018935999978566542,
      "mean": 0.0013674999994691462,
      "std": 0.00027879667807550725,
      "p95": 0.0017067999979190063,
      "p99": 0.0017067999979190063
    },
    "iter": {
      "count": 10,
      "min": 0.06785520000266843,
      "max": 0.23370700000305078,
      "mean": 0.1619624900002236,
      "std": 0.049785399542623475,
      "p95": 0.2206389000020863,
      "p99": 0.2206389000020863
    },
    "grad_norm": {
      "count": 10,
      "min": 0.178546741604805,
      "max": 0.42565569281578064,
      "mean": 0.28163498640060425,
      "std": 0.07806672674276313,
      "p95": 0.38520607352256775,
      "p99": 0.38520607352256775
    },
    "loss": {
      "count": 10,
      "min": 2.2722535133361816,
      "max": 2.346266031265259,
      "mean": 2.3111777782440184,
      "std": 0.02425204182272332,
      "p95": 2.337984323501587,
      "p99": 2.337984323501587
    }
  },
  "trajectories": {
    "compute_times": [
      0.18706120000206283,
      0.13604169999962323,
      0.03286400000069989,
      0.06642680000004475,
      0.15460979999988922,
      0.15069880000010016,
      0.0997456000004604,
      0.13331580000158283,
      0.09905460000300081,
      0.09775989999980084
    ],
    "sync_times": [
      0.04504559999986668,
      0.042569499997625826,
      0.03385519999937969,
      0.030704799999512034,
      0.03924850000112201,
      0.033987700000579935,
      0.03825010000218754,
      0.03000439999959781,
      0.12011329999950249,
      0.034592600000905804
    ],
    "optim_times": [
      0.0016002000011212658,
      0.0017067999979190063,
      0.001136000002588844,
      0.0012268999998923391,
      0.0011346999999659602,
      0.000981199998932425,
      0.0018935999978566542,
      0.0013661999983014539,
      0.0014709999995830003,
      0.0011583999985305127
    ],
    "iter_times": [
      0.23370700000305078,
      0.18031799999516807,
      0.06785520000266843,
      0.09835849999944912,
      0.1949930000009772,
      0.18566769999961252,
      0.1398893000005046,
      0.1646863999994821,
      0.2206389000020863,
      0.13351089999923715
    ],
    "grad_norms": [
      0.33937934041023254,
      0.2863592803478241,
      0.22397910058498383,
      0.42565569281578064,
      0.178546741604805,
      0.2989473044872284,
      0.20952744781970978,
      0.38520607352256775,
      0.2675463855266571,
      0.20120249688625336
    ],
    "losses": [
      2.29946231842041,
      2.294816732406616,
      2.2722535133361816,
      2.346266031265259,
      2.337984323501587,
      2.331658124923706,
      2.293217897415161,
      2.3365023136138916,
      2.286207914352417,
      2.313408613204956
    ],
    "bytes_transferred": [
      208552,
      208552,
      208552,
      208552,
      208552,
      208552,
      208552,
      208552,
      208552,
      208552
    ],
    "epochs": [
      0,
      0,
      0,
      0,
      0,
      0,
      0,
      0,
      0,
      0
    ],
    "steps": [
      0,
      1,
      2,
      3,
      4,
      5,
      6,
      7,
      8,
      9
    ]
  }
}