{
  "rank": 7,
  "world_size": 8,
  "num_steps": 10,
  "statistics": {
    "compute": {
      "count": 10,
      "min": 0.036046500001248205,
      "max": 0.19119290000162437,
      "mean": 0.12393941000045743,
      "std": 0.04490647133257921,
      "p95": 0.16978329999983544,
      "p99": 0.16978329999983544
    },
    "sync": {
      "count": 10,
      "min": 0.02673510000022361,
      "max": 0.0970670999995491,
      "mean": 0.04328866999967431,
      "std": 0.019815964120701232,
      "p95": 0.05641079999986687,
      "p99": 0.05641079999986687
    },
    "optim": {
      "count": 10,
      "min": 0.0009884999999485444,
      "max": 0.0015004000015323982,
      "mean": 0.0012186799995106412,
      "std": 0.00016459959173199535,
      "p95": 0.0014124999979685526,
      "p99": 0.0014124999979685526
    },
    "iter": {
      "count": 10,
      "min": 0.06419409999944037,
      "max": 0.28976040000270586,
      "mean": 0.16844675999964237,
      "std": 0.05858836116447951,
      "p95": 0.20465530000001309,
      "p99": 0.20465530000001309
    },
    "grad_norm": {
      "count": 10,
      "min": 0.178546741604805,
      "max": 0.42565569281578064,
      "mean": 0.28163497895002365,
      "std": 0.07806672196084351,
      "p95": 0.38520604372024536,
      "p99": 0.38520604372024536
    },
    "loss": {
      "count": 10,
      "min": 2.2704594135284424,
      "max": 2.3206887245178223,
      "mean": 2.3014798164367676,
      "std": 0.016403968274192625,
      "p95": 2.3149311542510986,
      "p99": 2.3149311542510986
    }
  },
  "trajectories": {
    "compute_times": [
      0.19119290000162437,
      0.13852240000051097,
      0.036046500001248205,
      0.06948090000150842,
      0.1522116999985883,
      0.14697499999965657,
      0.09874839999974938,
      0.1356465000026219,
      0.16978329999983544,
      0.10078649999923073
    ],
    "sync_times": [
      0.0970670999995491,
      0.038550600002054125,
      0.02673510000022361,
      0.03961639999761246,
      0.03706109999984619,
      0.05641079999986687,
      0.02797180000197841,
      0.04385239999828627,
      0.027371199998015072,
      0.03825019999931101
    ],
    "optim_times": [
      0.0015004000015323982,
      0.0011035999996238388,
      0.0014124999979685526,
      0.0012783999991370365,
      0.001028400001814589,
      0.0012695000004896428,
      0.0009884999999485444,
      0.0010836999972525518,
      0.0011521999986143783,
      0.0013695999987248797
    ],
    "iter_times": [
      0.28976040000270586,
      0.17817660000218893,
      0.06419409999944037,
      0.11037569999825791,
      0.19030120000024908,
      0.20465530000001309,
      0.12770870000167633,
      0.18058259999816073,
      0.19830669999646489,
      0.14040629999726661
    ],
    "grad_norms": [
      0.33937931060791016,
      0.2863592803478241,
      0.22397910058498383,
      0.42565569281578064,
      0.178546741604805,
      0.2989473044872284,
      0.20952743291854858,
      0.38520604372024536,
      0.2675463855266571,
      0.20120249688625336
    ],
    "losses": [
      2.305452346801758,
      2.3206887245178223,
      2.2927420139312744,
      2.3149311542510986,
      2.2704594135284424,
      2.3144900798797607,
      2.275721788406372,
      2.314606189727783,
      2.309088945388794,
      2.2966175079345703
    ],
    "bytes_transferred": [
      208552,
      208552,
      208552,
      208552,
      208552,
      208552,
      208552,
      208552,
      208552,
      208552
    ],
    "epochs": [
      0,
      0,
      0,
      0,
      0,
      0,
      0,
      0,
      0,
      0
    ],
    "steps": [
      0,
      1,
      2,
      3,
      4,
      5,
      6,
      7,
      8,
      9
    ]
  }
}