{
  "rank": 0,
  "world_size": 8,
  "num_steps": 10,
  "statistics": {
    "compute": {
      "count": 10,
      "min": 0.03594770000199787,
      "max": 0.18304680000073859,
      "mean": 0.12372227999985626,
      "std": 0.04381454438531562,
      "p95": 0.17142210000019986,
      "p99": 0.17142210000019986
    },
    "sync": {
      "count": 10,
      "min": 0.025653299999248702,
      "max": 0.10861560000194004,
      "mean": 0.0441944299996976,
      "std": 0.02234824752000941,
      "p95": 0.045211399999971036,
      "p99": 0.045211399999971036
    },
    "optim": {
      "count": 10,
      "min": 0.0008958999969763681,
      "max": 0.00153899999713758,
      "mean": 0.0011101899988716468,
      "std": 0.0001746396770013917,
      "p95": 0.001247799998964183,
      "p99": 0.001247799998964183
    },
    "iter": {
      "count": 10,
      "min": 0.06274130000019795,
      "max": 0.2932013999998162,
      "mean": 0.16902689999842552,
      "std": 0.05921352452822159,
      "p95": 0.2002381999991485,
      "p99": 0.2002381999991485
    },
    "grad_norm": {
      "count": 10,
      "min": 0.178546741604805,
      "max": 0.42565569281578064,
      "mean": 0.281634983420372,
      "std": 0.07806672306474038,
      "p95": 0.38520604372024536,
      "p99": 0.38520604372024536
    },
    "loss": {
      "count": 10,
      "min": 2.289649486541748,
      "max": 2.3521459102630615,
      "mean": 2.3206376314163206,
      "std": 0.018734494713565274,
      "p95": 2.3413336277008057,
      "p99": 2.3413336277008057
    }
  },
  "trajectories": {
    "compute_times": [
      0.18304680000073859,
      0.1374694999976782,
      0.03594770000199787,
      0.06708939999953145,
      0.15184450000015204,
      0.14701179999974556,
      0.10786759999973583,
      0.13573579999865615,
      0.17142210000019986,
      0.09978760000012699
    ],
    "sync_times": [
      0.10861560000194004,
      0.04031359999862616,
      0.025653299999248702,
      0.0322329999980866,
      0.0421037999985856,
      0.045211399999971036,
      0.03665990000081365,
      0.040747999999439344,
      0.02789889999985462,
      0.042506800000410294
    ],
    "optim_times": [
      0.00153899999713758,
      0.001247799998964183,
      0.0011402999989513773,
      0.0010086000002047513,
      0.0010464999977557454,
      0.001079800000297837,
      0.0008958999969763681,
      0.0011506999981065746,
      0.0009171999990940094,
      0.001076100001228042
    ],
    "iter_times": [
      0.2932013999998162,
      0.17903089999526856,
      0.06274130000019795,
      0.1003309999978228,
      0.19499479999649338,
      0.19330300000001444,
      0.14542339999752585,
      0.17763449999620207,
      0.2002381999991485,
      0.14337050000176532
    ],
    "grad_norms": [
      0.33937934041023254,
      0.2863592803478241,
      0.22397911548614502,
      0.42565569281578064,
      0.178546741604805,
      0.2989473044872284,
      0.20952743291854858,
      0.38520604372024536,
      0.2675463855266571,
      0.20120249688625336
    ],
    "losses": [
      2.3051133155822754,
      2.3521459102630615,
      2.3320915699005127,
      2.3390305042266846,
      2.3047051429748535,
      2.289649486541748,
      2.3138654232025146,
      2.3413336277008057,
      2.3099842071533203,
      2.3184571266174316
    ],
    "bytes_transferred": [
      208552,
      208552,
      208552,
      208552,
      208552,
      208552,
      208552,
      208552,
      208552,
      208552
    ],
    "epochs": [
      0,
      0,
      0,
      0,
      0,
      0,
      0,
      0,
      0,
      0
    ],
    "steps": [
      0,
      1,
      2,
      3,
      4,
      5,
      6,
      7,
      8,
      9
    ]
  }
}