{
  "rank": 1,
  "world_size": 4,
  "num_steps": 10,
  "statistics": {
    "compute": {
      "count": 10,
      "min": 0.005809800000861287,
      "max": 0.010722099999838974,
      "mean": 0.007762990000264836,
      "std": 0.0015430900462425562,
      "p95": 0.009615900002245326,
      "p99": 0.009615900002245326
    },
    "sync": {
      "count": 10,
      "min": 0.010355899998103268,
      "max": 0.0707641999979387,
      "mean": 0.02249296999980288,
      "std": 0.01658039524965338,
      "p95": 0.02578440000070259,
      "p99": 0.02578440000070259
    },
    "optim": {
      "count": 10,
      "min": 0.0008264999996754341,
      "max": 0.0018181000014010351,
      "mean": 0.00110447000079148,
      "std": 0.00030537181677225636,
      "p95": 0.0015512000027229078,
      "p99": 0.0015512000027229078
    },
    "iter": {
      "count": 10,
      "min": 0.018382099999143975,
      "max": 0.08330439999917871,
      "mean": 0.031360430000859196,
      "std": 0.017748589210187654,
      "p95": 0.03254360000209999,
      "p99": 0.03254360000209999
    },
    "grad_norm": {
      "count": 10,
      "min": 1.803264856338501,
      "max": 2.1061203479766846,
      "mean": 1.89263916015625,
      "std": 0.08600119890856109,
      "p95": 1.9767972230911255,
      "p99": 1.9767972230911255
    },
    "loss": {
      "count": 10,
      "min": 2.2034668922424316,
      "max": 2.500105142593384,
      "mean": 2.325381064414978,
      "std": 0.09892838549974718,
      "p95": 2.4753060340881348,
      "p99": 2.4753060340881348
    }
  },
  "trajectories": {
    "compute_times": [
      0.010722099999838974,
      0.006191099997522542,
      0.008975599997938843,
      0.007199700001365272,
      0.005809800000861287,
      0.006802600000810344,
      0.006203100001584971,
      0.009615900002245326,
      0.008159900000464404,
      0.007950100000016391
    ],
    "sync_times": [
      0.0707641999979387,
      0.018841799999790965,
      0.018488499998056795,
      0.010355899998103268,
      0.02578440000070259,
      0.020409000000654487,
      0.013105200003337814,
      0.016234200000326382,
      0.016272099997877376,
      0.014674400001240429
    ],
    "optim_times": [
      0.0018181000014010351,
      0.0011153000014019199,
      0.0015512000027229078,
      0.0008264999996754341,
      0.0009494000005361158,
      0.0008737999996810686,
      0.0009753000013006385,
      0.0009922999997797888,
      0.0009247000016330276,
      0.0010180999997828621
    ],
    "iter_times": [
      0.08330439999917871,
      0.026148199998715427,
      0.029015299998718547,
      0.018382099999143975,
      0.03254360000209999,
      0.0280854000011459,
      0.020283600006223423,
      0.026842400002351496,
      0.025356699999974808,
      0.023642600001039682
    ],
    "grad_norms": [
      1.803264856338501,
      1.8176648616790771,
      1.8830275535583496,
      1.8894096612930298,
      1.9767972230911255,
      1.8428977727890015,
      1.8212772607803345,
      1.8893190622329712,
      1.8966130018234253,
      2.1061203479766846
    ],
    "losses": [
      2.2264418601989746,
      2.4753060340881348,
      2.2034668922424316,
      2.286500930786133,
      2.405768394470215,
      2.22573184967041,
      2.299717426300049,
      2.500105142593384,
      2.3422937393188477,
      2.288478374481201
    ],
    "bytes_transferred": [
      437544,
      437544,
      437544,
      437544,
      437544,
      437544,
      437544,
      437544,
      437544,
      437544
    ],
    "epochs": [
      0,
      0,
      0,
      0,
      0,
      0,
      0,
      0,
      0,
      0
    ],
    "steps": [
      0,
      1,
      2,
      3,
      4,
      5,
      6,
      7,
      8,
      9
    ]
  }
}