{
  "rank": 0,
  "world_size": 4,
  "num_steps": 10,
  "statistics": {
    "compute": {
      "count": 10,
      "min": 0.0055844000016804785,
      "max": 0.013140499999281019,
      "mean": 0.007154180000361521,
      "std": 0.0020574058826722695,
      "p95": 0.007370700001047226,
      "p99": 0.007370700001047226
    },
    "sync": {
      "count": 10,
      "min": 0.011973100001341663,
      "max": 0.033743500000127824,
      "mean": 0.019998130000385573,
      "std": 0.006090643537054885,
      "p95": 0.02425070000026608,
      "p99": 0.02425070000026608
    },
    "optim": {
      "count": 10,
      "min": 0.0007785999987390824,
      "max": 0.002035900000919355,
      "mean": 0.0011445300009654603,
      "std": 0.00034349850096339937,
      "p95": 0.0014042000002518762,
      "p99": 0.0014042000002518762
    },
    "iter": {
      "count": 10,
      "min": 0.0186154000039096,
      "max": 0.04828819999966072,
      "mean": 0.028296840001712554,
      "std": 0.007838138086404805,
      "p95": 0.032951900000625756,
      "p99": 0.032951900000625756
    },
    "grad_norm": {
      "count": 10,
      "min": 1.803264856338501,
      "max": 2.1061203479766846,
      "mean": 1.892639148235321,
      "std": 0.08600120930101936,
      "p95": 1.9767972230911255,
      "p99": 1.9767972230911255
    },
    "loss": {
      "count": 10,
      "min": 2.128903388977051,
      "max": 2.520207405090332,
      "mean": 2.341624617576599,
      "std": 0.11612696695242655,
      "p95": 2.459601879119873,
      "p99": 2.459601879119873
    }
  },
  "trajectories": {
    "compute_times": [
      0.013140499999281019,
      0.006665299999440322,
      0.006330799998977454,
      0.006312000001344131,
      0.0055844000016804785,
      0.005762400000094203,
      0.006681400001980364,
      0.007370700001047226,
      0.00690519999989192,
      0.00678909999987809
    ],
    "sync_times": [
      0.033743500000127824,
      0.02425070000026608,
      0.015619300000253133,
      0.023145600000134436,
      0.023915099998703226,
      0.011973100001341663,
      0.015612099999998463,
      0.01732090000223252,
      0.019755600002099527,
      0.01464539999869885
    ],
    "optim_times": [
      0.0014042000002518762,
      0.002035900000919355,
      0.001109800003177952,
      0.0007785999987390824,
      0.0009380000010423828,
      0.0008799000024737325,
      0.0010355000013078097,
      0.0009444999996048864,
      0.0010651000011421274,
      0.0012538000009953976
    ],
    "iter_times": [
      0.04828819999966072,
      0.032951900000625756,
      0.02305990000240854,
      0.03023620000021765,
      0.030437500001426088,
      0.0186154000039096,
      0.023329000003286637,
      0.025636100002884632,
      0.027725900003133575,
      0.022688299999572337
    ],
    "grad_norms": [
      1.803264856338501,
      1.8176647424697876,
      1.8830275535583496,
      1.8894096612930298,
      1.9767972230911255,
      1.8428977727890015,
      1.8212772607803345,
      1.8893190622329712,
      1.8966130018234253,
      2.1061203479766846
    ],
    "losses": [
      2.16265869140625,
      2.4265499114990234,
      2.3712449073791504,
      2.3443243503570557,
      2.128903388977051,
      2.3817999362945557,
      2.459601879119873,
      2.3180243968963623,
      2.520207405090332,
      2.302931308746338
    ],
    "bytes_transferred": [
      437544,
      437544,
      437544,
      437544,
      437544,
      437544,
      437544,
      437544,
      437544,
      437544
    ],
    "epochs": [
      0,
      0,
      0,
      0,
      0,
      0,
      0,
      0,
      0,
      0
    ],
    "steps": [
      0,
      1,
      2,
      3,
      4,
      5,
      6,
      7,
      8,
      9
    ]
  }
}