{
  "rank": 2,
  "world_size": 4,
  "num_steps": 10,
  "statistics": {
    "compute": {
      "count": 10,
      "min": 0.005698600001778686,
      "max": 0.012885899999673711,
      "mean": 0.007930439999472582,
      "std": 0.0025414501222776396,
      "p95": 0.012633399997866945,
      "p99": 0.012633399997866945
    },
    "sync": {
      "count": 10,
      "min": 0.010554100001172628,
      "max": 0.054402999998274026,
      "mean": 0.020906139999715377,
      "std": 0.012009487160821673,
      "p95": 0.026250300001265714,
      "p99": 0.026250300001265714
    },
    "optim": {
      "count": 10,
      "min": 0.0007310000000870787,
      "max": 0.0012601999987964518,
      "mean": 0.0009548800000629854,
      "std": 0.00013135997694176045,
      "p95": 0.0010244000004604459,
      "p99": 0.0010244000004604459
    },
    "iter": {
      "count": 10,
      "min": 0.018062600003759144,
      "max": 0.06829659999493742,
      "mean": 0.029791459999250945,
      "std": 0.013503137152222998,
      "p95": 0.03277820000221254,
      "p99": 0.03277820000221254
    },
    "grad_norm": {
      "count": 10,
      "min": 1.803264856338501,
      "max": 2.1061203479766846,
      "mean": 1.892639148235321,
      "std": 0.0860012063041409,
      "p95": 1.9767972230911255,
      "p99": 1.9767972230911255
    },
    "loss": {
      "count": 10,
      "min": 2.173360824584961,
      "max": 2.4908037185668945,
      "mean": 2.356124234199524,
      "std": 0.12023352073197739,
      "p95": 2.485429286956787,
      "p99": 2.485429286956787
    }
  },
  "trajectories": {
    "compute_times": [
      0.012633399997866945,
      0.005947300000116229,
      0.008732999998755986,
      0.006777500002499437,
      0.005698600001778686,
      0.0061707999993814155,
      0.006511199997476069,
      0.012885899999673711,
      0.007179899999755435,
      0.006766799997421913
    ],
    "sync_times": [
      0.054402999998274026,
      0.019298999999591615,
      0.01941909999732161,
      0.010554100001172628,
      0.026250300001265714,
      0.021013600002333988,
      0.012145500000769971,
      0.013475199997628806,
      0.017733299999235896,
      0.014768299999559531
    ],
    "optim_times": [
      0.0012601999987964518,
      0.0010244000004604459,
      0.0009262999992643017,
      0.0007310000000870787,
      0.0008292999991681427,
      0.0009873999988485593,
      0.0009600000012142118,
      0.0008998000012070406,
      0.0010068000010505784,
      0.0009236000005330425
    ],
    "iter_times": [
      0.06829659999493742,
      0.02627070000016829,
      0.029078399995341897,
      0.018062600003759144,
      0.03277820000221254,
      0.028171800000563962,
      0.019616699999460252,
      0.027260899998509558,
      0.02592000000004191,
      0.022458699997514486
    ],
    "grad_norms": [
      1.803264856338501,
      1.8176647424697876,
      1.8830275535583496,
      1.8894096612930298,
      1.9767972230911255,
      1.842897653579712,
      1.821277379989624,
      1.8893190622329712,
      1.8966130018234253,
      2.1061203479766846
    ],
    "losses": [
      2.382622718811035,
      2.173360824584961,
      2.483430862426758,
      2.485429286956787,
      2.370845079421997,
      2.193329334259033,
      2.3389053344726562,
      2.4436182975769043,
      2.198896884918213,
      2.4908037185668945
    ],
    "bytes_transferred": [
      437544,
      437544,
      437544,
      437544,
      437544,
      437544,
      437544,
      437544,
      437544,
      437544
    ],
    "epochs": [
      0,
      0,
      0,
      0,
      0,
      0,
      0,
      0,
      0,
      0
    ],
    "steps": [
      0,
      1,
      2,
      3,
      4,
      5,
      6,
      7,
      8,
      9
    ]
  }
}