{
  "rank": 3,
  "world_size": 4,
  "num_steps": 10,
  "statistics": {
    "compute": {
      "count": 10,
      "min": 0.005870900000445545,
      "max": 0.013438099998893449,
      "mean": 0.008034330000009504,
      "std": 0.0023258599248020357,
      "p95": 0.01145140000153333,
      "p99": 0.01145140000153333
    },
    "sync": {
      "count": 10,
      "min": 0.010374399997090222,
      "max": 0.04727220000131638,
      "mean": 0.0203658299993549,
      "std": 0.009967738993509183,
      "p95": 0.023516400000517024,
      "p99": 0.023516400000517024
    },
    "optim": {
      "count": 10,
      "min": 0.0008882000001904089,
      "max": 0.00177590000021155,
      "mean": 0.0011696099998516729,
      "std": 0.0002657584141740867,
      "p95": 0.0014367999974638224,
      "p99": 0.0014367999974638224
    },
    "iter": {
      "count": 10,
      "min": 0.0174297999983537,
      "max": 0.06214709999767365,
      "mean": 0.029569769999216077,
      "std": 0.01164795631496697,
      "p95": 0.03217759999824921,
      "p99": 0.03217759999824921
    },
    "grad_norm": {
      "count": 10,
      "min": 1.803264856338501,
      "max": 2.1061203479766846,
      "mean": 1.892639148235321,
      "std": 0.08600120930101936,
      "p95": 1.9767972230911255,
      "p99": 1.9767972230911255
    },
    "loss": {
      "count": 10,
      "min": 2.2366034984588623,
      "max": 2.4405343532562256,
      "mean": 2.3250348806381225,
      "std": 0.04861287249371484,
      "p95": 2.351701259613037,
      "p99": 2.351701259613037
    }
  },
  "trajectories": {
    "compute_times": [
      0.013438099998893449,
      0.006948199999897042,
      0.0073338000001967885,
      0.0070553999976255,
      0.005870900000445545,
      0.006054400000721216,
      0.007528400001319824,
      0.01145140000153333,
      0.007941899999423185,
      0.006720800000039162
    ],
    "sync_times": [
      0.04727220000131638,
      0.023453499998140614,
      0.014958799998566974,
      0.022368899997672997,
      0.023516400000517024,
      0.010374399997090222,
      0.015778299999510637,
      0.01270239999939804,
      0.018759500002488494,
      0.014473899998847628
    ],
    "optim_times": [
      0.0014367999974638224,
      0.00177590000021155,
      0.0010619999993650708,
      0.0009462000016355887,
      0.0010752000016509555,
      0.0010010000005422626,
      0.0014131999996607192,
      0.0008882000001904089,
      0.001068099998519756,
      0.0010294999992765952
    ],
    "iter_times": [
      0.06214709999767365,
      0.03217759999824921,
      0.023354599998128833,
      0.030370499996934086,
      0.030462500002613524,
      0.0174297999983537,
      0.02471990000049118,
      0.025042000001121778,
      0.027769500000431435,
      0.022224199998163385
    ],
    "grad_norms": [
      1.803264856338501,
      1.8176647424697876,
      1.8830275535583496,
      1.8894096612930298,
      1.9767972230911255,
      1.8428977727890015,
      1.8212772607803345,
      1.8893190622329712,
      1.8966130018234253,
      2.1061203479766846
    ],
    "losses": [
      2.3202450275421143,
      2.336153030395508,
      2.2366034984588623,
      2.351701259613037,
      2.3333699703216553,
      2.309329032897949,
      2.2926788330078125,
      2.319577932357788,
      2.3101558685302734,
      2.4405343532562256
    ],
    "bytes_transferred": [
      437544,
      437544,
      437544,
      437544,
      437544,
      437544,
      437544,
      437544,
      437544,
      437544
    ],
    "epochs": [
      0,
      0,
      0,
      0,
      0,
      0,
      0,
      0,
      0,
      0
    ],
    "steps": [
      0,
      1,
      2,
      3,
      4,
      5,
      6,
      7,
      8,
      9
    ]
  }
}