{
  "rank": 1,
  "world_size": 3,
  "num_steps": 50,
  "statistics": {
    "compute": {
      "count": 50,
      "min": 0.010085400001116795,
      "max": 0.18073650000224006,
      "mean": 0.01589213600011135,
      "std": 0.024598384605841992,
      "p95": 0.01345710000168765,
      "p99": 0.06194550000145682
    },
    "sync": {
      "count": 50,
      "min": 0.002236199998151278,
      "max": 0.021079600002849475,
      "mean": 0.0034336260001146,
      "std": 0.0025645485673698116,
      "p95": 0.003774699998757569,
      "p99": 0.0045629000014741905
    },
    "optim": {
      "count": 50,
      "min": 0.0006070999988878611,
      "max": 0.0048994999997376,
      "mean": 0.0007747700002073544,
      "std": 0.0005967084551411585,
      "p95": 0.0008353999983228277,
      "p99": 0.0012055000006512273
    },
    "iter": {
      "count": 50,
      "min": 0.013445900000078836,
      "max": 0.20671560000482714,
      "mean": 0.020100532000433304,
      "std": 0.027610852402468033,
      "p95": 0.017820400000346126,
      "p99": 0.06614560000525671
    },
    "grad_norm": {
      "count": 50,
      "min": 0.07600267231464386,
      "max": 0.20033562183380127,
      "mean": 0.12034469038248062,
      "std": 0.028537528346889104,
      "p95": 0.16737817227840424,
      "p99": 0.1815379410982132
    },
    "loss": {
      "count": 50,
      "min": 1.5954939126968384,
      "max": 1.6363977193832397,
      "mean": 1.6160210180282593,
      "std": 0.009733621596571077,
      "p95": 1.632459044456482,
      "p99": 1.6356126070022583
    }
  },
  "trajectories": {
    "compute_times": [
      0.18073650000224006,
      0.06194550000145682,
      0.011287299999821698,
      0.011452599999756785,
      0.012081800003215903,
      0.011096199999883538,
      0.01102309999987483,
      0.012300099999265512,
      0.011155600001075072,
      0.010301299997081514,
      0.012005900000076508,
      0.010535199999139877,
      0.010884600000281353,
      0.01132099999813363,
      0.01065079999898444,
      0.010985299999447307,
      0.011137499997857958,
      0.01140769999983604,
      0.01206580000143731,
      0.013015700002142694,
      0.011514900001202477,
      0.011535099998582155,
      0.011539400002220646,
      0.011084999998274725,
      0.010244999997667037,
      0.010085400001116795,
      0.01107630000115023,
      0.011092100001405925,
      0.01112730000022566,
      0.011448199998994824,
      0.012612399998033652,
      0.012986199999431847,
      0.012985699999262579,
      0.01381519999995362,
      0.011667900002066744,
      0.01122880000184523,
      0.01345710000168765,
      0.01199819999965257,
      0.012134900000091875,
      0.01184569999895757,
      0.012189799999759998,
      0.011387200000172015,
      0.011592700000619516,
      0.011377899998478824,
      0.010390700001153164,
      0.010309000001143431,
      0.010349100000894396,
      0.011295799999061273,
      0.011322400001517963,
      0.011521899999934249
    ],
    "sync_times": [
      0.021079600002849475,
      0.003373000003193738,
      0.002927999998064479,
      0.003464400000666501,
      0.0027796000031230506,
      0.00285490000169375,
      0.003119400000286987,
      0.002236199998151278,
      0.0029298000008566305,
      0.00369700000010198,
      0.0028560999999172054,
      0.0026432999984535854,
      0.0045629000014741905,
      0.003384900002856739,
      0.00330989999929443,
      0.00360029999865219,
      0.0032781999980215915,
      0.003736000002390938,
      0.003549199998815311,
      0.003100599999015685,
      0.0029018999994150363,
      0.0026278999976057094,
      0.002806200001941761,
      0.0030000000006111804,
      0.0032826999995450024,
      0.002681299996766029,
      0.0029592000028060284,
      0.002755000001343433,
      0.002763800002867356,
      0.0025602000023354776,
      0.0027649999974528328,
      0.003774699998757569,
      0.00284299999839277,
      0.003599499999836553,
      0.004356199999165256,
      0.002354399999603629,
      0.003702300000441028,
      0.0028192999998282176,
      0.0026790999982040375,
      0.002862400000594789,
      0.003076899996813154,
      0.002915900000516558,
      0.0028515999983937945,
      0.0026208000017504673,
      0.0036414999995031394,
      0.0026711999998951796,
      0.002849900000001071,
      0.0024020000018936116,
      0.0031564000018988736,
      0.002917699999670731
    ],
    "optim_times": [
      0.0048994999997376,
      0.0008271000006061513,
      0.0007547999994130805,
      0.0006794000000809319,
      0.0006683999999950174,
      0.000676800002111122,
      0.0006584999973711092,
      0.0007249000009323936,
      0.0006643000015174039,
      0.0006381999992299825,
      0.0007129999976314139,
      0.0009524000015517231,
      0.0008353999983228277,
      0.0006673000025330111,
      0.0006345000001601875,
      0.0006459000032918993,
      0.0006274000006669667,
      0.0006930999988981057,
      0.0007275999996636529,
      0.000649199999315897,
      0.000638900000922149,
      0.0006719999983033631,
      0.0006450000000768341,
      0.0006547999983013142,
      0.0006652000010944903,
      0.0006792000021960121,
      0.0006326000002445653,
      0.0006525999997393228,
      0.0006523000010929536,
      0.0006466999984695576,
      0.0006070999988878611,
      0.000698499999998603,
      0.0007355999987339601,
      0.0006681000013486482,
      0.0006917999999132007,
      0.0006854000021121465,
      0.0006609999982174486,
      0.0006463999998231884,
      0.0006594000005861744,
      0.0006456000010075513,
      0.0006429000022762921,
      0.0006697000026179012,
      0.0006511999999929685,
      0.0006347999988065567,
      0.0006219999995664693,
      0.0012055000006512273,
      0.0007013000031292904,
      0.0006868000018585008,
      0.0006441999976232182,
      0.0007041999997454695
    ],
    "iter_times": [
      0.20671560000482714,
      0.06614560000525671,
      0.014970099997299258,
      0.015596400000504218,
      0.015529800006333971,
      0.01462790000368841,
      0.014800999997532926,
      0.015261199998349184,
      0.014749700003449107,
      0.014636499996413477,
      0.015574999997625127,
      0.014130899999145186,
      0.01628290000007837,
      0.01537320000352338,
      0.014595199998439057,
      0.015231500001391396,
      0.015043099996546516,
      0.015836800001125084,
      0.016342599999916274,
      0.016765500000474276,
      0.015055700001539662,
      0.014834999994491227,
      0.01499060000423924,
      0.01473979999718722,
      0.01419289999830653,
      0.013445900000078836,
      0.014668100004200824,
      0.01449970000248868,
      0.014543400004185969,
      0.014655099999799859,
      0.015984499994374346,
      0.01745939999818802,
      0.01656429999638931,
      0.01808280000113882,
      0.0167159000011452,
      0.014268600003561005,
      0.017820400000346126,
      0.015463899999303976,
      0.015473399998882087,
      0.015353700000559911,
      0.015909599998849444,
      0.014972800003306475,
      0.015095499999006279,
      0.014633499999035848,
      0.014654200000222772,
      0.014185700001689838,
      0.013900300004024757,
      0.014384600002813386,
      0.015123000001040054,
      0.015143799999350449
    ],