{
  "rank": 1,
  "world_size": 4,
  "num_steps": 60,
  "statistics": {
    "compute": {
      "count": 60,
      "min": 0.006117899996752385,
      "max": 0.01128670000252896,
      "mean": 0.007543403333390112,
      "std": 0.0007988095590250764,
      "p95": 0.008620299999165582,
      "p99": 0.009111200000916142
    },
    "sync": {
      "count": 60,
      "min": 0.005997600001137471,
      "max": 0.11278659999879892,
      "mean": 0.017690633333343916,
      "std": 0.016236377239114554,
      "p95": 0.03949470000225119,
      "p99": 0.049586000000999775
    },
    "optim": {
      "count": 60,
      "min": 0.0007178000014391728,
      "max": 0.0015717999995104037,
      "mean": 0.0009461966662759854,
      "std": 0.00015289349753962097,
      "p95": 0.001233499999216292,
      "p99": 0.0013249999974505045
    },
    "iter": {
      "count": 60,
      "min": 0.013056799998594215,
      "max": 0.12539829999877838,
      "mean": 0.026180233333010013,
      "std": 0.01654080520838463,
      "p95": 0.04749160000210395,
      "p99": 0.05691289999958826
    },
    "grad_norm": {
      "count": 60,
      "min": 0.44630756974220276,
      "max": 0.4947371184825897,
      "mean": 0.4704527333378792,
      "std": 0.010540827348654318,
      "p95": 0.4877627491950989,
      "p99": 0.491964727640152
    },
    "loss": {
      "count": 60,
      "min": 2.2479519844055176,
      "max": 2.3738303184509277,
      "mean": 2.312044620513916,
      "std": 0.02270492943485841,
      "p95": 2.3424453735351562,
      "p99": 2.348109483718872
    }
  },
  "trajectories": {
    "compute_times": [
      0.01128670000252896,
      0.007536400000390131,
      0.006502199998067226,
      0.007968199999595527,
      0.00813199999902281,
      0.007227599999168888,
      0.008771999997406965,
      0.006469399999332381,
      0.007332900000619702,
      0.0073961000016424805,
      0.00676720000046771,
      0.008166999999957625,
      0.007842300001357216,
      0.007741200002783444,
      0.008620299999165582,
      0.007733499998721527,
      0.007485300000553252,
      0.009111200000916142,
      0.00689079999938258,
      0.008571800000936491,
      0.006777400001737988,
      0.0076416999982029665,
      0.007687400000577327,
      0.0068991999978607055,
      0.007546699998783879,
      0.007779200001095887,
      0.0073818000018945895,
      0.0063909999989846256,
      0.007221199997729855,
      0.007351500000368105,
      0.007717399999819463,
      0.007113499999832129,
      0.006932200001756428,
      0.007810400002199458,
      0.006846299998869654,
      0.007615900001837872,
      0.008138599998346763,
      0.007026800001767697,
      0.007658300000912277,
      0.007352299999183742,
      0.007436399999278365,
      0.007448700001987163,
      0.008359400002518669,
      0.006549900001118658,
      0.006571999998413958,
      0.007090200000675395,
      0.006117899996752385,
      0.00758510000014212,
      0.007738299998891307,
      0.0084634000013466,
      0.006998299999395385,
      0.006519200000184355,
      0.0073708999989321455,
      0.007425700001476798,
      0.007051000000501517,
      0.007761599998048041,
      0.00832809999701567,
      0.00851650000186055,
      0.007690400001592934,
      0.007138299999496667
    ],
    "sync_times": [
      0.11278659999879892,
      0.016482899998663925,
      0.006438899999920977,
      0.011528499999258202,
      0.02818989999650512,
      0.008831800001644297,
      0.009173000002192566,
      0.03734079999776441,
      0.006995200001256308,
      0.007063900000503054,
      0.018619099999341415,
      0.02481689999694936,
      0.019085599997197278,
      0.006995799998549046,
      0.006898600000567967,
      0.03376050000224495,
      0.008460400000330992,
      0.02002859999993234,
      0.008912699999200413,
      0.02027250000173808,
      0.006548599998495774,
      0.007797599999321392,
      0.007015099999989616,
      0.01637789999949746,
      0.008072900000115624,
      0.01803190000282484,
      0.020015099999000086,
      0.02471979999972973,
      0.006616400001803413,
      0.006624099998589372,
      0.006891100001666928,
      0.01852839999992284,
      0.024000100002012914,
      0.006701399997837143,
      0.033130700001493096,
      0.025610900000174297,
      0.023088000001735054,
      0.03949470000225119,
      0.007051200002024416,
      0.006603900001209695,
      0.008025800001632888,
      0.006861400001071161,
      0.016747099998610793,
      0.049586000000999775,
      0.01932479999959469,
      0.034413699999277014,
      0.005997600001137471,
      0.006953900003281888,
      0.006668499998340849,
      0.006665900000371039,
      0.042903599998680875,
      0.021917099998972844,
      0.022419599998102058,
      0.015118799998163013,
      0.015323100000387058,
      0.00709629999983008,
      0.007558499997685431,
      0.016770599999290425,
      0.010858900001039729,
      0.014624800001911353
    ],
    "optim_times": [
      0.0013249999974505045,
      0.0009396999994351063,
      0.0008773000008659437,
      0.0010347999996156432,
      0.0008321999994223006,
      0.0007909000014478806,
      0.0007501000000047497,
      0.0007556000018666964,
      0.0010260000017296989,
      0.0008109000009426381,
      0.0015717999995104037,
      0.0007746999981463887,
      0.0009294999981648289,
      0.0010485000020707957,
      0.0012782999983755872,
      0.0010570999984338414,
      0.0011655999987851828,
      0.0010121000013896264,
      0.0010981999985233415,
      0.0007626000005984679,
      0.0009575000003678724,
      0.001233499999216292,
      0.0010120999977516476,
      0.0009463999995205086,
      0.0008315999984915834,
      0.0009119999995164108,
      0.0008238999980676454,
      0.0010427999986859504,
      0.0009202999972330872,
      0.0008974000011221506,
      0.0008808999991742894,
      0.0007178000014391728,
      0.0009682000018074177,
      0.000876799997058697,
      0.0009648999985074624,
      0.0009611000023141969,
      0.0008395999975618906,
      0.0009700999980850611,
      0.0010767000021587592,
      0.0009374000001116656,
      0.0009095999994315207,
      0.0010702999970817473,
      0.0007581999998365063,
      0.0007769999974698294,
      0.0008342999972228426,
      0.0007373000007646624,
      0.0009413000007043593,
      0.0008600000001024455,
      0.0009363000026496593,
      0.000998200001049554,
      0.0008156000003509689,
      0.000943900002312148,
      0.0008601999979873654,
      0.0009097999973164406,
      0.0010203999991063029,
      0.0010123999963980168,
      0.0011223000001336914,
      0.0008859000008669682,
      0.0008594999999331776,
      0.0009074000008695293
    ],