{
  "rank": 4,
  "world_size": 8,
  "num_steps": 60,
  "statistics": {
    "compute": {
      "count": 60,
      "min": 0.021445799997309223,
      "max": 0.07273469999927329,
      "mean": 0.028044341666403245,
      "std": 0.006898643104239905,
      "p95": 0.03623700000025565,
      "p99": 0.04136039999866625
    },
    "sync": {
      "count": 60,
      "min": 0.006669200000033015,
      "max": 0.09581439999965369,
      "mean": 0.013881500000146237,
      "std": 0.01090224563428199,
      "p95": 0.016047399996750755,
      "p99": 0.017015699999319622
    },
    "optim": {
      "count": 60,
      "min": 0.0005885999999009073,
      "max": 0.0012157999990449753,
      "mean": 0.0007511866666391143,
      "std": 9.043616626381822e-05,
      "p95": 0.0008648000002722256,
      "p99": 0.000979399999778252
    },
    "iter": {
      "count": 60,
      "min": 0.03240379999988363,
      "max": 0.16976489999797195,
      "mean": 0.0426770283331886,
      "std": 0.017043781208157034,
      "p95": 0.049888400000781985,
      "p99": 0.052874100001645274
    },
    "grad_norm": {
      "count": 60,
      "min": 0.04415564984083176,
      "max": 0.12112285941839218,
      "mean": 0.07939859324445327,
      "std": 0.020722513951379525,
      "p95": 0.11560528725385666,
      "p99": 0.11970218271017075
    },
    "loss": {
      "count": 60,
      "min": 1.5798465013504028,
      "max": 1.6461982727050781,
      "mean": 1.6112291912237804,
      "std": 0.012677385825808959,
      "p95": 1.6295326948165894,
      "p99": 1.6395374536514282
    }
  },
  "trajectories": {
    "compute_times": [
      0.07273469999927329,
      0.024112199997034622,
      0.022373400002834387,
      0.029990899998665554,
      0.03623700000025565,
      0.025800499999604654,
      0.024033100002270658,
      0.02594909999970696,
      0.02744380000149249,
      0.02995349999764585,
      0.024414699997578282,
      0.028955400000995724,
      0.025964399999793386,
      0.02430310000272584,
      0.028437499997380655,
      0.03485269999873708,
      0.02956579999954556,
      0.03333519999796408,
      0.030917899999622023,
      0.027955900000961265,
      0.02564600000187056,
      0.028433100000256673,
      0.029642400000739144,
      0.026739200002339203,
      0.02412019999974291,
      0.02625400000033551,
      0.027711400001862785,
      0.0255832000002556,
      0.029949700001452584,
      0.021445799997309223,
      0.024350299998332048,
      0.026971100000082515,
      0.02826189999905182,
      0.030053399997996166,
      0.03164430000106222,
      0.023944900000060443,
      0.026828499998373445,
      0.02496229999815114,
      0.024634299999888754,
      0.023549699999421136,
      0.023364199998468393,
      0.025253100000554696,
      0.024544399999285815,
      0.024085599998215912,
      0.025115699998423224,
      0.025275100000726525,
      0.029494499998691026,
      0.0319113000005018,
      0.03721729999961099,
      0.04136039999866625,
      0.02721910000036587,
      0.025234000000637025,
      0.02620789999855333,
      0.02551619999940158,
      0.025516300000163028,
      0.027229399998759618,
      0.02629739999974845,
      0.024481500000547385,
      0.025765900001715636,
      0.02351469999848632
    ],
    "sync_times": [
      0.09581439999965369,
      0.015445600001839921,
      0.015549799998552771,
      0.017015699999319622,
      0.012861600000178441,
      0.009524199998850236,
      0.016842599998199148,
      0.011442900002293754,
      0.008773900000960566,
      0.009276900000259047,
      0.013599099998828024,
      0.01259829999980866,
      0.00905860000057146,
      0.016047399996750755,
      0.013356600000406615,
      0.006669200000033015,
      0.01576500000010128,
      0.014010899998538662,
      0.014638399999967078,
      0.013341500001843087,
      0.008855000000039581,
      0.009523200002149679,
      0.012443700001313118,
      0.014602100000047358,
      0.013937699997768505,
      0.01151430000027176,
      0.011021500002243556,
      0.011762099999032216,
      0.012487500000133878,
      0.013759099998424063,
      0.013166299999284092,
      0.010030600002210122,
      0.014856599998893216,
      0.01449040000079549,
      0.012193500002467772,
      0.00784399999974994,
      0.012930300003063167,
      0.010929200001555728,
      0.012204400001792237,
      0.014684699999634176,
      0.014077800002269214,
      0.015756300002976786,
      0.011851600000227336,
      0.014060199999221368,
      0.012832699998398311,
      0.010051500001281966,
      0.010429300000396324,
      0.0138031000024057,
      0.013250600000901613,
      0.010722400002123322,
      0.015200300000287825,
      0.010653299999830779,
      0.013004199998249533,
      0.013346299998374889,
      0.012079600001015933,
      0.010990799997671274,
      0.011026499996660277,
      0.013386300001002382,
      0.01035309999861056,
      0.011145299999043345
    ],
    "optim_times": [
      0.0012157999990449753,
      0.0007306000006792601,
      0.0008206999991671182,
      0.0008149000022967812,
      0.0007898000003478955,
      0.000684200000250712,
      0.0007299999997485429,
      0.0008111000024655368,
      0.0007614999994984828,
      0.0007321999983105343,
      0.0008911000004445668,
      0.0007827000008546747,
      0.000747000001865672,
      0.0007318000025406945,
      0.000627199999144068,
      0.0006767999984731432,
      0.0007143000002542976,
      0.0006708000000799075,
      0.0007236000019474886,
      0.0007366999998339452,
      0.0005885999999009073,
      0.000791499998740619,
      0.0007798999977239873,
      0.000768699999753153,
      0.0007125000011001248,
      0.0007158000007621013,
      0.0007755000006000046,
      0.0007492000004276633,
      0.000680199998896569,
      0.000693500001943903,
      0.0007850000001781154,
      0.0008123000006889924,
      0.000732399999833433,
      0.0007545000007667113,
      0.0006065999987185933,
      0.0006149000000732485,
      0.0007605999999213964,
      0.0007583999977214262,
      0.0007555000011052471,
      0.0007555999982287176,
      0.0008060999971348792,
      0.0008044999995036051,
      0.0007253000003402121,
      0.0007255999989865813,
      0.0007268000008480158,
      0.0006988999994064216,
      0.0006663999993179459,
      0.000816399999166606,
      0.0006914000005053822,
      0.0007913000008556992,
      0.0007269000016094651,
      0.0006977999983064365,
      0.0007847000015317462,
      0.0008104000007733703,
      0.0006469999971159268,
      0.000979399999778252,
      0.0007406000004266389,
      0.0008648000002722256,
      0.0007035999988147523,
      0.0006792999993194826
    ],