{
  "rank": 3,
  "world_size": 4,
  "num_steps": 60,
  "statistics": {
    "compute": {
      "count": 60,
      "min": 0.006187700000737095,
      "max": 0.013977599999634549,
      "mean": 0.007346089999919059,
      "std": 0.001041815569343643,
      "p95": 0.008324599999468774,
      "p99": 0.008450299999822164
    },
    "sync": {
      "count": 60,
      "min": 0.005414100000052713,
      "max": 0.04877370000031078,
      "mean": 0.016707795000305243,
      "std": 0.010226336161097893,
      "p95": 0.03571119999833172,
      "p99": 0.042988100001821294
    },
    "optim": {
      "count": 60,
      "min": 0.0007052000000840053,
      "max": 0.001377399999910267,
      "mean": 0.0009037716667080531,
      "std": 0.00014050214113397856,
      "p95": 0.0012117000005673617,
      "p99": 0.0013514999991457444
    },
    "iter": {
      "count": 60,
      "min": 0.012834699999075383,
      "max": 0.05590180000217515,
      "mean": 0.024957656666932355,
      "std": 0.010290856592538648,
      "p95": 0.04750589999821386,
      "p99": 0.05022370000006049
    },
    "grad_norm": {
      "count": 60,
      "min": 0.44630756974220276,
      "max": 0.4947371184825897,
      "mean": 0.4704527333378792,
      "std": 0.010540827348654318,
      "p95": 0.4877627491950989,
      "p99": 0.491964727640152
    },
    "loss": {
      "count": 60,
      "min": 2.2741029262542725,
      "max": 2.345237970352173,
      "mean": 2.3097494999567667,
      "std": 0.01686423483078242,
      "p95": 2.336594581604004,
      "p99": 2.341773748397827
    }
  },
  "trajectories": {
    "compute_times": [
      0.013977599999634549,
      0.0072223000024678186,
      0.007153199996537296,
      0.00707690000126604,
      0.00761179999972228,
      0.007097300000168616,
      0.008317200001329184,
      0.006756099999620346,
      0.006301600002188934,
      0.007007699998212047,
      0.006988100001763087,
      0.007426199998008087,
      0.007758699997793883,
      0.008450299999822164,
      0.00808349999715574,
      0.007228100002976134,
      0.0069851000007474795,
      0.008084499997494277,
      0.008324599999468774,
      0.008379999999306165,
      0.00787800000034622,
      0.006968900001083966,
      0.007103199997800402,
      0.006269499997870298,
      0.00757520000115619,
      0.007160900000599213,
      0.007559099998616148,
      0.006550699999934295,
      0.0076289999997243285,
      0.0076795999993919395,
      0.007647599999472732,
      0.006995499999902677,
      0.006221499999810476,
      0.00817300000198884,
      0.0063872999999148306,
      0.007244299999001669,
      0.007484400000976166,
      0.006681900002149632,
      0.006957699999475153,
      0.0072472000028938055,
      0.007375599998340476,
      0.007129899997380562,
      0.007691800001339288,
      0.007421400001476286,
      0.006422900001780363,
      0.006389199999830453,
      0.006597600000532111,
      0.007246199998917291,
      0.007267500001034932,
      0.006877300002088305,
      0.006467999999586027,
      0.006187700000737095,
      0.007603999998536892,
      0.007548599998699501,
      0.006613499997911276,
      0.007220100000267848,
      0.007935099998576334,
      0.006813700001657708,
      0.007890699998824857,
      0.006419299999834038
    ],
    "sync_times": [
      0.03217679999943357,
      0.009151300000667106,
      0.014044399998965673,
      0.012567199999466538,
      0.02806369999962044,
      0.008051000000705244,
      0.02217979999841191,
      0.011950200001592748,
      0.021626999998261454,
      0.020105200001125922,
      0.015360000001237495,
      0.015386600000056205,
      0.02095050000207266,
      0.005764800000179093,
      0.007913400000688853,
      0.034701799999311334,
      0.009061599997949088,
      0.010565500000666361,
      0.01639210000212188,
      0.010434300002089003,
      0.018502499999158317,
      0.009223800003383076,
      0.007644100001925835,
      0.01725050000095507,
      0.01996030000009341,
      0.0061516999994637445,
      0.0077199000006658025,
      0.03571119999833172,
      0.006978400000662077,
      0.006519099999422906,
      0.016725299999961862,
      0.01968000000124448,
      0.013952799999970011,
      0.00662939999892842,
      0.033806300001742784,
      0.026076399997691624,
      0.023871100001997547,
      0.04013870000198949,
      0.007948400001623668,
      0.007159799999499228,
      0.0077481999978772365,
      0.0071893999993335456,
      0.021129799999471288,
      0.03071300000010524,
      0.04877370000031078,
      0.005684299998392817,
      0.020589000003383262,
      0.00651560000187601,
      0.007387500001641456,
      0.008638299997983268,
      0.042988100001821294,
      0.022818800000095507,
      0.022059400002035545,
      0.014952699999412289,
      0.01621289999820874,
      0.00778320000245003,
      0.014242299999750685,
      0.012712399999145418,
      0.020818100001633866,
      0.005414100000052713
    ],
    "optim_times": [
      0.0013514999991457444,
      0.0008748000000196043,
      0.000836300001537893,
      0.0010656000013113953,
      0.0010033999969891738,
      0.0008175000002665911,
      0.0007664000004297122,
      0.0007945999968796968,
      0.0009667999984230846,
      0.0007265000022016466,
      0.001223200000822544,
      0.0008615000006102491,
      0.0009131000006163958,
      0.0009061999990080949,
      0.0007756000013614539,
      0.000909399997908622,
      0.0012059000000590459,
      0.0009332000008726027,
      0.0008912000012060162,
      0.0008290000005217735,
      0.0008345999995071907,
      0.0009100999996007886,
      0.0008318999971379526,
      0.0009518000006210059,
      0.001377399999910267,
      0.0010653999997884966,
      0.0008089000002655666,
      0.0009315999996033497,
      0.0008025999995879829,
      0.000915000000532018,
      0.0008505000005243346,
      0.0007632000015291851,
      0.0007899000011093449,
      0.000818000000435859,
      0.0008309000004373956,
      0.0008696000004420057,
      0.0007575999989057891,
      0.0009763000016391743,
      0.0011077999988629017,
      0.0012117000005673617,
      0.000793100000009872,
      0.000873099997988902,
      0.000847700001031626,
      0.0008054000027186703,
      0.0007052000000840053,
      0.0008447000000160187,
      0.0009413999978278298,
      0.0009098999980778899,
      0.0008976999997685198,
      0.0008459000018774532,
      0.0007675999986531679,
      0.0009126999975705985,
      0.000963500002399087,
      0.0008441000027232803,
      0.00087340000027325,
      0.0009572000017215032,
      0.0008121999999275431,
      0.0008447000000160187,
      0.0007289999994100071,
      0.0010012999991886318
    ],