{
  "rank": 2,
  "world_size": 4,
  "num_steps": 60,
  "statistics": {
    "compute": {
      "count": 60,
      "min": 0.006090599999879487,
      "max": 0.01225229999909061,
      "mean": 0.007327178333434858,
      "std": 0.0009872219952355024,
      "p95": 0.008372799999051495,
      "p99": 0.010915999999269843
    },
    "sync": {
      "count": 60,
      "min": 0.005399599998781923,
      "max": 0.051052399998297915,
      "mean": 0.01636102333316861,
      "std": 0.010368133690593345,
      "p95": 0.034536700000899145,
      "p99": 0.04500430000189226
    },
    "optim": {
      "count": 60,
      "min": 0.000701400000252761,
      "max": 0.001381299996864982,
      "mean": 0.000877674999780235,
      "std": 0.0001503313768974193,
      "p95": 0.0011496000006445684,
      "p99": 0.00136680000287015
    },
    "iter": {
      "count": 60,
      "min": 0.012392299995553913,
      "max": 0.058303199999500066,
      "mean": 0.024565876666383702,
      "std": 0.01020261659945299,
      "p95": 0.043010199999116594,
      "p99": 0.052448099999310216
    },
    "grad_norm": {
      "count": 60,
      "min": 0.44630756974220276,
      "max": 0.4947371184825897,
      "mean": 0.4704527333378792,
      "std": 0.010540827348654318,
      "p95": 0.4877627491950989,
      "p99": 0.491964727640152
    },
    "loss": {
      "count": 60,
      "min": 2.259831666946411,
      "max": 2.35788631439209,
      "mean": 2.3058672467867534,
      "std": 0.02197955821213415,
      "p95": 2.3349618911743164,
      "p99": 2.3509340286254883
    }
  },
  "trajectories": {
    "compute_times": [
      0.01225229999909061,
      0.007731500001682434,
      0.0076225999982852954,
      0.006826799999544164,
      0.007040899999992689,
      0.007248400001117261,
      0.008021600002393825,
      0.006581199999345699,
      0.006971899998461595,
      0.00692699999854085,
      0.006711300000461051,
      0.007707799999479903,
      0.00618160000158241,
      0.007307800002308795,
      0.00820949999979348,
      0.006090599999879487,
      0.006742700003087521,
      0.010915999999269843,
      0.008213499997509643,
      0.007946300000185147,
      0.008128800000122283,
      0.00710619999881601,
      0.007400099999358645,
      0.0062653999993926845,
      0.007113700001355028,
      0.007905200000095647,
      0.007141999998566462,
      0.007570800000394229,
      0.007848599998396821,
      0.007510699997510528,
      0.007102700001269113,
      0.0068738000009034295,
      0.006722500002069864,
      0.007623099998454563,
      0.006925600002432475,
      0.007081200001266552,
      0.007500500003516208,
      0.00666550000096322,
      0.006915199999639299,
      0.007113499999832129,
      0.007143399998312816,
      0.007361300002230564,
      0.008646300000691554,
      0.006638899998506531,
      0.006733500002155779,
      0.006681400001980364,
      0.006832499999291031,
      0.006824000000051456,
      0.008372799999051495,
      0.006912299999385141,
      0.006316099999821745,
      0.006436200001189718,
      0.006265899999561952,
      0.007138799999665935,
      0.006310600001597777,
      0.007613199999468634,
      0.007800899998983368,
      0.007824200001778081,
      0.007027699997706804,
      0.006984299998293864
    ],
    "sync_times": [
      0.014960100001189858,
      0.00823090000267257,
      0.01992949999839766,
      0.006794900000386406,
      0.028838399997766828,
      0.008404899999732152,
      0.009192800000164425,
      0.024385199998505414,
      0.021083999999973457,
      0.007322699999349425,
      0.019424699999945005,
      0.014441100000112783,
      0.03197350000118604,
      0.0074022000007971656,
      0.019325399996887427,
      0.024786499998299405,
      0.008667199999763397,
      0.006914400000823662,
      0.017242199999600416,
      0.009332899997389177,
      0.018325600001844577,
      0.009461700003157603,
      0.018338600002607564,
      0.005713800001103664,
      0.008423799998126924,
      0.017922799997904804,
      0.008220899999287212,
      0.034536700000899145,
      0.007428699998854427,
      0.00620119999803137,
      0.007169399999838788,
      0.017425800000637537,
      0.025403299998288276,
      0.017861599997559097,
      0.022625900001003174,
      0.02601380000123754,
      0.034945799998240545,
      0.028216599999723257,
      0.008065800000622403,
      0.007261000002472429,
      0.008168899999873247,
      0.00691960000040126,
      0.006342700002278434,
      0.04500430000189226,
      0.033569100000022445,
      0.020051399998919806,
      0.02011529999799677,
      0.007614400001330068,
      0.006148200001916848,
      0.019975799998064758,
      0.021417700001620688,
      0.051052399998297915,
      0.005399599998781923,
      0.026542600000539096,
      0.005572599999140948,
      0.0077078999966033734,
      0.00809349999690312,
      0.02300439999817172,
      0.0055338000020128675,
      0.015210900000965921
    ],
    "optim_times": [
      0.001381299996864982,
      0.0007556999989901669,
      0.0008450999994238373,
      0.0011143000010633841,
      0.0008643000001029577,
      0.0011484000024211127,
      0.0007048999977996573,
      0.0007623000019520987,
      0.0008412000024691224,
      0.0007229999973787926,
      0.0008390000002691522,
      0.0007270000023709144,
      0.0008192999994207639,
      0.0008035999999265186,
      0.0007293999988178257,
      0.0008562000002712011,
      0.0011496000006445684,
      0.0011980999988736585,
      0.0009381999989273027,
      0.0008465999999316409,
      0.000898300000699237,
      0.0008386999979848042,
      0.0008214000008592848,
      0.0008835000007820781,
      0.0008046999973885249,
      0.000865699999849312,
      0.0008985000022221357,
      0.0009026999978232197,
      0.0009697999994386919,
      0.0008645000016258564,
      0.0007765000009385403,
      0.0008133000010275282,
      0.0009500999985903036,
      0.0008010999990801793,
      0.0008995000025606714,
      0.0008588999990024604,
      0.00136680000287015,
      0.0008737999996810686,
      0.000721799999155337,
      0.0008116999997582752,
      0.0009172999998554587,
      0.000751499999751104,
      0.000701400000252761,
      0.0008048999989114236,
      0.000754099997720914,
      0.0010368999974161852,
      0.0009289000008720905,
      0.0009696999986772425,
      0.000749400001950562,
      0.0007108999998308718,
      0.0007224000000860542,
      0.0008146000000124332,
      0.000726799997210037,
      0.0007482000000891276,
      0.0009322999976575375,
      0.0009204999987559859,
      0.0010512999979255255,
      0.0011349999986123294,
      0.0007416000007651746,
      0.0008740000012039673
    ],