{
  "rank": 0,
  "world_size": 4,
  "num_steps": 60,
  "statistics": {
    "compute": {
      "count": 60,
      "min": 0.006170100001327228,
      "max": 0.013070299999526469,
      "mean": 0.008065318333319738,
      "std": 0.001180128797560078,
      "p95": 0.009688099999038968,
      "p99": 0.011809800002083648
    },
    "sync": {
      "count": 60,
      "min": 0.005878500000108033,
      "max": 0.04485729999942123,
      "mean": 0.01599420000020473,
      "std": 0.010433070698118373,
      "p95": 0.03389769999921555,
      "p99": 0.03965930000049411
    },
    "optim": {
      "count": 60,
      "min": 0.0006732000001647975,
      "max": 0.0017454000008001458,
      "mean": 0.0009187766667916246,
      "std": 0.00018063920263348274,
      "p95": 0.0012438000012480188,
      "p99": 0.0014762999999220483
    },
    "iter": {
      "count": 60,
      "min": 0.014668899995740503,
      "max": 0.05254349999813712,
      "mean": 0.02497829500031609,
      "std": 0.010143000865470464,
      "p95": 0.04263570000330219,
      "p99": 0.04871339999954216
    },
    "grad_norm": {
      "count": 60,
      "min": 0.44630756974220276,
      "max": 0.4947371184825897,
      "mean": 0.4704527333378792,
      "std": 0.010540827348654318,
      "p95": 0.4877627491950989,
      "p99": 0.491964727640152
    },
    "loss": {
      "count": 60,
      "min": 2.2688159942626953,
      "max": 2.359449625015259,
      "mean": 2.3080132921536762,
      "std": 0.01969642718649039,
      "p95": 2.344005823135376,
      "p99": 2.348041534423828
    }
  },
  "trajectories": {
    "compute_times": [
      0.013070299999526469,
      0.009139699999650475,
      0.0077729000004183035,
      0.008489100000588223,
      0.007876100000430597,
      0.007447900003171526,
      0.011809800002083648,
      0.006911699998454424,
      0.007148900000174763,
      0.007439199998771073,
      0.006831599999713944,
      0.008298599997942802,
      0.006170100001327228,
      0.008272699997178279,
      0.008417799999733688,
      0.007865699997637421,
      0.008035599999857368,
      0.009366899997985456,
      0.009407699999428587,
      0.009688099999038968,
      0.00819700000283774,
      0.008190900000045076,
      0.007839999998395797,
      0.007204199999250704,
      0.009128700003202539,
      0.008183499998267507,
      0.00899560000107158,
      0.007388699999864912,
      0.008132400002068607,
      0.0074900999970850535,
      0.008120300000882708,
      0.0071592000022064894,
      0.007037499999569263,
      0.008236899997427827,
      0.007239400001708418,
      0.007944799999677343,
      0.010044099999504397,
      0.006800000002840534,
      0.007369800001470139,
      0.007956200002809055,
      0.008164200000464916,
      0.007399000001896638,
      0.008936800000810763,
      0.006735099999787053,
      0.00702129999990575,
      0.007226599998830352,
      0.007231499999761581,
      0.007363599997916026,
      0.008372099997359328,
      0.009438799999770708,
      0.006933099997695535,
      0.006667199999355944,
      0.007722000002104323,
      0.00750049999987823,
      0.0071131000004243106,
      0.008108099998935359,
      0.00962219999928493,
      0.00885770000240882,
      0.00818499999877531,
      0.007201500000519445
    ],
    "sync_times": [
      0.03389769999921555,
      0.012849599999753991,
      0.013655399998242501,
      0.010123700001713587,
      0.02852770000026794,
      0.007723800001258496,
      0.006304800001089461,
      0.02404939999905764,
      0.02073749999908614,
      0.0069108999996387865,
      0.018968000000313623,
      0.014484400002402253,
      0.031183000002783956,
      0.0067388999996182974,
      0.007335700000112411,
      0.033786700001655845,
      0.00908269999854383,
      0.0073521000012988225,
      0.014646900002844632,
      0.008541700000932906,
      0.017870899999252288,
      0.008094100001471816,
      0.006780899999284884,
      0.015991000000212807,
      0.005878500000108033,
      0.018244700000650482,
      0.006214100001670886,
      0.03435570000146981,
      0.006894900001498172,
      0.006309399999736343,
      0.00612869999895338,
      0.016905799999221927,
      0.025370100000145612,
      0.006100499998865416,
      0.032816400002047885,
      0.025219399998604786,
      0.021290299999236595,
      0.03965930000049411,
      0.007346599999436876,
      0.0065508000006957445,
      0.007169399999838788,
      0.006905300000653369,
      0.00623279999854276,
      0.04485729999942123,
      0.03310770000098273,
      0.019929800000682008,
      0.019557200001145247,
      0.006523899999592686,
      0.006626099999266444,
      0.005881900000531459,
      0.032308800000464544,
      0.032815099999425,
      0.022411399997508852,
      0.014890300000843126,
      0.01531270000123186,
      0.006571900001290487,
      0.006239499998628162,
      0.016593899999861605,
      0.01027089999843156,
      0.014523400001053233
    ],
    "optim_times": [
      0.0017454000008001458,
      0.0008294999970530625,
      0.0008129999987431802,
      0.0012438000012480188,
      0.0008144000021275133,
      0.0009282999999413732,
      0.0007726999974693172,
      0.0008175999973900616,
      0.0008339000014530029,
      0.0007645000005140901,
      0.0008990000023914035,
      0.0006971000002522487,
      0.0011484000024211127,
      0.0008081000014499296,
      0.0009222000007866882,
      0.0008703999992576428,
      0.0009872000009636395,
      0.0014762999999220483,
      0.0012549999992188532,
      0.0010115000004589092,
      0.0008449000015389174,
      0.0010254000007989816,
      0.0008167999985744245,
      0.0008208999970520381,
      0.0008764000012888573,
      0.0011229000010644086,
      0.0007923999983177055,
      0.0008913000019674655,
      0.001231099999131402,
      0.000869399998919107,
      0.0009617999967304058,
      0.0008753000001888722,
      0.0008365999965462834,
      0.0008404000000155065,
      0.0008679000020492822,
      0.0008393999996769708,
      0.0007779000006848946,
      0.0007712000005994923,
      0.0009247000016330276,
      0.0008782999975665007,
      0.0009035000002768356,
      0.0008720000005268957,
      0.0007944999997562263,
      0.0009510999989288393,
      0.0007569000008516014,
      0.0007589999986521434,
      0.0009071999993466306,
      0.00102359999800683,
      0.0008964000007836148,
      0.0008315000013681129,
      0.0006732000001647975,
      0.0007861000012781005,
      0.000811400001111906,
      0.0009275000011257362,
      0.0010961000007227995,
      0.0008791000000201166,
      0.0011155000029248185,
      0.0008613000027253293,
      0.0008960999984992668,
      0.0008813000022200868
    ],