{
  "rank": 1,
  "world_size": 8,
  "num_steps": 60,
  "statistics": {
    "compute": {
      "count": 60,
      "min": 0.029939799998828676,
      "max": 0.2276373999993666,
      "mean": 0.07792069333336257,
      "std": 0.046003226255632176,
      "p95": 0.14499459999933606,
      "p99": 0.20897659999900497
    },
    "sync": {
      "count": 60,
      "min": 0.01174399999945308,
      "max": 0.15746690000014496,
      "mean": 0.027655461666715078,
      "std": 0.02289826880212052,
      "p95": 0.05890720000024885,
      "p99": 0.08756829999765614
    },
    "optim": {
      "count": 60,
      "min": 0.0009181999994325452,
      "max": 0.009077000002434943,
      "mean": 0.0015094983333862426,
      "std": 0.0011960745642322444,
      "p95": 0.0023828999983379617,
      "p99": 0.005676500000845408
    },
    "iter": {
      "count": 60,
      "min": 0.04594609999912791,
      "max": 0.24562089999744785,
      "mean": 0.1070856533334639,
      "std": 0.04760549125453458,
      "p95": 0.20645400000285008,
      "p99": 0.23030060000019148
    },
    "grad_norm": {
      "count": 60,
      "min": 0.178546741604805,
      "max": 0.42565569281578064,
      "mean": 0.25954619124531747,
      "std": 0.05686316543304607,
      "p95": 0.3630068600177765,
      "p99": 0.38520604372024536
    },
    "loss": {
      "count": 60,
      "min": 2.2722535133361816,
      "max": 2.346266031265259,
      "mean": 2.303742301464081,
      "std": 0.014127014262282979,
      "p95": 2.331658124923706,
      "p99": 2.337984323501587
    }
  },
  "trajectories": {
    "compute_times": [
      0.031529299998510396,
      0.13732399999935296,
      0.06415829999968992,
      0.0379131999980018,
      0.11128700000335812,
      0.06801760000234935,
      0.029939799998828676,
      0.13200420000066515,
      0.09900240000206395,
      0.10429710000244086,
      0.032920600002398714,
      0.0393378999979177,
      0.10573160000058124,
      0.10154809999949066,
      0.03792239999893354,
      0.10144079999736277,
      0.06829440000001341,
      0.09963599999900907,
      0.06646739999996498,
      0.03795850000096834,
      0.03567920000205049,
      0.09712759999820264,
      0.09850229999938165,
      0.06820799999695737,
      0.07559690000198316,
      0.032700200001272606,
      0.11299679999865475,
      0.046387300000787945,
      0.10391669999808073,
      0.03456020000157878,
      0.10515460000169696,
      0.10407560000021476,
      0.044079499999497784,
      0.10087159999966389,
      0.04787690000011935,
      0.03993840000111959,
      0.10291510000024573,
      0.1444582999974955,
      0.03991010000027018,
      0.03130539999983739,
      0.10467419999986305,
      0.0978084000016679,
      0.10311770000043907,
      0.2276373999993666,
      0.14499459999933606,
      0.032874899996386375,
      0.0342162000015378,
      0.049164899999595946,
      0.11159609999958775,
      0.20897659999900497,
      0.042090500002814224,
      0.04968499999813503,
      0.07084970000141766,
      0.04560940000010305,
      0.20064579999962007,
      0.04482840000127908,
      0.03675229999862495,
      0.032574600001680665,
      0.03157239999927697,
      0.03258120000100462
    ],
    "sync_times": [
      0.016449200000351993,
      0.022439200001826975,
      0.016362200000003213,
      0.04519160000199918,
      0.018176600002334453,
      0.020760499999596504,
      0.024963699997897493,
      0.02160330000333488,
      0.01279410000279313,
      0.030566100002033636,
      0.050076900002750335,
      0.05890720000024885,
      0.018991400000231806,
      0.02005540000027395,
      0.018356800002948148,
      0.015400299998873379,
      0.01741579999725218,
      0.05160080000132439,
      0.011958600000070874,
      0.024185899997974047,
      0.020319600000220817,
      0.0769075000025623,
      0.012718199999653734,
      0.02406630000041332,
      0.014525800001138123,
      0.014096299997618189,
      0.0219667000019399,
      0.012600499998370651,
      0.013976299997011665,
      0.021418000000267057,
      0.028046900002664188,
      0.013617399999930058,
      0.029421400002320297,
      0.013112500000715954,
      0.05779509999774746,
      0.018892500000220025,
      0.019622600000730017,
      0.02019540000037523,
      0.15746690000014496,
      0.017138400002295384,
      0.018496599997888552,
      0.01573880000069039,
      0.03806179999810411,
      0.0164212999989104,
      0.03299219999826164,
      0.01174399999945308,
      0.021718699998018565,
      0.02298049999808427,
      0.016689000000042142,
      0.02015169999867794,
      0.028376400001434376,
      0.08756829999765614,
      0.022988900000200374,
      0.025386799999978393,
      0.016799600001832005,
      0.032368999996833736,
      0.020000699998490745,
      0.017010399998980574,
      0.01705500000025495,
      0.052618099998653634
    ],
    "optim_times": [
      0.005676500000845408,
      0.0012850000020989683,
      0.001092300000891555,
      0.0014018000001669861,
      0.0010433999996166676,
      0.0015816000013728626,
      0.0018429999981890433,
      0.0020542999991448596,
      0.0009996999979193788,
      0.0010758999997051433,
      0.0009341000004496891,
      0.001321200001257239,
      0.00097749999986263,
      0.0009181999994325452,
      0.0010527999984333292,
      0.0010674000004655682,
      0.0013434000029519666,
      0.001045900000463007,
      0.0011978000002272893,
      0.0011611000008997507,
      0.0009987000012188219,
      0.0021335000019462314,
      0.0010265999990224373,
      0.0024525000007997733,
      0.0023232999992615078,
      0.0010729999994509853,
      0.001464299999497598,
      0.0010570999984338414,
      0.0009790000003704336,
      0.001259500000742264,
      0.0022177999999257736,
      0.0011847999994643033,
      0.001215500000398606,
      0.0014097000021138228,
      0.0010551000013947487,
      0.0010124000000359956,
      0.0011292999988654628,
      0.0010694000011426397,
      0.009077000002434943,
      0.0013226000010035932,
      0.0010694999982661102,
      0.0012790999971912242,
      0.0018258000018249732,
      0.0015621999991708435,
      0.0023828999983379617,
      0.0013272000032884534,
      0.0012088000003132038,
      0.0010796999995363876,
      0.0017057999975804705,
      0.001172300002508564,
      0.0010240000010526273,
      0.0016403999979957007,
      0.0010425000000395812,
      0.0011261999970884062,
      0.0012095999991288409,
      0.000928000001295004,
      0.0010407000008854084,
      0.0012056999985361472,
      0.0012725999986287206,
      0.0009328999985882547
    ],